fold,modelo,grupo_features,time,event_time,y_real,y_previsto,tipo_erro,carbon_monoxide,iqar,iqar_carbon_monoxide,iqar_nitrogen_dioxide,iqar_ozone,iqar_pm10,iqar_pm2_5,iqar_sulphur_dioxide,nitrogen_dioxide,ozone,pm10,pm2_5,precipitation,pressure_msl,relative_humidity_2m,sulphur_dioxide,temperature_2m,wind_speed_10m
2024-Q1,dummy_prior,referencia_independente_de_features,2024-01-08 15:00:00,2024-01-08 16:00:00,1,0,falso_negativo,156.0,91.66666666666669,0.6201512540013183,0.4,91.66666666666669,10.303333333333333,13.786666666666669,7.341666666666666,2.0,159.0,14.3,9.8,1.1,1010.2,53,3.6,30.2,7.9
2024-Q1,dummy_prior,referencia_independente_de_features,2024-01-08 16:00:00,2024-01-08 17:00:00,1,0,falso_negativo,165.0,103.33333333333331,0.6075347183174105,0.48,103.33333333333331,10.62,14.240000000000002,7.483333333333334,2.4,165.0,16.1,11.0,0.2,1009.9,48,3.8,30.3,11.0
2024-Q1,dummy_prior,referencia_independente_de_features,2024-01-08 17:00:00,2024-01-08 18:00:00,1,0,falso_negativo,176.0,111.0,0.6119019806695324,0.58,111.0,10.95,14.726666666666668,7.625,2.9,171.0,17.8,12.2,0.0,1009.9,52,4.1,29.5,7.4
2024-Q1,dummy_prior,referencia_independente_de_features,2024-01-08 18:00:00,2024-01-08 19:00:00,1,0,falso_negativo,186.0,117.16666666666666,0.6240332649809822,0.7000000000000001,117.16666666666666,11.223333333333334,15.146666666666668,7.75,3.5,169.0,17.0,11.6,0.0,1011.0,60,4.1,28.1,7.1
2024-Q1,dummy_prior,referencia_independente_de_features,2024-01-08 19:00:00,2024-01-08 20:00:00,1,0,falso_negativo,194.0,119.33333333333331,0.6434433198793021,0.8400000000000001,119.33333333333331,11.456666666666669,15.52,7.816666666666666,4.2,154.0,16.7,11.4,0.0,1012.0,71,3.7,25.7,7.2
2024-Q1,dummy_prior,referencia_independente_de_features,2024-01-08 20:00:00,2024-01-08 21:00:00,1,0,falso_negativo,201.0,116.33333333333331,0.6686763912471179,1.02,116.33333333333331,11.646666666666668,15.846666666666668,7.816666666666667,5.1,131.0,16.3,11.1,0.0,1013.0,77,3.1,24.5,8.2
2024-Q1,dummy_prior,referencia_independente_de_features,2024-01-09 13:00:00,2024-01-09 14:00:00,1,0,falso_negativo,188.0,86.33333333333333,0.8195895680815545,0.4,86.33333333333333,15.303333333333336,21.21333333333334,10.225,2.0,205.0,24.9,17.3,0.0,1012.7,47,6.2,31.4,6.5
2024-Q1,dummy_prior,referencia_independente_de_features,2024-01-09 14:00:00,2024-01-09 15:00:00,1,0,falso_negativo,186.0,117.5,0.777372698677709,0.4,117.5,15.676666666666666,21.74666666666667,10.416666666666666,2.0,205.0,24.1,16.8,0.0,1011.8,44,5.6,31.7,3.7
2024-Q1,dummy_prior,referencia_independente_de_features,2024-01-09 15:00:00,2024-01-09 16:00:00,1,0,falso_negativo,184.0,152.75,0.7434051026056492,0.42,152.75,15.963333333333336,22.153333333333336,10.541666666666666,2.1,201.0,22.9,15.9,0.0,1010.6,41,5.1,32.5,2.9
2024-Q1,dummy_prior,referencia_independente_de_features,2024-01-09 16:00:00,2024-01-09 17:00:00,1,0,falso_negativo,184.0,174.75,0.7244802990797873,0.44,174.75,16.14666666666667,22.42,10.616666666666664,2.2,196.0,21.6,15.0,0.2,1011.1,51,4.7,29.6,12.3
2024-Q1,dummy_prior,referencia_independente_de_features,2024-01-09 17:00:00,2024-01-09 18:00:00,1,0,falso_negativo,185.0,185.0,0.7244802990797873,0.5,185.0,16.266666666666666,22.593333333333337,10.633333333333333,2.5,187.0,21.4,14.8,0.0,1011.3,65,4.3,28.2,10.2
2024-Q1,dummy_prior,referencia_independente_de_features,2024-01-09 18:00:00,2024-01-09 19:00:00,1,0,falso_negativo,189.0,188.5,0.7254508018247035,0.6200000000000001,188.5,16.39666666666667,22.78,10.625,3.1,176.0,20.9,14.4,0.0,1012.3,72,4.0,27.2,9.4
2024-Q1,dummy_prior,referencia_independente_de_features,2024-01-09 19:00:00,2024-01-09 20:00:00,1,0,falso_negativo,197.0,182.5,0.7293328128043673,0.82,182.5,16.546666666666667,22.99333333333334,10.625,4.1,160.0,21.2,14.6,0.0,1013.1,81,3.7,25.4,3.8
2024-Q1,dummy_prior,referencia_independente_de_features,2024-01-09 20:00:00,2024-01-09 21:00:00,1,0,falso_negativo,208.0,167.75,0.7380673375086112,1.08,167.75,16.726666666666667,23.24666666666667,10.65,5.4,141.0,21.7,14.9,0.0,1014.2,85,3.4,24.5,6.6
2024-Q1,dummy_prior,referencia_independente_de_features,2024-01-09 21:00:00,2024-01-09 22:00:00,1,0,falso_negativo,231.0,148.75,0.7589331465243051,1.54,148.75,16.633333333333336,23.10666666666667,10.55,7.7,129.0,18.7,12.7,0.0,1014.9,84,3.5,23.7,8.3
2024-Q1,dummy_prior,referencia_independente_de_features,2024-01-09 22:00:00,2024-01-09 23:00:00,1,0,falso_negativo,237.0,127.0,0.7836809665196628,1.6800000000000002,127.0,16.566666666666666,23.013333333333332,10.491666666666664,8.4,118.0,17.7,12.2,0.0,1015.0,79,3.9,24.1,8.0
2024-Q1,dummy_prior,referencia_independente_de_features,2024-01-10 15:00:00,2024-01-10 16:00:00,1,0,falso_negativo,203.0,98.0,0.7710644308357549,0.3,98.0,14.923333333333332,20.700000000000003,10.566666666666668,1.5,163.0,15.7,10.7,0.0,1011.3,44,3.3,31.3,3.8
2024-Q1,dummy_prior,referencia_independente_de_features,2024-01-10 16:00:00,2024-01-10 17:00:00,1,0,falso_negativo,208.0,105.33333333333331,0.7458313594679392,0.36,105.33333333333331,14.743333333333334,20.44,10.416666666666666,1.8,162.0,16.2,11.1,0.2,1011.3,62,2.9,28.4,15.1
2024-Q1,dummy_prior,referencia_independente_de_features,2024-01-10 17:00:00,2024-01-10 18:00:00,1,0,falso_negativo,211.0,107.16666666666666,0.7458313594679392,0.44,107.16666666666666,14.57,20.186666666666667,10.258333333333336,2.2,157.0,16.2,11.0,3.9,1012.0,72,2.4,26.5,5.4
2024-Q1,dummy_prior,referencia_independente_de_features,2024-01-10 18:00:00,2024-01-10 19:00:00,1,0,falso_negativo,215.0,108.5,0.754080632799725,0.5599999999999999,108.5,14.466666666666669,20.026666666666667,10.1,2.8,151.0,17.8,12.0,0.3,1012.9,78,2.1,24.8,1.5
2024-Q1,dummy_prior,referencia_independente_de_features,2024-01-10 19:00:00,2024-01-10 20:00:00,1,0,falso_negativo,223.0,109.66666666666666,0.7749464418154189,0.7000000000000001,109.66666666666666,14.36,19.86,9.966666666666669,3.5,146.0,18.0,12.1,0.1,1013.3,83,2.1,24.0,7.6
2024-Q1,dummy_prior,referencia_independente_de_features,2024-01-10 20:00:00,2024-01-10 21:00:00,1,0,falso_negativo,233.0,110.0,0.8055172782802726,0.86,110.0,14.273333333333335,19.74,9.866666666666664,4.3,140.0,19.1,13.1,0.2,1014.7,89,2.2,23.2,4.6
2024-Q1,dummy_prior,referencia_independente_de_features,2024-01-18 14:00:00,2024-01-18 15:00:00,1,0,falso_negativo,199.0,92.16666666666669,0.9365351488439316,0.4,92.16666666666669,15.373333333333337,21.306666666666672,9.583333333333334,2.0,156.0,17.6,12.2,0.0,1011.6,51,4.0,31.9,12.3
2024-Q1,dummy_prior,referencia_independente_de_features,2024-01-18 15:00:00,2024-01-18 16:00:00,1,0,falso_negativo,189.0,107.66666666666666,0.882186995128636,0.42,107.66666666666666,15.393333333333334,21.346666666666668,9.575,2.1,143.0,15.0,10.3,0.0,1011.3,55,3.0,30.3,9.2
2024-Q1,dummy_prior,referencia_independente_de_features,2024-01-18 16:00:00,2024-01-18 17:00:00,1,0,falso_negativo,191.0,115.0,0.8404553770972484,0.52,115.0,15.406666666666666,21.38,9.533333333333331,2.6,140.0,14.6,10.0,0.0,1011.4,65,2.5,28.6,5.0
2024-Q1,dummy_prior,referencia_independente_de_features,2024-01-18 17:00:00,2024-01-18 18:00:00,1,0,falso_negativo,199.0,115.83333333333331,0.8205600708264704,0.66,115.83333333333331,15.43,21.42666666666667,9.475,3.3,141.0,14.2,9.7,0.0,1011.7,77,2.3,27.2,13.2
2024-Q1,dummy_prior,referencia_independente_de_features,2024-01-18 18:00:00,2024-01-18 19:00:00,1,0,falso_negativo,205.0,113.5,0.8045467755353567,0.8,113.5,15.486666666666665,21.513333333333332,9.4,4.0,137.0,14.3,9.8,0.0,1012.4,86,2.1,25.8,10.5
2024-Q1,dummy_prior,referencia_independente_de_features,2024-01-30 14:00:00,2024-01-30 15:00:00,1,0,falso_negativo,186.0,87.66666666666667,0.7472871135853132,0.44,87.66666666666667,13.826666666666668,19.24,8.358333333333333,2.2,187.0,24.3,16.8,0.1,1012.8,46,5.4,28.5,15.1
2024-Q1,dummy_prior,referencia_independente_de_features,2024-01-30 15:00:00,2024-01-30 16:00:00,1,0,falso_negativo,191.0,110.5,0.7186572826102915,0.5,110.5,14.28,19.866666666666667,8.549999999999999,2.5,193.0,25.4,17.5,0.0,1012.3,47,5.3,28.4,13.7
2024-Q1,dummy_prior,referencia_independente_de_features,2024-01-30 16:00:00,2024-01-30 17:00:00,1,0,falso_negativo,197.0,132.5,0.7094375065335895,0.58,132.5,14.746666666666668,20.506666666666664,8.749999999999998,2.9,199.0,26.3,18.0,0.0,1011.7,47,5.3,28.3,13.4
2024-Q1,dummy_prior,referencia_independente_de_features,2024-01-30 17:00:00,2024-01-30 18:00:00,1,0,falso_negativo,205.0,154.0,0.7249655504522454,0.7400000000000001,154.0,15.246666666666668,21.186666666666667,8.966666666666667,3.7,204.0,27.5,18.8,0.0,1011.4,53,5.5,27.2,11.2
2024-Q1,dummy_prior,referencia_independente_de_features,2024-01-30 18:00:00,2024-01-30 19:00:00,1,0,falso_negativo,222.0,170.75,0.7477723649577712,1.12,170.75,15.783333333333337,21.91333333333333,9.183333333333334,5.6,199.0,28.9,19.7,0.0,1011.6,74,5.6,25.0,11.4
2024-Q1,dummy_prior,referencia_independente_de_features,2024-01-30 19:00:00,2024-01-30 20:00:00,1,0,falso_negativo,257.0,177.5,0.7865924747544107,2.0,177.5,16.36,22.69333333333334,9.408333333333331,10.0,179.0,31.3,21.4,0.0,1011.8,83,5.8,23.3,10.5
2024-Q1,dummy_prior,referencia_independente_de_features,2024-01-30 20:00:00,2024-01-30 21:00:00,1,0,falso_negativo,300.0,172.75,0.8448226394493703,3.12,172.75,16.986666666666668,23.55333333333333,9.641666666666666,15.6,150.0,34.1,23.5,0.0,1012.3,88,6.1,22.0,9.7
2024-Q1,dummy_prior,referencia_independente_de_features,2024-01-30 21:00:00,2024-01-30 22:00:00,1,0,falso_negativo,317.0,155.75,0.9098463233587416,3.66,155.75,17.29,23.973333333333333,9.758333333333333,18.3,112.0,31.2,21.6,0.0,1013.0,90,5.2,20.9,5.6
2024-Q1,dummy_prior,referencia_independente_de_features,2024-01-30 22:00:00,2024-01-30 23:00:00,1,0,falso_negativo,312.0,134.0,0.9709879962884492,3.4200000000000004,134.0,17.60666666666667,24.42,9.866666666666667,17.1,100.0,30.6,21.3,0.0,1014.0,85,4.9,21.3,6.4
2024-Q1,dummy_prior,referencia_independente_de_features,2024-01-31 17:00:00,2024-01-31 18:00:00,1,0,falso_negativo,219.0,98.83333333333331,0.8341471092552943,0.8400000000000001,98.83333333333331,24.99666666666667,34.7,11.225,4.2,152.0,29.9,20.7,0.0,1013.6,70,3.5,25.3,8.0
2024-Q1,dummy_prior,referencia_independente_de_features,2024-01-31 18:00:00,2024-01-31 19:00:00,1,0,falso_negativo,228.0,102.16666666666666,0.8084287865150206,1.0,102.16666666666666,24.99333333333334,34.70666666666667,11.025,5.0,150.0,28.8,19.8,0.0,1014.2,78,3.2,23.9,9.2
2024-Q1,dummy_prior,referencia_independente_de_features,2024-02-01 14:00:00,2024-02-01 15:00:00,1,0,falso_negativo,216.0,99.33333333333331,1.1267536868474657,0.4,99.33333333333331,25.660000000000004,35.67333333333334,8.9,2.0,153.0,24.0,16.2,2.0,1018.0,77,1.8,22.7,15.6
2024-Q1,dummy_prior,referencia_independente_de_features,2024-02-01 15:00:00,2024-02-01 16:00:00,1,0,falso_negativo,201.0,113.66666666666666,1.0486282158817284,0.4599999999999999,113.66666666666666,25.33666666666667,35.193333333333335,8.674999999999999,2.3,139.0,20.8,13.9,0.0,1017.4,76,1.5,23.7,9.4
2024-Q1,dummy_prior,referencia_independente_de_features,2024-02-01 16:00:00,2024-02-01 17:00:00,1,0,falso_negativo,191.0,117.83333333333331,0.979722520992693,0.5,117.83333333333331,24.876666666666665,34.53333333333333,8.458333333333334,2.5,131.0,16.4,10.9,0.5,1016.6,78,1.2,23.2,11.0
2024-Q1,dummy_prior,referencia_independente_de_features,2024-02-01 17:00:00,2024-02-01 18:00:00,1,0,falso_negativo,186.0,112.83333333333331,0.9103315747311996,0.54,112.83333333333331,24.320000000000004,33.726666666666674,8.25,2.7,126.0,13.2,8.6,0.0,1016.3,76,1.0,23.2,13.2
2024-Q1,dummy_prior,referencia_independente_de_features,2024-02-04 16:00:00,2024-02-04 17:00:00,1,0,falso_negativo,225.0,97.66666666666666,0.8258978359235085,0.82,97.66666666666666,11.86,16.486666666666665,8.308333333333332,4.1,173.0,26.5,18.5,0.9,1017.0,82,6.3,23.2,6.9
2024-Q1,dummy_prior,referencia_independente_de_features,2024-02-04 17:00:00,2024-02-04 18:00:00,1,0,falso_negativo,220.0,106.16666666666666,0.8229863276887605,1.1,106.16666666666666,12.46,17.34,8.658333333333333,5.5,148.0,26.6,18.5,0.0,1016.5,84,5.7,22.5,4.7
2024-Q1,dummy_prior,referencia_independente_de_features,2024-02-04 18:00:00,2024-02-04 19:00:00,1,0,falso_negativo,220.0,109.0,0.8254125845510505,1.4,109.0,12.966666666666669,18.06,8.958333333333334,7.0,123.0,24.1,16.8,0.0,1017.1,89,5.2,22.2,6.3
2024-Q1,dummy_prior,referencia_independente_de_features,2024-02-05 13:00:00,2024-02-05 14:00:00,1,0,falso_negativo,232.0,86.16666666666667,1.0646415111728422,0.34,86.16666666666667,16.096666666666668,22.55333333333333,13.833333333333334,1.7,204.0,15.7,11.0,0.0,1015.9,49,7.7,28.3,1.9
2024-Q1,dummy_prior,referencia_independente_de_features,2024-02-05 14:00:00,2024-02-05 15:00:00,1,0,falso_negativo,228.0,116.66666666666666,1.0146606198096688,0.34,116.66666666666666,15.783333333333337,22.120000000000005,13.866666666666667,1.7,199.0,14.7,10.2,0.5,1015.2,48,6.6,28.3,6.6
2024-Q1,dummy_prior,referencia_independente_de_features,2024-02-05 15:00:00,2024-02-05 16:00:00,1,0,falso_negativo,225.0,149.5,0.9680764880537012,0.4,149.5,15.373333333333331,21.546666666666667,13.791666666666666,2.0,191.0,14.0,9.7,0.2,1015.0,60,5.7,26.7,13.9
2024-Q1,dummy_prior,referencia_independente_de_features,2024-02-05 16:00:00,2024-02-05 17:00:00,1,0,falso_negativo,221.0,168.5,0.9278006241396874,0.4599999999999999,168.5,14.923333333333332,20.92,13.666666666666666,2.3,180.0,13.0,9.1,0.0,1014.2,60,4.8,26.9,9.5
2024-Q1,dummy_prior,referencia_independente_de_features,2024-02-05 17:00:00,2024-02-05 18:00:00,1,0,falso_negativo,219.0,173.0,0.9059643123790776,0.58,173.0,14.42666666666667,20.226666666666667,13.533333333333331,2.9,165.0,11.7,8.1,0.0,1014.0,60,4.1,26.4,12.9
2024-Q1,dummy_prior,referencia_independente_de_features,2024-02-05 18:00:00,2024-02-05 19:00:00,1,0,falso_negativo,224.0,169.25,0.8899510170879639,0.78,169.25,14.0,19.62666666666667,13.391666666666666,3.9,149.0,11.3,7.8,0.0,1014.7,69,3.5,24.3,12.6
2024-Q1,dummy_prior,referencia_independente_de_features,2024-02-05 19:00:00,2024-02-05 20:00:00,1,0,falso_negativo,243.0,155.25,0.8880100115981319,1.12,155.25,13.66,19.14666666666667,13.25,5.6,131.0,13.2,9.1,0.0,1015.3,74,3.3,22.2,10.0
2024-Q1,dummy_prior,referencia_independente_de_features,2024-02-05 20:00:00,2024-02-05 21:00:00,1,0,falso_negativo,270.0,133.0,0.9035380555167878,1.54,133.0,13.396666666666668,18.766666666666666,13.116666666666667,7.7,113.0,13.9,9.5,0.0,1016.1,80,3.3,21.2,8.4
2024-Q1,dummy_prior,referencia_independente_de_features,2024-02-06 13:00:00,2024-02-06 14:00:00,1,0,falso_negativo,256.0,98.0,1.2728143499573223,0.34,98.0,17.116666666666667,23.75333333333333,7.175,1.7,188.0,16.0,10.9,0.1,1017.4,53,4.3,28.0,6.7
2024-Q1,dummy_prior,referencia_independente_de_features,2024-02-06 14:00:00,2024-02-06 15:00:00,1,0,falso_negativo,251.0,127.75,1.1597507801746092,0.32,127.75,17.13,23.75333333333333,6.900000000000001,1.6,182.0,15.1,10.2,0.1,1016.8,55,3.3,27.7,8.4
2024-Q1,dummy_prior,referencia_independente_de_features,2024-02-06 15:00:00,2024-02-06 16:00:00,1,0,falso_negativo,248.0,155.5,1.0680382707800482,0.34,155.5,17.150000000000002,23.76,6.633333333333334,1.7,176.0,14.6,9.8,0.2,1016.0,58,2.5,27.3,10.5
2024-Q1,dummy_prior,referencia_independente_de_features,2024-02-06 16:00:00,2024-02-06 17:00:00,1,0,falso_negativo,247.0,165.25,1.012234362947379,0.38,165.25,17.153333333333332,23.73333333333333,6.400000000000001,1.9,171.0,13.1,8.7,0.5,1015.6,69,2.0,25.9,14.7
2024-Q1,dummy_prior,referencia_independente_de_features,2024-02-06 17:00:00,2024-02-06 18:00:00,1,0,falso_negativo,248.0,161.5,0.9967063190287228,0.48,161.5,17.183333333333334,23.74,6.208333333333333,2.4,165.0,12.6,8.2,0.0,1015.6,75,1.8,24.8,14.3
2024-Q1,dummy_prior,referencia_independente_de_features,2024-02-06 18:00:00,2024-02-06 19:00:00,1,0,falso_negativo,252.0,154.5,0.985545537462189,0.6000000000000001,154.5,17.216666666666665,23.74666666666667,6.05,3.0,156.0,12.3,7.9,0.0,1015.6,79,1.6,23.8,13.0
2024-Q1,dummy_prior,referencia_independente_de_features,2024-02-06 19:00:00,2024-02-06 20:00:00,1,0,falso_negativo,263.0,142.0,0.983119280599899,0.8,142.0,17.203333333333333,23.680000000000007,5.891666666666667,4.0,139.0,12.8,8.1,0.0,1016.3,84,1.4,22.4,9.4
2024-Q1,dummy_prior,referencia_independente_de_features,2024-02-06 20:00:00,2024-02-06 21:00:00,1,0,falso_negativo,276.0,124.0,0.9903980511867688,1.06,124.0,17.19666666666667,23.633333333333336,5.733333333333333,5.3,119.0,13.7,8.8,0.0,1017.0,89,1.4,21.3,8.3
2024-Q1,dummy_prior,referencia_independente_de_features,2024-02-09 14:00:00,2024-02-09 15:00:00,1,0,falso_negativo,178.0,91.16666666666669,0.7890187316167008,0.22,91.16666666666669,16.240000000000002,21.406666666666663,6.666666666666667,1.1,145.0,17.4,10.9,0.0,1014.4,46,3.5,30.3,11.5
2024-Q1,dummy_prior,referencia_independente_de_features,2024-02-09 15:00:00,2024-02-09 16:00:00,1,0,falso_negativo,175.0,100.5,0.7691234253459229,0.24,100.5,16.419999999999998,21.620000000000005,6.75,1.2,142.0,18.6,11.4,0.0,1014.5,68,3.5,27.8,19.2
2024-Q1,dummy_prior,referencia_independente_de_features,2024-02-09 16:00:00,2024-02-09 17:00:00,1,0,falso_negativo,175.0,103.33333333333331,0.7443756053505652,0.3,103.33333333333331,16.62,21.866666666666667,6.858333333333333,1.5,141.0,19.2,11.6,0.0,1014.2,69,3.6,26.8,19.9
2024-Q1,dummy_prior,referencia_independente_de_features,2024-02-09 17:00:00,2024-02-09 18:00:00,1,0,falso_negativo,179.0,102.16666666666666,0.7239950477073294,0.38,102.16666666666666,16.856666666666666,22.17333333333333,6.991666666666667,1.9,142.0,19.9,12.0,0.0,1014.0,63,3.8,25.7,20.4
2024-Q1,dummy_prior,referencia_independente_de_features,2024-02-28 15:00:00,2024-02-28 16:00:00,1,0,falso_negativo,231.0,91.83333333333331,0.9394466570786794,0.68,91.83333333333331,17.529999999999998,24.306666666666672,12.691666666666668,3.4,145.0,21.2,14.8,0.2,1012.9,76,4.2,26.5,10.8
2024-Q1,dummy_prior,referencia_independente_de_features,2024-02-28 16:00:00,2024-02-28 17:00:00,1,0,falso_negativo,228.0,100.33333333333331,0.9307121323744356,0.78,100.33333333333331,17.573333333333334,24.38666666666667,12.675000000000002,3.9,134.0,19.3,13.4,0.2,1012.7,76,3.8,26.6,9.9
2024-Q1,dummy_prior,referencia_independente_de_features,2024-02-28 17:00:00,2024-02-28 18:00:00,1,0,falso_negativo,227.0,103.16666666666666,0.9234333617875656,0.92,103.16666666666666,17.566666666666666,24.38666666666667,12.633333333333333,4.6,121.0,17.8,12.3,0.6,1012.4,78,3.6,25.7,3.9
2024-Q1,dummy_prior,referencia_independente_de_features,2024-02-29 13:00:00,2024-02-29 14:00:00,1,0,falso_negativo,302.0,89.83333333333333,1.450901603649407,0.6400000000000001,89.83333333333333,24.950000000000003,34.70666666666667,14.116666666666667,3.2,206.0,39.0,27.1,0.1,1013.5,69,8.6,28.9,12.7
2024-Q1,dummy_prior,referencia_independente_de_features,2024-02-29 14:00:00,2024-02-29 15:00:00,1,0,falso_negativo,264.0,115.83333333333331,1.3504545695506018,0.7200000000000001,115.83333333333331,25.24333333333333,35.1,14.225,3.6,172.0,31.8,22.0,0.1,1012.6,65,6.2,29.3,15.0
2024-Q1,dummy_prior,referencia_independente_de_features,2024-02-29 15:00:00,2024-02-29 16:00:00,1,0,falso_negativo,234.0,138.25,1.2529190436865445,0.86,138.25,25.5,35.42666666666667,14.241666666666667,4.3,142.0,28.9,19.7,5.3,1013.1,82,4.4,24.8,16.9
2024-Q1,dummy_prior,referencia_independente_de_features,2024-02-29 16:00:00,2024-02-29 17:00:00,1,0,falso_negativo,221.0,148.0,1.1752788240932652,1.02,148.0,25.676666666666662,35.626666666666665,14.233333333333333,5.1,123.0,24.6,16.4,0.0,1012.8,82,3.7,25.0,8.2
2024-Q1,dummy_prior,referencia_independente_de_features,2024-02-29 17:00:00,2024-02-29 18:00:00,1,0,falso_negativo,216.0,137.75,1.104432123714398,1.2400000000000002,137.75,25.813333333333333,35.779999999999994,14.233333333333334,6.2,107.0,21.9,14.6,0.0,1012.4,78,3.6,25.8,11.0
2024-Q1,dummy_prior,referencia_independente_de_features,2024-03-04 14:00:00,2024-03-04 15:00:00,1,0,falso_negativo,181.0,93.5,0.8496751531739503,0.4,93.5,16.6,21.620000000000005,9.116666666666664,2.0,160.0,33.8,22.5,0.0,1012.5,59,3.3,29.4,7.9
2024-Q1,dummy_prior,referencia_independente_de_features,2024-03-04 15:00:00,2024-03-04 16:00:00,1,0,falso_negativo,174.0,108.0,0.8103697920048526,0.48,108.0,17.273333333333337,22.513333333333332,9.091666666666669,2.4,151.0,27.1,17.7,0.0,1011.9,55,2.2,29.1,4.6
2024-Q1,dummy_prior,referencia_independente_de_features,2024-03-04 16:00:00,2024-03-04 17:00:00,1,0,falso_negativo,173.0,114.0,0.7749464418154189,0.68,114.0,17.863333333333333,23.306666666666672,9.008333333333333,3.4,142.0,26.1,16.8,0.0,1011.9,65,1.8,27.5,10.5
2024-Q1,dummy_prior,referencia_independente_de_features,2024-03-04 17:00:00,2024-03-04 18:00:00,1,0,falso_negativo,175.0,113.16666666666666,0.7463166108403971,0.94,113.16666666666666,18.34333333333333,23.960000000000004,8.875000000000002,4.7,133.0,25.1,15.9,0.1,1012.0,76,1.8,25.8,13.3
2024-Q1,dummy_prior,referencia_independente_de_features,2024-03-04 18:00:00,2024-03-04 19:00:00,1,0,falso_negativo,178.0,109.0,0.7230245449624134,1.14,109.0,18.69333333333333,24.46666666666667,8.716666666666667,5.7,124.0,24.1,15.3,0.0,1012.1,80,1.9,25.3,10.0
2024-Q1,dummy_prior,referencia_independente_de_features,2024-03-14 14:00:00,2024-03-14 15:00:00,1,0,falso_negativo,209.0,85.66666666666667,0.770093928090839,0.5,85.66666666666667,15.473333333333336,20.49333333333333,6.075,2.5,199.0,26.3,17.8,0.0,1013.5,49,6.5,31.1,11.2
2024-Q1,dummy_prior,referencia_independente_de_features,2024-03-14 15:00:00,2024-03-14 16:00:00,1,0,falso_negativo,214.0,112.83333333333331,0.768152922601007,0.58,112.83333333333331,16.043333333333333,21.3,6.458333333333333,2.9,206.0,28.2,18.7,0.0,1012.7,49,6.7,30.9,11.6
2024-Q1,dummy_prior,referencia_independente_de_features,2024-03-14 16:00:00,2024-03-14 17:00:00,1,0,falso_negativo,218.0,139.5,0.7744611904429609,0.8,139.5,16.596666666666668,22.066666666666663,6.841666666666668,4.0,202.0,29.0,18.9,0.0,1012.6,51,6.7,30.5,7.4
2024-Q1,dummy_prior,referencia_independente_de_features,2024-03-14 17:00:00,2024-03-14 18:00:00,1,0,falso_negativo,222.0,157.5,0.7948417480861967,1.08,157.5,17.136666666666667,22.806666666666672,7.216666666666668,5.4,191.0,29.5,19.0,0.0,1013.1,68,6.6,28.2,11.8
2024-Q1,dummy_prior,referencia_independente_de_features,2024-03-14 18:00:00,2024-03-14 19:00:00,1,0,falso_negativo,227.0,168.25,0.8157075571018906,1.38,168.25,17.70666666666667,23.573333333333338,7.566666666666666,6.9,175.0,31.1,19.7,0.0,1013.6,86,6.3,25.3,14.9
2024-Q1,dummy_prior,referencia_independente_de_features,2024-03-14 19:00:00,2024-03-14 20:00:00,1,0,falso_negativo,235.0,168.75,0.8370586174900424,1.62,168.75,18.276666666666667,24.34666666666667,7.883333333333334,8.1,152.0,29.9,19.3,0.0,1013.5,89,5.8,24.0,14.1
2024-Q1,dummy_prior,referencia_independente_de_features,2024-03-14 20:00:00,2024-03-14 21:00:00,1,0,falso_negativo,246.0,158.25,0.8608359347404841,1.8600000000000003,158.25,18.786666666666665,25.07333333333333,8.166666666666666,9.3,125.0,28.7,18.8,0.0,1013.5,88,5.2,23.3,11.2
2024-Q1,dummy_prior,referencia_independente_de_features,2024-03-14 21:00:00,2024-03-14 22:00:00,1,0,falso_negativo,271.0,139.5,0.8938330280676278,2.54,139.5,19.16,25.62,8.391666666666667,12.7,108.0,27.1,18.3,0.0,1014.0,88,5.1,22.6,5.5
2024-Q1,dummy_prior,referencia_independente_de_features,2024-03-15 14:00:00,2024-03-15 15:00:00,1,0,falso_negativo,170.0,91.16666666666669,0.9331383892367257,0.4599999999999999,91.16666666666669,20.75,28.146666666666665,11.175,2.3,171.0,14.1,9.7,0.0,1010.8,44,5.0,31.7,11.0
2024-Q1,dummy_prior,referencia_independente_de_features,2024-03-15 15:00:00,2024-03-15 16:00:00,1,0,falso_negativo,179.0,110.0,0.8438521367044544,0.5599999999999999,110.0,20.346666666666668,27.640000000000004,11.033333333333331,2.8,175.0,16.1,11.1,0.0,1010.0,43,5.0,31.7,11.3
2024-Q1,dummy_prior,referencia_independente_de_features,2024-03-15 16:00:00,2024-03-15 17:00:00,1,0,falso_negativo,191.0,122.0,0.7754316931878769,0.78,122.0,20.040000000000003,27.28666666666666,10.9,3.9,175.0,19.8,13.6,0.0,1009.8,44,5.1,31.5,9.6
2024-Q1,dummy_prior,referencia_independente_de_features,2024-03-15 17:00:00,2024-03-15 18:00:00,1,0,falso_negativo,208.0,129.25,0.7448608567230232,1.14,129.25,19.76,26.97333333333333,10.8,5.7,173.0,21.1,14.3,0.0,1009.7,53,5.4,30.5,7.5
2024-Q1,dummy_prior,referencia_independente_de_features,2024-03-15 18:00:00,2024-03-15 19:00:00,1,0,falso_negativo,231.0,133.25,0.7395230916259852,1.6,133.25,19.5,26.69333333333333,10.741666666666667,8.0,164.0,23.3,15.5,0.0,1010.6,76,5.6,27.2,13.7
2024-Q1,dummy_prior,referencia_independente_de_features,2024-03-15 19:00:00,2024-03-15 20:00:00,1,0,falso_negativo,266.0,131.5,0.770093928090839,2.3000000000000003,131.5,19.376666666666665,26.56666666666667,10.725,11.5,146.0,26.2,17.4,0.0,1011.1,86,5.6,25.8,11.9
2024-Q1,dummy_prior,referencia_independente_de_features,2024-03-15 20:00:00,2024-03-15 21:00:00,1,0,falso_negativo,308.0,122.5,0.8346323606277524,3.1,122.5,19.363333333333337,26.56666666666667,10.75,15.5,122.0,28.3,18.8,0.0,1011.8,84,5.5,24.8,9.0
2024-Q1,dummy_prior,referencia_independente_de_features,2024-03-16 14:00:00,2024-03-16 15:00:00,1,0,falso_negativo,180.0,87.16666666666667,1.090359833913116,0.4,87.16666666666667,22.513333333333332,31.02666666666667,13.325,2.0,166.0,23.7,16.5,0.0,1009.9,49,4.6,31.1,10.5
2024-Q1,dummy_prior,referencia_independente_de_features,2024-03-16 15:00:00,2024-03-16 16:00:00,1,0,falso_negativo,188.0,106.83333333333331,0.9321678864918094,0.54,106.83333333333331,22.793333333333333,31.426666666666662,13.300000000000002,2.7,168.0,24.5,17.1,0.0,1009.1,49,4.7,31.0,7.9
2024-Q1,dummy_prior,referencia_independente_de_features,2024-03-16 16:00:00,2024-03-16 17:00:00,1,0,falso_negativo,198.0,116.66666666666666,0.8341471092552943,0.8,116.66666666666666,22.960000000000004,31.673333333333336,13.275,4.0,166.0,24.8,17.3,0.0,1008.6,50,4.8,30.6,7.4
2024-Q1,dummy_prior,referencia_independente_de_features,2024-03-16 17:00:00,2024-03-16 18:00:00,1,0,falso_negativo,214.0,119.33333333333331,0.7919302398514488,1.22,119.33333333333331,23.093333333333337,31.88666666666667,13.241666666666667,6.1,162.0,25.1,17.5,0.0,1008.9,56,5.0,29.9,4.2
2024-Q1,dummy_prior,referencia_independente_de_features,2024-03-16 18:00:00,2024-03-16 19:00:00,1,0,falso_negativo,237.0,120.0,0.777372698677709,1.7800000000000002,120.0,23.22,32.1,13.208333333333334,8.9,152.0,27.1,18.7,0.0,1009.1,74,5.2,27.8,5.0
2024-Q1,dummy_prior,referencia_independente_de_features,2024-03-16 19:00:00,2024-03-16 20:00:00,1,0,falso_negativo,271.0,117.5,0.8016352673006086,2.5600000000000005,117.5,23.29666666666667,32.24666666666666,13.191666666666665,12.8,136.0,28.5,19.6,0.0,1009.7,73,5.4,26.1,5.8
2024-Q1,dummy_prior,referencia_independente_de_features,2024-03-18 14:00:00,2024-03-18 15:00:00,1,0,falso_negativo,229.0,88.33333333333333,1.0588184947033463,0.6400000000000001,88.33333333333333,17.529999999999998,24.500000000000004,12.258333333333333,3.2,148.0,24.5,16.8,8.2,1012.6,75,4.5,26.3,19.7
2024-Q1,dummy_prior,referencia_independente_de_features,2024-03-18 15:00:00,2024-03-18 16:00:00,1,0,falso_negativo,221.0,102.16666666666666,1.0166016252995007,0.78,102.16666666666666,17.87333333333333,24.953333333333333,12.258333333333333,3.9,125.0,22.5,15.4,4.9,1012.2,86,3.2,24.6,1.0
2024-Q1,dummy_prior,referencia_independente_de_features,2024-03-18 16:00:00,2024-03-18 17:00:00,1,0,falso_negativo,225.0,107.0,0.975355258640571,1.0,107.0,18.083333333333336,25.226666666666667,12.2,5.0,115.0,20.3,13.9,0.9,1012.2,83,2.9,24.7,7.3
2024-Q1,dummy_prior,referencia_independente_de_features,2024-03-19 15:00:00,2024-03-19 16:00:00,1,0,falso_negativo,255.0,96.66666666666666,0.9564304551147093,0.7200000000000001,96.66666666666666,12.916666666666666,18.03333333333333,8.691666666666668,3.6,175.0,21.4,14.9,1.9,1010.1,72,5.3,26.6,14.8
2024-Q1,dummy_prior,referencia_independente_de_features,2024-03-19 16:00:00,2024-03-19 17:00:00,1,0,falso_negativo,264.0,111.83333333333331,0.9549747009973352,0.94,111.83333333333331,12.923333333333332,18.066666666666663,8.866666666666667,4.7,173.0,20.5,14.4,0.3,1009.9,77,5.0,26.4,8.9
2024-Q1,dummy_prior,referencia_independente_de_features,2024-03-19 17:00:00,2024-03-19 18:00:00,1,0,falso_negativo,272.0,122.5,0.9651649798189532,1.22,122.5,13.096666666666668,18.32,9.008333333333336,6.1,167.0,20.1,14.0,0.3,1010.9,85,4.8,25.0,13.2
2024-Q1,dummy_prior,referencia_independente_de_features,2024-03-19 18:00:00,2024-03-19 19:00:00,1,0,falso_negativo,277.0,131.0,0.980693023737609,1.4,131.0,13.266666666666666,18.566666666666663,9.108333333333333,7.0,158.0,18.5,12.9,0.1,1011.5,88,4.5,24.0,9.3
2024-Q1,dummy_prior,referencia_independente_de_features,2024-03-19 19:00:00,2024-03-19 20:00:00,1,0,falso_negativo,274.0,130.75,0.9986473245185548,1.42,130.75,13.446666666666667,18.826666666666668,9.2,7.1,144.0,17.9,12.5,0.0,1012.1,92,4.3,23.1,6.9
2024-Q1,dummy_prior,referencia_independente_de_features,2024-03-19 20:00:00,2024-03-19 21:00:00,1,0,falso_negativo,268.0,121.75,1.0156311225545849,1.34,121.75,13.593333333333334,19.03333333333333,9.3,6.7,126.0,16.8,11.7,0.0,1013.3,94,4.1,22.6,4.6
2024-Q1,dummy_prior,referencia_independente_de_features,2024-03-20 14:00:00,2024-03-20 15:00:00,1,0,falso_negativo,241.0,95.5,1.0146606198096688,0.4599999999999999,95.5,14.183333333333335,19.813333333333333,10.875,2.3,181.0,24.7,17.2,0.0,1008.5,57,5.5,30.5,6.2
2024-Q1,dummy_prior,referencia_independente_de_features,2024-03-20 15:00:00,2024-03-20 16:00:00,1,0,falso_negativo,239.0,114.66666666666666,1.0001030786359288,0.58,114.66666666666666,14.370000000000005,20.066666666666663,10.816666666666665,2.9,170.0,27.0,18.7,2.0,1008.3,70,4.6,27.7,11.4
2024-Q1,dummy_prior,referencia_independente_de_features,2024-03-20 16:00:00,2024-03-20 17:00:00,1,0,falso_negativo,243.0,130.25,0.9899127998143108,0.82,130.25,14.493333333333334,20.21333333333333,10.766666666666666,4.1,159.0,24.2,16.6,0.5,1008.5,84,4.4,25.6,3.1
2024-Q1,dummy_prior,referencia_independente_de_features,2024-03-20 17:00:00,2024-03-20 18:00:00,1,0,falso_negativo,251.0,137.25,0.9758405100130292,1.1800000000000002,137.25,14.613333333333337,20.37333333333333,10.75,5.9,147.0,23.7,16.4,0.1,1008.4,83,4.6,25.9,6.6
2024-Q1,dummy_prior,referencia_independente_de_features,2024-03-20 18:00:00,2024-03-20 19:00:00,1,0,falso_negativo,263.0,135.25,0.9709879962884492,1.56,135.25,14.89333333333333,20.75333333333333,10.766666666666666,7.8,133.0,26.9,18.6,0.0,1009.0,86,4.7,25.1,4.5
2024-Q1,dummy_prior,referencia_independente_de_features,2024-03-20 19:00:00,2024-03-20 20:00:00,1,0,falso_negativo,283.0,121.75,0.980693023737609,2.08,121.75,15.256666666666668,21.24666666666667,10.791666666666666,10.4,116.0,28.8,19.9,0.0,1009.5,90,4.6,24.2,5.4
2024-Q1,persistencia_iqar_atual,referencia_independente_de_features,2024-01-08 15:00:00,2024-01-08 16:00:00,1,0,falso_negativo,156.0,91.66666666666669,0.6201512540013183,0.4,91.66666666666669,10.303333333333333,13.786666666666669,7.341666666666666,2.0,159.0,14.3,9.8,1.1,1010.2,53,3.6,30.2,7.9
2024-Q1,persistencia_iqar_atual,referencia_independente_de_features,2024-01-08 21:00:00,2024-01-08 22:00:00,0,1,falso_positivo,213.0,104.66666666666666,0.6997324790844296,1.94,104.66666666666666,11.923333333333334,16.28666666666667,7.916666666666667,9.7,83.0,21.5,14.8,0.0,1013.6,82,4.7,23.6,6.1
2024-Q1,persistencia_iqar_atual,referencia_independente_de_features,2024-01-09 13:00:00,2024-01-09 14:00:00,1,0,falso_negativo,188.0,86.33333333333333,0.8195895680815545,0.4,86.33333333333333,15.303333333333336,21.21333333333334,10.225,2.0,205.0,24.9,17.3,0.0,1012.7,47,6.2,31.4,6.5
2024-Q1,persistencia_iqar_atual,referencia_independente_de_features,2024-01-09 23:00:00,2024-01-10 00:00:00,0,1,falso_positivo,244.0,108.33333333333331,0.8127960488671425,1.9,108.33333333333331,16.59,23.04666666666667,10.5,9.5,103.0,19.0,13.2,0.0,1015.1,77,4.6,24.2,6.8
2024-Q1,persistencia_iqar_atual,referencia_independente_de_features,2024-01-10 15:00:00,2024-01-10 16:00:00,1,0,falso_negativo,203.0,98.0,0.7710644308357549,0.3,98.0,14.923333333333332,20.700000000000003,10.566666666666668,1.5,163.0,15.7,10.7,0.0,1011.3,44,3.3,31.3,3.8
2024-Q1,persistencia_iqar_atual,referencia_independente_de_features,2024-01-10 21:00:00,2024-01-10 22:00:00,0,1,falso_positivo,224.0,105.5,0.8288093441582565,1.5,105.5,14.196666666666667,19.653333333333336,9.808333333333334,7.5,118.0,16.4,11.4,0.1,1015.1,93,2.8,22.6,3.0
2024-Q1,persistencia_iqar_atual,referencia_independente_de_features,2024-01-18 14:00:00,2024-01-18 15:00:00,1,0,falso_negativo,199.0,92.16666666666669,0.9365351488439316,0.4,92.16666666666669,15.373333333333337,21.306666666666672,9.583333333333334,2.0,156.0,17.6,12.2,0.0,1011.6,51,4.0,31.9,12.3
2024-Q1,persistencia_iqar_atual,referencia_independente_de_features,2024-01-18 19:00:00,2024-01-18 20:00:00,0,1,falso_positivo,205.0,105.66666666666666,0.7904744857340747,0.9,105.66666666666666,15.51,21.55333333333333,9.308333333333334,4.5,123.0,13.4,9.2,0.0,1013.3,90,2.0,24.8,8.8
2024-Q1,persistencia_iqar_atual,referencia_independente_de_features,2024-01-30 14:00:00,2024-01-30 15:00:00,1,0,falso_negativo,186.0,87.66666666666667,0.7472871135853132,0.44,87.66666666666667,13.826666666666668,19.24,8.358333333333333,2.2,187.0,24.3,16.8,0.1,1012.8,46,5.4,28.5,15.1
2024-Q1,persistencia_iqar_atual,referencia_independente_de_features,2024-01-30 23:00:00,2024-01-31 00:00:00,0,1,falso_positivo,306.0,111.16666666666666,1.0267919041211186,3.1,111.16666666666666,17.916666666666668,24.85333333333333,9.966666666666669,15.5,84.0,29.0,20.3,0.0,1014.2,82,4.5,21.3,4.7
2024-Q1,persistencia_iqar_atual,referencia_independente_de_features,2024-01-31 17:00:00,2024-01-31 18:00:00,1,0,falso_negativo,219.0,98.83333333333331,0.8341471092552943,0.8400000000000001,98.83333333333331,24.99666666666667,34.7,11.225,4.2,152.0,29.9,20.7,0.0,1013.6,70,3.5,25.3,8.0
2024-Q1,persistencia_iqar_atual,referencia_independente_de_features,2024-01-31 19:00:00,2024-01-31 20:00:00,0,1,falso_positivo,225.0,102.33333333333331,0.8026057700455246,1.04,102.33333333333331,24.816666666666663,34.480000000000004,10.783333333333331,5.2,140.0,26.0,18.0,2.7,1015.3,81,2.9,22.1,7.0
2024-Q1,persistencia_iqar_atual,referencia_independente_de_features,2024-02-01 14:00:00,2024-02-01 15:00:00,1,0,falso_negativo,216.0,99.33333333333331,1.1267536868474657,0.4,99.33333333333331,25.660000000000004,35.67333333333334,8.9,2.0,153.0,24.0,16.2,2.0,1018.0,77,1.8,22.7,15.6
2024-Q1,persistencia_iqar_atual,referencia_independente_de_features,2024-02-01 18:00:00,2024-02-01 19:00:00,0,1,falso_positivo,183.0,105.33333333333331,0.8491899018014922,0.6400000000000001,105.33333333333331,23.76,32.92,8.058333333333332,3.2,119.0,12.0,7.7,0.0,1016.4,81,0.9,22.1,10.7
2024-Q1,persistencia_iqar_atual,referencia_independente_de_features,2024-02-04 16:00:00,2024-02-04 17:00:00,1,0,falso_negativo,225.0,97.66666666666666,0.8258978359235085,0.82,97.66666666666666,11.86,16.486666666666665,8.308333333333332,4.1,173.0,26.5,18.5,0.9,1017.0,82,6.3,23.2,6.9
2024-Q1,persistencia_iqar_atual,referencia_independente_de_features,2024-02-04 19:00:00,2024-02-04 20:00:00,0,1,falso_positivo,229.0,106.5,0.8389996229798743,1.74,106.5,13.443333333333335,18.74,9.233333333333333,8.7,104.0,23.4,16.3,0.1,1017.0,92,5.0,21.4,7.7
2024-Q1,persistencia_iqar_atual,referencia_independente_de_features,2024-02-05 13:00:00,2024-02-05 14:00:00,1,0,falso_negativo,232.0,86.16666666666667,1.0646415111728422,0.34,86.16666666666667,16.096666666666668,22.55333333333333,13.833333333333334,1.7,204.0,15.7,11.0,0.0,1015.9,49,7.7,28.3,1.9
2024-Q1,persistencia_iqar_atual,referencia_independente_de_features,2024-02-05 21:00:00,2024-02-05 22:00:00,0,1,falso_positivo,317.0,114.0,0.9447844221757172,1.94,114.0,13.446666666666667,18.820000000000004,12.949999999999998,9.7,116.0,18.3,12.6,0.0,1017.0,78,3.1,20.8,8.0
2024-Q1,persistencia_iqar_atual,referencia_independente_de_features,2024-02-06 13:00:00,2024-02-06 14:00:00,1,0,falso_negativo,256.0,98.0,1.2728143499573223,0.34,98.0,17.116666666666667,23.75333333333333,7.175,1.7,188.0,16.0,10.9,0.1,1017.4,53,4.3,28.0,6.7
2024-Q1,persistencia_iqar_atual,referencia_independente_de_features,2024-02-06 21:00:00,2024-02-06 22:00:00,0,1,falso_positivo,306.0,108.33333333333331,1.0146606198096688,1.5,108.33333333333331,17.029999999999998,23.4,5.616666666666666,7.5,102.0,13.3,9.1,0.0,1017.9,93,1.7,20.2,5.1
2024-Q1,persistencia_iqar_atual,referencia_independente_de_features,2024-02-09 14:00:00,2024-02-09 15:00:00,1,0,falso_negativo,178.0,91.16666666666669,0.7890187316167008,0.22,91.16666666666669,16.240000000000002,21.406666666666663,6.666666666666667,1.1,145.0,17.4,10.9,0.0,1014.4,46,3.5,30.3,11.5
2024-Q1,persistencia_iqar_atual,referencia_independente_de_features,2024-02-09 18:00:00,2024-02-09 19:00:00,0,1,falso_positivo,183.0,100.66666666666666,0.7099227579060474,0.4599999999999999,100.66666666666666,17.133333333333336,22.540000000000003,7.133333333333334,2.3,141.0,21.4,12.9,0.0,1013.9,73,3.9,24.6,16.0
2024-Q1,persistencia_iqar_atual,referencia_independente_de_features,2024-02-28 15:00:00,2024-02-28 16:00:00,1,0,falso_negativo,231.0,91.83333333333331,0.9394466570786794,0.68,91.83333333333331,17.529999999999998,24.306666666666672,12.691666666666668,3.4,145.0,21.2,14.8,0.2,1012.9,76,4.2,26.5,10.8
2024-Q1,persistencia_iqar_atual,referencia_independente_de_features,2024-02-28 18:00:00,2024-02-28 19:00:00,0,1,falso_positivo,230.0,100.5,0.9166398425731536,1.14,100.5,17.493333333333332,24.28666666666667,12.583333333333334,5.7,109.0,17.1,11.7,0.0,1012.5,82,3.6,25.0,2.4
2024-Q1,persistencia_iqar_atual,referencia_independente_de_features,2024-02-29 13:00:00,2024-02-29 14:00:00,1,0,falso_negativo,302.0,89.83333333333333,1.450901603649407,0.6400000000000001,89.83333333333333,24.950000000000003,34.70666666666667,14.116666666666667,3.2,206.0,39.0,27.1,0.1,1013.5,69,8.6,28.9,12.7
2024-Q1,persistencia_iqar_atual,referencia_independente_de_features,2024-02-29 18:00:00,2024-02-29 19:00:00,0,1,falso_positivo,211.0,118.5,1.0335854233355306,1.42,118.5,25.906666666666663,35.873333333333335,14.233333333333334,7.1,93.0,19.9,13.1,0.4,1012.6,83,3.6,25.0,8.3
2024-Q1,persistencia_iqar_atual,referencia_independente_de_features,2024-03-04 14:00:00,2024-03-04 15:00:00,1,0,falso_negativo,181.0,93.5,0.8496751531739503,0.4,93.5,16.6,21.620000000000005,9.116666666666664,2.0,160.0,33.8,22.5,0.0,1012.5,59,3.3,29.4,7.9
2024-Q1,persistencia_iqar_atual,referencia_independente_de_features,2024-03-04 19:00:00,2024-03-04 20:00:00,0,1,falso_positivo,179.0,101.0,0.7060407469263835,1.2400000000000002,101.0,18.953333333333333,24.88666666666667,8.533333333333333,6.2,115.0,23.5,15.0,0.0,1012.9,92,1.9,23.4,15.0
2024-Q1,persistencia_iqar_atual,referencia_independente_de_features,2024-03-14 14:00:00,2024-03-14 15:00:00,1,0,falso_negativo,209.0,85.66666666666667,0.770093928090839,0.5,85.66666666666667,15.473333333333336,20.49333333333333,6.075,2.5,199.0,26.3,17.8,0.0,1013.5,49,6.5,31.1,11.2
2024-Q1,persistencia_iqar_atual,referencia_independente_de_features,2024-03-14 22:00:00,2024-03-14 23:00:00,0,1,falso_positivo,271.0,116.66666666666666,0.9239186131600235,2.54,116.66666666666666,19.476666666666667,26.093333333333334,8.608333333333333,12.7,101.0,27.1,18.3,0.0,1014.7,95,4.9,22.0,4.5
2024-Q1,persistencia_iqar_atual,referencia_independente_de_features,2024-03-15 14:00:00,2024-03-15 15:00:00,1,0,falso_negativo,170.0,91.16666666666669,0.9331383892367257,0.4599999999999999,91.16666666666669,20.75,28.146666666666665,11.175,2.3,171.0,14.1,9.7,0.0,1010.8,44,5.0,31.7,11.0
2024-Q1,persistencia_iqar_atual,referencia_independente_de_features,2024-03-15 21:00:00,2024-03-15 22:00:00,0,1,falso_positivo,379.0,111.16666666666666,0.9375056515888476,4.7,111.16666666666666,19.540000000000003,26.793333333333337,10.808333333333335,23.5,101.0,32.4,21.7,0.0,1012.5,88,5.8,23.2,7.7
2024-Q1,persistencia_iqar_atual,referencia_independente_de_features,2024-03-16 14:00:00,2024-03-16 15:00:00,1,0,falso_negativo,180.0,87.16666666666667,1.090359833913116,0.4,87.16666666666667,22.513333333333332,31.02666666666667,13.325,2.0,166.0,23.7,16.5,0.0,1009.9,49,4.6,31.1,10.5
2024-Q1,persistencia_iqar_atual,referencia_independente_de_features,2024-03-16 20:00:00,2024-03-16 21:00:00,0,1,falso_positivo,313.0,110.66666666666666,0.8627769402303161,3.5,110.66666666666666,23.320000000000004,32.326666666666675,13.208333333333336,17.5,114.0,29.0,20.0,0.0,1010.8,76,5.7,25.3,4.4
2024-Q1,persistencia_iqar_atual,referencia_independente_de_features,2024-03-18 14:00:00,2024-03-18 15:00:00,1,0,falso_negativo,229.0,88.33333333333333,1.0588184947033463,0.6400000000000001,88.33333333333333,17.529999999999998,24.500000000000004,12.258333333333333,3.2,148.0,24.5,16.8,8.2,1012.6,75,4.5,26.3,19.7
2024-Q1,persistencia_iqar_atual,referencia_independente_de_features,2024-03-18 17:00:00,2024-03-18 18:00:00,0,1,falso_positivo,235.0,104.5,0.9501221872727552,1.3,104.5,17.95,25.03333333333334,12.1,6.5,110.0,14.9,10.2,0.0,1012.2,85,3.1,25.0,9.5
2024-Q1,persistencia_iqar_atual,referencia_independente_de_features,2024-03-19 15:00:00,2024-03-19 16:00:00,1,0,falso_negativo,255.0,96.66666666666666,0.9564304551147093,0.7200000000000001,96.66666666666666,12.916666666666666,18.03333333333333,8.691666666666668,3.6,175.0,21.4,14.9,1.9,1010.1,72,5.3,26.6,14.8
2024-Q1,persistencia_iqar_atual,referencia_independente_de_features,2024-03-19 21:00:00,2024-03-19 22:00:00,0,1,falso_positivo,214.0,110.0,1.0044703409880509,1.02,110.0,13.490000000000002,18.886666666666667,9.3,5.1,103.0,10.2,7.1,0.0,1013.8,96,2.8,22.3,5.3
2024-Q1,persistencia_iqar_atual,referencia_independente_de_features,2024-03-20 14:00:00,2024-03-20 15:00:00,1,0,falso_negativo,241.0,95.5,1.0146606198096688,0.4599999999999999,95.5,14.183333333333335,19.813333333333333,10.875,2.3,181.0,24.7,17.2,0.0,1008.5,57,5.5,30.5,6.2
2024-Q1,persistencia_iqar_atual,referencia_independente_de_features,2024-03-20 20:00:00,2024-03-20 21:00:00,0,1,falso_positivo,306.0,105.66666666666666,1.0059260951054247,2.64,105.66666666666666,15.633333333333336,21.766666666666666,10.808333333333335,13.2,97.0,28.1,19.5,0.0,1010.9,90,4.3,23.9,7.3
2024-Q1,gaussian_naive_bayes,poluentes_brutos_meteorologia,2024-01-03 14:00:00,2024-01-03 15:00:00,0,1,falso_positivo,153.0,34.6,0.5890951661640066,0.5599999999999999,34.6,9.303333333333336,12.0,4.408333333333333,2.8,93.0,11.5,7.4,14.4,1010.9,88,2.3,22.2,16.4
2024-Q1,gaussian_naive_bayes,poluentes_brutos_meteorologia,2024-01-08 12:00:00,2024-01-08 13:00:00,0,1,falso_positivo,149.0,38.1,0.6968209708496816,0.34,38.1,9.49,12.633333333333333,6.933333333333333,1.7,149.0,10.9,7.5,0.0,1011.8,47,3.2,31.3,10.8
2024-Q1,gaussian_naive_bayes,poluentes_brutos_meteorologia,2024-01-08 13:00:00,2024-01-08 14:00:00,0,1,falso_positivo,149.0,54.33333333333333,0.6715878994818658,0.32,54.33333333333333,9.756666666666668,13.00666666666667,7.066666666666666,1.6,153.0,11.8,8.2,0.0,1011.4,46,3.1,31.8,11.8
2024-Q1,gaussian_naive_bayes,poluentes_brutos_meteorologia,2024-01-08 14:00:00,2024-01-08 15:00:00,0,1,falso_positivo,151.0,74.83333333333333,0.6434433198793021,0.34,74.83333333333333,10.023333333333335,13.38,7.2,1.7,156.0,12.9,8.8,0.0,1010.9,46,3.3,31.9,11.6
2024-Q1,gaussian_naive_bayes,poluentes_brutos_meteorologia,2024-01-08 19:00:00,2024-01-08 20:00:00,1,0,falso_negativo,194.0,119.33333333333331,0.6434433198793021,0.8400000000000001,119.33333333333331,11.456666666666669,15.52,7.816666666666666,4.2,154.0,16.7,11.4,0.0,1012.0,71,3.7,25.7,7.2
2024-Q1,gaussian_naive_bayes,poluentes_brutos_meteorologia,2024-01-08 20:00:00,2024-01-08 21:00:00,1,0,falso_negativo,201.0,116.33333333333331,0.6686763912471179,1.02,116.33333333333331,11.646666666666668,15.846666666666668,7.816666666666667,5.1,131.0,16.3,11.1,0.0,1013.0,77,3.1,24.5,8.2
2024-Q1,gaussian_naive_bayes,poluentes_brutos_meteorologia,2024-01-09 09:00:00,2024-01-09 10:00:00,0,1,falso_positivo,185.0,20.15,0.9442991708032594,1.42,20.15,13.46,18.64,8.9,7.1,146.0,19.4,13.5,0.0,1015.0,67,11.0,26.4,6.1
2024-Q1,gaussian_naive_bayes,poluentes_brutos_meteorologia,2024-01-09 10:00:00,2024-01-09 11:00:00,0,1,falso_positivo,187.0,26.9,0.9180955966905276,1.16,26.9,13.933333333333335,19.293333333333337,9.291666666666666,5.8,162.0,23.3,16.2,0.0,1015.7,62,9.9,27.9,11.1
2024-Q1,gaussian_naive_bayes,poluentes_brutos_meteorologia,2024-01-09 11:00:00,2024-01-09 12:00:00,0,1,falso_positivo,189.0,34.9,0.8914067712053378,0.78,34.9,14.406666666666666,19.96,9.65,3.9,184.0,24.0,16.8,0.0,1014.8,56,8.3,29.5,10.2
2024-Q1,gaussian_naive_bayes,poluentes_brutos_meteorologia,2024-01-09 12:00:00,2024-01-09 13:00:00,0,1,falso_positivo,190.0,53.66666666666666,0.8593801806231102,0.5,53.66666666666666,14.866666666666667,20.60666666666667,9.966666666666669,2.5,200.0,24.7,17.2,0.0,1013.7,51,7.0,30.6,8.7
2024-Q1,gaussian_naive_bayes,poluentes_brutos_meteorologia,2024-01-09 20:00:00,2024-01-09 21:00:00,1,0,falso_negativo,208.0,167.75,0.7380673375086112,1.08,167.75,16.726666666666667,23.24666666666667,10.65,5.4,141.0,21.7,14.9,0.0,1014.2,85,3.4,24.5,6.6
2024-Q1,gaussian_naive_bayes,poluentes_brutos_meteorologia,2024-01-09 21:00:00,2024-01-09 22:00:00,1,0,falso_negativo,231.0,148.75,0.7589331465243051,1.54,148.75,16.633333333333336,23.10666666666667,10.55,7.7,129.0,18.7,12.7,0.0,1014.9,84,3.5,23.7,8.3
2024-Q1,gaussian_naive_bayes,poluentes_brutos_meteorologia,2024-01-09 22:00:00,2024-01-09 23:00:00,1,0,falso_negativo,237.0,127.0,0.7836809665196628,1.6800000000000002,127.0,16.566666666666666,23.013333333333332,10.491666666666664,8.4,118.0,17.7,12.2,0.0,1015.0,79,3.9,24.1,8.0
2024-Q1,gaussian_naive_bayes,poluentes_brutos_meteorologia,2024-01-10 08:00:00,2024-01-10 09:00:00,0,1,falso_positivo,260.0,24.580000000000005,1.107343631949146,1.62,22.4,17.686666666666667,24.580000000000005,11.975,8.1,118.0,29.6,20.6,0.0,1015.4,75,9.9,24.6,2.5
2024-Q1,gaussian_naive_bayes,poluentes_brutos_meteorologia,2024-01-10 13:00:00,2024-01-10 14:00:00,0,1,falso_positivo,176.0,61.16666666666666,0.87393772179685,0.24,61.16666666666666,15.496666666666668,21.520000000000003,10.925,1.2,145.0,10.4,7.1,0.0,1012.4,45,2.8,30.7,8.4
2024-Q1,gaussian_naive_bayes,poluentes_brutos_meteorologia,2024-01-10 14:00:00,2024-01-10 15:00:00,0,1,falso_positivo,191.0,82.0,0.8147370543569746,0.26,82.0,15.163333333333336,21.04666666666667,10.716666666666669,1.3,156.0,14.1,9.7,0.0,1011.8,44,3.1,31.2,6.2
2024-Q1,gaussian_naive_bayes,poluentes_brutos_meteorologia,2024-01-10 18:00:00,2024-01-10 19:00:00,1,0,falso_negativo,215.0,108.5,0.754080632799725,0.5599999999999999,108.5,14.466666666666669,20.026666666666667,10.1,2.8,151.0,17.8,12.0,0.3,1012.9,78,2.1,24.8,1.5
2024-Q1,gaussian_naive_bayes,poluentes_brutos_meteorologia,2024-01-10 19:00:00,2024-01-10 20:00:00,1,0,falso_negativo,223.0,109.66666666666666,0.7749464418154189,0.7000000000000001,109.66666666666666,14.36,19.86,9.966666666666669,3.5,146.0,18.0,12.1,0.1,1013.3,83,2.1,24.0,7.6
2024-Q1,gaussian_naive_bayes,poluentes_brutos_meteorologia,2024-01-10 20:00:00,2024-01-10 21:00:00,1,0,falso_negativo,233.0,110.0,0.8055172782802726,0.86,110.0,14.273333333333335,19.74,9.866666666666664,4.3,140.0,19.1,13.1,0.2,1014.7,89,2.2,23.2,4.6
2024-Q1,gaussian_naive_bayes,poluentes_brutos_meteorologia,2024-01-11 19:00:00,2024-01-11 20:00:00,0,1,falso_positivo,175.0,47.833333333333336,0.6439285712517602,1.12,47.833333333333336,8.06,11.266666666666667,6.016666666666666,5.6,88.0,10.9,7.7,16.5,1011.8,87,2.7,22.9,10.8
2024-Q1,gaussian_naive_bayes,poluentes_brutos_meteorologia,2024-01-17 13:00:00,2024-01-17 14:00:00,0,1,falso_positivo,187.0,53.83333333333333,0.8443373880769123,0.4,53.83333333333333,9.29,12.993333333333332,7.0,2.0,150.0,12.2,8.5,0.0,1013.6,54,3.4,31.1,18.0
2024-Q1,gaussian_naive_bayes,poluentes_brutos_meteorologia,2024-01-17 14:00:00,2024-01-17 15:00:00,0,1,falso_positivo,192.0,74.66666666666666,0.8103697920048526,0.4,74.66666666666666,9.44,13.193333333333335,7.116666666666667,2.0,152.0,14.2,9.8,0.0,1013.3,54,3.2,31.0,13.9
2024-Q1,gaussian_naive_bayes,poluentes_brutos_meteorologia,2024-01-17 15:00:00,2024-01-17 16:00:00,0,1,falso_positivo,198.0,90.0,0.7846514692645788,0.48,90.0,9.536666666666669,13.3,7.233333333333333,2.4,150.0,14.4,9.7,2.2,1014.9,78,3.1,25.4,23.1
2024-Q1,gaussian_naive_bayes,poluentes_brutos_meteorologia,2024-01-18 10:00:00,2024-01-18 11:00:00,0,1,falso_positivo,238.0,25.450000000000003,1.1160781566533895,0.7000000000000001,25.450000000000003,14.220000000000002,19.70666666666667,8.966666666666667,3.5,151.0,18.9,13.2,0.0,1015.1,75,7.9,27.9,6.5
2024-Q1,gaussian_naive_bayes,poluentes_brutos_meteorologia,2024-01-18 11:00:00,2024-01-18 12:00:00,0,1,falso_positivo,234.0,32.550000000000004,1.083566314698704,0.5599999999999999,32.550000000000004,14.61,20.24666666666667,9.166666666666666,2.8,170.0,20.1,14.0,0.0,1014.1,63,7.2,29.6,9.8
2024-Q1,gaussian_naive_bayes,poluentes_brutos_meteorologia,2024-01-18 12:00:00,2024-01-18 13:00:00,0,1,falso_positivo,227.0,42.16666666666666,1.0432904507846903,0.4599999999999999,42.16666666666666,14.973333333333333,20.75333333333333,9.366666666666667,2.3,181.0,21.0,14.7,0.0,1013.4,54,6.3,30.8,11.5
2024-Q1,gaussian_naive_bayes,poluentes_brutos_meteorologia,2024-01-18 13:00:00,2024-01-18 14:00:00,0,1,falso_positivo,214.0,69.16666666666666,0.9933095594215168,0.4,69.16666666666666,15.26,21.14666666666667,9.516666666666667,2.0,173.0,20.8,14.4,0.0,1012.7,52,5.2,31.5,12.0
2024-Q1,gaussian_naive_bayes,poluentes_brutos_meteorologia,2024-01-18 16:00:00,2024-01-18 17:00:00,1,0,falso_negativo,191.0,115.0,0.8404553770972484,0.52,115.0,15.406666666666666,21.38,9.533333333333331,2.6,140.0,14.6,10.0,0.0,1011.4,65,2.5,28.6,5.0
2024-Q1,gaussian_naive_bayes,poluentes_brutos_meteorologia,2024-01-18 17:00:00,2024-01-18 18:00:00,1,0,falso_negativo,199.0,115.83333333333331,0.8205600708264704,0.66,115.83333333333331,15.43,21.42666666666667,9.475,3.3,141.0,14.2,9.7,0.0,1011.7,77,2.3,27.2,13.2
2024-Q1,gaussian_naive_bayes,poluentes_brutos_meteorologia,2024-01-18 18:00:00,2024-01-18 19:00:00,1,0,falso_negativo,205.0,113.5,0.8045467755353567,0.8,113.5,15.486666666666665,21.513333333333332,9.4,4.0,137.0,14.3,9.8,0.0,1012.4,86,2.1,25.8,10.5
2024-Q1,gaussian_naive_bayes,poluentes_brutos_meteorologia,2024-01-19 13:00:00,2024-01-19 14:00:00,0,1,falso_positivo,197.0,35.25,0.8064877810251886,0.38,35.25,10.64,14.793333333333337,7.658333333333334,1.9,133.0,17.1,11.9,0.0,1011.3,60,4.5,29.7,17.1
2024-Q1,gaussian_naive_bayes,poluentes_brutos_meteorologia,2024-01-19 14:00:00,2024-01-19 15:00:00,0,1,falso_positivo,199.0,42.5,0.7890187316167008,0.38,42.5,10.646666666666668,14.806666666666668,7.683333333333334,1.9,139.0,17.8,12.4,1.1,1010.7,67,4.3,28.5,10.5
2024-Q1,gaussian_naive_bayes,poluentes_brutos_meteorologia,2024-01-19 15:00:00,2024-01-19 16:00:00,0,1,falso_positivo,203.0,56.83333333333333,0.7778579500501669,0.48,56.83333333333333,10.77,14.986666666666665,7.791666666666667,2.4,140.0,18.7,13.0,3.3,1010.1,69,4.3,27.7,17.8
2024-Q1,gaussian_naive_bayes,poluentes_brutos_meteorologia,2024-01-19 16:00:00,2024-01-19 17:00:00,0,1,falso_positivo,209.0,64.5,0.7764021959327928,0.7200000000000001,64.5,10.96,15.26,7.95,3.6,135.0,20.3,14.1,0.1,1009.4,72,4.4,27.3,7.9
2024-Q1,gaussian_naive_bayes,poluentes_brutos_meteorologia,2024-01-19 17:00:00,2024-01-19 18:00:00,0,1,falso_positivo,216.0,72.33333333333333,0.7841662178921208,1.08,72.33333333333333,11.216666666666669,15.633333333333336,8.141666666666667,5.4,124.0,21.9,15.3,2.4,1009.1,69,4.6,27.9,9.5
2024-Q1,gaussian_naive_bayes,poluentes_brutos_meteorologia,2024-01-19 18:00:00,2024-01-19 19:00:00,0,1,falso_positivo,223.0,75.83333333333333,0.7958122508311127,1.4,75.83333333333333,11.44,15.953333333333331,8.366666666666665,7.0,111.0,21.0,14.6,11.5,1010.6,86,4.8,24.5,5.0
2024-Q1,gaussian_naive_bayes,poluentes_brutos_meteorologia,2024-01-20 14:00:00,2024-01-20 15:00:00,0,1,falso_positivo,240.0,37.25,0.868599956699812,0.66,37.25,11.393333333333334,15.94,8.591666666666667,3.3,127.0,17.6,12.3,0.3,1008.6,63,4.0,28.2,20.0
2024-Q1,gaussian_naive_bayes,poluentes_brutos_meteorologia,2024-01-20 15:00:00,2024-01-20 16:00:00,0,1,falso_positivo,245.0,43.16666666666666,0.8875247602256738,0.86,43.16666666666666,11.416666666666668,15.980000000000002,8.591666666666667,4.3,123.0,19.4,13.6,0.1,1008.2,65,4.3,28.3,16.3
2024-Q1,gaussian_naive_bayes,poluentes_brutos_meteorologia,2024-01-20 16:00:00,2024-01-20 17:00:00,0,1,falso_positivo,250.0,51.16666666666666,0.9049938096341618,1.16,51.16666666666666,11.356666666666667,15.9,8.608333333333333,5.8,110.0,18.5,12.9,3.7,1009.7,75,4.6,25.1,22.9
2024-Q1,gaussian_naive_bayes,poluentes_brutos_meteorologia,2024-01-24 15:00:00,2024-01-24 16:00:00,0,1,falso_positivo,84.0,19.55,0.3183249003324451,0.24,19.55,4.55,5.826666666666668,1.3833333333333335,1.2,50.0,5.1,3.0,6.1,1011.4,84,0.7,20.9,16.7
2024-Q1,gaussian_naive_bayes,poluentes_brutos_meteorologia,2024-01-28 18:00:00,2024-01-28 19:00:00,0,1,falso_positivo,112.0,28.8,0.4469165140338139,0.7400000000000001,28.8,8.1,11.0,3.858333333333333,3.7,61.0,7.5,5.0,7.1,1014.7,90,1.7,19.7,15.7
2024-Q1,gaussian_naive_bayes,poluentes_brutos_meteorologia,2024-01-29 12:00:00,2024-01-29 13:00:00,0,1,falso_positivo,175.0,36.05,0.8603506833680261,0.42,36.05,10.916666666666668,15.093333333333334,4.9,2.1,156.0,11.6,8.1,0.0,1014.4,52,4.7,27.9,14.1
2024-Q1,gaussian_naive_bayes,poluentes_brutos_meteorologia,2024-01-30 11:00:00,2024-01-30 12:00:00,0,1,falso_positivo,177.0,31.75,0.87393772179685,0.6000000000000001,31.75,12.74,17.746666666666666,7.966666666666668,3.0,152.0,14.5,10.1,0.1,1013.9,52,6.1,27.5,11.5
2024-Q1,gaussian_naive_bayes,poluentes_brutos_meteorologia,2024-01-30 12:00:00,2024-01-30 13:00:00,0,1,falso_positivo,180.0,38.75,0.8336618578828364,0.5,38.75,13.01,18.12,8.058333333333334,2.5,169.0,19.7,13.7,0.0,1013.5,47,5.8,28.1,15.9
2024-Q1,gaussian_naive_bayes,poluentes_brutos_meteorologia,2024-01-30 13:00:00,2024-01-30 14:00:00,0,1,falso_positivo,183.0,61.66666666666666,0.7895039829891588,0.4599999999999999,61.66666666666666,13.393333333333334,18.646666666666672,8.191666666666666,2.3,180.0,23.1,16.0,0.1,1013.1,46,5.6,28.4,15.2
2024-Q1,gaussian_naive_bayes,poluentes_brutos_meteorologia,2024-01-30 21:00:00,2024-01-30 22:00:00,1,0,falso_negativo,317.0,155.75,0.9098463233587416,3.66,155.75,17.29,23.973333333333333,9.758333333333333,18.3,112.0,31.2,21.6,0.0,1013.0,90,5.2,20.9,5.6
2024-Q1,gaussian_naive_bayes,poluentes_brutos_meteorologia,2024-01-30 22:00:00,2024-01-30 23:00:00,1,0,falso_negativo,312.0,134.0,0.9709879962884492,3.4200000000000004,134.0,17.60666666666667,24.42,9.866666666666667,17.1,100.0,30.6,21.3,0.0,1014.0,85,4.9,21.3,6.4
2024-Q1,gaussian_naive_bayes,poluentes_brutos_meteorologia,2024-01-31 08:00:00,2024-01-31 09:00:00,0,1,falso_positivo,366.0,28.97333333333333,1.420330767184553,2.26,16.6,20.85666666666667,28.97333333333333,11.083333333333334,11.3,110.0,41.2,28.8,0.0,1015.4,83,10.8,21.9,5.2
2024-Q1,gaussian_naive_bayes,poluentes_brutos_meteorologia,2024-01-31 09:00:00,2024-01-31 10:00:00,0,1,falso_positivo,314.0,30.406666666666663,1.421301269929469,1.66,20.05,21.89666666666667,30.406666666666663,11.4,8.3,123.0,41.9,29.0,0.0,1015.7,78,10.4,23.5,5.1
2024-Q1,gaussian_naive_bayes,poluentes_brutos_meteorologia,2024-01-31 10:00:00,2024-01-31 11:00:00,0,1,falso_positivo,281.0,31.60666666666667,1.3999502095413172,1.2800000000000002,24.450000000000003,22.773333333333333,31.60666666666667,11.625,6.4,130.0,37.3,25.7,0.0,1015.9,75,9.1,25.4,5.1
2024-Q1,gaussian_naive_bayes,poluentes_brutos_meteorologia,2024-01-31 11:00:00,2024-01-31 12:00:00,0,1,falso_positivo,237.0,32.56666666666667,1.3489988154332275,0.78,29.85,23.47,32.56666666666667,11.725,3.9,139.0,35.4,24.5,0.0,1015.5,68,7.3,26.5,5.1
2024-Q1,gaussian_naive_bayes,poluentes_brutos_meteorologia,2024-01-31 12:00:00,2024-01-31 13:00:00,0,1,falso_positivo,203.0,36.25,1.2684470876052003,0.42,36.25,23.96333333333333,33.24,11.725,2.1,146.0,34.5,23.8,0.1,1015.2,65,5.8,26.9,2.3
2024-Q1,gaussian_naive_bayes,poluentes_brutos_meteorologia,2024-01-31 13:00:00,2024-01-31 14:00:00,0,1,falso_positivo,191.0,50.66666666666666,1.1670295507614794,0.34,50.66666666666666,24.323333333333338,33.74,11.675,1.7,147.0,33.9,23.5,0.0,1014.3,56,5.0,27.9,4.1
2024-Q1,gaussian_naive_bayes,poluentes_brutos_meteorologia,2024-01-31 14:00:00,2024-01-31 15:00:00,0,1,falso_positivo,190.0,72.5,1.0583332433308883,0.4,72.5,24.616666666666667,34.14666666666667,11.608333333333333,2.0,146.0,33.1,22.9,3.2,1016.2,81,4.6,22.3,11.9
2024-Q1,gaussian_naive_bayes,poluentes_brutos_meteorologia,2024-01-31 15:00:00,2024-01-31 16:00:00,0,1,falso_positivo,194.0,87.66666666666667,0.9588567119769992,0.5,87.66666666666667,24.786666666666665,34.38666666666668,11.516666666666666,2.5,145.0,30.5,21.1,0.1,1014.4,78,4.2,23.3,6.0
2024-Q1,gaussian_naive_bayes,poluentes_brutos_meteorologia,2024-01-31 16:00:00,2024-01-31 17:00:00,0,1,falso_positivo,204.0,94.0,0.8802459896388038,0.6400000000000001,94.0,24.916666666666668,34.57333333333334,11.391666666666666,3.2,148.0,30.2,20.8,0.0,1014.0,73,3.8,24.6,5.5
2024-Q1,gaussian_naive_bayes,poluentes_brutos_meteorologia,2024-01-31 19:00:00,2024-01-31 20:00:00,0,1,falso_positivo,225.0,102.33333333333331,0.8026057700455246,1.04,102.33333333333331,24.816666666666663,34.480000000000004,10.783333333333331,5.2,140.0,26.0,18.0,2.7,1015.3,81,2.9,22.1,7.0
2024-Q1,gaussian_naive_bayes,poluentes_brutos_meteorologia,2024-02-01 08:00:00,2024-02-01 09:00:00,0,1,falso_positivo,333.0,36.48,1.3528808264128915,1.52,12.9,26.22,36.48,9.508333333333333,7.6,106.0,49.9,34.9,0.0,1017.5,89,9.6,21.0,2.1
2024-Q1,gaussian_naive_bayes,poluentes_brutos_meteorologia,2024-02-01 09:00:00,2024-02-01 10:00:00,0,1,falso_positivo,329.0,36.58666666666667,1.3621006024895934,1.26,19.200000000000003,26.293333333333337,36.58666666666667,9.65,6.3,156.0,44.1,30.6,0.0,1018.0,81,12.1,22.4,1.9
2024-Q1,gaussian_naive_bayes,poluentes_brutos_meteorologia,2024-02-01 10:00:00,2024-02-01 11:00:00,0,1,falso_positivo,309.0,36.68,1.3533660777853496,1.0,26.3,26.35,36.68,9.691666666666666,5.0,164.0,39.0,27.1,0.0,1018.7,72,9.6,23.5,2.2
2024-Q1,gaussian_naive_bayes,poluentes_brutos_meteorologia,2024-02-01 11:00:00,2024-02-01 12:00:00,0,1,falso_positivo,282.0,36.68666666666666,1.3237657440654118,0.66,34.2,26.35333333333334,36.68666666666666,9.583333333333334,3.3,175.0,35.5,24.6,0.2,1018.3,63,6.0,25.0,2.9
2024-Q1,gaussian_naive_bayes,poluentes_brutos_meteorologia,2024-02-01 12:00:00,2024-02-01 13:00:00,0,1,falso_positivo,256.0,48.83333333333333,1.2732996013297804,0.42,48.83333333333333,26.21333333333334,36.48666666666667,9.374999999999998,2.1,179.0,30.3,20.8,0.0,1017.8,59,3.3,25.7,6.7
2024-Q1,gaussian_naive_bayes,poluentes_brutos_meteorologia,2024-02-01 13:00:00,2024-02-01 14:00:00,0,1,falso_positivo,235.0,76.33333333333333,1.205364409185661,0.36,76.33333333333333,25.96333333333333,36.120000000000005,9.133333333333333,1.8,170.0,26.4,18.0,0.6,1018.0,68,2.1,23.9,13.2
2024-Q1,gaussian_naive_bayes,poluentes_brutos_meteorologia,2024-02-01 15:00:00,2024-02-01 16:00:00,1,0,falso_negativo,201.0,113.66666666666666,1.0486282158817284,0.4599999999999999,113.66666666666666,25.33666666666667,35.193333333333335,8.674999999999999,2.3,139.0,20.8,13.9,0.0,1017.4,76,1.5,23.7,9.4
2024-Q1,gaussian_naive_bayes,poluentes_brutos_meteorologia,2024-02-01 16:00:00,2024-02-01 17:00:00,1,0,falso_negativo,191.0,117.83333333333331,0.979722520992693,0.5,117.83333333333331,24.876666666666665,34.53333333333333,8.458333333333334,2.5,131.0,16.4,10.9,0.5,1016.6,78,1.2,23.2,11.0
2024-Q1,gaussian_naive_bayes,poluentes_brutos_meteorologia,2024-02-01 17:00:00,2024-02-01 18:00:00,1,0,falso_negativo,186.0,112.83333333333331,0.9103315747311996,0.54,112.83333333333331,24.320000000000004,33.726666666666674,8.25,2.7,126.0,13.2,8.6,0.0,1016.3,76,1.0,23.2,13.2
2024-Q1,gaussian_naive_bayes,poluentes_brutos_meteorologia,2024-02-02 13:00:00,2024-02-02 14:00:00,0,1,falso_positivo,128.0,36.55,0.5546423187194889,0.2799999999999999,36.55,10.69,14.26,1.75,1.4,82.0,7.8,5.1,11.4,1020.2,76,0.8,22.9,12.1
2024-Q1,gaussian_naive_bayes,poluentes_brutos_meteorologia,2024-02-04 13:00:00,2024-02-04 14:00:00,0,1,falso_positivo,201.0,34.800000000000004,0.9302268810019776,0.48,34.800000000000004,10.126666666666669,14.04,7.108333333333333,2.4,154.0,20.5,14.2,0.1,1016.8,63,5.6,27.9,2.3
2024-Q1,gaussian_naive_bayes,poluentes_brutos_meteorologia,2024-02-04 14:00:00,2024-02-04 15:00:00,0,1,falso_positivo,215.0,50.5,0.8880100115981319,0.52,50.5,10.666666666666668,14.793333333333337,7.475,2.6,177.0,24.1,16.7,9.0,1018.0,79,6.2,23.4,21.5
2024-Q1,gaussian_naive_bayes,poluentes_brutos_meteorologia,2024-02-04 15:00:00,2024-02-04 16:00:00,0,1,falso_positivo,225.0,77.16666666666666,0.8540424155260722,0.6200000000000001,77.16666666666666,11.260000000000002,15.633333333333336,7.899999999999999,3.1,186.0,26.3,18.3,3.9,1017.7,90,6.6,21.7,7.6
2024-Q1,gaussian_naive_bayes,poluentes_brutos_meteorologia,2024-02-04 17:00:00,2024-02-04 18:00:00,1,0,falso_negativo,220.0,106.16666666666666,0.8229863276887605,1.1,106.16666666666666,12.46,17.34,8.658333333333333,5.5,148.0,26.6,18.5,0.0,1016.5,84,5.7,22.5,4.7
2024-Q1,gaussian_naive_bayes,poluentes_brutos_meteorologia,2024-02-04 18:00:00,2024-02-04 19:00:00,1,0,falso_negativo,220.0,109.0,0.8254125845510505,1.4,109.0,12.966666666666669,18.06,8.958333333333334,7.0,123.0,24.1,16.8,0.0,1017.1,89,5.2,22.2,6.3
2024-Q1,gaussian_naive_bayes,poluentes_brutos_meteorologia,2024-02-05 09:00:00,2024-02-05 10:00:00,0,1,falso_positivo,264.0,22.48,1.1961446331089591,2.16,18.85,16.073333333333334,22.48,12.383333333333336,10.8,147.0,15.8,11.1,0.0,1018.6,80,15.7,23.4,3.6
2024-Q1,gaussian_naive_bayes,poluentes_brutos_meteorologia,2024-02-05 10:00:00,2024-02-05 11:00:00,0,1,falso_positivo,257.0,26.05,1.1777050809555552,1.6800000000000002,26.05,16.223333333333333,22.700000000000003,12.925,8.4,164.0,19.4,13.6,0.0,1018.6,66,13.9,25.4,2.6
2024-Q1,gaussian_naive_bayes,poluentes_brutos_meteorologia,2024-02-05 11:00:00,2024-02-05 12:00:00,0,1,falso_positivo,247.0,34.5,1.1495605013529917,1.02,34.5,16.293333333333333,22.813333333333336,13.35,5.1,187.0,18.0,12.6,0.0,1017.4,55,11.3,26.8,3.1
2024-Q1,gaussian_naive_bayes,poluentes_brutos_meteorologia,2024-02-05 12:00:00,2024-02-05 13:00:00,0,1,falso_positivo,238.0,53.33333333333333,1.11122564292881,0.52,53.33333333333333,16.256666666666668,22.766666666666666,13.658333333333331,2.6,202.0,16.2,11.3,0.0,1016.6,52,9.1,27.6,2.2
2024-Q1,gaussian_naive_bayes,poluentes_brutos_meteorologia,2024-02-05 18:00:00,2024-02-05 19:00:00,1,0,falso_negativo,224.0,169.25,0.8899510170879639,0.78,169.25,14.0,19.62666666666667,13.391666666666666,3.9,149.0,11.3,7.8,0.0,1014.7,69,3.5,24.3,12.6
2024-Q1,gaussian_naive_bayes,poluentes_brutos_meteorologia,2024-02-05 19:00:00,2024-02-05 20:00:00,1,0,falso_negativo,243.0,155.25,0.8880100115981319,1.12,155.25,13.66,19.14666666666667,13.25,5.6,131.0,13.2,9.1,0.0,1015.3,74,3.3,22.2,10.0
2024-Q1,gaussian_naive_bayes,poluentes_brutos_meteorologia,2024-02-05 20:00:00,2024-02-05 21:00:00,1,0,falso_negativo,270.0,133.0,0.9035380555167878,1.54,133.0,13.396666666666668,18.766666666666666,13.116666666666667,7.7,113.0,13.9,9.5,0.0,1016.1,80,3.3,21.2,8.4
2024-Q1,gaussian_naive_bayes,poluentes_brutos_meteorologia,2024-02-06 09:00:00,2024-02-06 10:00:00,0,1,falso_positivo,280.0,26.55,1.608123048325797,0.8800000000000001,26.55,17.213333333333335,23.92,8.766666666666667,4.4,180.0,17.1,12.0,0.0,1018.5,75,7.7,23.9,1.5
2024-Q1,gaussian_naive_bayes,poluentes_brutos_meteorologia,2024-02-06 10:00:00,2024-02-06 11:00:00,0,1,falso_positivo,275.0,32.9,1.5474666267685475,0.7400000000000001,32.9,17.116666666666667,23.78666666666667,8.2,3.7,184.0,16.5,11.6,0.0,1019.5,70,7.1,25.4,3.7
2024-Q1,gaussian_naive_bayes,poluentes_brutos_meteorologia,2024-02-06 11:00:00,2024-02-06 12:00:00,0,1,falso_positivo,268.0,41.0,1.4737084181549325,0.54,41.0,17.08,23.73333333333333,7.774999999999999,2.7,189.0,16.9,11.8,0.0,1018.8,61,6.2,26.8,6.7
2024-Q1,gaussian_naive_bayes,poluentes_brutos_meteorologia,2024-02-06 12:00:00,2024-02-06 13:00:00,0,1,falso_positivo,261.0,68.66666666666666,1.3819959087603713,0.4,68.66666666666666,17.10666666666667,23.760000000000005,7.458333333333333,2.0,191.0,17.0,11.7,0.0,1018.2,55,5.3,27.8,7.4
2024-Q1,gaussian_naive_bayes,poluentes_brutos_meteorologia,2024-02-06 17:00:00,2024-02-06 18:00:00,1,0,falso_negativo,248.0,161.5,0.9967063190287228,0.48,161.5,17.183333333333334,23.74,6.208333333333333,2.4,165.0,12.6,8.2,0.0,1015.6,75,1.8,24.8,14.3
2024-Q1,gaussian_naive_bayes,poluentes_brutos_meteorologia,2024-02-06 18:00:00,2024-02-06 19:00:00,1,0,falso_negativo,252.0,154.5,0.985545537462189,0.6000000000000001,154.5,17.216666666666665,23.74666666666667,6.05,3.0,156.0,12.3,7.9,0.0,1015.6,79,1.6,23.8,13.0
2024-Q1,gaussian_naive_bayes,poluentes_brutos_meteorologia,2024-02-06 19:00:00,2024-02-06 20:00:00,1,0,falso_negativo,263.0,142.0,0.983119280599899,0.8,142.0,17.203333333333333,23.680000000000007,5.891666666666667,4.0,139.0,12.8,8.1,0.0,1016.3,84,1.4,22.4,9.4
2024-Q1,gaussian_naive_bayes,poluentes_brutos_meteorologia,2024-02-06 20:00:00,2024-02-06 21:00:00,1,0,falso_negativo,276.0,124.0,0.9903980511867688,1.06,124.0,17.19666666666667,23.633333333333336,5.733333333333333,5.3,119.0,13.7,8.8,0.0,1017.0,89,1.4,21.3,8.3
2024-Q1,gaussian_naive_bayes,poluentes_brutos_meteorologia,2024-02-07 12:00:00,2024-02-07 13:00:00,0,1,falso_positivo,191.0,37.15,1.0578479919584305,0.34,37.15,15.003333333333334,20.39333333333333,4.75,1.7,137.0,22.6,15.3,0.0,1015.6,57,3.4,28.1,6.2
2024-Q1,gaussian_naive_bayes,poluentes_brutos_meteorologia,2024-02-07 13:00:00,2024-02-07 14:00:00,0,1,falso_positivo,186.0,48.66666666666666,0.982634029227441,0.2799999999999999,48.66666666666666,15.216666666666669,20.666666666666668,4.641666666666667,1.4,140.0,22.4,15.0,0.0,1014.8,50,3.0,29.0,7.6
2024-Q1,gaussian_naive_bayes,poluentes_brutos_meteorologia,2024-02-07 14:00:00,2024-02-07 15:00:00,0,1,falso_positivo,187.0,66.66666666666666,0.9059643123790776,0.2799999999999999,66.66666666666666,15.456666666666669,20.980000000000004,4.608333333333333,1.4,141.0,22.3,14.9,0.0,1013.7,48,2.9,29.1,8.4
2024-Q1,gaussian_naive_bayes,poluentes_brutos_meteorologia,2024-02-07 15:00:00,2024-02-07 16:00:00,0,1,falso_positivo,187.0,80.0,0.8389996229798743,0.32,80.0,15.693333333333335,21.28,4.633333333333334,1.6,139.0,21.7,14.3,0.0,1012.7,51,2.8,28.9,11.7
2024-Q1,gaussian_naive_bayes,poluentes_brutos_meteorologia,2024-02-09 09:00:00,2024-02-09 10:00:00,0,1,falso_positivo,221.0,35.9,0.7603889006416791,0.6400000000000001,35.9,15.6,20.56,6.633333333333333,3.2,149.0,25.4,17.3,0.0,1016.5,82,7.3,23.5,7.3
2024-Q1,gaussian_naive_bayes,poluentes_brutos_meteorologia,2024-02-09 10:00:00,2024-02-09 11:00:00,0,1,falso_positivo,212.0,39.150000000000006,0.7856219720094948,0.54,39.150000000000006,15.78,20.813333333333333,6.616666666666666,2.7,150.0,22.7,15.5,0.0,1016.6,76,6.3,25.6,5.1
2024-Q1,gaussian_naive_bayes,poluentes_brutos_meteorologia,2024-02-09 11:00:00,2024-02-09 12:00:00,0,1,falso_positivo,200.0,48.83333333333333,0.8016352673006086,0.38,48.83333333333333,15.920000000000002,21.006666666666664,6.6000000000000005,1.9,152.0,19.3,13.1,0.0,1016.1,65,4.9,27.4,3.4
2024-Q1,gaussian_naive_bayes,poluentes_brutos_meteorologia,2024-02-09 12:00:00,2024-02-09 13:00:00,0,1,falso_positivo,190.0,62.16666666666666,0.8069730323976466,0.2799999999999999,62.16666666666666,16.020000000000003,21.14,6.591666666666666,1.4,152.0,17.4,11.6,0.0,1015.7,50,3.9,29.2,3.2
2024-Q1,gaussian_naive_bayes,poluentes_brutos_meteorologia,2024-02-09 13:00:00,2024-02-09 14:00:00,0,1,falso_positivo,183.0,77.0,0.8021205186730667,0.24,77.0,16.12,21.266666666666666,6.608333333333333,1.2,149.0,16.9,11.0,0.0,1015.1,41,3.5,30.5,2.7
2024-Q1,gaussian_naive_bayes,poluentes_brutos_meteorologia,2024-02-09 15:00:00,2024-02-09 16:00:00,1,0,falso_negativo,175.0,100.5,0.7691234253459229,0.24,100.5,16.419999999999998,21.620000000000005,6.75,1.2,142.0,18.6,11.4,0.0,1014.5,68,3.5,27.8,19.2
2024-Q1,gaussian_naive_bayes,poluentes_brutos_meteorologia,2024-02-09 16:00:00,2024-02-09 17:00:00,1,0,falso_negativo,175.0,103.33333333333331,0.7443756053505652,0.3,103.33333333333331,16.62,21.866666666666667,6.858333333333333,1.5,141.0,19.2,11.6,0.0,1014.2,69,3.6,26.8,19.9
2024-Q1,gaussian_naive_bayes,poluentes_brutos_meteorologia,2024-02-09 17:00:00,2024-02-09 18:00:00,1,0,falso_negativo,179.0,102.16666666666666,0.7239950477073294,0.38,102.16666666666666,16.856666666666666,22.17333333333333,6.991666666666667,1.9,142.0,19.9,12.0,0.0,1014.0,63,3.8,25.7,20.4
2024-Q1,gaussian_naive_bayes,poluentes_brutos_meteorologia,2024-02-13 17:00:00,2024-02-13 18:00:00,0,1,falso_positivo,192.0,49.33333333333333,0.6783814186962778,0.76,49.33333333333333,10.576666666666668,15.66,5.375,3.8,123.0,15.8,11.1,5.5,1015.2,76,3.4,24.6,3.5
2024-Q1,gaussian_naive_bayes,poluentes_brutos_meteorologia,2024-02-13 18:00:00,2024-02-13 19:00:00,0,1,falso_positivo,200.0,55.83333333333333,0.6909979543801856,0.96,55.83333333333333,10.69,15.78,5.541666666666667,4.8,118.0,15.8,11.1,8.0,1016.0,89,3.6,23.1,9.8
2024-Q1,gaussian_naive_bayes,poluentes_brutos_meteorologia,2024-02-13 23:00:00,2024-02-14 00:00:00,0,1,falso_positivo,238.0,35.35,0.8356028633726683,2.18,35.35,10.57,15.373333333333331,6.416666666666667,10.9,47.0,14.1,10.0,4.5,1019.7,95,4.3,21.1,12.0
2024-Q1,gaussian_naive_bayes,poluentes_brutos_meteorologia,2024-02-19 09:00:00,2024-02-19 10:00:00,0,1,falso_positivo,257.0,18.5,0.9253743672773976,2.14,18.5,12.326666666666668,16.813333333333333,7.716666666666668,10.7,130.0,28.5,19.9,0.0,1011.6,83,12.3,21.6,4.1
2024-Q1,gaussian_naive_bayes,poluentes_brutos_meteorologia,2024-02-19 10:00:00,2024-02-19 11:00:00,0,1,falso_positivo,252.0,24.1,0.9472106790380072,1.72,24.1,12.826666666666668,17.546666666666667,8.316666666666666,8.6,145.0,27.3,19.0,0.1,1011.6,72,10.1,23.6,8.9
2024-Q1,gaussian_naive_bayes,poluentes_brutos_meteorologia,2024-02-19 11:00:00,2024-02-19 12:00:00,0,1,falso_positivo,244.0,30.75,0.9632239743291212,1.14,30.75,13.31,18.25333333333333,8.716666666666667,5.7,164.0,26.0,18.1,0.1,1010.7,64,7.0,25.3,10.2
2024-Q1,gaussian_naive_bayes,poluentes_brutos_meteorologia,2024-02-19 12:00:00,2024-02-19 13:00:00,0,1,falso_positivo,233.0,38.25,0.9675912366812432,0.7000000000000001,38.25,13.783333333333337,18.94,8.95,3.5,173.0,26.2,18.2,0.1,1010.2,59,4.5,26.6,11.3
2024-Q1,gaussian_naive_bayes,poluentes_brutos_meteorologia,2024-02-19 13:00:00,2024-02-19 14:00:00,0,1,falso_positivo,216.0,58.66666666666666,0.9549747009973352,0.5599999999999999,58.66666666666666,14.263333333333335,19.62666666666667,9.1,2.8,162.0,26.6,18.3,0.0,1009.2,57,3.3,27.6,10.4
2024-Q1,gaussian_naive_bayes,poluentes_brutos_meteorologia,2024-02-19 14:00:00,2024-02-19 15:00:00,0,1,falso_positivo,195.0,79.16666666666666,0.9263448700223136,0.58,79.16666666666666,14.816666666666666,20.4,9.208333333333334,2.9,141.0,29.3,20.0,0.0,1008.4,61,2.7,26.5,12.3
2024-Q1,gaussian_naive_bayes,poluentes_brutos_meteorologia,2024-02-19 15:00:00,2024-02-19 16:00:00,0,1,falso_positivo,180.0,92.66666666666669,0.8889805143430479,0.6400000000000001,92.66666666666669,15.386666666666668,21.19333333333333,9.283333333333331,3.2,123.0,30.2,20.5,0.7,1008.1,72,2.3,24.8,14.2
2024-Q1,gaussian_naive_bayes,poluentes_brutos_meteorologia,2024-02-20 13:00:00,2024-02-20 14:00:00,0,1,falso_positivo,130.0,27.950000000000003,0.5915214230262966,0.2799999999999999,27.950000000000003,11.403333333333336,15.5,4.158333333333333,1.4,68.0,8.6,5.7,7.1,1008.6,81,1.2,23.6,3.5
2024-Q1,gaussian_naive_bayes,poluentes_brutos_meteorologia,2024-02-21 14:00:00,2024-02-21 15:00:00,0,1,falso_positivo,150.0,26.700000000000003,0.6060789642000364,0.5599999999999999,26.700000000000003,4.663333333333333,6.240000000000001,3.716666666666667,2.8,78.0,9.7,6.5,16.2,1008.7,89,1.8,21.5,21.1
2024-Q1,gaussian_naive_bayes,poluentes_brutos_meteorologia,2024-02-21 15:00:00,2024-02-21 16:00:00,0,1,falso_positivo,144.0,27.85,0.6021969532203725,0.4599999999999999,27.85,4.680000000000001,6.286666666666667,3.758333333333333,2.3,79.0,8.6,5.8,8.1,1008.2,89,1.7,22.0,17.2
2024-Q1,gaussian_naive_bayes,poluentes_brutos_meteorologia,2024-02-23 16:00:00,2024-02-23 17:00:00,0,1,falso_positivo,182.0,38.25,0.767667671228549,0.58,38.25,8.306666666666667,11.533333333333331,5.541666666666667,2.9,110.0,12.5,8.6,7.7,1015.0,92,2.7,21.9,17.1
2024-Q1,gaussian_naive_bayes,poluentes_brutos_meteorologia,2024-02-24 14:00:00,2024-02-24 15:00:00,0,1,falso_positivo,223.0,38.400000000000006,0.8171633112192644,0.6400000000000001,38.400000000000006,9.85,13.753333333333334,7.533333333333332,3.2,151.0,25.8,18.1,17.4,1019.1,82,4.8,24.3,11.5
2024-Q1,gaussian_naive_bayes,poluentes_brutos_meteorologia,2024-02-24 15:00:00,2024-02-24 16:00:00,0,1,falso_positivo,235.0,56.33333333333333,0.8103697920048526,0.8,56.33333333333333,10.37,14.486666666666668,7.766666666666667,4.0,160.0,27.5,19.2,4.4,1018.7,87,5.4,23.3,7.1
2024-Q1,gaussian_naive_bayes,poluentes_brutos_meteorologia,2024-02-24 16:00:00,2024-02-24 17:00:00,0,1,falso_positivo,239.0,73.66666666666666,0.8181338139641806,0.94,73.66666666666666,10.846666666666666,15.166666666666666,8.0,4.7,161.0,26.8,18.8,1.3,1018.0,87,5.5,23.7,7.2
2024-Q1,gaussian_naive_bayes,poluentes_brutos_meteorologia,2024-02-24 17:00:00,2024-02-24 18:00:00,0,1,falso_positivo,240.0,86.5,0.8404553770972484,1.08,86.5,11.246666666666666,15.733333333333334,8.191666666666668,5.4,157.0,26.0,18.2,0.5,1017.9,82,5.2,24.8,4.9
2024-Q1,gaussian_naive_bayes,poluentes_brutos_meteorologia,2024-02-25 09:00:00,2024-02-25 10:00:00,0,1,falso_positivo,308.0,30.140000000000004,1.3271625036726178,1.1800000000000002,19.200000000000003,21.49,30.140000000000004,9.075,5.9,145.0,30.9,21.5,0.0,1021.4,81,10.0,24.4,5.4
2024-Q1,gaussian_naive_bayes,poluentes_brutos_meteorologia,2024-02-27 13:00:00,2024-02-27 14:00:00,0,1,falso_positivo,219.0,34.75,0.7167162771204594,0.44,34.75,6.863333333333334,9.246666666666666,3.325,2.2,149.0,13.7,9.6,0.1,1012.4,57,4.1,29.5,14.3
2024-Q1,gaussian_naive_bayes,poluentes_brutos_meteorologia,2024-02-27 14:00:00,2024-02-27 15:00:00,0,1,falso_positivo,216.0,43.16666666666666,0.7506838731925191,0.52,43.16666666666666,7.156666666666666,9.686666666666667,3.608333333333333,2.6,151.0,14.8,10.3,0.0,1011.5,56,4.0,29.7,14.5
2024-Q1,gaussian_naive_bayes,poluentes_brutos_meteorologia,2024-02-27 15:00:00,2024-02-27 16:00:00,0,1,falso_positivo,215.0,61.83333333333333,0.7797989555399988,0.6200000000000001,61.83333333333333,7.476666666666667,10.159999999999998,3.891666666666666,3.1,150.0,16.3,11.3,0.0,1010.8,57,4.0,29.5,13.4
2024-Q1,gaussian_naive_bayes,poluentes_brutos_meteorologia,2024-02-27 16:00:00,2024-02-27 17:00:00,0,1,falso_positivo,213.0,77.0,0.8030910214179827,0.7000000000000001,77.0,7.893333333333334,10.74,4.175,3.5,145.0,18.0,12.2,0.0,1010.1,57,4.0,29.5,12.6
2024-Q1,gaussian_naive_bayes,poluentes_brutos_meteorologia,2024-02-27 17:00:00,2024-02-27 18:00:00,0,1,falso_positivo,211.0,87.5,0.8186190653366385,0.8400000000000001,87.5,8.306666666666668,11.326666666666666,4.466666666666667,4.2,137.0,18.0,12.3,0.0,1010.0,62,4.1,28.9,10.2
2024-Q1,gaussian_naive_bayes,poluentes_brutos_meteorologia,2024-02-28 10:00:00,2024-02-28 11:00:00,0,1,falso_positivo,244.0,24.75,1.0607595001931782,1.38,24.75,16.026666666666667,22.19333333333334,11.95,6.9,125.0,19.9,13.9,0.0,1013.8,68,8.3,28.4,11.5
2024-Q1,gaussian_naive_bayes,poluentes_brutos_meteorologia,2024-02-28 11:00:00,2024-02-28 12:00:00,0,1,falso_positivo,247.0,30.6,1.0238803958863707,0.96,30.6,16.37,22.673333333333336,12.241666666666667,4.8,154.0,21.0,14.7,0.0,1013.3,62,7.5,29.4,15.5
2024-Q1,gaussian_naive_bayes,poluentes_brutos_meteorologia,2024-02-28 12:00:00,2024-02-28 13:00:00,0,1,falso_positivo,247.0,37.65,0.9942800621664328,0.6400000000000001,37.65,16.75,23.20666666666667,12.458333333333334,3.2,172.0,23.7,16.6,0.0,1012.7,59,6.7,29.8,15.9
2024-Q1,gaussian_naive_bayes,poluentes_brutos_meteorologia,2024-02-28 13:00:00,2024-02-28 14:00:00,0,1,falso_positivo,243.0,55.83333333333333,0.9714732476609071,0.5599999999999999,55.83333333333333,17.093333333333337,23.686666666666667,12.6,2.8,170.0,24.0,16.8,0.1,1012.2,60,5.8,29.3,16.5
2024-Q1,gaussian_naive_bayes,poluentes_brutos_meteorologia,2024-02-28 14:00:00,2024-02-28 15:00:00,0,1,falso_positivo,236.0,76.66666666666666,0.9530336955075032,0.6000000000000001,76.66666666666666,17.366666666666667,24.073333333333338,12.675,3.0,158.0,23.0,16.1,1.6,1013.5,77,4.9,25.8,18.4
2024-Q1,gaussian_naive_bayes,poluentes_brutos_meteorologia,2024-02-28 16:00:00,2024-02-28 17:00:00,1,0,falso_negativo,228.0,100.33333333333331,0.9307121323744356,0.78,100.33333333333331,17.573333333333334,24.38666666666667,12.675000000000002,3.9,134.0,19.3,13.4,0.2,1012.7,76,3.8,26.6,9.9
2024-Q1,gaussian_naive_bayes,poluentes_brutos_meteorologia,2024-02-28 17:00:00,2024-02-28 18:00:00,1,0,falso_negativo,227.0,103.16666666666666,0.9234333617875656,0.92,103.16666666666666,17.566666666666666,24.38666666666667,12.633333333333333,4.6,121.0,17.8,12.3,0.6,1012.4,78,3.6,25.7,3.9
2024-Q1,gaussian_naive_bayes,poluentes_brutos_meteorologia,2024-02-29 09:00:00,2024-02-29 10:00:00,0,1,falso_positivo,362.0,30.81333333333334,1.6663532130207568,2.26,18.0,22.12333333333333,30.81333333333334,12.466666666666669,11.3,148.0,51.6,35.9,0.0,1015.8,83,16.9,24.8,5.3
2024-Q1,gaussian_naive_bayes,poluentes_brutos_meteorologia,2024-02-29 10:00:00,2024-02-29 11:00:00,0,1,falso_positivo,357.0,32.04666666666667,1.6348118738109871,1.8,25.35,23.016666666666666,32.04666666666667,13.058333333333332,9.0,173.0,46.7,32.4,0.0,1016.1,81,15.4,25.6,7.1
2024-Q1,gaussian_naive_bayes,poluentes_brutos_meteorologia,2024-02-29 11:00:00,2024-02-29 12:00:00,0,1,falso_positivo,349.0,34.65,1.5925950044071415,1.1800000000000002,34.65,23.80333333333333,33.13333333333333,13.533333333333331,5.9,206.0,44.6,31.0,0.1,1015.6,76,13.2,27.0,8.5
2024-Q1,gaussian_naive_bayes,poluentes_brutos_meteorologia,2024-02-29 12:00:00,2024-02-29 13:00:00,0,1,falso_positivo,333.0,57.0,1.533394336967266,0.7400000000000001,57.0,24.450000000000003,34.02,13.883333333333336,3.7,222.0,43.1,29.9,0.1,1014.6,72,10.9,28.1,10.8
2024-Q1,gaussian_naive_bayes,poluentes_brutos_meteorologia,2024-02-29 16:00:00,2024-02-29 17:00:00,1,0,falso_negativo,221.0,148.0,1.1752788240932652,1.02,148.0,25.676666666666662,35.626666666666665,14.233333333333333,5.1,123.0,24.6,16.4,0.0,1012.8,82,3.7,25.0,8.2
2024-Q1,gaussian_naive_bayes,poluentes_brutos_meteorologia,2024-02-29 17:00:00,2024-02-29 18:00:00,1,0,falso_negativo,216.0,137.75,1.104432123714398,1.2400000000000002,137.75,25.813333333333333,35.779999999999994,14.233333333333334,6.2,107.0,21.9,14.6,0.0,1012.4,78,3.6,25.8,11.0
2024-Q1,gaussian_naive_bayes,poluentes_brutos_meteorologia,2024-03-01 09:00:00,2024-03-01 10:00:00,0,1,falso_positivo,287.0,25.973333333333336,1.0369821829427366,2.9000000000000004,20.6,18.893333333333334,25.973333333333336,12.933333333333335,14.5,119.0,26.7,18.6,0.0,1014.7,82,14.4,24.3,12.8
2024-Q1,gaussian_naive_bayes,poluentes_brutos_meteorologia,2024-03-01 10:00:00,2024-03-01 11:00:00,0,1,falso_positivo,268.0,25.21333333333333,1.0563922378410564,2.28,24.3,18.33666666666667,25.21333333333333,12.575,11.4,124.0,30.0,21.0,0.0,1014.3,74,11.1,25.5,13.0
2024-Q1,gaussian_naive_bayes,poluentes_brutos_meteorologia,2024-03-01 11:00:00,2024-03-01 12:00:00,0,1,falso_positivo,242.0,28.65,1.0554217350961403,1.4400000000000002,28.65,17.58666666666667,24.17333333333333,12.025,7.2,130.0,22.1,15.4,0.0,1013.8,67,6.6,27.2,15.5
2024-Q1,gaussian_naive_bayes,poluentes_brutos_meteorologia,2024-03-01 13:00:00,2024-03-01 14:00:00,0,1,falso_positivo,191.0,37.9,0.9913685539316848,0.6200000000000001,37.9,15.936666666666667,21.87333333333333,10.824999999999998,3.1,112.0,13.6,9.4,3.9,1014.0,79,1.9,24.8,16.7
2024-Q1,gaussian_naive_bayes,poluentes_brutos_meteorologia,2024-03-04 09:00:00,2024-03-04 10:00:00,0,1,falso_positivo,234.0,26.8,0.9268301213947716,1.06,26.8,13.04,16.933333333333334,7.833333333333333,5.3,138.0,29.6,19.5,0.0,1015.5,79,8.5,23.5,6.4
2024-Q1,gaussian_naive_bayes,poluentes_brutos_meteorologia,2024-03-04 10:00:00,2024-03-04 11:00:00,0,1,falso_positivo,226.0,31.15,0.9321678864918094,0.8800000000000001,31.15,13.713333333333331,17.820000000000004,8.241666666666667,4.4,149.0,26.7,17.8,0.0,1014.9,71,8.0,25.4,4.8
2024-Q1,gaussian_naive_bayes,poluentes_brutos_meteorologia,2024-03-04 11:00:00,2024-03-04 12:00:00,0,1,falso_positivo,214.0,36.6,0.9292563782570616,0.6200000000000001,36.6,14.363333333333332,18.673333333333336,8.591666666666667,3.1,163.0,25.7,17.1,0.0,1014.3,68,7.2,26.9,5.2
2024-Q1,gaussian_naive_bayes,poluentes_brutos_meteorologia,2024-03-04 12:00:00,2024-03-04 13:00:00,0,1,falso_positivo,203.0,50.16666666666666,0.9146988370833216,0.44,50.16666666666666,15.00666666666667,19.513333333333332,8.866666666666667,2.2,172.0,25.4,16.8,0.2,1013.7,64,6.2,28.0,6.6
2024-Q1,gaussian_naive_bayes,poluentes_brutos_meteorologia,2024-03-04 13:00:00,2024-03-04 14:00:00,0,1,falso_positivo,192.0,72.83333333333333,0.8870395088532158,0.38,72.83333333333333,15.68,20.39333333333333,9.05,1.9,169.0,26.2,17.3,0.0,1013.1,64,4.9,28.7,7.1
2024-Q1,gaussian_naive_bayes,poluentes_brutos_meteorologia,2024-03-04 17:00:00,2024-03-04 18:00:00,1,0,falso_negativo,175.0,113.16666666666666,0.7463166108403971,0.94,113.16666666666666,18.34333333333333,23.960000000000004,8.875000000000002,4.7,133.0,25.1,15.9,0.1,1012.0,76,1.8,25.8,13.3
2024-Q1,gaussian_naive_bayes,poluentes_brutos_meteorologia,2024-03-04 18:00:00,2024-03-04 19:00:00,1,0,falso_negativo,178.0,109.0,0.7230245449624134,1.14,109.0,18.69333333333333,24.46666666666667,8.716666666666667,5.7,124.0,24.1,15.3,0.0,1012.1,80,1.9,25.3,10.0
2024-Q1,gaussian_naive_bayes,poluentes_brutos_meteorologia,2024-03-05 14:00:00,2024-03-05 15:00:00,0,1,falso_positivo,179.0,46.16666666666666,0.771549682208213,0.6000000000000001,46.16666666666666,14.20666666666667,18.87333333333333,5.516666666666667,3.0,127.0,15.5,10.2,2.7,1012.9,68,3.2,27.3,14.3
2024-Q1,gaussian_naive_bayes,poluentes_brutos_meteorologia,2024-03-05 15:00:00,2024-03-05 16:00:00,0,1,falso_positivo,185.0,59.0,0.7400083429984433,0.78,59.0,13.93,18.480000000000004,5.608333333333333,3.9,129.0,18.8,11.8,15.7,1013.6,81,3.3,24.0,4.3
2024-Q1,gaussian_naive_bayes,poluentes_brutos_meteorologia,2024-03-05 16:00:00,2024-03-05 17:00:00,0,1,falso_positivo,184.0,64.5,0.7162310257480015,0.96,64.5,13.706666666666669,18.14666666666667,5.716666666666668,4.8,118.0,19.4,11.8,2.6,1013.0,82,3.1,23.7,11.6
2024-Q1,gaussian_naive_bayes,poluentes_brutos_meteorologia,2024-03-05 19:00:00,2024-03-05 20:00:00,0,1,falso_positivo,168.0,52.16666666666666,0.6827486810483997,1.2800000000000002,52.16666666666666,13.003333333333334,17.206666666666663,5.883333333333333,6.4,79.0,16.3,10.2,4.3,1014.6,92,2.4,22.2,3.8
2024-Q1,gaussian_naive_bayes,poluentes_brutos_meteorologia,2024-03-05 23:00:00,2024-03-06 00:00:00,0,1,falso_positivo,162.0,32.45,0.66333862615008,1.6,32.45,11.876666666666669,15.766666666666666,6.3,8.0,60.0,8.7,5.6,8.2,1016.7,96,3.6,20.1,10.1
2024-Q1,gaussian_naive_bayes,poluentes_brutos_meteorologia,2024-03-09 15:00:00,2024-03-09 16:00:00,0,1,falso_positivo,206.0,34.25,0.754080632799725,0.96,34.25,7.816666666666667,10.84,5.333333333333333,4.8,104.0,23.3,16.4,1.6,1010.9,69,4.3,28.0,16.2
2024-Q1,gaussian_naive_bayes,poluentes_brutos_meteorologia,2024-03-14 12:00:00,2024-03-14 13:00:00,0,1,falso_positivo,197.0,36.5,0.7831957151472048,0.54,36.5,14.463333333333336,19.03333333333333,5.341666666666668,2.7,167.0,17.1,11.9,0.0,1015.7,59,5.9,29.3,5.8
2024-Q1,gaussian_naive_bayes,poluentes_brutos_meteorologia,2024-03-14 13:00:00,2024-03-14 14:00:00,0,1,falso_positivo,203.0,55.66666666666666,0.777372698677709,0.5,55.66666666666666,14.923333333333336,19.700000000000003,5.7,2.5,183.0,22.3,15.3,0.0,1014.7,53,6.2,30.4,9.8
2024-Q1,gaussian_naive_bayes,poluentes_brutos_meteorologia,2024-03-14 20:00:00,2024-03-14 21:00:00,1,0,falso_negativo,246.0,158.25,0.8608359347404841,1.8600000000000003,158.25,18.786666666666665,25.07333333333333,8.166666666666666,9.3,125.0,28.7,18.8,0.0,1013.5,88,5.2,23.3,11.2
2024-Q1,gaussian_naive_bayes,poluentes_brutos_meteorologia,2024-03-14 21:00:00,2024-03-14 22:00:00,1,0,falso_negativo,271.0,139.5,0.8938330280676278,2.54,139.5,19.16,25.62,8.391666666666667,12.7,108.0,27.1,18.3,0.0,1014.0,88,5.1,22.6,5.5
2024-Q1,gaussian_naive_bayes,poluentes_brutos_meteorologia,2024-03-15 08:00:00,2024-03-15 09:00:00,0,1,falso_positivo,332.0,29.30666666666667,1.2864013883861465,1.98,22.65,21.646666666666672,29.30666666666667,10.775,9.9,107.0,41.7,28.9,0.0,1014.8,89,8.4,22.6,4.4
2024-Q1,gaussian_naive_bayes,poluentes_brutos_meteorologia,2024-03-15 10:00:00,2024-03-15 11:00:00,0,1,falso_positivo,242.0,30.65,1.2558305519212924,1.06,30.65,21.700000000000003,29.42,11.341666666666669,5.3,148.0,14.2,9.9,0.0,1014.5,66,8.0,28.1,7.2
2024-Q1,gaussian_naive_bayes,poluentes_brutos_meteorologia,2024-03-15 11:00:00,2024-03-15 12:00:00,0,1,falso_positivo,203.0,35.7,1.205364409185661,0.78,35.7,21.676666666666662,29.39333333333333,11.425,3.9,153.0,12.5,8.8,0.0,1013.6,53,6.6,29.9,10.2
2024-Q1,gaussian_naive_bayes,poluentes_brutos_meteorologia,2024-03-15 12:00:00,2024-03-15 13:00:00,0,1,falso_positivo,175.0,45.333333333333336,1.1286946923372976,0.5599999999999999,45.333333333333336,21.49333333333334,29.140000000000004,11.391666666666666,2.8,158.0,11.6,8.1,0.0,1012.5,47,5.5,30.8,11.0
2024-Q1,gaussian_naive_bayes,poluentes_brutos_meteorologia,2024-03-15 13:00:00,2024-03-15 14:00:00,0,1,falso_positivo,167.0,68.0,1.0335854233355306,0.4599999999999999,68.0,21.156666666666663,28.686666666666667,11.3,2.3,164.0,12.2,8.5,0.0,1011.6,46,5.1,31.3,11.9
2024-Q1,gaussian_naive_bayes,poluentes_brutos_meteorologia,2024-03-15 20:00:00,2024-03-15 21:00:00,1,0,falso_negativo,308.0,122.5,0.8346323606277524,3.1,122.5,19.363333333333337,26.56666666666667,10.75,15.5,122.0,28.3,18.8,0.0,1011.8,84,5.5,24.8,9.0
2024-Q1,gaussian_naive_bayes,poluentes_brutos_meteorologia,2024-03-16 08:00:00,2024-03-16 09:00:00,0,1,falso_positivo,400.0,27.38666666666667,2.049701797262573,3.54,12.7,19.89666666666667,27.38666666666667,12.875,17.7,107.0,40.9,28.5,0.0,1012.9,85,13.2,23.7,4.3
2024-Q1,gaussian_naive_bayes,poluentes_brutos_meteorologia,2024-03-16 09:00:00,2024-03-16 10:00:00,0,1,falso_positivo,301.0,28.19333333333333,1.9545925282608063,1.64,18.3,20.48,28.19333333333333,13.141666666666666,8.2,146.0,34.6,24.0,0.0,1013.2,76,12.2,26.2,3.6
2024-Q1,gaussian_naive_bayes,poluentes_brutos_meteorologia,2024-03-16 10:00:00,2024-03-16 11:00:00,0,1,falso_positivo,267.0,28.986666666666665,1.832794433773849,1.32,24.4,21.05,28.986666666666665,13.325,6.6,148.0,31.3,21.8,0.0,1012.7,65,10.2,28.7,5.3
2024-Q1,gaussian_naive_bayes,poluentes_brutos_meteorologia,2024-03-16 11:00:00,2024-03-16 12:00:00,0,1,falso_positivo,221.0,31.0,1.6789697487046646,0.86,31.0,21.46666666666667,29.56,13.4,4.3,151.0,25.0,17.4,0.2,1012.0,54,7.5,30.1,9.6
2024-Q1,gaussian_naive_bayes,poluentes_brutos_meteorologia,2024-03-16 12:00:00,2024-03-16 13:00:00,0,1,falso_positivo,187.0,38.3,1.4936037244257103,0.54,38.3,21.83,30.06666666666667,13.391666666666666,2.7,155.0,22.5,15.7,0.0,1011.3,49,5.4,30.9,11.1
2024-Q1,gaussian_naive_bayes,poluentes_brutos_meteorologia,2024-03-16 13:00:00,2024-03-16 14:00:00,0,1,falso_positivo,177.0,61.0,1.2893128966208942,0.42,61.0,22.19333333333334,30.573333333333338,13.358333333333334,2.1,160.0,23.1,16.1,0.0,1010.6,48,4.7,31.1,12.6
2024-Q1,gaussian_naive_bayes,poluentes_brutos_meteorologia,2024-03-17 10:00:00,2024-03-17 11:00:00,0,1,falso_positivo,224.0,26.78,1.2796078691717343,1.58,22.3,19.24666666666667,26.78,12.358333333333334,7.9,128.0,16.2,11.4,0.0,1012.9,60,10.0,29.5,12.0
2024-Q1,gaussian_naive_bayes,poluentes_brutos_meteorologia,2024-03-17 11:00:00,2024-03-17 12:00:00,0,1,falso_positivo,200.0,28.5,1.1582950260572356,0.94,28.5,18.893333333333334,26.293333333333337,12.300000000000002,4.7,136.0,14.4,10.1,0.0,1012.4,54,6.8,30.6,13.3
2024-Q1,gaussian_naive_bayes,poluentes_brutos_meteorologia,2024-03-17 12:00:00,2024-03-17 13:00:00,0,1,falso_positivo,181.0,35.0,1.0423199480397745,0.48,35.0,18.58,25.86,12.208333333333334,2.4,140.0,13.1,9.2,0.0,1011.8,52,4.3,31.3,14.2
2024-Q1,gaussian_naive_bayes,poluentes_brutos_meteorologia,2024-03-17 13:00:00,2024-03-17 14:00:00,0,1,falso_positivo,170.0,44.66666666666666,0.9394466570786794,0.3,44.66666666666666,18.21,25.346666666666668,12.091666666666669,1.5,138.0,12.0,8.4,0.0,1011.0,52,3.3,31.9,16.0
2024-Q1,gaussian_naive_bayes,poluentes_brutos_meteorologia,2024-03-17 17:00:00,2024-03-17 18:00:00,0,1,falso_positivo,207.0,86.66666666666667,0.7249655504522454,1.2800000000000002,86.66666666666667,16.830000000000002,23.426666666666662,11.683333333333332,6.4,139.0,18.9,13.1,5.5,1012.3,74,4.3,26.0,6.1
2024-Q1,gaussian_naive_bayes,poluentes_brutos_meteorologia,2024-03-17 18:00:00,2024-03-17 19:00:00,0,1,falso_positivo,228.0,88.66666666666667,0.7269065559420773,1.66,88.66666666666667,16.673333333333332,23.21333333333333,11.65,8.3,140.0,22.4,15.5,3.1,1012.7,84,4.8,24.1,11.2
2024-Q1,gaussian_naive_bayes,poluentes_brutos_meteorologia,2024-03-17 20:00:00,2024-03-17 21:00:00,0,1,falso_positivo,248.0,86.66666666666667,0.7788284527950828,1.94,86.66666666666667,16.38,22.820000000000004,11.508333333333333,9.7,128.0,24.8,17.2,7.6,1014.8,94,4.6,22.3,8.4
2024-Q1,gaussian_naive_bayes,poluentes_brutos_meteorologia,2024-03-18 09:00:00,2024-03-18 10:00:00,0,1,falso_positivo,287.0,20.87333333333333,1.1252979327300916,2.26,17.05,14.91,20.87333333333333,10.925000000000002,11.3,125.0,29.5,20.6,0.0,1015.3,86,14.9,24.2,2.3
2024-Q1,gaussian_naive_bayes,poluentes_brutos_meteorologia,2024-03-18 10:00:00,2024-03-18 11:00:00,0,1,falso_positivo,279.0,22.8,1.1325767033169618,1.8,22.8,15.416666666666666,21.58,11.191666666666668,9.0,147.0,31.4,22.0,0.0,1015.4,79,13.2,26.0,5.7
2024-Q1,gaussian_naive_bayes,poluentes_brutos_meteorologia,2024-03-18 11:00:00,2024-03-18 12:00:00,0,1,falso_positivo,269.0,30.4,1.1316062005720458,1.16,30.4,16.033333333333335,22.446666666666676,11.525,5.8,176.0,32.9,23.1,0.0,1014.6,73,10.8,27.5,3.8
2024-Q1,gaussian_naive_bayes,poluentes_brutos_meteorologia,2024-03-18 12:00:00,2024-03-18 13:00:00,0,1,falso_positivo,257.0,39.2,1.1194749162605957,0.7000000000000001,39.2,16.63,23.273333333333337,11.875,3.5,190.0,31.0,21.6,0.1,1013.7,70,8.5,28.4,1.9
2024-Q1,gaussian_naive_bayes,poluentes_brutos_meteorologia,2024-03-18 13:00:00,2024-03-18 14:00:00,0,1,falso_positivo,243.0,65.66666666666666,1.094727096265238,0.58,65.66666666666666,17.1,23.92,12.141666666666667,2.9,176.0,26.1,18.1,0.2,1012.3,62,6.5,30.0,5.4
2024-Q1,gaussian_naive_bayes,poluentes_brutos_meteorologia,2024-03-18 16:00:00,2024-03-18 17:00:00,1,0,falso_negativo,225.0,107.0,0.975355258640571,1.0,107.0,18.083333333333336,25.226666666666667,12.2,5.0,115.0,20.3,13.9,0.9,1012.2,83,2.9,24.7,7.3
2024-Q1,gaussian_naive_bayes,poluentes_brutos_meteorologia,2024-03-19 12:00:00,2024-03-19 13:00:00,0,1,falso_positivo,233.0,35.7,1.0020440841257607,0.4599999999999999,35.7,13.30666666666667,18.526666666666667,8.508333333333333,2.3,162.0,16.2,11.3,0.0,1012.7,70,5.9,28.5,4.3
2024-Q1,gaussian_naive_bayes,poluentes_brutos_meteorologia,2024-03-19 13:00:00,2024-03-19 14:00:00,0,1,falso_positivo,237.0,50.33333333333333,0.984089783344815,0.44,50.33333333333333,13.066666666666666,18.2,8.433333333333334,2.2,170.0,18.9,13.2,0.0,1011.4,66,5.6,29.3,5.4
2024-Q1,gaussian_naive_bayes,poluentes_brutos_meteorologia,2024-03-19 14:00:00,2024-03-19 15:00:00,0,1,falso_positivo,246.0,75.33333333333333,0.9671059853087852,0.5599999999999999,75.33333333333333,12.953333333333331,18.066666666666663,8.516666666666667,2.8,174.0,21.1,14.8,0.0,1009.9,59,5.5,30.4,7.3
2024-Q1,gaussian_naive_bayes,poluentes_brutos_meteorologia,2024-03-19 19:00:00,2024-03-19 20:00:00,1,0,falso_negativo,274.0,130.75,0.9986473245185548,1.42,130.75,13.446666666666667,18.826666666666668,9.2,7.1,144.0,17.9,12.5,0.0,1012.1,92,4.3,23.1,6.9
2024-Q1,gaussian_naive_bayes,poluentes_brutos_meteorologia,2024-03-19 20:00:00,2024-03-19 21:00:00,1,0,falso_negativo,268.0,121.75,1.0156311225545849,1.34,121.75,13.593333333333334,19.03333333333333,9.3,6.7,126.0,16.8,11.7,0.0,1013.3,94,4.1,22.6,4.6
2024-Q1,gaussian_naive_bayes,poluentes_brutos_meteorologia,2024-03-20 09:00:00,2024-03-20 10:00:00,0,1,falso_positivo,280.0,23.3,0.9899127998143108,1.62,23.3,12.726666666666668,17.8,10.091666666666669,8.1,119.0,27.1,18.9,0.0,1012.7,85,11.0,23.8,5.0
2024-Q1,gaussian_naive_bayes,poluentes_brutos_meteorologia,2024-03-20 10:00:00,2024-03-20 11:00:00,0,1,falso_positivo,273.0,27.55,1.0136901170647528,1.3,27.55,13.163333333333336,18.4,10.358333333333333,6.5,141.0,25.6,17.8,0.0,1012.2,79,10.3,26.0,5.8
2024-Q1,gaussian_naive_bayes,poluentes_brutos_meteorologia,2024-03-20 11:00:00,2024-03-20 12:00:00,0,1,falso_positivo,263.0,33.7,1.0287329096109503,0.86,33.7,13.533333333333337,18.92,10.591666666666669,4.3,170.0,24.6,17.2,0.0,1011.4,73,9.2,27.5,6.8
2024-Q1,gaussian_naive_bayes,poluentes_brutos_meteorologia,2024-03-20 12:00:00,2024-03-20 13:00:00,0,1,falso_positivo,254.0,44.333333333333336,1.0335854233355306,0.54,44.333333333333336,13.846666666666668,19.35333333333333,10.775,2.7,190.0,25.6,17.8,0.0,1010.7,67,8.1,28.8,6.5
2024-Q1,gaussian_naive_bayes,poluentes_brutos_meteorologia,2024-03-20 13:00:00,2024-03-20 14:00:00,0,1,falso_positivo,247.0,71.0,1.0277624068660345,0.44,71.0,14.063333333333333,19.653333333333336,10.875,2.2,191.0,25.4,17.7,0.0,1009.7,64,6.8,29.6,5.2
2024-Q1,gaussian_naive_bayes,poluentes_brutos_meteorologia,2024-03-20 19:00:00,2024-03-20 20:00:00,1,0,falso_negativo,283.0,121.75,0.980693023737609,2.08,121.75,15.256666666666668,21.24666666666667,10.791666666666666,10.4,116.0,28.8,19.9,0.0,1009.5,90,4.6,24.2,5.4
2024-Q1,gaussian_naive_bayes,poluentes_brutos_meteorologia,2024-03-21 14:00:00,2024-03-21 15:00:00,0,1,falso_positivo,196.0,39.75,0.8487046504290342,0.42,39.75,13.049999999999995,18.166666666666668,8.683333333333334,2.1,133.0,11.6,8.1,0.0,1008.8,56,3.5,30.8,18.2
2024-Q1,gaussian_naive_bayes,poluentes_brutos_meteorologia,2024-03-21 15:00:00,2024-03-21 16:00:00,0,1,falso_positivo,200.0,54.5,0.8157075571018906,0.54,54.5,12.57,17.50666666666667,8.6,2.7,134.0,12.6,8.8,0.0,1007.5,56,3.6,31.0,15.3
2024-Q1,gaussian_naive_bayes,poluentes_brutos_meteorologia,2024-03-21 16:00:00,2024-03-21 17:00:00,0,1,falso_positivo,211.0,64.83333333333333,0.7982385076934027,0.8400000000000001,64.83333333333333,12.216666666666669,17.033333333333335,8.541666666666668,4.2,134.0,13.6,9.5,0.0,1007.1,57,3.7,31.0,14.1
2024-Q1,gaussian_naive_bayes,poluentes_brutos_meteorologia,2024-03-21 17:00:00,2024-03-21 18:00:00,0,1,falso_positivo,226.0,72.5,0.8001795131832347,1.26,72.5,11.976666666666668,16.7,8.483333333333333,6.3,133.0,16.5,11.4,0.0,1007.5,59,3.9,30.4,9.9
2024-Q1,gaussian_naive_bayes,poluentes_brutos_meteorologia,2024-03-21 19:00:00,2024-03-21 20:00:00,0,1,falso_positivo,234.0,78.5,0.8234715790612185,1.6,78.5,11.186666666666667,15.573333333333332,8.35,8.0,117.0,14.1,9.6,8.2,1012.5,92,3.8,22.9,14.5
2024-Q1,gaussian_naive_bayes,poluentes_brutos_meteorologia,2024-03-29 15:00:00,2024-03-29 16:00:00,0,1,falso_positivo,169.0,35.1,0.6842044351657738,0.7200000000000001,35.1,7.656666666666668,10.48,7.866666666666667,3.6,98.0,16.1,10.6,3.9,1016.7,80,3.2,23.0,7.0
2024-Q1,gaussian_naive_bayes,subindices_meteorologia,2024-01-03 14:00:00,2024-01-03 15:00:00,0,1,falso_positivo,153.0,34.6,0.5890951661640066,0.5599999999999999,34.6,9.303333333333336,12.0,4.408333333333333,2.8,93.0,11.5,7.4,14.4,1010.9,88,2.3,22.2,16.4
2024-Q1,gaussian_naive_bayes,subindices_meteorologia,2024-01-08 14:00:00,2024-01-08 15:00:00,0,1,falso_positivo,151.0,74.83333333333333,0.6434433198793021,0.34,74.83333333333333,10.023333333333335,13.38,7.2,1.7,156.0,12.9,8.8,0.0,1010.9,46,3.3,31.9,11.6
2024-Q1,gaussian_naive_bayes,subindices_meteorologia,2024-01-08 21:00:00,2024-01-08 22:00:00,0,1,falso_positivo,213.0,104.66666666666666,0.6997324790844296,1.94,104.66666666666666,11.923333333333334,16.28666666666667,7.916666666666667,9.7,83.0,21.5,14.8,0.0,1013.6,82,4.7,23.6,6.1
2024-Q1,gaussian_naive_bayes,subindices_meteorologia,2024-01-08 22:00:00,2024-01-08 23:00:00,0,1,falso_positivo,220.0,90.5,0.7332148237840314,2.32,90.5,12.126666666666669,16.613333333333333,8.008333333333335,11.6,71.0,19.7,13.6,0.0,1014.0,87,4.6,22.1,5.0
2024-Q1,gaussian_naive_bayes,subindices_meteorologia,2024-01-09 23:00:00,2024-01-10 00:00:00,0,1,falso_positivo,244.0,108.33333333333331,0.8127960488671425,1.9,108.33333333333331,16.59,23.04666666666667,10.5,9.5,103.0,19.0,13.2,0.0,1015.1,77,4.6,24.2,6.8
2024-Q1,gaussian_naive_bayes,subindices_meteorologia,2024-01-10 00:00:00,2024-01-10 01:00:00,0,1,falso_positivo,253.0,90.33333333333331,0.8462783935667443,2.1,90.33333333333331,16.70666666666667,23.21333333333333,10.55,10.5,88.0,20.6,14.4,0.0,1015.2,93,5.1,22.1,4.7
2024-Q1,gaussian_naive_bayes,subindices_meteorologia,2024-01-10 14:00:00,2024-01-10 15:00:00,0,1,falso_positivo,191.0,82.0,0.8147370543569746,0.26,82.0,15.163333333333336,21.04666666666667,10.716666666666669,1.3,156.0,14.1,9.7,0.0,1011.8,44,3.1,31.2,6.2
2024-Q1,gaussian_naive_bayes,subindices_meteorologia,2024-01-10 21:00:00,2024-01-10 22:00:00,0,1,falso_positivo,224.0,105.5,0.8288093441582565,1.5,105.5,14.196666666666667,19.653333333333336,9.808333333333334,7.5,118.0,16.4,11.4,0.1,1015.1,93,2.8,22.6,3.0
2024-Q1,gaussian_naive_bayes,subindices_meteorologia,2024-01-10 22:00:00,2024-01-10 23:00:00,0,1,falso_positivo,215.0,97.66666666666666,0.8404553770972484,1.4,97.66666666666666,14.066666666666666,19.480000000000004,9.725,7.0,109.0,13.8,9.6,0.0,1015.6,84,2.9,23.7,2.6
2024-Q1,gaussian_naive_bayes,subindices_meteorologia,2024-01-10 23:00:00,2024-01-11 00:00:00,0,1,falso_positivo,203.0,86.66666666666667,0.8404553770972484,1.2400000000000002,86.66666666666667,13.796666666666669,19.106666666666666,9.6,6.2,97.0,10.9,7.6,0.0,1015.6,92,3.1,22.1,3.3
2024-Q1,gaussian_naive_bayes,subindices_meteorologia,2024-01-11 19:00:00,2024-01-11 20:00:00,0,1,falso_positivo,175.0,47.833333333333336,0.6439285712517602,1.12,47.833333333333336,8.06,11.266666666666667,6.016666666666666,5.6,88.0,10.9,7.7,16.5,1011.8,87,2.7,22.9,10.8
2024-Q1,gaussian_naive_bayes,subindices_meteorologia,2024-01-17 14:00:00,2024-01-17 15:00:00,0,1,falso_positivo,192.0,74.66666666666666,0.8103697920048526,0.4,74.66666666666666,9.44,13.193333333333335,7.116666666666667,2.0,152.0,14.2,9.8,0.0,1013.3,54,3.2,31.0,13.9
2024-Q1,gaussian_naive_bayes,subindices_meteorologia,2024-01-17 15:00:00,2024-01-17 16:00:00,0,1,falso_positivo,198.0,90.0,0.7846514692645788,0.48,90.0,9.536666666666669,13.3,7.233333333333333,2.4,150.0,14.4,9.7,2.2,1014.9,78,3.1,25.4,23.1
2024-Q1,gaussian_naive_bayes,subindices_meteorologia,2024-01-17 16:00:00,2024-01-17 17:00:00,0,1,falso_positivo,201.0,96.83333333333331,0.767667671228549,0.6200000000000001,96.83333333333331,9.63,13.406666666666666,7.341666666666666,3.1,142.0,14.2,9.5,0.5,1014.3,86,3.0,25.0,9.0
2024-Q1,gaussian_naive_bayes,subindices_meteorologia,2024-01-17 17:00:00,2024-01-17 18:00:00,0,1,falso_positivo,204.0,97.33333333333331,0.761359403386595,0.82,97.33333333333331,9.626666666666669,13.373333333333331,7.441666666666666,4.1,131.0,13.5,9.0,0.0,1014.1,83,3.0,25.7,4.7
2024-Q1,gaussian_naive_bayes,subindices_meteorologia,2024-01-17 18:00:00,2024-01-17 19:00:00,0,1,falso_positivo,211.0,95.0,0.763300408876427,1.08,95.0,9.593333333333334,13.306666666666668,7.524999999999999,5.4,119.0,12.6,8.5,0.0,1014.2,82,3.0,25.8,3.4
2024-Q1,gaussian_naive_bayes,subindices_meteorologia,2024-01-17 19:00:00,2024-01-17 20:00:00,0,1,falso_positivo,221.0,89.83333333333333,0.7764021959327928,1.4,89.83333333333333,9.543333333333337,13.213333333333336,7.575,7.0,109.0,12.7,8.6,0.0,1014.7,89,3.1,24.7,3.1
2024-Q1,gaussian_naive_bayes,subindices_meteorologia,2024-01-18 13:00:00,2024-01-18 14:00:00,0,1,falso_positivo,214.0,69.16666666666666,0.9933095594215168,0.4,69.16666666666666,15.26,21.14666666666667,9.516666666666667,2.0,173.0,20.8,14.4,0.0,1012.7,52,5.2,31.5,12.0
2024-Q1,gaussian_naive_bayes,subindices_meteorologia,2024-01-18 19:00:00,2024-01-18 20:00:00,0,1,falso_positivo,205.0,105.66666666666666,0.7904744857340747,0.9,105.66666666666666,15.51,21.55333333333333,9.308333333333334,4.5,123.0,13.4,9.2,0.0,1013.3,90,2.0,24.8,8.8
2024-Q1,gaussian_naive_bayes,subindices_meteorologia,2024-01-18 20:00:00,2024-01-18 21:00:00,0,1,falso_positivo,204.0,93.0,0.7793137041675409,1.0,93.0,15.473333333333333,21.513333333333332,9.191666666666666,5.0,105.0,11.7,8.1,0.6,1013.9,91,1.9,23.6,4.0
2024-Q1,gaussian_naive_bayes,subindices_meteorologia,2024-01-19 17:00:00,2024-01-19 18:00:00,0,1,falso_positivo,216.0,72.33333333333333,0.7841662178921208,1.08,72.33333333333333,11.216666666666669,15.633333333333336,8.141666666666667,5.4,124.0,21.9,15.3,2.4,1009.1,69,4.6,27.9,9.5
2024-Q1,gaussian_naive_bayes,subindices_meteorologia,2024-01-19 18:00:00,2024-01-19 19:00:00,0,1,falso_positivo,223.0,75.83333333333333,0.7958122508311127,1.4,75.83333333333333,11.44,15.953333333333331,8.366666666666665,7.0,111.0,21.0,14.6,11.5,1010.6,86,4.8,24.5,5.0
2024-Q1,gaussian_naive_bayes,subindices_meteorologia,2024-01-24 15:00:00,2024-01-24 16:00:00,0,1,falso_positivo,84.0,19.55,0.3183249003324451,0.24,19.55,4.55,5.826666666666668,1.3833333333333335,1.2,50.0,5.1,3.0,6.1,1011.4,84,0.7,20.9,16.7
2024-Q1,gaussian_naive_bayes,subindices_meteorologia,2024-01-28 18:00:00,2024-01-28 19:00:00,0,1,falso_positivo,112.0,28.8,0.4469165140338139,0.7400000000000001,28.8,8.1,11.0,3.858333333333333,3.7,61.0,7.5,5.0,7.1,1014.7,90,1.7,19.7,15.7
2024-Q1,gaussian_naive_bayes,subindices_meteorologia,2024-01-29 15:00:00,2024-01-29 16:00:00,0,1,falso_positivo,151.0,86.5,0.7060407469263835,0.44,86.5,11.013333333333335,15.28,5.258333333333334,2.2,134.0,11.8,8.1,0.0,1013.0,63,3.0,25.5,9.8
2024-Q1,gaussian_naive_bayes,subindices_meteorologia,2024-01-29 16:00:00,2024-01-29 17:00:00,0,1,falso_positivo,150.0,94.5,0.6677058885022019,0.52,94.5,11.066666666666668,15.366666666666667,5.308333333333334,2.6,131.0,12.3,8.4,0.1,1012.1,60,2.9,27.1,8.3
2024-Q1,gaussian_naive_bayes,subindices_meteorologia,2024-01-29 17:00:00,2024-01-29 18:00:00,0,1,falso_positivo,154.0,94.83333333333331,0.6448990739966761,0.6400000000000001,94.83333333333331,11.170000000000002,15.520000000000003,5.391666666666667,3.2,129.0,12.5,8.6,2.0,1012.9,71,2.9,24.3,8.4
2024-Q1,gaussian_naive_bayes,subindices_meteorologia,2024-01-29 18:00:00,2024-01-29 19:00:00,0,1,falso_positivo,164.0,92.66666666666669,0.6303415328229363,0.9,92.66666666666669,11.346666666666666,15.773333333333332,5.5,4.5,123.0,12.8,8.8,0.5,1013.4,81,3.0,22.3,12.3
2024-Q1,gaussian_naive_bayes,subindices_meteorologia,2024-01-30 23:00:00,2024-01-31 00:00:00,0,1,falso_positivo,306.0,111.16666666666666,1.0267919041211186,3.1,111.16666666666666,17.916666666666668,24.85333333333333,9.966666666666669,15.5,84.0,29.0,20.3,0.0,1014.2,82,4.5,21.3,4.7
2024-Q1,gaussian_naive_bayes,subindices_meteorologia,2024-01-31 00:00:00,2024-01-31 01:00:00,0,1,falso_positivo,305.0,89.33333333333333,1.0791990523465822,2.9000000000000004,89.33333333333333,18.20666666666667,25.26,10.058333333333334,14.5,68.0,27.4,19.2,0.0,1014.2,91,4.2,20.1,5.3
2024-Q1,gaussian_naive_bayes,subindices_meteorologia,2024-01-31 14:00:00,2024-01-31 15:00:00,0,1,falso_positivo,190.0,72.5,1.0583332433308883,0.4,72.5,24.616666666666667,34.14666666666667,11.608333333333333,2.0,146.0,33.1,22.9,3.2,1016.2,81,4.6,22.3,11.9
2024-Q1,gaussian_naive_bayes,subindices_meteorologia,2024-01-31 15:00:00,2024-01-31 16:00:00,0,1,falso_positivo,194.0,87.66666666666667,0.9588567119769992,0.5,87.66666666666667,24.786666666666665,34.38666666666668,11.516666666666666,2.5,145.0,30.5,21.1,0.1,1014.4,78,4.2,23.3,6.0
2024-Q1,gaussian_naive_bayes,subindices_meteorologia,2024-01-31 16:00:00,2024-01-31 17:00:00,0,1,falso_positivo,204.0,94.0,0.8802459896388038,0.6400000000000001,94.0,24.916666666666668,34.57333333333334,11.391666666666666,3.2,148.0,30.2,20.8,0.0,1014.0,73,3.8,24.6,5.5
2024-Q1,gaussian_naive_bayes,subindices_meteorologia,2024-01-31 19:00:00,2024-01-31 20:00:00,0,1,falso_positivo,225.0,102.33333333333331,0.8026057700455246,1.04,102.33333333333331,24.816666666666663,34.480000000000004,10.783333333333331,5.2,140.0,26.0,18.0,2.7,1015.3,81,2.9,22.1,7.0
2024-Q1,gaussian_naive_bayes,subindices_meteorologia,2024-01-31 20:00:00,2024-01-31 21:00:00,0,1,falso_positivo,217.0,98.66666666666666,0.8093992892599365,1.06,98.66666666666666,24.39,33.9,10.5,5.3,124.0,21.3,14.8,0.3,1015.8,88,2.7,21.4,4.2
2024-Q1,gaussian_naive_bayes,subindices_meteorologia,2024-01-31 21:00:00,2024-01-31 22:00:00,0,1,falso_positivo,234.0,87.83333333333333,0.8302650982756304,1.56,87.83333333333333,24.236666666666668,33.70000000000001,10.391666666666667,7.8,82.0,26.6,18.6,0.0,1016.4,92,3.9,20.6,4.8
2024-Q1,gaussian_naive_bayes,subindices_meteorologia,2024-02-01 13:00:00,2024-02-01 14:00:00,0,1,falso_positivo,235.0,76.33333333333333,1.205364409185661,0.36,76.33333333333333,25.96333333333333,36.120000000000005,9.133333333333333,1.8,170.0,26.4,18.0,0.6,1018.0,68,2.1,23.9,13.2
2024-Q1,gaussian_naive_bayes,subindices_meteorologia,2024-02-01 18:00:00,2024-02-01 19:00:00,0,1,falso_positivo,183.0,105.33333333333331,0.8491899018014922,0.6400000000000001,105.33333333333331,23.76,32.92,8.058333333333332,3.2,119.0,12.0,7.7,0.0,1016.4,81,0.9,22.1,10.7
2024-Q1,gaussian_naive_bayes,subindices_meteorologia,2024-02-01 19:00:00,2024-02-01 20:00:00,0,1,falso_positivo,184.0,94.33333333333331,0.8016352673006086,0.82,94.33333333333331,23.256666666666664,32.18666666666667,7.899999999999999,4.1,109.0,10.9,7.0,0.0,1017.1,89,1.0,20.5,7.5
2024-Q1,gaussian_naive_bayes,subindices_meteorologia,2024-02-02 13:00:00,2024-02-02 14:00:00,0,1,falso_positivo,128.0,36.55,0.5546423187194889,0.2799999999999999,36.55,10.69,14.26,1.75,1.4,82.0,7.8,5.1,11.4,1020.2,76,0.8,22.9,12.1
2024-Q1,gaussian_naive_bayes,subindices_meteorologia,2024-02-04 14:00:00,2024-02-04 15:00:00,0,1,falso_positivo,215.0,50.5,0.8880100115981319,0.52,50.5,10.666666666666668,14.793333333333337,7.475,2.6,177.0,24.1,16.7,9.0,1018.0,79,6.2,23.4,21.5
2024-Q1,gaussian_naive_bayes,subindices_meteorologia,2024-02-04 15:00:00,2024-02-04 16:00:00,0,1,falso_positivo,225.0,77.16666666666666,0.8540424155260722,0.6200000000000001,77.16666666666666,11.260000000000002,15.633333333333336,7.899999999999999,3.1,186.0,26.3,18.3,3.9,1017.7,90,6.6,21.7,7.6
2024-Q1,gaussian_naive_bayes,subindices_meteorologia,2024-02-04 19:00:00,2024-02-04 20:00:00,0,1,falso_positivo,229.0,106.5,0.8389996229798743,1.74,106.5,13.443333333333335,18.74,9.233333333333333,8.7,104.0,23.4,16.3,0.1,1017.0,92,5.0,21.4,7.7
2024-Q1,gaussian_naive_bayes,subindices_meteorologia,2024-02-04 20:00:00,2024-02-04 21:00:00,0,1,falso_positivo,242.0,98.5,0.8622916888578581,2.08,98.5,13.846666666666668,19.306666666666665,9.491666666666667,10.4,86.0,21.8,15.2,0.0,1017.1,96,4.9,20.7,7.7
2024-Q1,gaussian_naive_bayes,subindices_meteorologia,2024-02-05 21:00:00,2024-02-05 22:00:00,0,1,falso_positivo,317.0,114.0,0.9447844221757172,1.94,114.0,13.446666666666667,18.820000000000004,12.949999999999998,9.7,116.0,18.3,12.6,0.0,1017.0,78,3.1,20.8,8.0
2024-Q1,gaussian_naive_bayes,subindices_meteorologia,2024-02-05 22:00:00,2024-02-05 23:00:00,0,1,falso_positivo,328.0,99.33333333333331,0.9933095594215168,2.14,99.33333333333331,13.576666666666668,18.980000000000004,12.758333333333333,10.7,111.0,19.8,13.6,0.0,1017.9,76,2.7,20.1,6.0
2024-Q1,gaussian_naive_bayes,subindices_meteorologia,2024-02-06 21:00:00,2024-02-06 22:00:00,0,1,falso_positivo,306.0,108.33333333333331,1.0146606198096688,1.5,108.33333333333331,17.029999999999998,23.4,5.616666666666666,7.5,102.0,13.3,9.1,0.0,1017.9,93,1.7,20.2,5.1
2024-Q1,gaussian_naive_bayes,subindices_meteorologia,2024-02-06 22:00:00,2024-02-06 23:00:00,0,1,falso_positivo,305.0,94.5,1.0408641939224006,1.4400000000000002,94.5,16.836666666666666,23.126666666666665,5.541666666666667,7.2,99.0,14.0,9.5,0.0,1018.3,95,1.8,19.9,4.1
2024-Q1,gaussian_naive_bayes,subindices_meteorologia,2024-02-07 15:00:00,2024-02-07 16:00:00,0,1,falso_positivo,187.0,80.0,0.8389996229798743,0.32,80.0,15.693333333333335,21.28,4.633333333333334,1.6,139.0,21.7,14.3,0.0,1012.7,51,2.8,28.9,11.7
2024-Q1,gaussian_naive_bayes,subindices_meteorologia,2024-02-07 16:00:00,2024-02-07 17:00:00,0,1,falso_positivo,184.0,85.66666666666667,0.7870777261268688,0.44,85.66666666666667,15.96,21.613333333333337,4.683333333333334,2.2,132.0,21.1,13.7,0.0,1012.8,72,2.6,26.5,18.3
2024-Q1,gaussian_naive_bayes,subindices_meteorologia,2024-02-07 17:00:00,2024-02-07 18:00:00,0,1,falso_positivo,181.0,85.0,0.7545658841721831,0.6000000000000001,85.0,16.23,21.953333333333333,4.733333333333333,3.0,120.0,20.7,13.3,0.0,1012.6,73,2.4,25.1,18.1
2024-Q1,gaussian_naive_bayes,subindices_meteorologia,2024-02-07 18:00:00,2024-02-07 19:00:00,0,1,falso_positivo,178.0,81.5,0.7288475614319094,0.78,81.5,16.496666666666666,22.28666666666667,4.783333333333334,3.9,107.0,20.3,12.9,0.0,1013.1,75,2.2,23.7,14.8
2024-Q1,gaussian_naive_bayes,subindices_meteorologia,2024-02-08 15:00:00,2024-02-08 16:00:00,0,1,falso_positivo,146.0,75.5,0.6890569488903537,0.26,75.5,15.386666666666668,20.44,5.25,1.3,127.0,13.2,8.2,0.0,1012.1,53,2.5,28.7,11.5
2024-Q1,gaussian_naive_bayes,subindices_meteorologia,2024-02-08 16:00:00,2024-02-08 17:00:00,0,1,falso_positivo,137.0,80.16666666666667,0.6473253308589662,0.2799999999999999,80.16666666666667,15.123333333333331,20.05333333333333,5.225,1.4,118.0,13.2,7.9,0.0,1012.1,68,2.3,26.9,17.3
2024-Q1,gaussian_naive_bayes,subindices_meteorologia,2024-02-09 13:00:00,2024-02-09 14:00:00,0,1,falso_positivo,183.0,77.0,0.8021205186730667,0.24,77.0,16.12,21.266666666666666,6.608333333333333,1.2,149.0,16.9,11.0,0.0,1015.1,41,3.5,30.5,2.7
2024-Q1,gaussian_naive_bayes,subindices_meteorologia,2024-02-09 18:00:00,2024-02-09 19:00:00,0,1,falso_positivo,183.0,100.66666666666666,0.7099227579060474,0.4599999999999999,100.66666666666666,17.133333333333336,22.540000000000003,7.133333333333334,2.3,141.0,21.4,12.9,0.0,1013.9,73,3.9,24.6,16.0
2024-Q1,gaussian_naive_bayes,subindices_meteorologia,2024-02-09 19:00:00,2024-02-09 20:00:00,0,1,falso_positivo,190.0,98.33333333333331,0.7050702441814676,0.54,98.33333333333331,17.463333333333335,22.973333333333336,7.266666666666667,2.7,138.0,23.3,14.0,0.0,1014.7,81,4.0,23.1,13.8
2024-Q1,gaussian_naive_bayes,subindices_meteorologia,2024-02-09 20:00:00,2024-02-09 21:00:00,0,1,falso_positivo,198.0,95.16666666666669,0.7089522551611315,0.6400000000000001,95.16666666666669,17.783333333333335,23.41333333333333,7.366666666666667,3.2,133.0,24.5,15.0,0.0,1015.7,87,4.0,22.0,10.7
2024-Q1,gaussian_naive_bayes,subindices_meteorologia,2024-02-09 21:00:00,2024-02-09 22:00:00,0,1,falso_positivo,210.0,91.5,0.7220540422174975,0.8800000000000001,91.5,17.98,23.686666666666667,7.491666666666667,4.4,127.0,21.8,14.1,0.0,1016.8,92,4.5,21.1,5.7
2024-Q1,gaussian_naive_bayes,subindices_meteorologia,2024-02-09 22:00:00,2024-02-09 23:00:00,0,1,falso_positivo,211.0,88.83333333333333,0.7380673375086112,0.8400000000000001,88.83333333333333,18.17333333333333,23.94,7.616666666666667,4.2,129.0,23.1,14.8,0.0,1018.1,93,4.5,21.5,6.1
2024-Q1,gaussian_naive_bayes,subindices_meteorologia,2024-02-09 23:00:00,2024-02-10 00:00:00,0,1,falso_positivo,212.0,86.83333333333333,0.7560216382895572,0.76,86.83333333333333,18.333333333333336,24.153333333333336,7.733333333333333,3.8,130.0,22.8,15.0,0.0,1018.3,92,4.4,21.6,7.1
2024-Q1,gaussian_naive_bayes,subindices_meteorologia,2024-02-11 17:00:00,2024-02-11 18:00:00,0,1,falso_positivo,153.0,78.33333333333333,0.5856984065568006,0.42,78.33333333333333,8.553333333333335,11.186666666666667,7.141666666666667,2.1,131.0,9.6,6.2,0.0,1014.0,50,3.1,29.0,10.3
2024-Q1,gaussian_naive_bayes,subindices_meteorologia,2024-02-13 17:00:00,2024-02-13 18:00:00,0,1,falso_positivo,192.0,49.33333333333333,0.6783814186962778,0.76,49.33333333333333,10.576666666666668,15.66,5.375,3.8,123.0,15.8,11.1,5.5,1015.2,76,3.4,24.6,3.5
2024-Q1,gaussian_naive_bayes,subindices_meteorologia,2024-02-13 18:00:00,2024-02-13 19:00:00,0,1,falso_positivo,200.0,55.83333333333333,0.6909979543801856,0.96,55.83333333333333,10.69,15.78,5.541666666666667,4.8,118.0,15.8,11.1,8.0,1016.0,89,3.6,23.1,9.8
2024-Q1,gaussian_naive_bayes,subindices_meteorologia,2024-02-19 14:00:00,2024-02-19 15:00:00,0,1,falso_positivo,195.0,79.16666666666666,0.9263448700223136,0.58,79.16666666666666,14.816666666666666,20.4,9.208333333333334,2.9,141.0,29.3,20.0,0.0,1008.4,61,2.7,26.5,12.3
2024-Q1,gaussian_naive_bayes,subindices_meteorologia,2024-02-19 15:00:00,2024-02-19 16:00:00,0,1,falso_positivo,180.0,92.66666666666669,0.8889805143430479,0.6400000000000001,92.66666666666669,15.386666666666668,21.19333333333333,9.283333333333331,3.2,123.0,30.2,20.5,0.7,1008.1,72,2.3,24.8,14.2
2024-Q1,gaussian_naive_bayes,subindices_meteorologia,2024-02-19 16:00:00,2024-02-19 17:00:00,0,1,falso_positivo,175.0,99.0,0.8501604045464082,0.7400000000000001,99.0,15.643333333333334,21.55333333333333,9.341666666666669,3.7,116.0,20.3,13.7,0.2,1007.8,73,2.2,24.8,9.8
2024-Q1,gaussian_naive_bayes,subindices_meteorologia,2024-02-19 17:00:00,2024-02-19 18:00:00,0,1,falso_positivo,175.0,96.0,0.8103697920048526,0.8800000000000001,96.0,15.873333333333337,21.87333333333333,9.391666666666667,4.4,112.0,18.5,12.5,0.1,1007.7,73,2.3,24.6,10.5
2024-Q1,gaussian_naive_bayes,subindices_meteorologia,2024-02-19 18:00:00,2024-02-19 19:00:00,0,1,falso_positivo,175.0,89.5,0.7730054363255868,1.0,89.5,16.103333333333335,22.186666666666667,9.425,5.0,106.0,17.6,11.8,0.0,1007.8,81,2.3,23.1,11.2
2024-Q1,gaussian_naive_bayes,subindices_meteorologia,2024-02-20 13:00:00,2024-02-20 14:00:00,0,1,falso_positivo,130.0,27.950000000000003,0.5915214230262966,0.2799999999999999,27.950000000000003,11.403333333333336,15.5,4.158333333333333,1.4,68.0,8.6,5.7,7.1,1008.6,81,1.2,23.6,3.5
2024-Q1,gaussian_naive_bayes,subindices_meteorologia,2024-02-21 14:00:00,2024-02-21 15:00:00,0,1,falso_positivo,150.0,26.700000000000003,0.6060789642000364,0.5599999999999999,26.700000000000003,4.663333333333333,6.240000000000001,3.716666666666667,2.8,78.0,9.7,6.5,16.2,1008.7,89,1.8,21.5,21.1
2024-Q1,gaussian_naive_bayes,subindices_meteorologia,2024-02-21 15:00:00,2024-02-21 16:00:00,0,1,falso_positivo,144.0,27.85,0.6021969532203725,0.4599999999999999,27.85,4.680000000000001,6.286666666666667,3.758333333333333,2.3,79.0,8.6,5.8,8.1,1008.2,89,1.7,22.0,17.2
2024-Q1,gaussian_naive_bayes,subindices_meteorologia,2024-02-23 16:00:00,2024-02-23 17:00:00,0,1,falso_positivo,182.0,38.25,0.767667671228549,0.58,38.25,8.306666666666667,11.533333333333331,5.541666666666667,2.9,110.0,12.5,8.6,7.7,1015.0,92,2.7,21.9,17.1
2024-Q1,gaussian_naive_bayes,subindices_meteorologia,2024-02-24 14:00:00,2024-02-24 15:00:00,0,1,falso_positivo,223.0,38.400000000000006,0.8171633112192644,0.6400000000000001,38.400000000000006,9.85,13.753333333333334,7.533333333333332,3.2,151.0,25.8,18.1,17.4,1019.1,82,4.8,24.3,11.5
2024-Q1,gaussian_naive_bayes,subindices_meteorologia,2024-02-24 15:00:00,2024-02-24 16:00:00,0,1,falso_positivo,235.0,56.33333333333333,0.8103697920048526,0.8,56.33333333333333,10.37,14.486666666666668,7.766666666666667,4.0,160.0,27.5,19.2,4.4,1018.7,87,5.4,23.3,7.1
2024-Q1,gaussian_naive_bayes,subindices_meteorologia,2024-02-24 17:00:00,2024-02-24 18:00:00,0,1,falso_positivo,240.0,86.5,0.8404553770972484,1.08,86.5,11.246666666666666,15.733333333333334,8.191666666666668,5.4,157.0,26.0,18.2,0.5,1017.9,82,5.2,24.8,4.9
2024-Q1,gaussian_naive_bayes,subindices_meteorologia,2024-02-24 18:00:00,2024-02-24 19:00:00,0,1,falso_positivo,246.0,95.66666666666669,0.865688448465064,1.2800000000000002,95.66666666666669,11.616666666666667,16.253333333333334,8.358333333333334,6.4,145.0,25.0,17.5,0.1,1017.7,81,5.0,24.6,1.3
2024-Q1,gaussian_naive_bayes,subindices_meteorologia,2024-02-24 19:00:00,2024-02-24 20:00:00,0,1,falso_positivo,261.0,98.5,0.8982002904197498,1.6,98.5,12.063333333333333,16.886666666666667,8.516666666666667,8.0,122.0,25.8,18.1,0.0,1018.3,86,4.8,23.6,3.1
2024-Q1,gaussian_naive_bayes,subindices_meteorologia,2024-02-24 20:00:00,2024-02-24 21:00:00,0,1,falso_positivo,280.0,93.83333333333331,0.9379909029613054,2.0,93.83333333333331,12.513333333333334,17.520000000000003,8.666666666666666,10.0,92.0,25.1,17.6,0.0,1018.7,88,4.5,23.1,4.3
2024-Q1,gaussian_naive_bayes,subindices_meteorologia,2024-02-27 16:00:00,2024-02-27 17:00:00,0,1,falso_positivo,213.0,77.0,0.8030910214179827,0.7000000000000001,77.0,7.893333333333334,10.74,4.175,3.5,145.0,18.0,12.2,0.0,1010.1,57,4.0,29.5,12.6
2024-Q1,gaussian_naive_bayes,subindices_meteorologia,2024-02-27 17:00:00,2024-02-27 18:00:00,0,1,falso_positivo,211.0,87.5,0.8186190653366385,0.8400000000000001,87.5,8.306666666666668,11.326666666666666,4.466666666666667,4.2,137.0,18.0,12.3,0.0,1010.0,62,4.1,28.9,10.2
2024-Q1,gaussian_naive_bayes,subindices_meteorologia,2024-02-27 18:00:00,2024-02-27 19:00:00,0,1,falso_positivo,222.0,92.66666666666669,0.8341471092552943,1.2400000000000002,92.66666666666669,8.74,11.946666666666667,4.766666666666667,6.2,124.0,19.3,13.2,0.0,1010.5,70,4.2,27.6,6.9
2024-Q1,gaussian_naive_bayes,subindices_meteorologia,2024-02-27 19:00:00,2024-02-27 20:00:00,0,1,falso_positivo,255.0,90.0,0.8579244265057361,2.14,90.0,9.203333333333337,12.6,5.083333333333333,10.7,104.0,20.8,14.2,0.0,1011.0,76,4.5,25.7,7.4
2024-Q1,gaussian_naive_bayes,subindices_meteorologia,2024-02-28 14:00:00,2024-02-28 15:00:00,0,1,falso_positivo,236.0,76.66666666666666,0.9530336955075032,0.6000000000000001,76.66666666666666,17.366666666666667,24.073333333333338,12.675,3.0,158.0,23.0,16.1,1.6,1013.5,77,4.9,25.8,18.4
2024-Q1,gaussian_naive_bayes,subindices_meteorologia,2024-02-28 18:00:00,2024-02-28 19:00:00,0,1,falso_positivo,230.0,100.5,0.9166398425731536,1.14,100.5,17.493333333333332,24.28666666666667,12.583333333333334,5.7,109.0,17.1,11.7,0.0,1012.5,82,3.6,25.0,2.4
2024-Q1,gaussian_naive_bayes,subindices_meteorologia,2024-02-28 19:00:00,2024-02-28 20:00:00,0,1,falso_positivo,238.0,91.16666666666669,0.9122725802210316,1.46,91.16666666666669,17.376666666666665,24.12,12.533333333333331,7.3,98.0,17.3,11.7,0.0,1012.6,86,3.9,24.2,2.5
2024-Q1,gaussian_naive_bayes,subindices_meteorologia,2024-02-29 18:00:00,2024-02-29 19:00:00,0,1,falso_positivo,211.0,118.5,1.0335854233355306,1.42,118.5,25.906666666666663,35.873333333333335,14.233333333333334,7.1,93.0,19.9,13.1,0.4,1012.6,83,3.6,25.0,8.3
2024-Q1,gaussian_naive_bayes,subindices_meteorologia,2024-02-29 19:00:00,2024-02-29 20:00:00,0,1,falso_positivo,203.0,97.66666666666666,0.9627387229566632,1.5,97.66666666666666,25.910000000000004,35.85333333333333,14.191666666666668,7.5,81.0,17.4,11.4,0.0,1013.1,91,3.4,23.7,6.1
2024-Q1,gaussian_naive_bayes,subindices_meteorologia,2024-02-29 20:00:00,2024-02-29 21:00:00,0,1,falso_positivo,195.0,72.66666666666666,0.8957740335574599,1.54,72.66666666666666,25.82,35.72,14.1,7.7,72.0,15.2,10.1,0.0,1014.0,95,3.2,22.9,6.7
2024-Q1,gaussian_naive_bayes,subindices_meteorologia,2024-03-04 19:00:00,2024-03-04 20:00:00,0,1,falso_positivo,179.0,101.0,0.7060407469263835,1.2400000000000002,101.0,18.953333333333333,24.88666666666667,8.533333333333333,6.2,115.0,23.5,15.0,0.0,1012.9,92,1.9,23.4,15.0
2024-Q1,gaussian_naive_bayes,subindices_meteorologia,2024-03-04 20:00:00,2024-03-04 21:00:00,0,1,falso_positivo,181.0,89.83333333333333,0.6953652167323077,1.2800000000000002,89.83333333333333,19.133333333333336,25.18,8.325,6.4,105.0,22.1,14.1,0.0,1014.0,96,1.9,22.3,13.6
2024-Q1,gaussian_naive_bayes,subindices_meteorologia,2024-03-05 15:00:00,2024-03-05 16:00:00,0,1,falso_positivo,185.0,59.0,0.7400083429984433,0.78,59.0,13.93,18.480000000000004,5.608333333333333,3.9,129.0,18.8,11.8,15.7,1013.6,81,3.3,24.0,4.3
2024-Q1,gaussian_naive_bayes,subindices_meteorologia,2024-03-05 23:00:00,2024-03-06 00:00:00,0,1,falso_positivo,162.0,32.45,0.66333862615008,1.6,32.45,11.876666666666669,15.766666666666666,6.3,8.0,60.0,8.7,5.6,8.2,1016.7,96,3.6,20.1,10.1
2024-Q1,gaussian_naive_bayes,subindices_meteorologia,2024-03-14 22:00:00,2024-03-14 23:00:00,0,1,falso_positivo,271.0,116.66666666666666,0.9239186131600235,2.54,116.66666666666666,19.476666666666667,26.093333333333334,8.608333333333333,12.7,101.0,27.1,18.3,0.0,1014.7,95,4.9,22.0,4.5
2024-Q1,gaussian_naive_bayes,subindices_meteorologia,2024-03-14 23:00:00,2024-03-15 00:00:00,0,1,falso_positivo,272.0,97.5,0.9520631927625872,2.5600000000000005,97.5,19.74333333333334,26.486666666666668,8.825000000000001,12.8,91.0,26.2,17.8,0.0,1014.5,93,4.7,22.5,3.3
2024-Q1,gaussian_naive_bayes,subindices_meteorologia,2024-03-15 13:00:00,2024-03-15 14:00:00,0,1,falso_positivo,167.0,68.0,1.0335854233355306,0.4599999999999999,68.0,21.156666666666663,28.686666666666667,11.3,2.3,164.0,12.2,8.5,0.0,1011.6,46,5.1,31.3,11.9
2024-Q1,gaussian_naive_bayes,subindices_meteorologia,2024-03-15 21:00:00,2024-03-15 22:00:00,0,1,falso_positivo,379.0,111.16666666666666,0.9375056515888476,4.7,111.16666666666666,19.540000000000003,26.793333333333337,10.808333333333335,23.5,101.0,32.4,21.7,0.0,1012.5,88,5.8,23.2,7.7
2024-Q1,gaussian_naive_bayes,subindices_meteorologia,2024-03-15 22:00:00,2024-03-15 23:00:00,0,1,falso_positivo,404.0,97.0,1.0510544727440183,5.1000000000000005,97.0,19.70666666666667,27.03333333333333,10.891666666666667,25.5,86.0,32.1,21.9,0.0,1013.0,94,5.9,23.2,5.1
2024-Q1,gaussian_naive_bayes,subindices_meteorologia,2024-03-16 13:00:00,2024-03-16 14:00:00,0,1,falso_positivo,177.0,61.0,1.2893128966208942,0.42,61.0,22.19333333333334,30.573333333333338,13.358333333333334,2.1,160.0,23.1,16.1,0.0,1010.6,48,4.7,31.1,12.6
2024-Q1,gaussian_naive_bayes,subindices_meteorologia,2024-03-16 20:00:00,2024-03-16 21:00:00,0,1,falso_positivo,313.0,110.66666666666666,0.8627769402303161,3.5,110.66666666666666,23.320000000000004,32.326666666666675,13.208333333333336,17.5,114.0,29.0,20.0,0.0,1010.8,76,5.7,25.3,4.4
2024-Q1,gaussian_naive_bayes,subindices_meteorologia,2024-03-16 21:00:00,2024-03-16 22:00:00,0,1,falso_positivo,349.0,97.5,0.9462401762930912,4.36,97.5,23.21666666666667,32.22666666666667,13.208333333333334,21.8,81.0,29.3,20.2,0.0,1011.8,84,5.8,24.3,5.2
2024-Q1,gaussian_naive_bayes,subindices_meteorologia,2024-03-16 22:00:00,2024-03-16 23:00:00,0,1,falso_positivo,388.0,80.5,1.0471724617643543,5.140000000000001,80.5,23.11,32.1,13.2,25.7,64.0,28.9,20.0,0.0,1012.1,88,5.8,23.7,6.5
2024-Q1,gaussian_naive_bayes,subindices_meteorologia,2024-03-17 15:00:00,2024-03-17 16:00:00,0,1,falso_positivo,166.0,77.0,0.7836809665196628,0.44,77.0,17.39666666666667,24.22,11.841666666666669,2.2,131.0,12.2,8.6,0.0,1010.5,55,3.2,30.7,8.2
2024-Q1,gaussian_naive_bayes,subindices_meteorologia,2024-03-17 16:00:00,2024-03-17 17:00:00,0,1,falso_positivo,182.0,84.0,0.7414640971158172,0.78,84.0,17.036666666666665,23.72,11.741666666666667,3.9,134.0,14.0,9.8,0.1,1011.1,66,3.6,27.6,13.3
2024-Q1,gaussian_naive_bayes,subindices_meteorologia,2024-03-17 17:00:00,2024-03-17 18:00:00,0,1,falso_positivo,207.0,86.66666666666667,0.7249655504522454,1.2800000000000002,86.66666666666667,16.830000000000002,23.426666666666662,11.683333333333332,6.4,139.0,18.9,13.1,5.5,1012.3,74,4.3,26.0,6.1
2024-Q1,gaussian_naive_bayes,subindices_meteorologia,2024-03-17 18:00:00,2024-03-17 19:00:00,0,1,falso_positivo,228.0,88.66666666666667,0.7269065559420773,1.66,88.66666666666667,16.673333333333332,23.21333333333333,11.65,8.3,140.0,22.4,15.5,3.1,1012.7,84,4.8,24.1,11.2
2024-Q1,gaussian_naive_bayes,subindices_meteorologia,2024-03-17 19:00:00,2024-03-17 20:00:00,0,1,falso_positivo,240.0,88.66666666666667,0.7463166108403971,1.8600000000000003,88.66666666666667,16.520000000000003,23.006666666666664,11.6,9.3,136.0,23.9,16.5,0.0,1013.3,89,4.8,23.6,3.7
2024-Q1,gaussian_naive_bayes,subindices_meteorologia,2024-03-17 20:00:00,2024-03-17 21:00:00,0,1,falso_positivo,248.0,86.66666666666667,0.7788284527950828,1.94,86.66666666666667,16.38,22.820000000000004,11.508333333333333,9.7,128.0,24.8,17.2,7.6,1014.8,94,4.6,22.3,8.4
2024-Q1,gaussian_naive_bayes,subindices_meteorologia,2024-03-18 17:00:00,2024-03-18 18:00:00,0,1,falso_positivo,235.0,104.5,0.9501221872727552,1.3,104.5,17.95,25.03333333333334,12.1,6.5,110.0,14.9,10.2,0.0,1012.2,85,3.1,25.0,9.5
2024-Q1,gaussian_naive_bayes,subindices_meteorologia,2024-03-18 18:00:00,2024-03-18 19:00:00,0,1,falso_positivo,242.0,97.66666666666666,0.9321678864918094,1.5,97.66666666666666,17.650000000000002,24.613333333333337,11.975,7.5,106.0,13.4,9.2,0.8,1013.2,88,3.3,23.7,7.0
2024-Q1,gaussian_naive_bayes,subindices_meteorologia,2024-03-18 19:00:00,2024-03-18 20:00:00,0,1,falso_positivo,242.0,85.16666666666667,0.9190660994354436,1.5,85.16666666666667,17.270000000000003,24.08666666666667,11.841666666666669,7.5,101.0,12.5,8.6,0.8,1013.5,93,3.2,23.3,3.2
2024-Q1,gaussian_naive_bayes,subindices_meteorologia,2024-03-19 14:00:00,2024-03-19 15:00:00,0,1,falso_positivo,246.0,75.33333333333333,0.9671059853087852,0.5599999999999999,75.33333333333333,12.953333333333331,18.066666666666663,8.516666666666667,2.8,174.0,21.1,14.8,0.0,1009.9,59,5.5,30.4,7.3
2024-Q1,gaussian_naive_bayes,subindices_meteorologia,2024-03-19 21:00:00,2024-03-19 22:00:00,0,1,falso_positivo,214.0,110.0,1.0044703409880509,1.02,110.0,13.490000000000002,18.886666666666667,9.3,5.1,103.0,10.2,7.1,0.0,1013.8,96,2.8,22.3,5.3
2024-Q1,gaussian_naive_bayes,subindices_meteorologia,2024-03-19 22:00:00,2024-03-19 23:00:00,0,1,falso_positivo,214.0,97.0,0.988942297069395,1.04,97.0,13.370000000000005,18.72,9.291666666666666,5.2,96.0,10.0,7.0,0.0,1013.1,97,2.8,22.5,6.4
2024-Q1,gaussian_naive_bayes,subindices_meteorologia,2024-03-20 20:00:00,2024-03-20 21:00:00,0,1,falso_positivo,306.0,105.66666666666666,1.0059260951054247,2.64,105.66666666666666,15.633333333333336,21.766666666666666,10.808333333333335,13.2,97.0,28.1,19.5,0.0,1010.9,90,4.3,23.9,7.3
2024-Q1,gaussian_naive_bayes,subindices_meteorologia,2024-03-20 21:00:00,2024-03-20 22:00:00,0,1,falso_positivo,309.0,88.66666666666667,1.0360116801978203,2.58,88.66666666666667,16.09,22.41333333333333,10.991666666666667,12.9,89.0,23.9,16.8,0.0,1012.0,94,5.0,23.3,9.4
2024-Q1,gaussian_naive_bayes,subindices_meteorologia,2024-03-21 17:00:00,2024-03-21 18:00:00,0,1,falso_positivo,226.0,72.5,0.8001795131832347,1.26,72.5,11.976666666666668,16.7,8.483333333333333,6.3,133.0,16.5,11.4,0.0,1007.5,59,3.9,30.4,9.9
2024-Q1,gaussian_naive_bayes,subindices_meteorologia,2024-03-21 18:00:00,2024-03-21 19:00:00,0,1,falso_positivo,235.0,77.66666666666666,0.8098845406323946,1.54,77.66666666666666,11.676666666666668,16.26,8.416666666666668,7.7,128.0,17.9,12.0,0.5,1009.2,71,3.9,27.2,5.2
2024-Q1,gaussian_naive_bayes,subindices_meteorologia,2024-03-21 19:00:00,2024-03-21 20:00:00,0,1,falso_positivo,234.0,78.5,0.8234715790612185,1.6,78.5,11.186666666666667,15.573333333333332,8.35,8.0,117.0,14.1,9.6,8.2,1012.5,92,3.8,22.9,14.5
2024-Q1,gaussian_naive_bayes,poluentes_subindices_meteorologia,2024-01-03 14:00:00,2024-01-03 15:00:00,0,1,falso_positivo,153.0,34.6,0.5890951661640066,0.5599999999999999,34.6,9.303333333333336,12.0,4.408333333333333,2.8,93.0,11.5,7.4,14.4,1010.9,88,2.3,22.2,16.4
2024-Q1,gaussian_naive_bayes,poluentes_subindices_meteorologia,2024-01-08 14:00:00,2024-01-08 15:00:00,0,1,falso_positivo,151.0,74.83333333333333,0.6434433198793021,0.34,74.83333333333333,10.023333333333335,13.38,7.2,1.7,156.0,12.9,8.8,0.0,1010.9,46,3.3,31.9,11.6
2024-Q1,gaussian_naive_bayes,poluentes_subindices_meteorologia,2024-01-08 21:00:00,2024-01-08 22:00:00,0,1,falso_positivo,213.0,104.66666666666666,0.6997324790844296,1.94,104.66666666666666,11.923333333333334,16.28666666666667,7.916666666666667,9.7,83.0,21.5,14.8,0.0,1013.6,82,4.7,23.6,6.1
2024-Q1,gaussian_naive_bayes,poluentes_subindices_meteorologia,2024-01-09 12:00:00,2024-01-09 13:00:00,0,1,falso_positivo,190.0,53.66666666666666,0.8593801806231102,0.5,53.66666666666666,14.866666666666667,20.60666666666667,9.966666666666669,2.5,200.0,24.7,17.2,0.0,1013.7,51,7.0,30.6,8.7
2024-Q1,gaussian_naive_bayes,poluentes_subindices_meteorologia,2024-01-09 23:00:00,2024-01-10 00:00:00,0,1,falso_positivo,244.0,108.33333333333331,0.8127960488671425,1.9,108.33333333333331,16.59,23.04666666666667,10.5,9.5,103.0,19.0,13.2,0.0,1015.1,77,4.6,24.2,6.8
2024-Q1,gaussian_naive_bayes,poluentes_subindices_meteorologia,2024-01-10 00:00:00,2024-01-10 01:00:00,0,1,falso_positivo,253.0,90.33333333333331,0.8462783935667443,2.1,90.33333333333331,16.70666666666667,23.21333333333333,10.55,10.5,88.0,20.6,14.4,0.0,1015.2,93,5.1,22.1,4.7
2024-Q1,gaussian_naive_bayes,poluentes_subindices_meteorologia,2024-01-10 14:00:00,2024-01-10 15:00:00,0,1,falso_positivo,191.0,82.0,0.8147370543569746,0.26,82.0,15.163333333333336,21.04666666666667,10.716666666666669,1.3,156.0,14.1,9.7,0.0,1011.8,44,3.1,31.2,6.2
2024-Q1,gaussian_naive_bayes,poluentes_subindices_meteorologia,2024-01-10 21:00:00,2024-01-10 22:00:00,0,1,falso_positivo,224.0,105.5,0.8288093441582565,1.5,105.5,14.196666666666667,19.653333333333336,9.808333333333334,7.5,118.0,16.4,11.4,0.1,1015.1,93,2.8,22.6,3.0
2024-Q1,gaussian_naive_bayes,poluentes_subindices_meteorologia,2024-01-10 22:00:00,2024-01-10 23:00:00,0,1,falso_positivo,215.0,97.66666666666666,0.8404553770972484,1.4,97.66666666666666,14.066666666666666,19.480000000000004,9.725,7.0,109.0,13.8,9.6,0.0,1015.6,84,2.9,23.7,2.6
2024-Q1,gaussian_naive_bayes,poluentes_subindices_meteorologia,2024-01-11 19:00:00,2024-01-11 20:00:00,0,1,falso_positivo,175.0,47.833333333333336,0.6439285712517602,1.12,47.833333333333336,8.06,11.266666666666667,6.016666666666666,5.6,88.0,10.9,7.7,16.5,1011.8,87,2.7,22.9,10.8
2024-Q1,gaussian_naive_bayes,poluentes_subindices_meteorologia,2024-01-17 14:00:00,2024-01-17 15:00:00,0,1,falso_positivo,192.0,74.66666666666666,0.8103697920048526,0.4,74.66666666666666,9.44,13.193333333333335,7.116666666666667,2.0,152.0,14.2,9.8,0.0,1013.3,54,3.2,31.0,13.9
2024-Q1,gaussian_naive_bayes,poluentes_subindices_meteorologia,2024-01-17 15:00:00,2024-01-17 16:00:00,0,1,falso_positivo,198.0,90.0,0.7846514692645788,0.48,90.0,9.536666666666669,13.3,7.233333333333333,2.4,150.0,14.4,9.7,2.2,1014.9,78,3.1,25.4,23.1
2024-Q1,gaussian_naive_bayes,poluentes_subindices_meteorologia,2024-01-17 16:00:00,2024-01-17 17:00:00,0,1,falso_positivo,201.0,96.83333333333331,0.767667671228549,0.6200000000000001,96.83333333333331,9.63,13.406666666666666,7.341666666666666,3.1,142.0,14.2,9.5,0.5,1014.3,86,3.0,25.0,9.0
2024-Q1,gaussian_naive_bayes,poluentes_subindices_meteorologia,2024-01-17 17:00:00,2024-01-17 18:00:00,0,1,falso_positivo,204.0,97.33333333333331,0.761359403386595,0.82,97.33333333333331,9.626666666666669,13.373333333333331,7.441666666666666,4.1,131.0,13.5,9.0,0.0,1014.1,83,3.0,25.7,4.7
2024-Q1,gaussian_naive_bayes,poluentes_subindices_meteorologia,2024-01-17 18:00:00,2024-01-17 19:00:00,0,1,falso_positivo,211.0,95.0,0.763300408876427,1.08,95.0,9.593333333333334,13.306666666666668,7.524999999999999,5.4,119.0,12.6,8.5,0.0,1014.2,82,3.0,25.8,3.4
2024-Q1,gaussian_naive_bayes,poluentes_subindices_meteorologia,2024-01-17 19:00:00,2024-01-17 20:00:00,0,1,falso_positivo,221.0,89.83333333333333,0.7764021959327928,1.4,89.83333333333333,9.543333333333337,13.213333333333336,7.575,7.0,109.0,12.7,8.6,0.0,1014.7,89,3.1,24.7,3.1
2024-Q1,gaussian_naive_bayes,poluentes_subindices_meteorologia,2024-01-18 13:00:00,2024-01-18 14:00:00,0,1,falso_positivo,214.0,69.16666666666666,0.9933095594215168,0.4,69.16666666666666,15.26,21.14666666666667,9.516666666666667,2.0,173.0,20.8,14.4,0.0,1012.7,52,5.2,31.5,12.0
2024-Q1,gaussian_naive_bayes,poluentes_subindices_meteorologia,2024-01-18 19:00:00,2024-01-18 20:00:00,0,1,falso_positivo,205.0,105.66666666666666,0.7904744857340747,0.9,105.66666666666666,15.51,21.55333333333333,9.308333333333334,4.5,123.0,13.4,9.2,0.0,1013.3,90,2.0,24.8,8.8
2024-Q1,gaussian_naive_bayes,poluentes_subindices_meteorologia,2024-01-18 20:00:00,2024-01-18 21:00:00,0,1,falso_positivo,204.0,93.0,0.7793137041675409,1.0,93.0,15.473333333333333,21.513333333333332,9.191666666666666,5.0,105.0,11.7,8.1,0.6,1013.9,91,1.9,23.6,4.0
2024-Q1,gaussian_naive_bayes,poluentes_subindices_meteorologia,2024-01-19 15:00:00,2024-01-19 16:00:00,0,1,falso_positivo,203.0,56.83333333333333,0.7778579500501669,0.48,56.83333333333333,10.77,14.986666666666665,7.791666666666667,2.4,140.0,18.7,13.0,3.3,1010.1,69,4.3,27.7,17.8
2024-Q1,gaussian_naive_bayes,poluentes_subindices_meteorologia,2024-01-19 17:00:00,2024-01-19 18:00:00,0,1,falso_positivo,216.0,72.33333333333333,0.7841662178921208,1.08,72.33333333333333,11.216666666666669,15.633333333333336,8.141666666666667,5.4,124.0,21.9,15.3,2.4,1009.1,69,4.6,27.9,9.5
2024-Q1,gaussian_naive_bayes,poluentes_subindices_meteorologia,2024-01-19 18:00:00,2024-01-19 19:00:00,0,1,falso_positivo,223.0,75.83333333333333,0.7958122508311127,1.4,75.83333333333333,11.44,15.953333333333331,8.366666666666665,7.0,111.0,21.0,14.6,11.5,1010.6,86,4.8,24.5,5.0
2024-Q1,gaussian_naive_bayes,poluentes_subindices_meteorologia,2024-01-28 18:00:00,2024-01-28 19:00:00,0,1,falso_positivo,112.0,28.8,0.4469165140338139,0.7400000000000001,28.8,8.1,11.0,3.858333333333333,3.7,61.0,7.5,5.0,7.1,1014.7,90,1.7,19.7,15.7
2024-Q1,gaussian_naive_bayes,poluentes_subindices_meteorologia,2024-01-29 15:00:00,2024-01-29 16:00:00,0,1,falso_positivo,151.0,86.5,0.7060407469263835,0.44,86.5,11.013333333333335,15.28,5.258333333333334,2.2,134.0,11.8,8.1,0.0,1013.0,63,3.0,25.5,9.8
2024-Q1,gaussian_naive_bayes,poluentes_subindices_meteorologia,2024-01-29 16:00:00,2024-01-29 17:00:00,0,1,falso_positivo,150.0,94.5,0.6677058885022019,0.52,94.5,11.066666666666668,15.366666666666667,5.308333333333334,2.6,131.0,12.3,8.4,0.1,1012.1,60,2.9,27.1,8.3
2024-Q1,gaussian_naive_bayes,poluentes_subindices_meteorologia,2024-01-29 17:00:00,2024-01-29 18:00:00,0,1,falso_positivo,154.0,94.83333333333331,0.6448990739966761,0.6400000000000001,94.83333333333331,11.170000000000002,15.520000000000003,5.391666666666667,3.2,129.0,12.5,8.6,2.0,1012.9,71,2.9,24.3,8.4
2024-Q1,gaussian_naive_bayes,poluentes_subindices_meteorologia,2024-01-29 18:00:00,2024-01-29 19:00:00,0,1,falso_positivo,164.0,92.66666666666669,0.6303415328229363,0.9,92.66666666666669,11.346666666666666,15.773333333333332,5.5,4.5,123.0,12.8,8.8,0.5,1013.4,81,3.0,22.3,12.3
2024-Q1,gaussian_naive_bayes,poluentes_subindices_meteorologia,2024-01-30 13:00:00,2024-01-30 14:00:00,0,1,falso_positivo,183.0,61.66666666666666,0.7895039829891588,0.4599999999999999,61.66666666666666,13.393333333333334,18.646666666666672,8.191666666666666,2.3,180.0,23.1,16.0,0.1,1013.1,46,5.6,28.4,15.2
2024-Q1,gaussian_naive_bayes,poluentes_subindices_meteorologia,2024-01-30 23:00:00,2024-01-31 00:00:00,0,1,falso_positivo,306.0,111.16666666666666,1.0267919041211186,3.1,111.16666666666666,17.916666666666668,24.85333333333333,9.966666666666669,15.5,84.0,29.0,20.3,0.0,1014.2,82,4.5,21.3,4.7
2024-Q1,gaussian_naive_bayes,poluentes_subindices_meteorologia,2024-01-31 00:00:00,2024-01-31 01:00:00,0,1,falso_positivo,305.0,89.33333333333333,1.0791990523465822,2.9000000000000004,89.33333333333333,18.20666666666667,25.26,10.058333333333334,14.5,68.0,27.4,19.2,0.0,1014.2,91,4.2,20.1,5.3
2024-Q1,gaussian_naive_bayes,poluentes_subindices_meteorologia,2024-01-31 13:00:00,2024-01-31 14:00:00,0,1,falso_positivo,191.0,50.66666666666666,1.1670295507614794,0.34,50.66666666666666,24.323333333333338,33.74,11.675,1.7,147.0,33.9,23.5,0.0,1014.3,56,5.0,27.9,4.1
2024-Q1,gaussian_naive_bayes,poluentes_subindices_meteorologia,2024-01-31 14:00:00,2024-01-31 15:00:00,0,1,falso_positivo,190.0,72.5,1.0583332433308883,0.4,72.5,24.616666666666667,34.14666666666667,11.608333333333333,2.0,146.0,33.1,22.9,3.2,1016.2,81,4.6,22.3,11.9
2024-Q1,gaussian_naive_bayes,poluentes_subindices_meteorologia,2024-01-31 15:00:00,2024-01-31 16:00:00,0,1,falso_positivo,194.0,87.66666666666667,0.9588567119769992,0.5,87.66666666666667,24.786666666666665,34.38666666666668,11.516666666666666,2.5,145.0,30.5,21.1,0.1,1014.4,78,4.2,23.3,6.0
2024-Q1,gaussian_naive_bayes,poluentes_subindices_meteorologia,2024-01-31 16:00:00,2024-01-31 17:00:00,0,1,falso_positivo,204.0,94.0,0.8802459896388038,0.6400000000000001,94.0,24.916666666666668,34.57333333333334,11.391666666666666,3.2,148.0,30.2,20.8,0.0,1014.0,73,3.8,24.6,5.5
2024-Q1,gaussian_naive_bayes,poluentes_subindices_meteorologia,2024-01-31 19:00:00,2024-01-31 20:00:00,0,1,falso_positivo,225.0,102.33333333333331,0.8026057700455246,1.04,102.33333333333331,24.816666666666663,34.480000000000004,10.783333333333331,5.2,140.0,26.0,18.0,2.7,1015.3,81,2.9,22.1,7.0
2024-Q1,gaussian_naive_bayes,poluentes_subindices_meteorologia,2024-01-31 20:00:00,2024-01-31 21:00:00,0,1,falso_positivo,217.0,98.66666666666666,0.8093992892599365,1.06,98.66666666666666,24.39,33.9,10.5,5.3,124.0,21.3,14.8,0.3,1015.8,88,2.7,21.4,4.2
2024-Q1,gaussian_naive_bayes,poluentes_subindices_meteorologia,2024-01-31 21:00:00,2024-01-31 22:00:00,0,1,falso_positivo,234.0,87.83333333333333,0.8302650982756304,1.56,87.83333333333333,24.236666666666668,33.70000000000001,10.391666666666667,7.8,82.0,26.6,18.6,0.0,1016.4,92,3.9,20.6,4.8
2024-Q1,gaussian_naive_bayes,poluentes_subindices_meteorologia,2024-02-01 11:00:00,2024-02-01 12:00:00,0,1,falso_positivo,282.0,36.68666666666666,1.3237657440654118,0.66,34.2,26.35333333333334,36.68666666666666,9.583333333333334,3.3,175.0,35.5,24.6,0.2,1018.3,63,6.0,25.0,2.9
2024-Q1,gaussian_naive_bayes,poluentes_subindices_meteorologia,2024-02-01 12:00:00,2024-02-01 13:00:00,0,1,falso_positivo,256.0,48.83333333333333,1.2732996013297804,0.42,48.83333333333333,26.21333333333334,36.48666666666667,9.374999999999998,2.1,179.0,30.3,20.8,0.0,1017.8,59,3.3,25.7,6.7
2024-Q1,gaussian_naive_bayes,poluentes_subindices_meteorologia,2024-02-01 13:00:00,2024-02-01 14:00:00,0,1,falso_positivo,235.0,76.33333333333333,1.205364409185661,0.36,76.33333333333333,25.96333333333333,36.120000000000005,9.133333333333333,1.8,170.0,26.4,18.0,0.6,1018.0,68,2.1,23.9,13.2
2024-Q1,gaussian_naive_bayes,poluentes_subindices_meteorologia,2024-02-01 18:00:00,2024-02-01 19:00:00,0,1,falso_positivo,183.0,105.33333333333331,0.8491899018014922,0.6400000000000001,105.33333333333331,23.76,32.92,8.058333333333332,3.2,119.0,12.0,7.7,0.0,1016.4,81,0.9,22.1,10.7
2024-Q1,gaussian_naive_bayes,poluentes_subindices_meteorologia,2024-02-01 19:00:00,2024-02-01 20:00:00,0,1,falso_positivo,184.0,94.33333333333331,0.8016352673006086,0.82,94.33333333333331,23.256666666666664,32.18666666666667,7.899999999999999,4.1,109.0,10.9,7.0,0.0,1017.1,89,1.0,20.5,7.5
2024-Q1,gaussian_naive_bayes,poluentes_subindices_meteorologia,2024-02-02 13:00:00,2024-02-02 14:00:00,0,1,falso_positivo,128.0,36.55,0.5546423187194889,0.2799999999999999,36.55,10.69,14.26,1.75,1.4,82.0,7.8,5.1,11.4,1020.2,76,0.8,22.9,12.1
2024-Q1,gaussian_naive_bayes,poluentes_subindices_meteorologia,2024-02-04 14:00:00,2024-02-04 15:00:00,0,1,falso_positivo,215.0,50.5,0.8880100115981319,0.52,50.5,10.666666666666668,14.793333333333337,7.475,2.6,177.0,24.1,16.7,9.0,1018.0,79,6.2,23.4,21.5
2024-Q1,gaussian_naive_bayes,poluentes_subindices_meteorologia,2024-02-04 15:00:00,2024-02-04 16:00:00,0,1,falso_positivo,225.0,77.16666666666666,0.8540424155260722,0.6200000000000001,77.16666666666666,11.260000000000002,15.633333333333336,7.899999999999999,3.1,186.0,26.3,18.3,3.9,1017.7,90,6.6,21.7,7.6
2024-Q1,gaussian_naive_bayes,poluentes_subindices_meteorologia,2024-02-04 19:00:00,2024-02-04 20:00:00,0,1,falso_positivo,229.0,106.5,0.8389996229798743,1.74,106.5,13.443333333333335,18.74,9.233333333333333,8.7,104.0,23.4,16.3,0.1,1017.0,92,5.0,21.4,7.7
2024-Q1,gaussian_naive_bayes,poluentes_subindices_meteorologia,2024-02-04 20:00:00,2024-02-04 21:00:00,0,1,falso_positivo,242.0,98.5,0.8622916888578581,2.08,98.5,13.846666666666668,19.306666666666665,9.491666666666667,10.4,86.0,21.8,15.2,0.0,1017.1,96,4.9,20.7,7.7
2024-Q1,gaussian_naive_bayes,poluentes_subindices_meteorologia,2024-02-05 12:00:00,2024-02-05 13:00:00,0,1,falso_positivo,238.0,53.33333333333333,1.11122564292881,0.52,53.33333333333333,16.256666666666668,22.766666666666666,13.658333333333331,2.6,202.0,16.2,11.3,0.0,1016.6,52,9.1,27.6,2.2
2024-Q1,gaussian_naive_bayes,poluentes_subindices_meteorologia,2024-02-05 21:00:00,2024-02-05 22:00:00,0,1,falso_positivo,317.0,114.0,0.9447844221757172,1.94,114.0,13.446666666666667,18.820000000000004,12.949999999999998,9.7,116.0,18.3,12.6,0.0,1017.0,78,3.1,20.8,8.0
2024-Q1,gaussian_naive_bayes,poluentes_subindices_meteorologia,2024-02-05 22:00:00,2024-02-05 23:00:00,0,1,falso_positivo,328.0,99.33333333333331,0.9933095594215168,2.14,99.33333333333331,13.576666666666668,18.980000000000004,12.758333333333333,10.7,111.0,19.8,13.6,0.0,1017.9,76,2.7,20.1,6.0
2024-Q1,gaussian_naive_bayes,poluentes_subindices_meteorologia,2024-02-06 12:00:00,2024-02-06 13:00:00,0,1,falso_positivo,261.0,68.66666666666666,1.3819959087603713,0.4,68.66666666666666,17.10666666666667,23.760000000000005,7.458333333333333,2.0,191.0,17.0,11.7,0.0,1018.2,55,5.3,27.8,7.4
2024-Q1,gaussian_naive_bayes,poluentes_subindices_meteorologia,2024-02-06 21:00:00,2024-02-06 22:00:00,0,1,falso_positivo,306.0,108.33333333333331,1.0146606198096688,1.5,108.33333333333331,17.029999999999998,23.4,5.616666666666666,7.5,102.0,13.3,9.1,0.0,1017.9,93,1.7,20.2,5.1
2024-Q1,gaussian_naive_bayes,poluentes_subindices_meteorologia,2024-02-06 22:00:00,2024-02-06 23:00:00,0,1,falso_positivo,305.0,94.5,1.0408641939224006,1.4400000000000002,94.5,16.836666666666666,23.126666666666665,5.541666666666667,7.2,99.0,14.0,9.5,0.0,1018.3,95,1.8,19.9,4.1
2024-Q1,gaussian_naive_bayes,poluentes_subindices_meteorologia,2024-02-07 15:00:00,2024-02-07 16:00:00,0,1,falso_positivo,187.0,80.0,0.8389996229798743,0.32,80.0,15.693333333333335,21.28,4.633333333333334,1.6,139.0,21.7,14.3,0.0,1012.7,51,2.8,28.9,11.7
2024-Q1,gaussian_naive_bayes,poluentes_subindices_meteorologia,2024-02-07 16:00:00,2024-02-07 17:00:00,0,1,falso_positivo,184.0,85.66666666666667,0.7870777261268688,0.44,85.66666666666667,15.96,21.613333333333337,4.683333333333334,2.2,132.0,21.1,13.7,0.0,1012.8,72,2.6,26.5,18.3
2024-Q1,gaussian_naive_bayes,poluentes_subindices_meteorologia,2024-02-07 17:00:00,2024-02-07 18:00:00,0,1,falso_positivo,181.0,85.0,0.7545658841721831,0.6000000000000001,85.0,16.23,21.953333333333333,4.733333333333333,3.0,120.0,20.7,13.3,0.0,1012.6,73,2.4,25.1,18.1
2024-Q1,gaussian_naive_bayes,poluentes_subindices_meteorologia,2024-02-09 13:00:00,2024-02-09 14:00:00,0,1,falso_positivo,183.0,77.0,0.8021205186730667,0.24,77.0,16.12,21.266666666666666,6.608333333333333,1.2,149.0,16.9,11.0,0.0,1015.1,41,3.5,30.5,2.7
2024-Q1,gaussian_naive_bayes,poluentes_subindices_meteorologia,2024-02-09 18:00:00,2024-02-09 19:00:00,0,1,falso_positivo,183.0,100.66666666666666,0.7099227579060474,0.4599999999999999,100.66666666666666,17.133333333333336,22.540000000000003,7.133333333333334,2.3,141.0,21.4,12.9,0.0,1013.9,73,3.9,24.6,16.0
2024-Q1,gaussian_naive_bayes,poluentes_subindices_meteorologia,2024-02-09 19:00:00,2024-02-09 20:00:00,0,1,falso_positivo,190.0,98.33333333333331,0.7050702441814676,0.54,98.33333333333331,17.463333333333335,22.973333333333336,7.266666666666667,2.7,138.0,23.3,14.0,0.0,1014.7,81,4.0,23.1,13.8
2024-Q1,gaussian_naive_bayes,poluentes_subindices_meteorologia,2024-02-09 20:00:00,2024-02-09 21:00:00,0,1,falso_positivo,198.0,95.16666666666669,0.7089522551611315,0.6400000000000001,95.16666666666669,17.783333333333335,23.41333333333333,7.366666666666667,3.2,133.0,24.5,15.0,0.0,1015.7,87,4.0,22.0,10.7
2024-Q1,gaussian_naive_bayes,poluentes_subindices_meteorologia,2024-02-09 21:00:00,2024-02-09 22:00:00,0,1,falso_positivo,210.0,91.5,0.7220540422174975,0.8800000000000001,91.5,17.98,23.686666666666667,7.491666666666667,4.4,127.0,21.8,14.1,0.0,1016.8,92,4.5,21.1,5.7
2024-Q1,gaussian_naive_bayes,poluentes_subindices_meteorologia,2024-02-09 22:00:00,2024-02-09 23:00:00,0,1,falso_positivo,211.0,88.83333333333333,0.7380673375086112,0.8400000000000001,88.83333333333333,18.17333333333333,23.94,7.616666666666667,4.2,129.0,23.1,14.8,0.0,1018.1,93,4.5,21.5,6.1
2024-Q1,gaussian_naive_bayes,poluentes_subindices_meteorologia,2024-02-09 23:00:00,2024-02-10 00:00:00,0,1,falso_positivo,212.0,86.83333333333333,0.7560216382895572,0.76,86.83333333333333,18.333333333333336,24.153333333333336,7.733333333333333,3.8,130.0,22.8,15.0,0.0,1018.3,92,4.4,21.6,7.1
2024-Q1,gaussian_naive_bayes,poluentes_subindices_meteorologia,2024-02-10 00:00:00,2024-02-10 01:00:00,0,1,falso_positivo,213.0,85.0,0.7744611904429609,0.7000000000000001,85.0,18.44666666666667,24.313333333333333,7.833333333333333,3.5,130.0,22.6,15.3,0.0,1017.9,92,4.2,21.1,6.5
2024-Q1,gaussian_naive_bayes,poluentes_subindices_meteorologia,2024-02-10 01:00:00,2024-02-10 02:00:00,0,1,falso_positivo,214.0,82.33333333333333,0.7914449884789907,0.6200000000000001,82.33333333333333,18.53333333333333,24.433333333333337,7.891666666666666,3.1,126.0,23.1,15.7,0.0,1017.6,92,3.6,20.7,8.0
2024-Q1,gaussian_naive_bayes,poluentes_subindices_meteorologia,2024-02-13 17:00:00,2024-02-13 18:00:00,0,1,falso_positivo,192.0,49.33333333333333,0.6783814186962778,0.76,49.33333333333333,10.576666666666668,15.66,5.375,3.8,123.0,15.8,11.1,5.5,1015.2,76,3.4,24.6,3.5
2024-Q1,gaussian_naive_bayes,poluentes_subindices_meteorologia,2024-02-13 18:00:00,2024-02-13 19:00:00,0,1,falso_positivo,200.0,55.83333333333333,0.6909979543801856,0.96,55.83333333333333,10.69,15.78,5.541666666666667,4.8,118.0,15.8,11.1,8.0,1016.0,89,3.6,23.1,9.8
2024-Q1,gaussian_naive_bayes,poluentes_subindices_meteorologia,2024-02-19 13:00:00,2024-02-19 14:00:00,0,1,falso_positivo,216.0,58.66666666666666,0.9549747009973352,0.5599999999999999,58.66666666666666,14.263333333333335,19.62666666666667,9.1,2.8,162.0,26.6,18.3,0.0,1009.2,57,3.3,27.6,10.4
2024-Q1,gaussian_naive_bayes,poluentes_subindices_meteorologia,2024-02-19 14:00:00,2024-02-19 15:00:00,0,1,falso_positivo,195.0,79.16666666666666,0.9263448700223136,0.58,79.16666666666666,14.816666666666666,20.4,9.208333333333334,2.9,141.0,29.3,20.0,0.0,1008.4,61,2.7,26.5,12.3
2024-Q1,gaussian_naive_bayes,poluentes_subindices_meteorologia,2024-02-19 15:00:00,2024-02-19 16:00:00,0,1,falso_positivo,180.0,92.66666666666669,0.8889805143430479,0.6400000000000001,92.66666666666669,15.386666666666668,21.19333333333333,9.283333333333331,3.2,123.0,30.2,20.5,0.7,1008.1,72,2.3,24.8,14.2
2024-Q1,gaussian_naive_bayes,poluentes_subindices_meteorologia,2024-02-19 16:00:00,2024-02-19 17:00:00,0,1,falso_positivo,175.0,99.0,0.8501604045464082,0.7400000000000001,99.0,15.643333333333334,21.55333333333333,9.341666666666669,3.7,116.0,20.3,13.7,0.2,1007.8,73,2.2,24.8,9.8
2024-Q1,gaussian_naive_bayes,poluentes_subindices_meteorologia,2024-02-19 17:00:00,2024-02-19 18:00:00,0,1,falso_positivo,175.0,96.0,0.8103697920048526,0.8800000000000001,96.0,15.873333333333337,21.87333333333333,9.391666666666667,4.4,112.0,18.5,12.5,0.1,1007.7,73,2.3,24.6,10.5
2024-Q1,gaussian_naive_bayes,poluentes_subindices_meteorologia,2024-02-19 18:00:00,2024-02-19 19:00:00,0,1,falso_positivo,175.0,89.5,0.7730054363255868,1.0,89.5,16.103333333333335,22.186666666666667,9.425,5.0,106.0,17.6,11.8,0.0,1007.8,81,2.3,23.1,11.2
2024-Q1,gaussian_naive_bayes,poluentes_subindices_meteorologia,2024-02-20 13:00:00,2024-02-20 14:00:00,0,1,falso_positivo,130.0,27.950000000000003,0.5915214230262966,0.2799999999999999,27.950000000000003,11.403333333333336,15.5,4.158333333333333,1.4,68.0,8.6,5.7,7.1,1008.6,81,1.2,23.6,3.5
2024-Q1,gaussian_naive_bayes,poluentes_subindices_meteorologia,2024-02-21 14:00:00,2024-02-21 15:00:00,0,1,falso_positivo,150.0,26.700000000000003,0.6060789642000364,0.5599999999999999,26.700000000000003,4.663333333333333,6.240000000000001,3.716666666666667,2.8,78.0,9.7,6.5,16.2,1008.7,89,1.8,21.5,21.1
2024-Q1,gaussian_naive_bayes,poluentes_subindices_meteorologia,2024-02-21 15:00:00,2024-02-21 16:00:00,0,1,falso_positivo,144.0,27.85,0.6021969532203725,0.4599999999999999,27.85,4.680000000000001,6.286666666666667,3.758333333333333,2.3,79.0,8.6,5.8,8.1,1008.2,89,1.7,22.0,17.2
2024-Q1,gaussian_naive_bayes,poluentes_subindices_meteorologia,2024-02-23 16:00:00,2024-02-23 17:00:00,0,1,falso_positivo,182.0,38.25,0.767667671228549,0.58,38.25,8.306666666666667,11.533333333333331,5.541666666666667,2.9,110.0,12.5,8.6,7.7,1015.0,92,2.7,21.9,17.1
2024-Q1,gaussian_naive_bayes,poluentes_subindices_meteorologia,2024-02-24 14:00:00,2024-02-24 15:00:00,0,1,falso_positivo,223.0,38.400000000000006,0.8171633112192644,0.6400000000000001,38.400000000000006,9.85,13.753333333333334,7.533333333333332,3.2,151.0,25.8,18.1,17.4,1019.1,82,4.8,24.3,11.5
2024-Q1,gaussian_naive_bayes,poluentes_subindices_meteorologia,2024-02-24 15:00:00,2024-02-24 16:00:00,0,1,falso_positivo,235.0,56.33333333333333,0.8103697920048526,0.8,56.33333333333333,10.37,14.486666666666668,7.766666666666667,4.0,160.0,27.5,19.2,4.4,1018.7,87,5.4,23.3,7.1
2024-Q1,gaussian_naive_bayes,poluentes_subindices_meteorologia,2024-02-24 16:00:00,2024-02-24 17:00:00,0,1,falso_positivo,239.0,73.66666666666666,0.8181338139641806,0.94,73.66666666666666,10.846666666666666,15.166666666666666,8.0,4.7,161.0,26.8,18.8,1.3,1018.0,87,5.5,23.7,7.2
2024-Q1,gaussian_naive_bayes,poluentes_subindices_meteorologia,2024-02-24 17:00:00,2024-02-24 18:00:00,0,1,falso_positivo,240.0,86.5,0.8404553770972484,1.08,86.5,11.246666666666666,15.733333333333334,8.191666666666668,5.4,157.0,26.0,18.2,0.5,1017.9,82,5.2,24.8,4.9
2024-Q1,gaussian_naive_bayes,poluentes_subindices_meteorologia,2024-02-24 18:00:00,2024-02-24 19:00:00,0,1,falso_positivo,246.0,95.66666666666669,0.865688448465064,1.2800000000000002,95.66666666666669,11.616666666666667,16.253333333333334,8.358333333333334,6.4,145.0,25.0,17.5,0.1,1017.7,81,5.0,24.6,1.3
2024-Q1,gaussian_naive_bayes,poluentes_subindices_meteorologia,2024-02-24 19:00:00,2024-02-24 20:00:00,0,1,falso_positivo,261.0,98.5,0.8982002904197498,1.6,98.5,12.063333333333333,16.886666666666667,8.516666666666667,8.0,122.0,25.8,18.1,0.0,1018.3,86,4.8,23.6,3.1
2024-Q1,gaussian_naive_bayes,poluentes_subindices_meteorologia,2024-02-24 20:00:00,2024-02-24 21:00:00,0,1,falso_positivo,280.0,93.83333333333331,0.9379909029613054,2.0,93.83333333333331,12.513333333333334,17.520000000000003,8.666666666666666,10.0,92.0,25.1,17.6,0.0,1018.7,88,4.5,23.1,4.3
2024-Q1,gaussian_naive_bayes,poluentes_subindices_meteorologia,2024-02-27 16:00:00,2024-02-27 17:00:00,0,1,falso_positivo,213.0,77.0,0.8030910214179827,0.7000000000000001,77.0,7.893333333333334,10.74,4.175,3.5,145.0,18.0,12.2,0.0,1010.1,57,4.0,29.5,12.6
2024-Q1,gaussian_naive_bayes,poluentes_subindices_meteorologia,2024-02-27 17:00:00,2024-02-27 18:00:00,0,1,falso_positivo,211.0,87.5,0.8186190653366385,0.8400000000000001,87.5,8.306666666666668,11.326666666666666,4.466666666666667,4.2,137.0,18.0,12.3,0.0,1010.0,62,4.1,28.9,10.2
2024-Q1,gaussian_naive_bayes,poluentes_subindices_meteorologia,2024-02-27 18:00:00,2024-02-27 19:00:00,0,1,falso_positivo,222.0,92.66666666666669,0.8341471092552943,1.2400000000000002,92.66666666666669,8.74,11.946666666666667,4.766666666666667,6.2,124.0,19.3,13.2,0.0,1010.5,70,4.2,27.6,6.9
2024-Q1,gaussian_naive_bayes,poluentes_subindices_meteorologia,2024-02-27 19:00:00,2024-02-27 20:00:00,0,1,falso_positivo,255.0,90.0,0.8579244265057361,2.14,90.0,9.203333333333337,12.6,5.083333333333333,10.7,104.0,20.8,14.2,0.0,1011.0,76,4.5,25.7,7.4
2024-Q1,gaussian_naive_bayes,poluentes_subindices_meteorologia,2024-02-28 13:00:00,2024-02-28 14:00:00,0,1,falso_positivo,243.0,55.83333333333333,0.9714732476609071,0.5599999999999999,55.83333333333333,17.093333333333337,23.686666666666667,12.6,2.8,170.0,24.0,16.8,0.1,1012.2,60,5.8,29.3,16.5
2024-Q1,gaussian_naive_bayes,poluentes_subindices_meteorologia,2024-02-28 14:00:00,2024-02-28 15:00:00,0,1,falso_positivo,236.0,76.66666666666666,0.9530336955075032,0.6000000000000001,76.66666666666666,17.366666666666667,24.073333333333338,12.675,3.0,158.0,23.0,16.1,1.6,1013.5,77,4.9,25.8,18.4
2024-Q1,gaussian_naive_bayes,poluentes_subindices_meteorologia,2024-02-28 18:00:00,2024-02-28 19:00:00,0,1,falso_positivo,230.0,100.5,0.9166398425731536,1.14,100.5,17.493333333333332,24.28666666666667,12.583333333333334,5.7,109.0,17.1,11.7,0.0,1012.5,82,3.6,25.0,2.4
2024-Q1,gaussian_naive_bayes,poluentes_subindices_meteorologia,2024-02-28 19:00:00,2024-02-28 20:00:00,0,1,falso_positivo,238.0,91.16666666666669,0.9122725802210316,1.46,91.16666666666669,17.376666666666665,24.12,12.533333333333331,7.3,98.0,17.3,11.7,0.0,1012.6,86,3.9,24.2,2.5
2024-Q1,gaussian_naive_bayes,poluentes_subindices_meteorologia,2024-02-29 09:00:00,2024-02-29 10:00:00,0,1,falso_positivo,362.0,30.81333333333334,1.6663532130207568,2.26,18.0,22.12333333333333,30.81333333333334,12.466666666666669,11.3,148.0,51.6,35.9,0.0,1015.8,83,16.9,24.8,5.3
2024-Q1,gaussian_naive_bayes,poluentes_subindices_meteorologia,2024-02-29 10:00:00,2024-02-29 11:00:00,0,1,falso_positivo,357.0,32.04666666666667,1.6348118738109871,1.8,25.35,23.016666666666666,32.04666666666667,13.058333333333332,9.0,173.0,46.7,32.4,0.0,1016.1,81,15.4,25.6,7.1
2024-Q1,gaussian_naive_bayes,poluentes_subindices_meteorologia,2024-02-29 11:00:00,2024-02-29 12:00:00,0,1,falso_positivo,349.0,34.65,1.5925950044071415,1.1800000000000002,34.65,23.80333333333333,33.13333333333333,13.533333333333331,5.9,206.0,44.6,31.0,0.1,1015.6,76,13.2,27.0,8.5
2024-Q1,gaussian_naive_bayes,poluentes_subindices_meteorologia,2024-02-29 12:00:00,2024-02-29 13:00:00,0,1,falso_positivo,333.0,57.0,1.533394336967266,0.7400000000000001,57.0,24.450000000000003,34.02,13.883333333333336,3.7,222.0,43.1,29.9,0.1,1014.6,72,10.9,28.1,10.8
2024-Q1,gaussian_naive_bayes,poluentes_subindices_meteorologia,2024-02-29 18:00:00,2024-02-29 19:00:00,0,1,falso_positivo,211.0,118.5,1.0335854233355306,1.42,118.5,25.906666666666663,35.873333333333335,14.233333333333334,7.1,93.0,19.9,13.1,0.4,1012.6,83,3.6,25.0,8.3
2024-Q1,gaussian_naive_bayes,poluentes_subindices_meteorologia,2024-02-29 19:00:00,2024-02-29 20:00:00,0,1,falso_positivo,203.0,97.66666666666666,0.9627387229566632,1.5,97.66666666666666,25.910000000000004,35.85333333333333,14.191666666666668,7.5,81.0,17.4,11.4,0.0,1013.1,91,3.4,23.7,6.1
2024-Q1,gaussian_naive_bayes,poluentes_subindices_meteorologia,2024-03-04 13:00:00,2024-03-04 14:00:00,0,1,falso_positivo,192.0,72.83333333333333,0.8870395088532158,0.38,72.83333333333333,15.68,20.39333333333333,9.05,1.9,169.0,26.2,17.3,0.0,1013.1,64,4.9,28.7,7.1
2024-Q1,gaussian_naive_bayes,poluentes_subindices_meteorologia,2024-03-04 19:00:00,2024-03-04 20:00:00,0,1,falso_positivo,179.0,101.0,0.7060407469263835,1.2400000000000002,101.0,18.953333333333333,24.88666666666667,8.533333333333333,6.2,115.0,23.5,15.0,0.0,1012.9,92,1.9,23.4,15.0
2024-Q1,gaussian_naive_bayes,poluentes_subindices_meteorologia,2024-03-04 20:00:00,2024-03-04 21:00:00,0,1,falso_positivo,181.0,89.83333333333333,0.6953652167323077,1.2800000000000002,89.83333333333333,19.133333333333336,25.18,8.325,6.4,105.0,22.1,14.1,0.0,1014.0,96,1.9,22.3,13.6
2024-Q1,gaussian_naive_bayes,poluentes_subindices_meteorologia,2024-03-05 15:00:00,2024-03-05 16:00:00,0,1,falso_positivo,185.0,59.0,0.7400083429984433,0.78,59.0,13.93,18.480000000000004,5.608333333333333,3.9,129.0,18.8,11.8,15.7,1013.6,81,3.3,24.0,4.3
2024-Q1,gaussian_naive_bayes,poluentes_subindices_meteorologia,2024-03-05 23:00:00,2024-03-06 00:00:00,0,1,falso_positivo,162.0,32.45,0.66333862615008,1.6,32.45,11.876666666666669,15.766666666666666,6.3,8.0,60.0,8.7,5.6,8.2,1016.7,96,3.6,20.1,10.1
2024-Q1,gaussian_naive_bayes,poluentes_subindices_meteorologia,2024-03-14 13:00:00,2024-03-14 14:00:00,0,1,falso_positivo,203.0,55.66666666666666,0.777372698677709,0.5,55.66666666666666,14.923333333333336,19.700000000000003,5.7,2.5,183.0,22.3,15.3,0.0,1014.7,53,6.2,30.4,9.8
2024-Q1,gaussian_naive_bayes,poluentes_subindices_meteorologia,2024-03-14 22:00:00,2024-03-14 23:00:00,0,1,falso_positivo,271.0,116.66666666666666,0.9239186131600235,2.54,116.66666666666666,19.476666666666667,26.093333333333334,8.608333333333333,12.7,101.0,27.1,18.3,0.0,1014.7,95,4.9,22.0,4.5
2024-Q1,gaussian_naive_bayes,poluentes_subindices_meteorologia,2024-03-14 23:00:00,2024-03-15 00:00:00,0,1,falso_positivo,272.0,97.5,0.9520631927625872,2.5600000000000005,97.5,19.74333333333334,26.486666666666668,8.825000000000001,12.8,91.0,26.2,17.8,0.0,1014.5,93,4.7,22.5,3.3
2024-Q1,gaussian_naive_bayes,poluentes_subindices_meteorologia,2024-03-15 13:00:00,2024-03-15 14:00:00,0,1,falso_positivo,167.0,68.0,1.0335854233355306,0.4599999999999999,68.0,21.156666666666663,28.686666666666667,11.3,2.3,164.0,12.2,8.5,0.0,1011.6,46,5.1,31.3,11.9
2024-Q1,gaussian_naive_bayes,poluentes_subindices_meteorologia,2024-03-15 21:00:00,2024-03-15 22:00:00,0,1,falso_positivo,379.0,111.16666666666666,0.9375056515888476,4.7,111.16666666666666,19.540000000000003,26.793333333333337,10.808333333333335,23.5,101.0,32.4,21.7,0.0,1012.5,88,5.8,23.2,7.7
2024-Q1,gaussian_naive_bayes,poluentes_subindices_meteorologia,2024-03-15 22:00:00,2024-03-15 23:00:00,0,1,falso_positivo,404.0,97.0,1.0510544727440183,5.1000000000000005,97.0,19.70666666666667,27.03333333333333,10.891666666666667,25.5,86.0,32.1,21.9,0.0,1013.0,94,5.9,23.2,5.1
2024-Q1,gaussian_naive_bayes,poluentes_subindices_meteorologia,2024-03-16 13:00:00,2024-03-16 14:00:00,0,1,falso_positivo,177.0,61.0,1.2893128966208942,0.42,61.0,22.19333333333334,30.573333333333338,13.358333333333334,2.1,160.0,23.1,16.1,0.0,1010.6,48,4.7,31.1,12.6
2024-Q1,gaussian_naive_bayes,poluentes_subindices_meteorologia,2024-03-16 20:00:00,2024-03-16 21:00:00,0,1,falso_positivo,313.0,110.66666666666666,0.8627769402303161,3.5,110.66666666666666,23.320000000000004,32.326666666666675,13.208333333333336,17.5,114.0,29.0,20.0,0.0,1010.8,76,5.7,25.3,4.4
2024-Q1,gaussian_naive_bayes,poluentes_subindices_meteorologia,2024-03-16 21:00:00,2024-03-16 22:00:00,0,1,falso_positivo,349.0,97.5,0.9462401762930912,4.36,97.5,23.21666666666667,32.22666666666667,13.208333333333334,21.8,81.0,29.3,20.2,0.0,1011.8,84,5.8,24.3,5.2
2024-Q1,gaussian_naive_bayes,poluentes_subindices_meteorologia,2024-03-17 15:00:00,2024-03-17 16:00:00,0,1,falso_positivo,166.0,77.0,0.7836809665196628,0.44,77.0,17.39666666666667,24.22,11.841666666666669,2.2,131.0,12.2,8.6,0.0,1010.5,55,3.2,30.7,8.2
2024-Q1,gaussian_naive_bayes,poluentes_subindices_meteorologia,2024-03-17 16:00:00,2024-03-17 17:00:00,0,1,falso_positivo,182.0,84.0,0.7414640971158172,0.78,84.0,17.036666666666665,23.72,11.741666666666667,3.9,134.0,14.0,9.8,0.1,1011.1,66,3.6,27.6,13.3
2024-Q1,gaussian_naive_bayes,poluentes_subindices_meteorologia,2024-03-17 17:00:00,2024-03-17 18:00:00,0,1,falso_positivo,207.0,86.66666666666667,0.7249655504522454,1.2800000000000002,86.66666666666667,16.830000000000002,23.426666666666662,11.683333333333332,6.4,139.0,18.9,13.1,5.5,1012.3,74,4.3,26.0,6.1
2024-Q1,gaussian_naive_bayes,poluentes_subindices_meteorologia,2024-03-17 18:00:00,2024-03-17 19:00:00,0,1,falso_positivo,228.0,88.66666666666667,0.7269065559420773,1.66,88.66666666666667,16.673333333333332,23.21333333333333,11.65,8.3,140.0,22.4,15.5,3.1,1012.7,84,4.8,24.1,11.2
2024-Q1,gaussian_naive_bayes,poluentes_subindices_meteorologia,2024-03-17 19:00:00,2024-03-17 20:00:00,0,1,falso_positivo,240.0,88.66666666666667,0.7463166108403971,1.8600000000000003,88.66666666666667,16.520000000000003,23.006666666666664,11.6,9.3,136.0,23.9,16.5,0.0,1013.3,89,4.8,23.6,3.7
2024-Q1,gaussian_naive_bayes,poluentes_subindices_meteorologia,2024-03-17 20:00:00,2024-03-17 21:00:00,0,1,falso_positivo,248.0,86.66666666666667,0.7788284527950828,1.94,86.66666666666667,16.38,22.820000000000004,11.508333333333333,9.7,128.0,24.8,17.2,7.6,1014.8,94,4.6,22.3,8.4
2024-Q1,gaussian_naive_bayes,poluentes_subindices_meteorologia,2024-03-18 12:00:00,2024-03-18 13:00:00,0,1,falso_positivo,257.0,39.2,1.1194749162605957,0.7000000000000001,39.2,16.63,23.273333333333337,11.875,3.5,190.0,31.0,21.6,0.1,1013.7,70,8.5,28.4,1.9
2024-Q1,gaussian_naive_bayes,poluentes_subindices_meteorologia,2024-03-18 13:00:00,2024-03-18 14:00:00,0,1,falso_positivo,243.0,65.66666666666666,1.094727096265238,0.58,65.66666666666666,17.1,23.92,12.141666666666667,2.9,176.0,26.1,18.1,0.2,1012.3,62,6.5,30.0,5.4
2024-Q1,gaussian_naive_bayes,poluentes_subindices_meteorologia,2024-03-18 17:00:00,2024-03-18 18:00:00,0,1,falso_positivo,235.0,104.5,0.9501221872727552,1.3,104.5,17.95,25.03333333333334,12.1,6.5,110.0,14.9,10.2,0.0,1012.2,85,3.1,25.0,9.5
2024-Q1,gaussian_naive_bayes,poluentes_subindices_meteorologia,2024-03-18 18:00:00,2024-03-18 19:00:00,0,1,falso_positivo,242.0,97.66666666666666,0.9321678864918094,1.5,97.66666666666666,17.650000000000002,24.613333333333337,11.975,7.5,106.0,13.4,9.2,0.8,1013.2,88,3.3,23.7,7.0
2024-Q1,gaussian_naive_bayes,poluentes_subindices_meteorologia,2024-03-19 14:00:00,2024-03-19 15:00:00,0,1,falso_positivo,246.0,75.33333333333333,0.9671059853087852,0.5599999999999999,75.33333333333333,12.953333333333331,18.066666666666663,8.516666666666667,2.8,174.0,21.1,14.8,0.0,1009.9,59,5.5,30.4,7.3
2024-Q1,gaussian_naive_bayes,poluentes_subindices_meteorologia,2024-03-19 21:00:00,2024-03-19 22:00:00,0,1,falso_positivo,214.0,110.0,1.0044703409880509,1.02,110.0,13.490000000000002,18.886666666666667,9.3,5.1,103.0,10.2,7.1,0.0,1013.8,96,2.8,22.3,5.3
2024-Q1,gaussian_naive_bayes,poluentes_subindices_meteorologia,2024-03-19 22:00:00,2024-03-19 23:00:00,0,1,falso_positivo,214.0,97.0,0.988942297069395,1.04,97.0,13.370000000000005,18.72,9.291666666666666,5.2,96.0,10.0,7.0,0.0,1013.1,97,2.8,22.5,6.4
2024-Q1,gaussian_naive_bayes,poluentes_subindices_meteorologia,2024-03-20 12:00:00,2024-03-20 13:00:00,0,1,falso_positivo,254.0,44.333333333333336,1.0335854233355306,0.54,44.333333333333336,13.846666666666668,19.35333333333333,10.775,2.7,190.0,25.6,17.8,0.0,1010.7,67,8.1,28.8,6.5
2024-Q1,gaussian_naive_bayes,poluentes_subindices_meteorologia,2024-03-20 13:00:00,2024-03-20 14:00:00,0,1,falso_positivo,247.0,71.0,1.0277624068660345,0.44,71.0,14.063333333333333,19.653333333333336,10.875,2.2,191.0,25.4,17.7,0.0,1009.7,64,6.8,29.6,5.2
2024-Q1,gaussian_naive_bayes,poluentes_subindices_meteorologia,2024-03-20 20:00:00,2024-03-20 21:00:00,0,1,falso_positivo,306.0,105.66666666666666,1.0059260951054247,2.64,105.66666666666666,15.633333333333336,21.766666666666666,10.808333333333335,13.2,97.0,28.1,19.5,0.0,1010.9,90,4.3,23.9,7.3
2024-Q1,gaussian_naive_bayes,poluentes_subindices_meteorologia,2024-03-20 21:00:00,2024-03-20 22:00:00,0,1,falso_positivo,309.0,88.66666666666667,1.0360116801978203,2.58,88.66666666666667,16.09,22.41333333333333,10.991666666666667,12.9,89.0,23.9,16.8,0.0,1012.0,94,5.0,23.3,9.4
2024-Q1,gaussian_naive_bayes,poluentes_subindices_meteorologia,2024-03-21 17:00:00,2024-03-21 18:00:00,0,1,falso_positivo,226.0,72.5,0.8001795131832347,1.26,72.5,11.976666666666668,16.7,8.483333333333333,6.3,133.0,16.5,11.4,0.0,1007.5,59,3.9,30.4,9.9
2024-Q1,gaussian_naive_bayes,poluentes_subindices_meteorologia,2024-03-21 18:00:00,2024-03-21 19:00:00,0,1,falso_positivo,235.0,77.66666666666666,0.8098845406323946,1.54,77.66666666666666,11.676666666666668,16.26,8.416666666666668,7.7,128.0,17.9,12.0,0.5,1009.2,71,3.9,27.2,5.2
2024-Q1,gaussian_naive_bayes,poluentes_subindices_meteorologia,2024-03-21 19:00:00,2024-03-21 20:00:00,0,1,falso_positivo,234.0,78.5,0.8234715790612185,1.6,78.5,11.186666666666667,15.573333333333332,8.35,8.0,117.0,14.1,9.6,8.2,1012.5,92,3.8,22.9,14.5
2024-Q1,gaussian_naive_bayes,subindices_sem_iqar_meteorologia,2024-01-03 14:00:00,2024-01-03 15:00:00,0,1,falso_positivo,153.0,34.6,0.5890951661640066,0.5599999999999999,34.6,9.303333333333336,12.0,4.408333333333333,2.8,93.0,11.5,7.4,14.4,1010.9,88,2.3,22.2,16.4
2024-Q1,gaussian_naive_bayes,subindices_sem_iqar_meteorologia,2024-01-08 14:00:00,2024-01-08 15:00:00,0,1,falso_positivo,151.0,74.83333333333333,0.6434433198793021,0.34,74.83333333333333,10.023333333333335,13.38,7.2,1.7,156.0,12.9,8.8,0.0,1010.9,46,3.3,31.9,11.6
2024-Q1,gaussian_naive_bayes,subindices_sem_iqar_meteorologia,2024-01-08 21:00:00,2024-01-08 22:00:00,0,1,falso_positivo,213.0,104.66666666666666,0.6997324790844296,1.94,104.66666666666666,11.923333333333334,16.28666666666667,7.916666666666667,9.7,83.0,21.5,14.8,0.0,1013.6,82,4.7,23.6,6.1
2024-Q1,gaussian_naive_bayes,subindices_sem_iqar_meteorologia,2024-01-09 23:00:00,2024-01-10 00:00:00,0,1,falso_positivo,244.0,108.33333333333331,0.8127960488671425,1.9,108.33333333333331,16.59,23.04666666666667,10.5,9.5,103.0,19.0,13.2,0.0,1015.1,77,4.6,24.2,6.8
2024-Q1,gaussian_naive_bayes,subindices_sem_iqar_meteorologia,2024-01-10 14:00:00,2024-01-10 15:00:00,0,1,falso_positivo,191.0,82.0,0.8147370543569746,0.26,82.0,15.163333333333336,21.04666666666667,10.716666666666669,1.3,156.0,14.1,9.7,0.0,1011.8,44,3.1,31.2,6.2
2024-Q1,gaussian_naive_bayes,subindices_sem_iqar_meteorologia,2024-01-10 21:00:00,2024-01-10 22:00:00,0,1,falso_positivo,224.0,105.5,0.8288093441582565,1.5,105.5,14.196666666666667,19.653333333333336,9.808333333333334,7.5,118.0,16.4,11.4,0.1,1015.1,93,2.8,22.6,3.0
2024-Q1,gaussian_naive_bayes,subindices_sem_iqar_meteorologia,2024-01-10 22:00:00,2024-01-10 23:00:00,0,1,falso_positivo,215.0,97.66666666666666,0.8404553770972484,1.4,97.66666666666666,14.066666666666666,19.480000000000004,9.725,7.0,109.0,13.8,9.6,0.0,1015.6,84,2.9,23.7,2.6
2024-Q1,gaussian_naive_bayes,subindices_sem_iqar_meteorologia,2024-01-11 19:00:00,2024-01-11 20:00:00,0,1,falso_positivo,175.0,47.833333333333336,0.6439285712517602,1.12,47.833333333333336,8.06,11.266666666666667,6.016666666666666,5.6,88.0,10.9,7.7,16.5,1011.8,87,2.7,22.9,10.8
2024-Q1,gaussian_naive_bayes,subindices_sem_iqar_meteorologia,2024-01-17 15:00:00,2024-01-17 16:00:00,0,1,falso_positivo,198.0,90.0,0.7846514692645788,0.48,90.0,9.536666666666669,13.3,7.233333333333333,2.4,150.0,14.4,9.7,2.2,1014.9,78,3.1,25.4,23.1
2024-Q1,gaussian_naive_bayes,subindices_sem_iqar_meteorologia,2024-01-17 17:00:00,2024-01-17 18:00:00,0,1,falso_positivo,204.0,97.33333333333331,0.761359403386595,0.82,97.33333333333331,9.626666666666669,13.373333333333331,7.441666666666666,4.1,131.0,13.5,9.0,0.0,1014.1,83,3.0,25.7,4.7
2024-Q1,gaussian_naive_bayes,subindices_sem_iqar_meteorologia,2024-01-18 19:00:00,2024-01-18 20:00:00,0,1,falso_positivo,205.0,105.66666666666666,0.7904744857340747,0.9,105.66666666666666,15.51,21.55333333333333,9.308333333333334,4.5,123.0,13.4,9.2,0.0,1013.3,90,2.0,24.8,8.8
2024-Q1,gaussian_naive_bayes,subindices_sem_iqar_meteorologia,2024-01-19 15:00:00,2024-01-19 16:00:00,0,1,falso_positivo,203.0,56.83333333333333,0.7778579500501669,0.48,56.83333333333333,10.77,14.986666666666665,7.791666666666667,2.4,140.0,18.7,13.0,3.3,1010.1,69,4.3,27.7,17.8
2024-Q1,gaussian_naive_bayes,subindices_sem_iqar_meteorologia,2024-01-19 17:00:00,2024-01-19 18:00:00,0,1,falso_positivo,216.0,72.33333333333333,0.7841662178921208,1.08,72.33333333333333,11.216666666666669,15.633333333333336,8.141666666666667,5.4,124.0,21.9,15.3,2.4,1009.1,69,4.6,27.9,9.5
2024-Q1,gaussian_naive_bayes,subindices_sem_iqar_meteorologia,2024-01-19 18:00:00,2024-01-19 19:00:00,0,1,falso_positivo,223.0,75.83333333333333,0.7958122508311127,1.4,75.83333333333333,11.44,15.953333333333331,8.366666666666665,7.0,111.0,21.0,14.6,11.5,1010.6,86,4.8,24.5,5.0
2024-Q1,gaussian_naive_bayes,subindices_sem_iqar_meteorologia,2024-01-20 16:00:00,2024-01-20 17:00:00,0,1,falso_positivo,250.0,51.16666666666666,0.9049938096341618,1.16,51.16666666666666,11.356666666666667,15.9,8.608333333333333,5.8,110.0,18.5,12.9,3.7,1009.7,75,4.6,25.1,22.9
2024-Q1,gaussian_naive_bayes,subindices_sem_iqar_meteorologia,2024-01-24 15:00:00,2024-01-24 16:00:00,0,1,falso_positivo,84.0,19.55,0.3183249003324451,0.24,19.55,4.55,5.826666666666668,1.3833333333333335,1.2,50.0,5.1,3.0,6.1,1011.4,84,0.7,20.9,16.7
2024-Q1,gaussian_naive_bayes,subindices_sem_iqar_meteorologia,2024-01-28 18:00:00,2024-01-28 19:00:00,0,1,falso_positivo,112.0,28.8,0.4469165140338139,0.7400000000000001,28.8,8.1,11.0,3.858333333333333,3.7,61.0,7.5,5.0,7.1,1014.7,90,1.7,19.7,15.7
2024-Q1,gaussian_naive_bayes,subindices_sem_iqar_meteorologia,2024-01-29 16:00:00,2024-01-29 17:00:00,0,1,falso_positivo,150.0,94.5,0.6677058885022019,0.52,94.5,11.066666666666668,15.366666666666667,5.308333333333334,2.6,131.0,12.3,8.4,0.1,1012.1,60,2.9,27.1,8.3
2024-Q1,gaussian_naive_bayes,subindices_sem_iqar_meteorologia,2024-01-29 17:00:00,2024-01-29 18:00:00,0,1,falso_positivo,154.0,94.83333333333331,0.6448990739966761,0.6400000000000001,94.83333333333331,11.170000000000002,15.520000000000003,5.391666666666667,3.2,129.0,12.5,8.6,2.0,1012.9,71,2.9,24.3,8.4
2024-Q1,gaussian_naive_bayes,subindices_sem_iqar_meteorologia,2024-01-30 23:00:00,2024-01-31 00:00:00,0,1,falso_positivo,306.0,111.16666666666666,1.0267919041211186,3.1,111.16666666666666,17.916666666666668,24.85333333333333,9.966666666666669,15.5,84.0,29.0,20.3,0.0,1014.2,82,4.5,21.3,4.7
2024-Q1,gaussian_naive_bayes,subindices_sem_iqar_meteorologia,2024-01-31 14:00:00,2024-01-31 15:00:00,0,1,falso_positivo,190.0,72.5,1.0583332433308883,0.4,72.5,24.616666666666667,34.14666666666667,11.608333333333333,2.0,146.0,33.1,22.9,3.2,1016.2,81,4.6,22.3,11.9
2024-Q1,gaussian_naive_bayes,subindices_sem_iqar_meteorologia,2024-01-31 15:00:00,2024-01-31 16:00:00,0,1,falso_positivo,194.0,87.66666666666667,0.9588567119769992,0.5,87.66666666666667,24.786666666666665,34.38666666666668,11.516666666666666,2.5,145.0,30.5,21.1,0.1,1014.4,78,4.2,23.3,6.0
2024-Q1,gaussian_naive_bayes,subindices_sem_iqar_meteorologia,2024-01-31 16:00:00,2024-01-31 17:00:00,0,1,falso_positivo,204.0,94.0,0.8802459896388038,0.6400000000000001,94.0,24.916666666666668,34.57333333333334,11.391666666666666,3.2,148.0,30.2,20.8,0.0,1014.0,73,3.8,24.6,5.5
2024-Q1,gaussian_naive_bayes,subindices_sem_iqar_meteorologia,2024-01-31 19:00:00,2024-01-31 20:00:00,0,1,falso_positivo,225.0,102.33333333333331,0.8026057700455246,1.04,102.33333333333331,24.816666666666663,34.480000000000004,10.783333333333331,5.2,140.0,26.0,18.0,2.7,1015.3,81,2.9,22.1,7.0
2024-Q1,gaussian_naive_bayes,subindices_sem_iqar_meteorologia,2024-01-31 20:00:00,2024-01-31 21:00:00,0,1,falso_positivo,217.0,98.66666666666666,0.8093992892599365,1.06,98.66666666666666,24.39,33.9,10.5,5.3,124.0,21.3,14.8,0.3,1015.8,88,2.7,21.4,4.2
2024-Q1,gaussian_naive_bayes,subindices_sem_iqar_meteorologia,2024-02-01 13:00:00,2024-02-01 14:00:00,0,1,falso_positivo,235.0,76.33333333333333,1.205364409185661,0.36,76.33333333333333,25.96333333333333,36.120000000000005,9.133333333333333,1.8,170.0,26.4,18.0,0.6,1018.0,68,2.1,23.9,13.2
2024-Q1,gaussian_naive_bayes,subindices_sem_iqar_meteorologia,2024-02-01 18:00:00,2024-02-01 19:00:00,0,1,falso_positivo,183.0,105.33333333333331,0.8491899018014922,0.6400000000000001,105.33333333333331,23.76,32.92,8.058333333333332,3.2,119.0,12.0,7.7,0.0,1016.4,81,0.9,22.1,10.7
2024-Q1,gaussian_naive_bayes,subindices_sem_iqar_meteorologia,2024-02-01 19:00:00,2024-02-01 20:00:00,0,1,falso_positivo,184.0,94.33333333333331,0.8016352673006086,0.82,94.33333333333331,23.256666666666664,32.18666666666667,7.899999999999999,4.1,109.0,10.9,7.0,0.0,1017.1,89,1.0,20.5,7.5
2024-Q1,gaussian_naive_bayes,subindices_sem_iqar_meteorologia,2024-02-02 13:00:00,2024-02-02 14:00:00,0,1,falso_positivo,128.0,36.55,0.5546423187194889,0.2799999999999999,36.55,10.69,14.26,1.75,1.4,82.0,7.8,5.1,11.4,1020.2,76,0.8,22.9,12.1
2024-Q1,gaussian_naive_bayes,subindices_sem_iqar_meteorologia,2024-02-04 14:00:00,2024-02-04 15:00:00,0,1,falso_positivo,215.0,50.5,0.8880100115981319,0.52,50.5,10.666666666666668,14.793333333333337,7.475,2.6,177.0,24.1,16.7,9.0,1018.0,79,6.2,23.4,21.5
2024-Q1,gaussian_naive_bayes,subindices_sem_iqar_meteorologia,2024-02-04 15:00:00,2024-02-04 16:00:00,0,1,falso_positivo,225.0,77.16666666666666,0.8540424155260722,0.6200000000000001,77.16666666666666,11.260000000000002,15.633333333333336,7.899999999999999,3.1,186.0,26.3,18.3,3.9,1017.7,90,6.6,21.7,7.6
2024-Q1,gaussian_naive_bayes,subindices_sem_iqar_meteorologia,2024-02-04 16:00:00,2024-02-04 17:00:00,1,0,falso_negativo,225.0,97.66666666666666,0.8258978359235085,0.82,97.66666666666666,11.86,16.486666666666665,8.308333333333332,4.1,173.0,26.5,18.5,0.9,1017.0,82,6.3,23.2,6.9
2024-Q1,gaussian_naive_bayes,subindices_sem_iqar_meteorologia,2024-02-04 19:00:00,2024-02-04 20:00:00,0,1,falso_positivo,229.0,106.5,0.8389996229798743,1.74,106.5,13.443333333333335,18.74,9.233333333333333,8.7,104.0,23.4,16.3,0.1,1017.0,92,5.0,21.4,7.7
2024-Q1,gaussian_naive_bayes,subindices_sem_iqar_meteorologia,2024-02-05 21:00:00,2024-02-05 22:00:00,0,1,falso_positivo,317.0,114.0,0.9447844221757172,1.94,114.0,13.446666666666667,18.820000000000004,12.949999999999998,9.7,116.0,18.3,12.6,0.0,1017.0,78,3.1,20.8,8.0
2024-Q1,gaussian_naive_bayes,subindices_sem_iqar_meteorologia,2024-02-05 22:00:00,2024-02-05 23:00:00,0,1,falso_positivo,328.0,99.33333333333331,0.9933095594215168,2.14,99.33333333333331,13.576666666666668,18.980000000000004,12.758333333333333,10.7,111.0,19.8,13.6,0.0,1017.9,76,2.7,20.1,6.0
2024-Q1,gaussian_naive_bayes,subindices_sem_iqar_meteorologia,2024-02-06 21:00:00,2024-02-06 22:00:00,0,1,falso_positivo,306.0,108.33333333333331,1.0146606198096688,1.5,108.33333333333331,17.029999999999998,23.4,5.616666666666666,7.5,102.0,13.3,9.1,0.0,1017.9,93,1.7,20.2,5.1
2024-Q1,gaussian_naive_bayes,subindices_sem_iqar_meteorologia,2024-02-07 15:00:00,2024-02-07 16:00:00,0,1,falso_positivo,187.0,80.0,0.8389996229798743,0.32,80.0,15.693333333333335,21.28,4.633333333333334,1.6,139.0,21.7,14.3,0.0,1012.7,51,2.8,28.9,11.7
2024-Q1,gaussian_naive_bayes,subindices_sem_iqar_meteorologia,2024-02-09 13:00:00,2024-02-09 14:00:00,0,1,falso_positivo,183.0,77.0,0.8021205186730667,0.24,77.0,16.12,21.266666666666666,6.608333333333333,1.2,149.0,16.9,11.0,0.0,1015.1,41,3.5,30.5,2.7
2024-Q1,gaussian_naive_bayes,subindices_sem_iqar_meteorologia,2024-02-09 18:00:00,2024-02-09 19:00:00,0,1,falso_positivo,183.0,100.66666666666666,0.7099227579060474,0.4599999999999999,100.66666666666666,17.133333333333336,22.540000000000003,7.133333333333334,2.3,141.0,21.4,12.9,0.0,1013.9,73,3.9,24.6,16.0
2024-Q1,gaussian_naive_bayes,subindices_sem_iqar_meteorologia,2024-02-09 19:00:00,2024-02-09 20:00:00,0,1,falso_positivo,190.0,98.33333333333331,0.7050702441814676,0.54,98.33333333333331,17.463333333333335,22.973333333333336,7.266666666666667,2.7,138.0,23.3,14.0,0.0,1014.7,81,4.0,23.1,13.8
2024-Q1,gaussian_naive_bayes,subindices_sem_iqar_meteorologia,2024-02-13 17:00:00,2024-02-13 18:00:00,0,1,falso_positivo,192.0,49.33333333333333,0.6783814186962778,0.76,49.33333333333333,10.576666666666668,15.66,5.375,3.8,123.0,15.8,11.1,5.5,1015.2,76,3.4,24.6,3.5
2024-Q1,gaussian_naive_bayes,subindices_sem_iqar_meteorologia,2024-02-13 18:00:00,2024-02-13 19:00:00,0,1,falso_positivo,200.0,55.83333333333333,0.6909979543801856,0.96,55.83333333333333,10.69,15.78,5.541666666666667,4.8,118.0,15.8,11.1,8.0,1016.0,89,3.6,23.1,9.8
2024-Q1,gaussian_naive_bayes,subindices_sem_iqar_meteorologia,2024-02-19 14:00:00,2024-02-19 15:00:00,0,1,falso_positivo,195.0,79.16666666666666,0.9263448700223136,0.58,79.16666666666666,14.816666666666666,20.4,9.208333333333334,2.9,141.0,29.3,20.0,0.0,1008.4,61,2.7,26.5,12.3
2024-Q1,gaussian_naive_bayes,subindices_sem_iqar_meteorologia,2024-02-19 15:00:00,2024-02-19 16:00:00,0,1,falso_positivo,180.0,92.66666666666669,0.8889805143430479,0.6400000000000001,92.66666666666669,15.386666666666668,21.19333333333333,9.283333333333331,3.2,123.0,30.2,20.5,0.7,1008.1,72,2.3,24.8,14.2
2024-Q1,gaussian_naive_bayes,subindices_sem_iqar_meteorologia,2024-02-19 16:00:00,2024-02-19 17:00:00,0,1,falso_positivo,175.0,99.0,0.8501604045464082,0.7400000000000001,99.0,15.643333333333334,21.55333333333333,9.341666666666669,3.7,116.0,20.3,13.7,0.2,1007.8,73,2.2,24.8,9.8
2024-Q1,gaussian_naive_bayes,subindices_sem_iqar_meteorologia,2024-02-19 17:00:00,2024-02-19 18:00:00,0,1,falso_positivo,175.0,96.0,0.8103697920048526,0.8800000000000001,96.0,15.873333333333337,21.87333333333333,9.391666666666667,4.4,112.0,18.5,12.5,0.1,1007.7,73,2.3,24.6,10.5
2024-Q1,gaussian_naive_bayes,subindices_sem_iqar_meteorologia,2024-02-19 18:00:00,2024-02-19 19:00:00,0,1,falso_positivo,175.0,89.5,0.7730054363255868,1.0,89.5,16.103333333333335,22.186666666666667,9.425,5.0,106.0,17.6,11.8,0.0,1007.8,81,2.3,23.1,11.2
2024-Q1,gaussian_naive_bayes,subindices_sem_iqar_meteorologia,2024-02-20 13:00:00,2024-02-20 14:00:00,0,1,falso_positivo,130.0,27.950000000000003,0.5915214230262966,0.2799999999999999,27.950000000000003,11.403333333333336,15.5,4.158333333333333,1.4,68.0,8.6,5.7,7.1,1008.6,81,1.2,23.6,3.5
2024-Q1,gaussian_naive_bayes,subindices_sem_iqar_meteorologia,2024-02-21 14:00:00,2024-02-21 15:00:00,0,1,falso_positivo,150.0,26.700000000000003,0.6060789642000364,0.5599999999999999,26.700000000000003,4.663333333333333,6.240000000000001,3.716666666666667,2.8,78.0,9.7,6.5,16.2,1008.7,89,1.8,21.5,21.1
2024-Q1,gaussian_naive_bayes,subindices_sem_iqar_meteorologia,2024-02-21 15:00:00,2024-02-21 16:00:00,0,1,falso_positivo,144.0,27.85,0.6021969532203725,0.4599999999999999,27.85,4.680000000000001,6.286666666666667,3.758333333333333,2.3,79.0,8.6,5.8,8.1,1008.2,89,1.7,22.0,17.2
2024-Q1,gaussian_naive_bayes,subindices_sem_iqar_meteorologia,2024-02-23 16:00:00,2024-02-23 17:00:00,0,1,falso_positivo,182.0,38.25,0.767667671228549,0.58,38.25,8.306666666666667,11.533333333333331,5.541666666666667,2.9,110.0,12.5,8.6,7.7,1015.0,92,2.7,21.9,17.1
2024-Q1,gaussian_naive_bayes,subindices_sem_iqar_meteorologia,2024-02-24 14:00:00,2024-02-24 15:00:00,0,1,falso_positivo,223.0,38.400000000000006,0.8171633112192644,0.6400000000000001,38.400000000000006,9.85,13.753333333333334,7.533333333333332,3.2,151.0,25.8,18.1,17.4,1019.1,82,4.8,24.3,11.5
2024-Q1,gaussian_naive_bayes,subindices_sem_iqar_meteorologia,2024-02-24 15:00:00,2024-02-24 16:00:00,0,1,falso_positivo,235.0,56.33333333333333,0.8103697920048526,0.8,56.33333333333333,10.37,14.486666666666668,7.766666666666667,4.0,160.0,27.5,19.2,4.4,1018.7,87,5.4,23.3,7.1
2024-Q1,gaussian_naive_bayes,subindices_sem_iqar_meteorologia,2024-02-27 17:00:00,2024-02-27 18:00:00,0,1,falso_positivo,211.0,87.5,0.8186190653366385,0.8400000000000001,87.5,8.306666666666668,11.326666666666666,4.466666666666667,4.2,137.0,18.0,12.3,0.0,1010.0,62,4.1,28.9,10.2
2024-Q1,gaussian_naive_bayes,subindices_sem_iqar_meteorologia,2024-02-27 18:00:00,2024-02-27 19:00:00,0,1,falso_positivo,222.0,92.66666666666669,0.8341471092552943,1.2400000000000002,92.66666666666669,8.74,11.946666666666667,4.766666666666667,6.2,124.0,19.3,13.2,0.0,1010.5,70,4.2,27.6,6.9
2024-Q1,gaussian_naive_bayes,subindices_sem_iqar_meteorologia,2024-02-28 14:00:00,2024-02-28 15:00:00,0,1,falso_positivo,236.0,76.66666666666666,0.9530336955075032,0.6000000000000001,76.66666666666666,17.366666666666667,24.073333333333338,12.675,3.0,158.0,23.0,16.1,1.6,1013.5,77,4.9,25.8,18.4
2024-Q1,gaussian_naive_bayes,subindices_sem_iqar_meteorologia,2024-02-28 18:00:00,2024-02-28 19:00:00,0,1,falso_positivo,230.0,100.5,0.9166398425731536,1.14,100.5,17.493333333333332,24.28666666666667,12.583333333333334,5.7,109.0,17.1,11.7,0.0,1012.5,82,3.6,25.0,2.4
2024-Q1,gaussian_naive_bayes,subindices_sem_iqar_meteorologia,2024-02-28 19:00:00,2024-02-28 20:00:00,0,1,falso_positivo,238.0,91.16666666666669,0.9122725802210316,1.46,91.16666666666669,17.376666666666665,24.12,12.533333333333331,7.3,98.0,17.3,11.7,0.0,1012.6,86,3.9,24.2,2.5
2024-Q1,gaussian_naive_bayes,subindices_sem_iqar_meteorologia,2024-02-29 18:00:00,2024-02-29 19:00:00,0,1,falso_positivo,211.0,118.5,1.0335854233355306,1.42,118.5,25.906666666666663,35.873333333333335,14.233333333333334,7.1,93.0,19.9,13.1,0.4,1012.6,83,3.6,25.0,8.3
2024-Q1,gaussian_naive_bayes,subindices_sem_iqar_meteorologia,2024-02-29 19:00:00,2024-02-29 20:00:00,0,1,falso_positivo,203.0,97.66666666666666,0.9627387229566632,1.5,97.66666666666666,25.910000000000004,35.85333333333333,14.191666666666668,7.5,81.0,17.4,11.4,0.0,1013.1,91,3.4,23.7,6.1
2024-Q1,gaussian_naive_bayes,subindices_sem_iqar_meteorologia,2024-03-01 13:00:00,2024-03-01 14:00:00,0,1,falso_positivo,191.0,37.9,0.9913685539316848,0.6200000000000001,37.9,15.936666666666667,21.87333333333333,10.824999999999998,3.1,112.0,13.6,9.4,3.9,1014.0,79,1.9,24.8,16.7
2024-Q1,gaussian_naive_bayes,subindices_sem_iqar_meteorologia,2024-03-04 19:00:00,2024-03-04 20:00:00,0,1,falso_positivo,179.0,101.0,0.7060407469263835,1.2400000000000002,101.0,18.953333333333333,24.88666666666667,8.533333333333333,6.2,115.0,23.5,15.0,0.0,1012.9,92,1.9,23.4,15.0
2024-Q1,gaussian_naive_bayes,subindices_sem_iqar_meteorologia,2024-03-05 15:00:00,2024-03-05 16:00:00,0,1,falso_positivo,185.0,59.0,0.7400083429984433,0.78,59.0,13.93,18.480000000000004,5.608333333333333,3.9,129.0,18.8,11.8,15.7,1013.6,81,3.3,24.0,4.3
2024-Q1,gaussian_naive_bayes,subindices_sem_iqar_meteorologia,2024-03-05 19:00:00,2024-03-05 20:00:00,0,1,falso_positivo,168.0,52.16666666666666,0.6827486810483997,1.2800000000000002,52.16666666666666,13.003333333333334,17.206666666666663,5.883333333333333,6.4,79.0,16.3,10.2,4.3,1014.6,92,2.4,22.2,3.8
2024-Q1,gaussian_naive_bayes,subindices_sem_iqar_meteorologia,2024-03-05 23:00:00,2024-03-06 00:00:00,0,1,falso_positivo,162.0,32.45,0.66333862615008,1.6,32.45,11.876666666666669,15.766666666666666,6.3,8.0,60.0,8.7,5.6,8.2,1016.7,96,3.6,20.1,10.1
2024-Q1,gaussian_naive_bayes,subindices_sem_iqar_meteorologia,2024-03-14 22:00:00,2024-03-14 23:00:00,0,1,falso_positivo,271.0,116.66666666666666,0.9239186131600235,2.54,116.66666666666666,19.476666666666667,26.093333333333334,8.608333333333333,12.7,101.0,27.1,18.3,0.0,1014.7,95,4.9,22.0,4.5
2024-Q1,gaussian_naive_bayes,subindices_sem_iqar_meteorologia,2024-03-14 23:00:00,2024-03-15 00:00:00,0,1,falso_positivo,272.0,97.5,0.9520631927625872,2.5600000000000005,97.5,19.74333333333334,26.486666666666668,8.825000000000001,12.8,91.0,26.2,17.8,0.0,1014.5,93,4.7,22.5,3.3
2024-Q1,gaussian_naive_bayes,subindices_sem_iqar_meteorologia,2024-03-15 13:00:00,2024-03-15 14:00:00,0,1,falso_positivo,167.0,68.0,1.0335854233355306,0.4599999999999999,68.0,21.156666666666663,28.686666666666667,11.3,2.3,164.0,12.2,8.5,0.0,1011.6,46,5.1,31.3,11.9
2024-Q1,gaussian_naive_bayes,subindices_sem_iqar_meteorologia,2024-03-15 21:00:00,2024-03-15 22:00:00,0,1,falso_positivo,379.0,111.16666666666666,0.9375056515888476,4.7,111.16666666666666,19.540000000000003,26.793333333333337,10.808333333333335,23.5,101.0,32.4,21.7,0.0,1012.5,88,5.8,23.2,7.7
2024-Q1,gaussian_naive_bayes,subindices_sem_iqar_meteorologia,2024-03-16 13:00:00,2024-03-16 14:00:00,0,1,falso_positivo,177.0,61.0,1.2893128966208942,0.42,61.0,22.19333333333334,30.573333333333338,13.358333333333334,2.1,160.0,23.1,16.1,0.0,1010.6,48,4.7,31.1,12.6
2024-Q1,gaussian_naive_bayes,subindices_sem_iqar_meteorologia,2024-03-16 20:00:00,2024-03-16 21:00:00,0,1,falso_positivo,313.0,110.66666666666666,0.8627769402303161,3.5,110.66666666666666,23.320000000000004,32.326666666666675,13.208333333333336,17.5,114.0,29.0,20.0,0.0,1010.8,76,5.7,25.3,4.4
2024-Q1,gaussian_naive_bayes,subindices_sem_iqar_meteorologia,2024-03-16 21:00:00,2024-03-16 22:00:00,0,1,falso_positivo,349.0,97.5,0.9462401762930912,4.36,97.5,23.21666666666667,32.22666666666667,13.208333333333334,21.8,81.0,29.3,20.2,0.0,1011.8,84,5.8,24.3,5.2
2024-Q1,gaussian_naive_bayes,subindices_sem_iqar_meteorologia,2024-03-17 14:00:00,2024-03-17 15:00:00,0,1,falso_positivo,164.0,63.66666666666666,0.8521014100362402,0.3,63.66666666666666,17.806666666666665,24.786666666666665,11.966666666666669,1.5,134.0,11.6,8.1,0.0,1010.7,52,3.1,31.8,15.2
2024-Q1,gaussian_naive_bayes,subindices_sem_iqar_meteorologia,2024-03-17 15:00:00,2024-03-17 16:00:00,0,1,falso_positivo,166.0,77.0,0.7836809665196628,0.44,77.0,17.39666666666667,24.22,11.841666666666669,2.2,131.0,12.2,8.6,0.0,1010.5,55,3.2,30.7,8.2
2024-Q1,gaussian_naive_bayes,subindices_sem_iqar_meteorologia,2024-03-17 16:00:00,2024-03-17 17:00:00,0,1,falso_positivo,182.0,84.0,0.7414640971158172,0.78,84.0,17.036666666666665,23.72,11.741666666666667,3.9,134.0,14.0,9.8,0.1,1011.1,66,3.6,27.6,13.3
2024-Q1,gaussian_naive_bayes,subindices_sem_iqar_meteorologia,2024-03-17 17:00:00,2024-03-17 18:00:00,0,1,falso_positivo,207.0,86.66666666666667,0.7249655504522454,1.2800000000000002,86.66666666666667,16.830000000000002,23.426666666666662,11.683333333333332,6.4,139.0,18.9,13.1,5.5,1012.3,74,4.3,26.0,6.1
2024-Q1,gaussian_naive_bayes,subindices_sem_iqar_meteorologia,2024-03-17 18:00:00,2024-03-17 19:00:00,0,1,falso_positivo,228.0,88.66666666666667,0.7269065559420773,1.66,88.66666666666667,16.673333333333332,23.21333333333333,11.65,8.3,140.0,22.4,15.5,3.1,1012.7,84,4.8,24.1,11.2
2024-Q1,gaussian_naive_bayes,subindices_sem_iqar_meteorologia,2024-03-17 20:00:00,2024-03-17 21:00:00,0,1,falso_positivo,248.0,86.66666666666667,0.7788284527950828,1.94,86.66666666666667,16.38,22.820000000000004,11.508333333333333,9.7,128.0,24.8,17.2,7.6,1014.8,94,4.6,22.3,8.4
2024-Q1,gaussian_naive_bayes,subindices_sem_iqar_meteorologia,2024-03-18 17:00:00,2024-03-18 18:00:00,0,1,falso_positivo,235.0,104.5,0.9501221872727552,1.3,104.5,17.95,25.03333333333334,12.1,6.5,110.0,14.9,10.2,0.0,1012.2,85,3.1,25.0,9.5
2024-Q1,gaussian_naive_bayes,subindices_sem_iqar_meteorologia,2024-03-18 18:00:00,2024-03-18 19:00:00,0,1,falso_positivo,242.0,97.66666666666666,0.9321678864918094,1.5,97.66666666666666,17.650000000000002,24.613333333333337,11.975,7.5,106.0,13.4,9.2,0.8,1013.2,88,3.3,23.7,7.0
2024-Q1,gaussian_naive_bayes,subindices_sem_iqar_meteorologia,2024-03-19 21:00:00,2024-03-19 22:00:00,0,1,falso_positivo,214.0,110.0,1.0044703409880509,1.02,110.0,13.490000000000002,18.886666666666667,9.3,5.1,103.0,10.2,7.1,0.0,1013.8,96,2.8,22.3,5.3
2024-Q1,gaussian_naive_bayes,subindices_sem_iqar_meteorologia,2024-03-19 22:00:00,2024-03-19 23:00:00,0,1,falso_positivo,214.0,97.0,0.988942297069395,1.04,97.0,13.370000000000005,18.72,9.291666666666666,5.2,96.0,10.0,7.0,0.0,1013.1,97,2.8,22.5,6.4
2024-Q1,gaussian_naive_bayes,subindices_sem_iqar_meteorologia,2024-03-20 20:00:00,2024-03-20 21:00:00,0,1,falso_positivo,306.0,105.66666666666666,1.0059260951054247,2.64,105.66666666666666,15.633333333333336,21.766666666666666,10.808333333333335,13.2,97.0,28.1,19.5,0.0,1010.9,90,4.3,23.9,7.3
2024-Q1,gaussian_naive_bayes,subindices_sem_iqar_meteorologia,2024-03-21 19:00:00,2024-03-21 20:00:00,0,1,falso_positivo,234.0,78.5,0.8234715790612185,1.6,78.5,11.186666666666667,15.573333333333332,8.35,8.0,117.0,14.1,9.6,8.2,1012.5,92,3.8,22.9,14.5
2024-Q1,gaussian_naive_bayes,poluentes_subindices_sem_iqar_meteorologia,2024-01-03 14:00:00,2024-01-03 15:00:00,0,1,falso_positivo,153.0,34.6,0.5890951661640066,0.5599999999999999,34.6,9.303333333333336,12.0,4.408333333333333,2.8,93.0,11.5,7.4,14.4,1010.9,88,2.3,22.2,16.4
2024-Q1,gaussian_naive_bayes,poluentes_subindices_sem_iqar_meteorologia,2024-01-08 14:00:00,2024-01-08 15:00:00,0,1,falso_positivo,151.0,74.83333333333333,0.6434433198793021,0.34,74.83333333333333,10.023333333333335,13.38,7.2,1.7,156.0,12.9,8.8,0.0,1010.9,46,3.3,31.9,11.6
2024-Q1,gaussian_naive_bayes,poluentes_subindices_sem_iqar_meteorologia,2024-01-08 21:00:00,2024-01-08 22:00:00,0,1,falso_positivo,213.0,104.66666666666666,0.6997324790844296,1.94,104.66666666666666,11.923333333333334,16.28666666666667,7.916666666666667,9.7,83.0,21.5,14.8,0.0,1013.6,82,4.7,23.6,6.1
2024-Q1,gaussian_naive_bayes,poluentes_subindices_sem_iqar_meteorologia,2024-01-09 11:00:00,2024-01-09 12:00:00,0,1,falso_positivo,189.0,34.9,0.8914067712053378,0.78,34.9,14.406666666666666,19.96,9.65,3.9,184.0,24.0,16.8,0.0,1014.8,56,8.3,29.5,10.2
2024-Q1,gaussian_naive_bayes,poluentes_subindices_sem_iqar_meteorologia,2024-01-09 12:00:00,2024-01-09 13:00:00,0,1,falso_positivo,190.0,53.66666666666666,0.8593801806231102,0.5,53.66666666666666,14.866666666666667,20.60666666666667,9.966666666666669,2.5,200.0,24.7,17.2,0.0,1013.7,51,7.0,30.6,8.7
2024-Q1,gaussian_naive_bayes,poluentes_subindices_sem_iqar_meteorologia,2024-01-09 23:00:00,2024-01-10 00:00:00,0,1,falso_positivo,244.0,108.33333333333331,0.8127960488671425,1.9,108.33333333333331,16.59,23.04666666666667,10.5,9.5,103.0,19.0,13.2,0.0,1015.1,77,4.6,24.2,6.8
2024-Q1,gaussian_naive_bayes,poluentes_subindices_sem_iqar_meteorologia,2024-01-10 14:00:00,2024-01-10 15:00:00,0,1,falso_positivo,191.0,82.0,0.8147370543569746,0.26,82.0,15.163333333333336,21.04666666666667,10.716666666666669,1.3,156.0,14.1,9.7,0.0,1011.8,44,3.1,31.2,6.2
2024-Q1,gaussian_naive_bayes,poluentes_subindices_sem_iqar_meteorologia,2024-01-10 21:00:00,2024-01-10 22:00:00,0,1,falso_positivo,224.0,105.5,0.8288093441582565,1.5,105.5,14.196666666666667,19.653333333333336,9.808333333333334,7.5,118.0,16.4,11.4,0.1,1015.1,93,2.8,22.6,3.0
2024-Q1,gaussian_naive_bayes,poluentes_subindices_sem_iqar_meteorologia,2024-01-11 19:00:00,2024-01-11 20:00:00,0,1,falso_positivo,175.0,47.833333333333336,0.6439285712517602,1.12,47.833333333333336,8.06,11.266666666666667,6.016666666666666,5.6,88.0,10.9,7.7,16.5,1011.8,87,2.7,22.9,10.8
2024-Q1,gaussian_naive_bayes,poluentes_subindices_sem_iqar_meteorologia,2024-01-17 14:00:00,2024-01-17 15:00:00,0,1,falso_positivo,192.0,74.66666666666666,0.8103697920048526,0.4,74.66666666666666,9.44,13.193333333333335,7.116666666666667,2.0,152.0,14.2,9.8,0.0,1013.3,54,3.2,31.0,13.9
2024-Q1,gaussian_naive_bayes,poluentes_subindices_sem_iqar_meteorologia,2024-01-17 15:00:00,2024-01-17 16:00:00,0,1,falso_positivo,198.0,90.0,0.7846514692645788,0.48,90.0,9.536666666666669,13.3,7.233333333333333,2.4,150.0,14.4,9.7,2.2,1014.9,78,3.1,25.4,23.1
2024-Q1,gaussian_naive_bayes,poluentes_subindices_sem_iqar_meteorologia,2024-01-17 16:00:00,2024-01-17 17:00:00,0,1,falso_positivo,201.0,96.83333333333331,0.767667671228549,0.6200000000000001,96.83333333333331,9.63,13.406666666666666,7.341666666666666,3.1,142.0,14.2,9.5,0.5,1014.3,86,3.0,25.0,9.0
2024-Q1,gaussian_naive_bayes,poluentes_subindices_sem_iqar_meteorologia,2024-01-18 12:00:00,2024-01-18 13:00:00,0,1,falso_positivo,227.0,42.16666666666666,1.0432904507846903,0.4599999999999999,42.16666666666666,14.973333333333333,20.75333333333333,9.366666666666667,2.3,181.0,21.0,14.7,0.0,1013.4,54,6.3,30.8,11.5
2024-Q1,gaussian_naive_bayes,poluentes_subindices_sem_iqar_meteorologia,2024-01-18 13:00:00,2024-01-18 14:00:00,0,1,falso_positivo,214.0,69.16666666666666,0.9933095594215168,0.4,69.16666666666666,15.26,21.14666666666667,9.516666666666667,2.0,173.0,20.8,14.4,0.0,1012.7,52,5.2,31.5,12.0
2024-Q1,gaussian_naive_bayes,poluentes_subindices_sem_iqar_meteorologia,2024-01-18 19:00:00,2024-01-18 20:00:00,0,1,falso_positivo,205.0,105.66666666666666,0.7904744857340747,0.9,105.66666666666666,15.51,21.55333333333333,9.308333333333334,4.5,123.0,13.4,9.2,0.0,1013.3,90,2.0,24.8,8.8
2024-Q1,gaussian_naive_bayes,poluentes_subindices_sem_iqar_meteorologia,2024-01-19 15:00:00,2024-01-19 16:00:00,0,1,falso_positivo,203.0,56.83333333333333,0.7778579500501669,0.48,56.83333333333333,10.77,14.986666666666665,7.791666666666667,2.4,140.0,18.7,13.0,3.3,1010.1,69,4.3,27.7,17.8
2024-Q1,gaussian_naive_bayes,poluentes_subindices_sem_iqar_meteorologia,2024-01-19 17:00:00,2024-01-19 18:00:00,0,1,falso_positivo,216.0,72.33333333333333,0.7841662178921208,1.08,72.33333333333333,11.216666666666669,15.633333333333336,8.141666666666667,5.4,124.0,21.9,15.3,2.4,1009.1,69,4.6,27.9,9.5
2024-Q1,gaussian_naive_bayes,poluentes_subindices_sem_iqar_meteorologia,2024-01-19 18:00:00,2024-01-19 19:00:00,0,1,falso_positivo,223.0,75.83333333333333,0.7958122508311127,1.4,75.83333333333333,11.44,15.953333333333331,8.366666666666665,7.0,111.0,21.0,14.6,11.5,1010.6,86,4.8,24.5,5.0
2024-Q1,gaussian_naive_bayes,poluentes_subindices_sem_iqar_meteorologia,2024-01-20 16:00:00,2024-01-20 17:00:00,0,1,falso_positivo,250.0,51.16666666666666,0.9049938096341618,1.16,51.16666666666666,11.356666666666667,15.9,8.608333333333333,5.8,110.0,18.5,12.9,3.7,1009.7,75,4.6,25.1,22.9
2024-Q1,gaussian_naive_bayes,poluentes_subindices_sem_iqar_meteorologia,2024-01-28 18:00:00,2024-01-28 19:00:00,0,1,falso_positivo,112.0,28.8,0.4469165140338139,0.7400000000000001,28.8,8.1,11.0,3.858333333333333,3.7,61.0,7.5,5.0,7.1,1014.7,90,1.7,19.7,15.7
2024-Q1,gaussian_naive_bayes,poluentes_subindices_sem_iqar_meteorologia,2024-01-29 17:00:00,2024-01-29 18:00:00,0,1,falso_positivo,154.0,94.83333333333331,0.6448990739966761,0.6400000000000001,94.83333333333331,11.170000000000002,15.520000000000003,5.391666666666667,3.2,129.0,12.5,8.6,2.0,1012.9,71,2.9,24.3,8.4
2024-Q1,gaussian_naive_bayes,poluentes_subindices_sem_iqar_meteorologia,2024-01-30 13:00:00,2024-01-30 14:00:00,0,1,falso_positivo,183.0,61.66666666666666,0.7895039829891588,0.4599999999999999,61.66666666666666,13.393333333333334,18.646666666666672,8.191666666666666,2.3,180.0,23.1,16.0,0.1,1013.1,46,5.6,28.4,15.2
2024-Q1,gaussian_naive_bayes,poluentes_subindices_sem_iqar_meteorologia,2024-01-30 23:00:00,2024-01-31 00:00:00,0,1,falso_positivo,306.0,111.16666666666666,1.0267919041211186,3.1,111.16666666666666,17.916666666666668,24.85333333333333,9.966666666666669,15.5,84.0,29.0,20.3,0.0,1014.2,82,4.5,21.3,4.7
2024-Q1,gaussian_naive_bayes,poluentes_subindices_sem_iqar_meteorologia,2024-01-31 10:00:00,2024-01-31 11:00:00,0,1,falso_positivo,281.0,31.60666666666667,1.3999502095413172,1.2800000000000002,24.450000000000003,22.773333333333333,31.60666666666667,11.625,6.4,130.0,37.3,25.7,0.0,1015.9,75,9.1,25.4,5.1
2024-Q1,gaussian_naive_bayes,poluentes_subindices_sem_iqar_meteorologia,2024-01-31 11:00:00,2024-01-31 12:00:00,0,1,falso_positivo,237.0,32.56666666666667,1.3489988154332275,0.78,29.85,23.47,32.56666666666667,11.725,3.9,139.0,35.4,24.5,0.0,1015.5,68,7.3,26.5,5.1
2024-Q1,gaussian_naive_bayes,poluentes_subindices_sem_iqar_meteorologia,2024-01-31 12:00:00,2024-01-31 13:00:00,0,1,falso_positivo,203.0,36.25,1.2684470876052003,0.42,36.25,23.96333333333333,33.24,11.725,2.1,146.0,34.5,23.8,0.1,1015.2,65,5.8,26.9,2.3
2024-Q1,gaussian_naive_bayes,poluentes_subindices_sem_iqar_meteorologia,2024-01-31 13:00:00,2024-01-31 14:00:00,0,1,falso_positivo,191.0,50.66666666666666,1.1670295507614794,0.34,50.66666666666666,24.323333333333338,33.74,11.675,1.7,147.0,33.9,23.5,0.0,1014.3,56,5.0,27.9,4.1
2024-Q1,gaussian_naive_bayes,poluentes_subindices_sem_iqar_meteorologia,2024-01-31 14:00:00,2024-01-31 15:00:00,0,1,falso_positivo,190.0,72.5,1.0583332433308883,0.4,72.5,24.616666666666667,34.14666666666667,11.608333333333333,2.0,146.0,33.1,22.9,3.2,1016.2,81,4.6,22.3,11.9
2024-Q1,gaussian_naive_bayes,poluentes_subindices_sem_iqar_meteorologia,2024-01-31 15:00:00,2024-01-31 16:00:00,0,1,falso_positivo,194.0,87.66666666666667,0.9588567119769992,0.5,87.66666666666667,24.786666666666665,34.38666666666668,11.516666666666666,2.5,145.0,30.5,21.1,0.1,1014.4,78,4.2,23.3,6.0
2024-Q1,gaussian_naive_bayes,poluentes_subindices_sem_iqar_meteorologia,2024-01-31 16:00:00,2024-01-31 17:00:00,0,1,falso_positivo,204.0,94.0,0.8802459896388038,0.6400000000000001,94.0,24.916666666666668,34.57333333333334,11.391666666666666,3.2,148.0,30.2,20.8,0.0,1014.0,73,3.8,24.6,5.5
2024-Q1,gaussian_naive_bayes,poluentes_subindices_sem_iqar_meteorologia,2024-01-31 19:00:00,2024-01-31 20:00:00,0,1,falso_positivo,225.0,102.33333333333331,0.8026057700455246,1.04,102.33333333333331,24.816666666666663,34.480000000000004,10.783333333333331,5.2,140.0,26.0,18.0,2.7,1015.3,81,2.9,22.1,7.0
2024-Q1,gaussian_naive_bayes,poluentes_subindices_sem_iqar_meteorologia,2024-01-31 20:00:00,2024-01-31 21:00:00,0,1,falso_positivo,217.0,98.66666666666666,0.8093992892599365,1.06,98.66666666666666,24.39,33.9,10.5,5.3,124.0,21.3,14.8,0.3,1015.8,88,2.7,21.4,4.2
2024-Q1,gaussian_naive_bayes,poluentes_subindices_sem_iqar_meteorologia,2024-02-01 09:00:00,2024-02-01 10:00:00,0,1,falso_positivo,329.0,36.58666666666667,1.3621006024895934,1.26,19.200000000000003,26.293333333333337,36.58666666666667,9.65,6.3,156.0,44.1,30.6,0.0,1018.0,81,12.1,22.4,1.9
2024-Q1,gaussian_naive_bayes,poluentes_subindices_sem_iqar_meteorologia,2024-02-01 10:00:00,2024-02-01 11:00:00,0,1,falso_positivo,309.0,36.68,1.3533660777853496,1.0,26.3,26.35,36.68,9.691666666666666,5.0,164.0,39.0,27.1,0.0,1018.7,72,9.6,23.5,2.2
2024-Q1,gaussian_naive_bayes,poluentes_subindices_sem_iqar_meteorologia,2024-02-01 11:00:00,2024-02-01 12:00:00,0,1,falso_positivo,282.0,36.68666666666666,1.3237657440654118,0.66,34.2,26.35333333333334,36.68666666666666,9.583333333333334,3.3,175.0,35.5,24.6,0.2,1018.3,63,6.0,25.0,2.9
2024-Q1,gaussian_naive_bayes,poluentes_subindices_sem_iqar_meteorologia,2024-02-01 12:00:00,2024-02-01 13:00:00,0,1,falso_positivo,256.0,48.83333333333333,1.2732996013297804,0.42,48.83333333333333,26.21333333333334,36.48666666666667,9.374999999999998,2.1,179.0,30.3,20.8,0.0,1017.8,59,3.3,25.7,6.7
2024-Q1,gaussian_naive_bayes,poluentes_subindices_sem_iqar_meteorologia,2024-02-01 13:00:00,2024-02-01 14:00:00,0,1,falso_positivo,235.0,76.33333333333333,1.205364409185661,0.36,76.33333333333333,25.96333333333333,36.120000000000005,9.133333333333333,1.8,170.0,26.4,18.0,0.6,1018.0,68,2.1,23.9,13.2
2024-Q1,gaussian_naive_bayes,poluentes_subindices_sem_iqar_meteorologia,2024-02-01 18:00:00,2024-02-01 19:00:00,0,1,falso_positivo,183.0,105.33333333333331,0.8491899018014922,0.6400000000000001,105.33333333333331,23.76,32.92,8.058333333333332,3.2,119.0,12.0,7.7,0.0,1016.4,81,0.9,22.1,10.7
2024-Q1,gaussian_naive_bayes,poluentes_subindices_sem_iqar_meteorologia,2024-02-02 13:00:00,2024-02-02 14:00:00,0,1,falso_positivo,128.0,36.55,0.5546423187194889,0.2799999999999999,36.55,10.69,14.26,1.75,1.4,82.0,7.8,5.1,11.4,1020.2,76,0.8,22.9,12.1
2024-Q1,gaussian_naive_bayes,poluentes_subindices_sem_iqar_meteorologia,2024-02-04 14:00:00,2024-02-04 15:00:00,0,1,falso_positivo,215.0,50.5,0.8880100115981319,0.52,50.5,10.666666666666668,14.793333333333337,7.475,2.6,177.0,24.1,16.7,9.0,1018.0,79,6.2,23.4,21.5
2024-Q1,gaussian_naive_bayes,poluentes_subindices_sem_iqar_meteorologia,2024-02-04 15:00:00,2024-02-04 16:00:00,0,1,falso_positivo,225.0,77.16666666666666,0.8540424155260722,0.6200000000000001,77.16666666666666,11.260000000000002,15.633333333333336,7.899999999999999,3.1,186.0,26.3,18.3,3.9,1017.7,90,6.6,21.7,7.6
2024-Q1,gaussian_naive_bayes,poluentes_subindices_sem_iqar_meteorologia,2024-02-04 19:00:00,2024-02-04 20:00:00,0,1,falso_positivo,229.0,106.5,0.8389996229798743,1.74,106.5,13.443333333333335,18.74,9.233333333333333,8.7,104.0,23.4,16.3,0.1,1017.0,92,5.0,21.4,7.7
2024-Q1,gaussian_naive_bayes,poluentes_subindices_sem_iqar_meteorologia,2024-02-05 11:00:00,2024-02-05 12:00:00,0,1,falso_positivo,247.0,34.5,1.1495605013529917,1.02,34.5,16.293333333333333,22.813333333333336,13.35,5.1,187.0,18.0,12.6,0.0,1017.4,55,11.3,26.8,3.1
2024-Q1,gaussian_naive_bayes,poluentes_subindices_sem_iqar_meteorologia,2024-02-05 12:00:00,2024-02-05 13:00:00,0,1,falso_positivo,238.0,53.33333333333333,1.11122564292881,0.52,53.33333333333333,16.256666666666668,22.766666666666666,13.658333333333331,2.6,202.0,16.2,11.3,0.0,1016.6,52,9.1,27.6,2.2
2024-Q1,gaussian_naive_bayes,poluentes_subindices_sem_iqar_meteorologia,2024-02-05 21:00:00,2024-02-05 22:00:00,0,1,falso_positivo,317.0,114.0,0.9447844221757172,1.94,114.0,13.446666666666667,18.820000000000004,12.949999999999998,9.7,116.0,18.3,12.6,0.0,1017.0,78,3.1,20.8,8.0
2024-Q1,gaussian_naive_bayes,poluentes_subindices_sem_iqar_meteorologia,2024-02-05 22:00:00,2024-02-05 23:00:00,0,1,falso_positivo,328.0,99.33333333333331,0.9933095594215168,2.14,99.33333333333331,13.576666666666668,18.980000000000004,12.758333333333333,10.7,111.0,19.8,13.6,0.0,1017.9,76,2.7,20.1,6.0
2024-Q1,gaussian_naive_bayes,poluentes_subindices_sem_iqar_meteorologia,2024-02-06 12:00:00,2024-02-06 13:00:00,0,1,falso_positivo,261.0,68.66666666666666,1.3819959087603713,0.4,68.66666666666666,17.10666666666667,23.760000000000005,7.458333333333333,2.0,191.0,17.0,11.7,0.0,1018.2,55,5.3,27.8,7.4
2024-Q1,gaussian_naive_bayes,poluentes_subindices_sem_iqar_meteorologia,2024-02-07 14:00:00,2024-02-07 15:00:00,0,1,falso_positivo,187.0,66.66666666666666,0.9059643123790776,0.2799999999999999,66.66666666666666,15.456666666666669,20.980000000000004,4.608333333333333,1.4,141.0,22.3,14.9,0.0,1013.7,48,2.9,29.1,8.4
2024-Q1,gaussian_naive_bayes,poluentes_subindices_sem_iqar_meteorologia,2024-02-07 15:00:00,2024-02-07 16:00:00,0,1,falso_positivo,187.0,80.0,0.8389996229798743,0.32,80.0,15.693333333333335,21.28,4.633333333333334,1.6,139.0,21.7,14.3,0.0,1012.7,51,2.8,28.9,11.7
2024-Q1,gaussian_naive_bayes,poluentes_subindices_sem_iqar_meteorologia,2024-02-07 16:00:00,2024-02-07 17:00:00,0,1,falso_positivo,184.0,85.66666666666667,0.7870777261268688,0.44,85.66666666666667,15.96,21.613333333333337,4.683333333333334,2.2,132.0,21.1,13.7,0.0,1012.8,72,2.6,26.5,18.3
2024-Q1,gaussian_naive_bayes,poluentes_subindices_sem_iqar_meteorologia,2024-02-09 13:00:00,2024-02-09 14:00:00,0,1,falso_positivo,183.0,77.0,0.8021205186730667,0.24,77.0,16.12,21.266666666666666,6.608333333333333,1.2,149.0,16.9,11.0,0.0,1015.1,41,3.5,30.5,2.7
2024-Q1,gaussian_naive_bayes,poluentes_subindices_sem_iqar_meteorologia,2024-02-09 18:00:00,2024-02-09 19:00:00,0,1,falso_positivo,183.0,100.66666666666666,0.7099227579060474,0.4599999999999999,100.66666666666666,17.133333333333336,22.540000000000003,7.133333333333334,2.3,141.0,21.4,12.9,0.0,1013.9,73,3.9,24.6,16.0
2024-Q1,gaussian_naive_bayes,poluentes_subindices_sem_iqar_meteorologia,2024-02-09 19:00:00,2024-02-09 20:00:00,0,1,falso_positivo,190.0,98.33333333333331,0.7050702441814676,0.54,98.33333333333331,17.463333333333335,22.973333333333336,7.266666666666667,2.7,138.0,23.3,14.0,0.0,1014.7,81,4.0,23.1,13.8
2024-Q1,gaussian_naive_bayes,poluentes_subindices_sem_iqar_meteorologia,2024-02-09 20:00:00,2024-02-09 21:00:00,0,1,falso_positivo,198.0,95.16666666666669,0.7089522551611315,0.6400000000000001,95.16666666666669,17.783333333333335,23.41333333333333,7.366666666666667,3.2,133.0,24.5,15.0,0.0,1015.7,87,4.0,22.0,10.7
2024-Q1,gaussian_naive_bayes,poluentes_subindices_sem_iqar_meteorologia,2024-02-13 17:00:00,2024-02-13 18:00:00,0,1,falso_positivo,192.0,49.33333333333333,0.6783814186962778,0.76,49.33333333333333,10.576666666666668,15.66,5.375,3.8,123.0,15.8,11.1,5.5,1015.2,76,3.4,24.6,3.5
2024-Q1,gaussian_naive_bayes,poluentes_subindices_sem_iqar_meteorologia,2024-02-13 18:00:00,2024-02-13 19:00:00,0,1,falso_positivo,200.0,55.83333333333333,0.6909979543801856,0.96,55.83333333333333,10.69,15.78,5.541666666666667,4.8,118.0,15.8,11.1,8.0,1016.0,89,3.6,23.1,9.8
2024-Q1,gaussian_naive_bayes,poluentes_subindices_sem_iqar_meteorologia,2024-02-19 12:00:00,2024-02-19 13:00:00,0,1,falso_positivo,233.0,38.25,0.9675912366812432,0.7000000000000001,38.25,13.783333333333337,18.94,8.95,3.5,173.0,26.2,18.2,0.1,1010.2,59,4.5,26.6,11.3
2024-Q1,gaussian_naive_bayes,poluentes_subindices_sem_iqar_meteorologia,2024-02-19 13:00:00,2024-02-19 14:00:00,0,1,falso_positivo,216.0,58.66666666666666,0.9549747009973352,0.5599999999999999,58.66666666666666,14.263333333333335,19.62666666666667,9.1,2.8,162.0,26.6,18.3,0.0,1009.2,57,3.3,27.6,10.4
2024-Q1,gaussian_naive_bayes,poluentes_subindices_sem_iqar_meteorologia,2024-02-19 14:00:00,2024-02-19 15:00:00,0,1,falso_positivo,195.0,79.16666666666666,0.9263448700223136,0.58,79.16666666666666,14.816666666666666,20.4,9.208333333333334,2.9,141.0,29.3,20.0,0.0,1008.4,61,2.7,26.5,12.3
2024-Q1,gaussian_naive_bayes,poluentes_subindices_sem_iqar_meteorologia,2024-02-19 15:00:00,2024-02-19 16:00:00,0,1,falso_positivo,180.0,92.66666666666669,0.8889805143430479,0.6400000000000001,92.66666666666669,15.386666666666668,21.19333333333333,9.283333333333331,3.2,123.0,30.2,20.5,0.7,1008.1,72,2.3,24.8,14.2
2024-Q1,gaussian_naive_bayes,poluentes_subindices_sem_iqar_meteorologia,2024-02-19 16:00:00,2024-02-19 17:00:00,0,1,falso_positivo,175.0,99.0,0.8501604045464082,0.7400000000000001,99.0,15.643333333333334,21.55333333333333,9.341666666666669,3.7,116.0,20.3,13.7,0.2,1007.8,73,2.2,24.8,9.8
2024-Q1,gaussian_naive_bayes,poluentes_subindices_sem_iqar_meteorologia,2024-02-19 17:00:00,2024-02-19 18:00:00,0,1,falso_positivo,175.0,96.0,0.8103697920048526,0.8800000000000001,96.0,15.873333333333337,21.87333333333333,9.391666666666667,4.4,112.0,18.5,12.5,0.1,1007.7,73,2.3,24.6,10.5
2024-Q1,gaussian_naive_bayes,poluentes_subindices_sem_iqar_meteorologia,2024-02-20 13:00:00,2024-02-20 14:00:00,0,1,falso_positivo,130.0,27.950000000000003,0.5915214230262966,0.2799999999999999,27.950000000000003,11.403333333333336,15.5,4.158333333333333,1.4,68.0,8.6,5.7,7.1,1008.6,81,1.2,23.6,3.5
2024-Q1,gaussian_naive_bayes,poluentes_subindices_sem_iqar_meteorologia,2024-02-21 14:00:00,2024-02-21 15:00:00,0,1,falso_positivo,150.0,26.700000000000003,0.6060789642000364,0.5599999999999999,26.700000000000003,4.663333333333333,6.240000000000001,3.716666666666667,2.8,78.0,9.7,6.5,16.2,1008.7,89,1.8,21.5,21.1
2024-Q1,gaussian_naive_bayes,poluentes_subindices_sem_iqar_meteorologia,2024-02-21 15:00:00,2024-02-21 16:00:00,0,1,falso_positivo,144.0,27.85,0.6021969532203725,0.4599999999999999,27.85,4.680000000000001,6.286666666666667,3.758333333333333,2.3,79.0,8.6,5.8,8.1,1008.2,89,1.7,22.0,17.2
2024-Q1,gaussian_naive_bayes,poluentes_subindices_sem_iqar_meteorologia,2024-02-23 16:00:00,2024-02-23 17:00:00,0,1,falso_positivo,182.0,38.25,0.767667671228549,0.58,38.25,8.306666666666667,11.533333333333331,5.541666666666667,2.9,110.0,12.5,8.6,7.7,1015.0,92,2.7,21.9,17.1
2024-Q1,gaussian_naive_bayes,poluentes_subindices_sem_iqar_meteorologia,2024-02-24 14:00:00,2024-02-24 15:00:00,0,1,falso_positivo,223.0,38.400000000000006,0.8171633112192644,0.6400000000000001,38.400000000000006,9.85,13.753333333333334,7.533333333333332,3.2,151.0,25.8,18.1,17.4,1019.1,82,4.8,24.3,11.5
2024-Q1,gaussian_naive_bayes,poluentes_subindices_sem_iqar_meteorologia,2024-02-24 15:00:00,2024-02-24 16:00:00,0,1,falso_positivo,235.0,56.33333333333333,0.8103697920048526,0.8,56.33333333333333,10.37,14.486666666666668,7.766666666666667,4.0,160.0,27.5,19.2,4.4,1018.7,87,5.4,23.3,7.1
2024-Q1,gaussian_naive_bayes,poluentes_subindices_sem_iqar_meteorologia,2024-02-24 16:00:00,2024-02-24 17:00:00,0,1,falso_positivo,239.0,73.66666666666666,0.8181338139641806,0.94,73.66666666666666,10.846666666666666,15.166666666666666,8.0,4.7,161.0,26.8,18.8,1.3,1018.0,87,5.5,23.7,7.2
2024-Q1,gaussian_naive_bayes,poluentes_subindices_sem_iqar_meteorologia,2024-02-24 17:00:00,2024-02-24 18:00:00,0,1,falso_positivo,240.0,86.5,0.8404553770972484,1.08,86.5,11.246666666666666,15.733333333333334,8.191666666666668,5.4,157.0,26.0,18.2,0.5,1017.9,82,5.2,24.8,4.9
2024-Q1,gaussian_naive_bayes,poluentes_subindices_sem_iqar_meteorologia,2024-02-24 18:00:00,2024-02-24 19:00:00,0,1,falso_positivo,246.0,95.66666666666669,0.865688448465064,1.2800000000000002,95.66666666666669,11.616666666666667,16.253333333333334,8.358333333333334,6.4,145.0,25.0,17.5,0.1,1017.7,81,5.0,24.6,1.3
2024-Q1,gaussian_naive_bayes,poluentes_subindices_sem_iqar_meteorologia,2024-02-24 19:00:00,2024-02-24 20:00:00,0,1,falso_positivo,261.0,98.5,0.8982002904197498,1.6,98.5,12.063333333333333,16.886666666666667,8.516666666666667,8.0,122.0,25.8,18.1,0.0,1018.3,86,4.8,23.6,3.1
2024-Q1,gaussian_naive_bayes,poluentes_subindices_sem_iqar_meteorologia,2024-02-27 16:00:00,2024-02-27 17:00:00,0,1,falso_positivo,213.0,77.0,0.8030910214179827,0.7000000000000001,77.0,7.893333333333334,10.74,4.175,3.5,145.0,18.0,12.2,0.0,1010.1,57,4.0,29.5,12.6
2024-Q1,gaussian_naive_bayes,poluentes_subindices_sem_iqar_meteorologia,2024-02-27 17:00:00,2024-02-27 18:00:00,0,1,falso_positivo,211.0,87.5,0.8186190653366385,0.8400000000000001,87.5,8.306666666666668,11.326666666666666,4.466666666666667,4.2,137.0,18.0,12.3,0.0,1010.0,62,4.1,28.9,10.2
2024-Q1,gaussian_naive_bayes,poluentes_subindices_sem_iqar_meteorologia,2024-02-27 18:00:00,2024-02-27 19:00:00,0,1,falso_positivo,222.0,92.66666666666669,0.8341471092552943,1.2400000000000002,92.66666666666669,8.74,11.946666666666667,4.766666666666667,6.2,124.0,19.3,13.2,0.0,1010.5,70,4.2,27.6,6.9
2024-Q1,gaussian_naive_bayes,poluentes_subindices_sem_iqar_meteorologia,2024-02-28 12:00:00,2024-02-28 13:00:00,0,1,falso_positivo,247.0,37.65,0.9942800621664328,0.6400000000000001,37.65,16.75,23.20666666666667,12.458333333333334,3.2,172.0,23.7,16.6,0.0,1012.7,59,6.7,29.8,15.9
2024-Q1,gaussian_naive_bayes,poluentes_subindices_sem_iqar_meteorologia,2024-02-28 13:00:00,2024-02-28 14:00:00,0,1,falso_positivo,243.0,55.83333333333333,0.9714732476609071,0.5599999999999999,55.83333333333333,17.093333333333337,23.686666666666667,12.6,2.8,170.0,24.0,16.8,0.1,1012.2,60,5.8,29.3,16.5
2024-Q1,gaussian_naive_bayes,poluentes_subindices_sem_iqar_meteorologia,2024-02-28 14:00:00,2024-02-28 15:00:00,0,1,falso_positivo,236.0,76.66666666666666,0.9530336955075032,0.6000000000000001,76.66666666666666,17.366666666666667,24.073333333333338,12.675,3.0,158.0,23.0,16.1,1.6,1013.5,77,4.9,25.8,18.4
2024-Q1,gaussian_naive_bayes,poluentes_subindices_sem_iqar_meteorologia,2024-02-28 18:00:00,2024-02-28 19:00:00,0,1,falso_positivo,230.0,100.5,0.9166398425731536,1.14,100.5,17.493333333333332,24.28666666666667,12.583333333333334,5.7,109.0,17.1,11.7,0.0,1012.5,82,3.6,25.0,2.4
2024-Q1,gaussian_naive_bayes,poluentes_subindices_sem_iqar_meteorologia,2024-02-29 09:00:00,2024-02-29 10:00:00,0,1,falso_positivo,362.0,30.81333333333334,1.6663532130207568,2.26,18.0,22.12333333333333,30.81333333333334,12.466666666666669,11.3,148.0,51.6,35.9,0.0,1015.8,83,16.9,24.8,5.3
2024-Q1,gaussian_naive_bayes,poluentes_subindices_sem_iqar_meteorologia,2024-02-29 10:00:00,2024-02-29 11:00:00,0,1,falso_positivo,357.0,32.04666666666667,1.6348118738109871,1.8,25.35,23.016666666666666,32.04666666666667,13.058333333333332,9.0,173.0,46.7,32.4,0.0,1016.1,81,15.4,25.6,7.1
2024-Q1,gaussian_naive_bayes,poluentes_subindices_sem_iqar_meteorologia,2024-02-29 11:00:00,2024-02-29 12:00:00,0,1,falso_positivo,349.0,34.65,1.5925950044071415,1.1800000000000002,34.65,23.80333333333333,33.13333333333333,13.533333333333331,5.9,206.0,44.6,31.0,0.1,1015.6,76,13.2,27.0,8.5
2024-Q1,gaussian_naive_bayes,poluentes_subindices_sem_iqar_meteorologia,2024-02-29 12:00:00,2024-02-29 13:00:00,0,1,falso_positivo,333.0,57.0,1.533394336967266,0.7400000000000001,57.0,24.450000000000003,34.02,13.883333333333336,3.7,222.0,43.1,29.9,0.1,1014.6,72,10.9,28.1,10.8
2024-Q1,gaussian_naive_bayes,poluentes_subindices_sem_iqar_meteorologia,2024-02-29 18:00:00,2024-02-29 19:00:00,0,1,falso_positivo,211.0,118.5,1.0335854233355306,1.42,118.5,25.906666666666663,35.873333333333335,14.233333333333334,7.1,93.0,19.9,13.1,0.4,1012.6,83,3.6,25.0,8.3
2024-Q1,gaussian_naive_bayes,poluentes_subindices_sem_iqar_meteorologia,2024-02-29 19:00:00,2024-02-29 20:00:00,0,1,falso_positivo,203.0,97.66666666666666,0.9627387229566632,1.5,97.66666666666666,25.910000000000004,35.85333333333333,14.191666666666668,7.5,81.0,17.4,11.4,0.0,1013.1,91,3.4,23.7,6.1
2024-Q1,gaussian_naive_bayes,poluentes_subindices_sem_iqar_meteorologia,2024-03-04 12:00:00,2024-03-04 13:00:00,0,1,falso_positivo,203.0,50.16666666666666,0.9146988370833216,0.44,50.16666666666666,15.00666666666667,19.513333333333332,8.866666666666667,2.2,172.0,25.4,16.8,0.2,1013.7,64,6.2,28.0,6.6
2024-Q1,gaussian_naive_bayes,poluentes_subindices_sem_iqar_meteorologia,2024-03-04 13:00:00,2024-03-04 14:00:00,0,1,falso_positivo,192.0,72.83333333333333,0.8870395088532158,0.38,72.83333333333333,15.68,20.39333333333333,9.05,1.9,169.0,26.2,17.3,0.0,1013.1,64,4.9,28.7,7.1
2024-Q1,gaussian_naive_bayes,poluentes_subindices_sem_iqar_meteorologia,2024-03-04 19:00:00,2024-03-04 20:00:00,0,1,falso_positivo,179.0,101.0,0.7060407469263835,1.2400000000000002,101.0,18.953333333333333,24.88666666666667,8.533333333333333,6.2,115.0,23.5,15.0,0.0,1012.9,92,1.9,23.4,15.0
2024-Q1,gaussian_naive_bayes,poluentes_subindices_sem_iqar_meteorologia,2024-03-05 15:00:00,2024-03-05 16:00:00,0,1,falso_positivo,185.0,59.0,0.7400083429984433,0.78,59.0,13.93,18.480000000000004,5.608333333333333,3.9,129.0,18.8,11.8,15.7,1013.6,81,3.3,24.0,4.3
2024-Q1,gaussian_naive_bayes,poluentes_subindices_sem_iqar_meteorologia,2024-03-05 23:00:00,2024-03-06 00:00:00,0,1,falso_positivo,162.0,32.45,0.66333862615008,1.6,32.45,11.876666666666669,15.766666666666666,6.3,8.0,60.0,8.7,5.6,8.2,1016.7,96,3.6,20.1,10.1
2024-Q1,gaussian_naive_bayes,poluentes_subindices_sem_iqar_meteorologia,2024-03-14 13:00:00,2024-03-14 14:00:00,0,1,falso_positivo,203.0,55.66666666666666,0.777372698677709,0.5,55.66666666666666,14.923333333333336,19.700000000000003,5.7,2.5,183.0,22.3,15.3,0.0,1014.7,53,6.2,30.4,9.8
2024-Q1,gaussian_naive_bayes,poluentes_subindices_sem_iqar_meteorologia,2024-03-14 22:00:00,2024-03-14 23:00:00,0,1,falso_positivo,271.0,116.66666666666666,0.9239186131600235,2.54,116.66666666666666,19.476666666666667,26.093333333333334,8.608333333333333,12.7,101.0,27.1,18.3,0.0,1014.7,95,4.9,22.0,4.5
2024-Q1,gaussian_naive_bayes,poluentes_subindices_sem_iqar_meteorologia,2024-03-14 23:00:00,2024-03-15 00:00:00,0,1,falso_positivo,272.0,97.5,0.9520631927625872,2.5600000000000005,97.5,19.74333333333334,26.486666666666668,8.825000000000001,12.8,91.0,26.2,17.8,0.0,1014.5,93,4.7,22.5,3.3
2024-Q1,gaussian_naive_bayes,poluentes_subindices_sem_iqar_meteorologia,2024-03-15 12:00:00,2024-03-15 13:00:00,0,1,falso_positivo,175.0,45.333333333333336,1.1286946923372976,0.5599999999999999,45.333333333333336,21.49333333333334,29.140000000000004,11.391666666666666,2.8,158.0,11.6,8.1,0.0,1012.5,47,5.5,30.8,11.0
2024-Q1,gaussian_naive_bayes,poluentes_subindices_sem_iqar_meteorologia,2024-03-15 13:00:00,2024-03-15 14:00:00,0,1,falso_positivo,167.0,68.0,1.0335854233355306,0.4599999999999999,68.0,21.156666666666663,28.686666666666667,11.3,2.3,164.0,12.2,8.5,0.0,1011.6,46,5.1,31.3,11.9
2024-Q1,gaussian_naive_bayes,poluentes_subindices_sem_iqar_meteorologia,2024-03-15 21:00:00,2024-03-15 22:00:00,0,1,falso_positivo,379.0,111.16666666666666,0.9375056515888476,4.7,111.16666666666666,19.540000000000003,26.793333333333337,10.808333333333335,23.5,101.0,32.4,21.7,0.0,1012.5,88,5.8,23.2,7.7
2024-Q1,gaussian_naive_bayes,poluentes_subindices_sem_iqar_meteorologia,2024-03-16 09:00:00,2024-03-16 10:00:00,0,1,falso_positivo,301.0,28.19333333333333,1.9545925282608063,1.64,18.3,20.48,28.19333333333333,13.141666666666666,8.2,146.0,34.6,24.0,0.0,1013.2,76,12.2,26.2,3.6
2024-Q1,gaussian_naive_bayes,poluentes_subindices_sem_iqar_meteorologia,2024-03-16 10:00:00,2024-03-16 11:00:00,0,1,falso_positivo,267.0,28.986666666666665,1.832794433773849,1.32,24.4,21.05,28.986666666666665,13.325,6.6,148.0,31.3,21.8,0.0,1012.7,65,10.2,28.7,5.3
2024-Q1,gaussian_naive_bayes,poluentes_subindices_sem_iqar_meteorologia,2024-03-16 11:00:00,2024-03-16 12:00:00,0,1,falso_positivo,221.0,31.0,1.6789697487046646,0.86,31.0,21.46666666666667,29.56,13.4,4.3,151.0,25.0,17.4,0.2,1012.0,54,7.5,30.1,9.6
2024-Q1,gaussian_naive_bayes,poluentes_subindices_sem_iqar_meteorologia,2024-03-16 12:00:00,2024-03-16 13:00:00,0,1,falso_positivo,187.0,38.3,1.4936037244257103,0.54,38.3,21.83,30.06666666666667,13.391666666666666,2.7,155.0,22.5,15.7,0.0,1011.3,49,5.4,30.9,11.1
2024-Q1,gaussian_naive_bayes,poluentes_subindices_sem_iqar_meteorologia,2024-03-16 13:00:00,2024-03-16 14:00:00,0,1,falso_positivo,177.0,61.0,1.2893128966208942,0.42,61.0,22.19333333333334,30.573333333333338,13.358333333333334,2.1,160.0,23.1,16.1,0.0,1010.6,48,4.7,31.1,12.6
2024-Q1,gaussian_naive_bayes,poluentes_subindices_sem_iqar_meteorologia,2024-03-16 20:00:00,2024-03-16 21:00:00,0,1,falso_positivo,313.0,110.66666666666666,0.8627769402303161,3.5,110.66666666666666,23.320000000000004,32.326666666666675,13.208333333333336,17.5,114.0,29.0,20.0,0.0,1010.8,76,5.7,25.3,4.4
2024-Q1,gaussian_naive_bayes,poluentes_subindices_sem_iqar_meteorologia,2024-03-16 21:00:00,2024-03-16 22:00:00,0,1,falso_positivo,349.0,97.5,0.9462401762930912,4.36,97.5,23.21666666666667,32.22666666666667,13.208333333333334,21.8,81.0,29.3,20.2,0.0,1011.8,84,5.8,24.3,5.2
2024-Q1,gaussian_naive_bayes,poluentes_subindices_sem_iqar_meteorologia,2024-03-17 15:00:00,2024-03-17 16:00:00,0,1,falso_positivo,166.0,77.0,0.7836809665196628,0.44,77.0,17.39666666666667,24.22,11.841666666666669,2.2,131.0,12.2,8.6,0.0,1010.5,55,3.2,30.7,8.2
2024-Q1,gaussian_naive_bayes,poluentes_subindices_sem_iqar_meteorologia,2024-03-17 16:00:00,2024-03-17 17:00:00,0,1,falso_positivo,182.0,84.0,0.7414640971158172,0.78,84.0,17.036666666666665,23.72,11.741666666666667,3.9,134.0,14.0,9.8,0.1,1011.1,66,3.6,27.6,13.3
2024-Q1,gaussian_naive_bayes,poluentes_subindices_sem_iqar_meteorologia,2024-03-17 17:00:00,2024-03-17 18:00:00,0,1,falso_positivo,207.0,86.66666666666667,0.7249655504522454,1.2800000000000002,86.66666666666667,16.830000000000002,23.426666666666662,11.683333333333332,6.4,139.0,18.9,13.1,5.5,1012.3,74,4.3,26.0,6.1
2024-Q1,gaussian_naive_bayes,poluentes_subindices_sem_iqar_meteorologia,2024-03-17 18:00:00,2024-03-17 19:00:00,0,1,falso_positivo,228.0,88.66666666666667,0.7269065559420773,1.66,88.66666666666667,16.673333333333332,23.21333333333333,11.65,8.3,140.0,22.4,15.5,3.1,1012.7,84,4.8,24.1,11.2
2024-Q1,gaussian_naive_bayes,poluentes_subindices_sem_iqar_meteorologia,2024-03-17 19:00:00,2024-03-17 20:00:00,0,1,falso_positivo,240.0,88.66666666666667,0.7463166108403971,1.8600000000000003,88.66666666666667,16.520000000000003,23.006666666666664,11.6,9.3,136.0,23.9,16.5,0.0,1013.3,89,4.8,23.6,3.7
2024-Q1,gaussian_naive_bayes,poluentes_subindices_sem_iqar_meteorologia,2024-03-17 20:00:00,2024-03-17 21:00:00,0,1,falso_positivo,248.0,86.66666666666667,0.7788284527950828,1.94,86.66666666666667,16.38,22.820000000000004,11.508333333333333,9.7,128.0,24.8,17.2,7.6,1014.8,94,4.6,22.3,8.4
2024-Q1,gaussian_naive_bayes,poluentes_subindices_sem_iqar_meteorologia,2024-03-18 11:00:00,2024-03-18 12:00:00,0,1,falso_positivo,269.0,30.4,1.1316062005720458,1.16,30.4,16.033333333333335,22.446666666666676,11.525,5.8,176.0,32.9,23.1,0.0,1014.6,73,10.8,27.5,3.8
2024-Q1,gaussian_naive_bayes,poluentes_subindices_sem_iqar_meteorologia,2024-03-18 12:00:00,2024-03-18 13:00:00,0,1,falso_positivo,257.0,39.2,1.1194749162605957,0.7000000000000001,39.2,16.63,23.273333333333337,11.875,3.5,190.0,31.0,21.6,0.1,1013.7,70,8.5,28.4,1.9
2024-Q1,gaussian_naive_bayes,poluentes_subindices_sem_iqar_meteorologia,2024-03-18 13:00:00,2024-03-18 14:00:00,0,1,falso_positivo,243.0,65.66666666666666,1.094727096265238,0.58,65.66666666666666,17.1,23.92,12.141666666666667,2.9,176.0,26.1,18.1,0.2,1012.3,62,6.5,30.0,5.4
2024-Q1,gaussian_naive_bayes,poluentes_subindices_sem_iqar_meteorologia,2024-03-18 17:00:00,2024-03-18 18:00:00,0,1,falso_positivo,235.0,104.5,0.9501221872727552,1.3,104.5,17.95,25.03333333333334,12.1,6.5,110.0,14.9,10.2,0.0,1012.2,85,3.1,25.0,9.5
2024-Q1,gaussian_naive_bayes,poluentes_subindices_sem_iqar_meteorologia,2024-03-18 18:00:00,2024-03-18 19:00:00,0,1,falso_positivo,242.0,97.66666666666666,0.9321678864918094,1.5,97.66666666666666,17.650000000000002,24.613333333333337,11.975,7.5,106.0,13.4,9.2,0.8,1013.2,88,3.3,23.7,7.0
2024-Q1,gaussian_naive_bayes,poluentes_subindices_sem_iqar_meteorologia,2024-03-19 14:00:00,2024-03-19 15:00:00,0,1,falso_positivo,246.0,75.33333333333333,0.9671059853087852,0.5599999999999999,75.33333333333333,12.953333333333331,18.066666666666663,8.516666666666667,2.8,174.0,21.1,14.8,0.0,1009.9,59,5.5,30.4,7.3
2024-Q1,gaussian_naive_bayes,poluentes_subindices_sem_iqar_meteorologia,2024-03-19 21:00:00,2024-03-19 22:00:00,0,1,falso_positivo,214.0,110.0,1.0044703409880509,1.02,110.0,13.490000000000002,18.886666666666667,9.3,5.1,103.0,10.2,7.1,0.0,1013.8,96,2.8,22.3,5.3
2024-Q1,gaussian_naive_bayes,poluentes_subindices_sem_iqar_meteorologia,2024-03-20 11:00:00,2024-03-20 12:00:00,0,1,falso_positivo,263.0,33.7,1.0287329096109503,0.86,33.7,13.533333333333337,18.92,10.591666666666669,4.3,170.0,24.6,17.2,0.0,1011.4,73,9.2,27.5,6.8
2024-Q1,gaussian_naive_bayes,poluentes_subindices_sem_iqar_meteorologia,2024-03-20 12:00:00,2024-03-20 13:00:00,0,1,falso_positivo,254.0,44.333333333333336,1.0335854233355306,0.54,44.333333333333336,13.846666666666668,19.35333333333333,10.775,2.7,190.0,25.6,17.8,0.0,1010.7,67,8.1,28.8,6.5
2024-Q1,gaussian_naive_bayes,poluentes_subindices_sem_iqar_meteorologia,2024-03-20 13:00:00,2024-03-20 14:00:00,0,1,falso_positivo,247.0,71.0,1.0277624068660345,0.44,71.0,14.063333333333333,19.653333333333336,10.875,2.2,191.0,25.4,17.7,0.0,1009.7,64,6.8,29.6,5.2
2024-Q1,gaussian_naive_bayes,poluentes_subindices_sem_iqar_meteorologia,2024-03-20 20:00:00,2024-03-20 21:00:00,0,1,falso_positivo,306.0,105.66666666666666,1.0059260951054247,2.64,105.66666666666666,15.633333333333336,21.766666666666666,10.808333333333335,13.2,97.0,28.1,19.5,0.0,1010.9,90,4.3,23.9,7.3
2024-Q1,gaussian_naive_bayes,poluentes_subindices_sem_iqar_meteorologia,2024-03-21 17:00:00,2024-03-21 18:00:00,0,1,falso_positivo,226.0,72.5,0.8001795131832347,1.26,72.5,11.976666666666668,16.7,8.483333333333333,6.3,133.0,16.5,11.4,0.0,1007.5,59,3.9,30.4,9.9
2024-Q1,gaussian_naive_bayes,poluentes_subindices_sem_iqar_meteorologia,2024-03-21 19:00:00,2024-03-21 20:00:00,0,1,falso_positivo,234.0,78.5,0.8234715790612185,1.6,78.5,11.186666666666667,15.573333333333332,8.35,8.0,117.0,14.1,9.6,8.2,1012.5,92,3.8,22.9,14.5
2024-Q2,dummy_prior,referencia_independente_de_features,2024-04-03 13:00:00,2024-04-03 14:00:00,1,0,falso_negativo,171.0,87.33333333333333,1.197115135853875,0.2,87.33333333333333,25.133333333333336,34.71333333333334,14.491666666666667,1.0,153.0,15.3,10.2,0.0,1014.5,59,3.5,26.9,3.1
2024-Q2,dummy_prior,referencia_independente_de_features,2024-04-03 14:00:00,2024-04-03 15:00:00,1,0,falso_negativo,164.0,104.0,1.0030145868706768,0.22,104.0,24.95666666666667,34.44666666666667,14.225,1.1,146.0,13.9,9.3,0.0,1013.7,57,3.1,27.4,3.4
2024-Q2,dummy_prior,referencia_independente_de_features,2024-04-03 15:00:00,2024-04-03 16:00:00,1,0,falso_negativo,158.0,113.16666666666666,0.8472488963116602,0.32,113.16666666666666,24.700000000000003,34.053333333333335,13.966666666666669,1.6,137.0,13.5,8.9,0.0,1013.2,55,2.9,27.9,5.4
2024-Q2,dummy_prior,referencia_independente_de_features,2024-04-03 16:00:00,2024-04-03 17:00:00,1,0,falso_negativo,154.0,112.33333333333331,0.7434051026056492,0.5599999999999999,112.33333333333331,24.306666666666665,33.46666666666667,13.691666666666668,2.8,126.0,13.3,8.7,0.0,1012.9,53,2.8,27.9,2.8
2024-Q2,dummy_prior,referencia_independente_de_features,2024-04-04 15:00:00,2024-04-04 16:00:00,1,0,falso_negativo,206.0,91.83333333333331,0.8341471092552943,0.38,91.83333333333331,12.89,17.44,4.575,1.9,166.0,15.0,10.3,0.0,1013.6,49,3.4,28.9,3.6
2024-Q2,dummy_prior,referencia_independente_de_features,2024-04-04 16:00:00,2024-04-04 17:00:00,1,0,falso_negativo,207.0,103.0,0.8225010763163025,0.7000000000000001,103.0,12.96,17.553333333333335,4.6000000000000005,3.5,154.0,15.4,10.4,0.0,1013.4,53,3.1,28.6,6.5
2024-Q2,dummy_prior,referencia_independente_de_features,2024-04-04 17:00:00,2024-04-04 18:00:00,1,0,falso_negativo,209.0,107.0,0.8152223057294326,1.16,107.0,13.023333333333332,17.666666666666668,4.591666666666668,5.8,134.0,15.1,10.1,0.0,1013.7,72,2.7,26.7,10.5
2024-Q2,dummy_prior,referencia_independente_de_features,2024-04-05 14:00:00,2024-04-05 15:00:00,1,0,falso_negativo,216.0,82.5,0.8598654319955682,0.42,82.5,15.19,20.8,6.7250000000000005,2.1,187.0,19.6,13.5,0.0,1014.7,40,5.6,28.8,3.6
2024-Q2,dummy_prior,referencia_independente_de_features,2024-04-05 15:00:00,2024-04-05 16:00:00,1,0,falso_negativo,217.0,104.83333333333331,0.8574391751332782,0.52,104.83333333333331,15.416666666666666,21.10666666666667,6.891666666666668,2.6,189.0,21.8,14.9,0.0,1013.8,40,5.4,29.0,2.9
2024-Q2,dummy_prior,referencia_independente_de_features,2024-04-05 16:00:00,2024-04-05 17:00:00,1,0,falso_negativo,218.0,122.75,0.8501604045464082,0.76,122.75,15.65666666666667,21.433333333333337,7.075,3.8,185.0,22.6,15.3,0.0,1013.5,46,5.3,28.5,5.4
2024-Q2,dummy_prior,referencia_independente_de_features,2024-04-05 17:00:00,2024-04-05 18:00:00,1,0,falso_negativo,220.0,139.25,0.8467636449392022,1.08,139.25,15.92666666666667,21.793333333333337,7.274999999999999,5.4,176.0,23.2,15.5,0.0,1014.0,70,5.1,26.3,11.9
2024-Q2,dummy_prior,referencia_independente_de_features,2024-04-05 18:00:00,2024-04-05 19:00:00,1,0,falso_negativo,223.0,148.25,0.8462783935667443,1.36,148.25,16.17,22.120000000000005,7.483333333333334,6.8,162.0,23.2,15.3,0.0,1014.9,86,4.9,23.4,16.6
2024-Q2,dummy_prior,referencia_independente_de_features,2024-04-05 19:00:00,2024-04-05 20:00:00,1,0,falso_negativo,227.0,146.5,0.8501604045464082,1.52,146.5,16.386666666666667,22.41333333333333,7.675000000000001,7.6,141.0,21.3,14.2,0.0,1015.3,85,4.5,21.7,17.3
2024-Q2,dummy_prior,referencia_independente_de_features,2024-04-05 20:00:00,2024-04-05 21:00:00,1,0,falso_negativo,232.0,133.5,0.8579244265057361,1.62,133.5,16.593333333333334,22.700000000000003,7.841666666666666,8.1,115.0,20.5,13.8,0.0,1016.1,84,4.1,20.6,15.6
2024-Q2,dummy_prior,referencia_independente_de_features,2024-04-05 21:00:00,2024-04-05 22:00:00,1,0,falso_negativo,187.0,116.16666666666666,0.8443373880769123,1.1,116.16666666666666,16.47666666666667,22.56,7.95,5.5,102.0,15.5,10.3,0.0,1016.8,83,3.6,19.9,12.1
2024-Q2,dummy_prior,referencia_independente_de_features,2024-04-10 16:00:00,2024-04-10 17:00:00,1,0,falso_negativo,211.0,96.0,0.7972680049484867,0.82,96.0,16.69,23.306666666666665,10.008333333333336,4.1,160.0,20.3,14.1,0.1,1012.4,65,4.4,25.5,11.7
2024-Q2,dummy_prior,referencia_independente_de_features,2024-04-10 17:00:00,2024-04-10 18:00:00,1,0,falso_negativo,220.0,105.33333333333331,0.7972680049484867,1.1800000000000002,105.33333333333331,16.596666666666668,23.173333333333336,9.991666666666667,5.9,151.0,21.1,14.6,0.0,1012.5,80,4.5,23.6,14.8
2024-Q2,dummy_prior,referencia_independente_de_features,2024-04-10 18:00:00,2024-04-10 19:00:00,1,0,falso_negativo,229.0,110.0,0.8050320269078146,1.5,110.0,16.47666666666667,23.00666666666667,9.95,7.5,139.0,23.0,16.0,0.0,1012.8,88,4.6,21.9,13.9
2024-Q2,dummy_prior,referencia_independente_de_features,2024-04-10 19:00:00,2024-04-10 20:00:00,1,0,falso_negativo,238.0,108.16666666666666,0.8225010763163025,1.72,108.16666666666666,16.363333333333337,22.846666666666668,9.908333333333331,8.6,122.0,22.6,15.7,0.0,1013.2,92,4.4,20.7,14.6
2024-Q2,dummy_prior,referencia_independente_de_features,2024-04-22 15:00:00,2024-04-22 16:00:00,1,0,falso_negativo,176.0,97.66666666666666,0.9219776076701915,0.5599999999999999,97.66666666666666,16.43,22.68,12.1,2.8,163.0,16.2,11.3,0.0,1013.5,43,5.9,26.7,8.8
2024-Q2,dummy_prior,referencia_independente_de_features,2024-04-22 16:00:00,2024-04-22 17:00:00,1,0,falso_negativo,199.0,108.5,0.8370586174900424,1.36,108.5,16.436666666666664,22.726666666666667,12.116666666666667,6.8,153.0,16.4,11.4,0.0,1013.7,44,5.8,26.5,8.4
2024-Q2,dummy_prior,referencia_independente_de_features,2024-04-22 17:00:00,2024-04-22 18:00:00,1,0,falso_negativo,233.0,111.16666666666666,0.8006647645556927,2.4600000000000004,111.16666666666666,16.39666666666667,22.72,12.125,12.3,138.0,16.2,11.2,0.0,1014.2,56,5.8,24.8,8.0
2024-Q2,dummy_prior,referencia_independente_de_features,2024-04-22 18:00:00,2024-04-22 19:00:00,1,0,falso_negativo,263.0,109.66666666666666,0.7948417480861967,3.24,109.66666666666666,16.39,22.760000000000005,12.15,16.2,124.0,18.6,12.7,0.0,1015.2,83,5.9,21.3,13.5
2024-Q2,dummy_prior,referencia_independente_de_features,2024-04-23 15:00:00,2024-04-23 16:00:00,1,0,falso_negativo,201.0,90.16666666666669,0.9700174935435332,0.58,90.16666666666669,14.936666666666666,20.813333333333333,12.258333333333333,2.9,170.0,15.1,10.5,0.0,1013.3,41,5.2,27.8,7.3
2024-Q2,dummy_prior,referencia_independente_de_features,2024-04-23 16:00:00,2024-04-23 17:00:00,1,0,falso_negativo,225.0,102.16666666666666,0.9069348151239938,1.36,102.16666666666666,14.92666666666667,20.806666666666672,12.225,6.8,162.0,16.1,11.3,0.0,1013.6,43,5.4,27.4,6.8
2024-Q2,dummy_prior,referencia_independente_de_features,2024-04-23 17:00:00,2024-04-23 18:00:00,1,0,falso_negativo,257.0,106.0,0.8588949292506521,2.44,106.0,14.963333333333336,20.866666666666667,12.2,12.2,145.0,17.3,12.1,0.0,1013.7,62,5.5,25.5,4.7
2024-Q2,dummy_prior,referencia_independente_de_features,2024-04-23 18:00:00,2024-04-23 19:00:00,1,0,falso_negativo,288.0,106.33333333333331,0.8506456559188662,3.4600000000000004,106.33333333333331,14.986666666666668,20.92,12.175,17.3,129.0,19.3,13.5,0.0,1014.0,63,5.6,22.1,7.9
2024-Q2,dummy_prior,referencia_independente_de_features,2024-04-24 13:00:00,2024-04-24 14:00:00,1,0,falso_negativo,209.0,77.0,1.5780374632334015,0.54,77.0,15.873333333333331,22.20666666666667,14.808333333333335,2.7,183.0,20.0,14.0,0.0,1014.7,43,7.3,28.1,10.9
2024-Q2,dummy_prior,referencia_independente_de_features,2024-04-24 14:00:00,2024-04-24 15:00:00,1,0,falso_negativo,222.0,107.16666666666666,1.421301269929469,0.6000000000000001,107.16666666666666,16.17,22.613333333333333,14.983333333333333,3.0,193.0,22.1,15.4,0.0,1014.3,43,6.9,28.2,10.8
2024-Q2,dummy_prior,referencia_independente_de_features,2024-04-24 15:00:00,2024-04-24 16:00:00,1,0,falso_negativo,237.0,134.75,1.2699028417225744,0.8,134.75,16.41,22.94,15.091666666666669,4.0,194.0,22.3,15.4,0.0,1013.7,43,6.5,28.1,11.2
2024-Q2,dummy_prior,referencia_independente_de_features,2024-04-24 16:00:00,2024-04-24 17:00:00,1,0,falso_negativo,244.0,148.75,1.1180191621432218,1.1800000000000002,148.75,16.56,23.126666666666665,15.133333333333333,5.9,177.0,20.6,14.1,0.0,1013.6,45,5.9,27.8,11.1
2024-Q2,dummy_prior,referencia_independente_de_features,2024-04-24 17:00:00,2024-04-24 18:00:00,1,0,falso_negativo,252.0,147.75,1.0112638602024628,1.7000000000000002,147.75,16.643333333333334,23.21333333333333,15.108333333333334,8.5,149.0,19.8,13.4,0.0,1014.0,58,5.2,25.8,6.4
2024-Q2,dummy_prior,referencia_independente_de_features,2024-04-24 18:00:00,2024-04-24 19:00:00,1,0,falso_negativo,262.0,139.25,0.9452696735481754,2.16,139.25,16.656666666666666,23.19333333333333,15.033333333333331,10.8,124.0,19.7,13.2,0.0,1015.0,74,4.7,22.8,11.4
2024-Q2,dummy_prior,referencia_independente_de_features,2024-04-24 19:00:00,2024-04-24 20:00:00,1,0,falso_negativo,277.0,124.5,0.9355646460990154,2.5,124.5,16.64333333333333,23.14666666666667,14.916666666666666,12.5,106.0,19.4,13.2,0.0,1015.9,81,4.4,21.4,13.7
2024-Q2,dummy_prior,referencia_independente_de_features,2024-05-01 15:00:00,2024-05-01 16:00:00,1,0,falso_negativo,202.0,99.66666666666666,1.2509780381967126,0.6400000000000001,99.66666666666666,22.6,31.37333333333333,13.808333333333335,3.2,158.0,23.9,16.7,0.0,1012.0,38,5.0,29.8,6.3
2024-Q2,dummy_prior,referencia_independente_de_features,2024-05-01 16:00:00,2024-05-01 17:00:00,1,0,falso_negativo,226.0,106.5,1.0724055331321702,1.4400000000000002,106.5,23.120000000000005,32.1,13.933333333333335,7.2,148.0,24.7,17.2,0.0,1011.7,42,5.1,29.0,6.1
2024-Q2,dummy_prior,referencia_independente_de_features,2024-05-18 12:00:00,2024-05-18 13:00:00,1,0,falso_negativo,485.0,98.66666666666666,2.318531057604303,0.8800000000000001,98.66666666666666,17.913333333333334,24.73333333333333,13.65,4.4,290.0,44.7,30.5,0.0,1018.0,58,10.4,25.6,1.8
2024-Q2,dummy_prior,referencia_independente_de_features,2024-05-18 13:00:00,2024-05-18 14:00:00,1,0,falso_negativo,450.0,160.0,2.228759553699574,0.5599999999999999,160.0,19.01,26.22,14.208333333333334,2.8,288.0,43.0,29.3,0.0,1016.5,53,9.2,26.9,2.9
2024-Q2,dummy_prior,referencia_independente_de_features,2024-05-18 14:00:00,2024-05-18 15:00:00,1,0,falso_negativo,420.0,227.5,2.1215190003863564,0.68,227.5,20.020000000000003,27.58,14.65,3.4,271.0,40.4,27.4,0.0,1015.7,44,7.7,28.4,6.5
2024-Q2,dummy_prior,referencia_independente_de_features,2024-05-18 15:00:00,2024-05-18 16:00:00,1,0,falso_negativo,396.0,275.25,2.004088168251521,0.94,275.25,20.870000000000005,28.71333333333333,14.983333333333334,4.7,249.0,36.1,24.3,0.0,1014.8,39,6.5,29.0,11.7
2024-Q2,dummy_prior,referencia_independente_de_features,2024-05-18 16:00:00,2024-05-18 17:00:00,1,0,falso_negativo,379.0,297.25,1.8842310792543968,1.36,297.25,21.586666666666662,29.653333333333336,15.216666666666669,6.8,225.0,32.8,21.9,0.0,1015.5,47,5.8,26.9,10.1
2024-Q2,dummy_prior,referencia_independente_de_features,2024-05-18 17:00:00,2024-05-18 18:00:00,1,0,falso_negativo,367.0,300.0,1.7570952196704015,1.92,300.0,22.16,30.39333333333333,15.35,9.6,197.0,30.7,20.5,0.0,1017.1,95,5.3,20.3,19.8
2024-Q2,dummy_prior,referencia_independente_de_features,2024-05-18 18:00:00,2024-05-18 19:00:00,1,0,falso_negativo,351.0,288.75,1.6411201416529408,2.18,288.75,22.620000000000005,30.97333333333333,15.366666666666667,10.9,173.0,30.2,20.1,0.0,1017.6,96,4.6,20.0,12.0
2024-Q2,dummy_prior,referencia_independente_de_features,2024-05-18 19:00:00,2024-05-18 20:00:00,1,0,falso_negativo,326.0,262.75,1.540187856181678,1.84,262.75,22.986666666666668,31.433333333333334,15.208333333333334,9.2,158.0,29.8,20.0,0.0,1018.1,96,3.3,19.9,13.1
2024-Q2,dummy_prior,referencia_independente_de_features,2024-05-18 20:00:00,2024-05-18 21:00:00,1,0,falso_negativo,297.0,227.0,1.4489605981595746,1.22,227.0,23.17333333333333,31.653333333333336,14.866666666666667,6.1,147.0,26.4,17.8,0.0,1018.9,96,1.8,19.7,8.6
2024-Q2,dummy_prior,referencia_independente_de_features,2024-05-18 21:00:00,2024-05-18 22:00:00,1,0,falso_negativo,282.0,183.25,1.3674383675866313,1.08,183.25,23.17333333333333,31.626666666666672,14.408333333333331,5.4,113.0,18.5,12.4,0.0,1019.4,99,1.3,19.2,9.1
2024-Q2,dummy_prior,referencia_independente_de_features,2024-05-18 22:00:00,2024-05-18 23:00:00,1,0,falso_negativo,263.0,141.5,1.2912539021107263,1.0,141.5,23.013333333333332,31.380000000000003,13.916666666666666,5.0,104.0,14.6,9.8,0.0,1019.6,99,1.1,19.1,6.9
2024-Q2,dummy_prior,referencia_independente_de_features,2024-06-11 15:00:00,2024-06-11 16:00:00,1,0,falso_negativo,191.0,92.33333333333331,1.4586656256087347,0.5,92.33333333333331,20.96666666666667,29.293333333333337,15.325,2.5,154.0,16.8,11.7,0.0,1020.1,47,5.3,25.1,3.7
2024-Q2,dummy_prior,referencia_independente_de_features,2024-06-11 16:00:00,2024-06-11 17:00:00,1,0,falso_negativo,242.0,101.0,1.209731671537783,1.42,101.0,21.05333333333333,29.406666666666663,15.408333333333331,7.1,156.0,19.2,13.3,0.0,1020.3,53,5.6,24.2,7.9
2024-Q2,dummy_prior,referencia_independente_de_features,2024-06-11 17:00:00,2024-06-11 18:00:00,1,0,falso_negativo,313.0,103.0,1.0238803958863707,2.66,103.0,21.24,29.66,15.508333333333333,13.3,156.0,25.2,17.4,0.0,1021.1,76,6.0,21.3,12.3
2024-Q2,dummy_prior,referencia_independente_de_features,2024-06-11 18:00:00,2024-06-11 19:00:00,1,0,falso_negativo,377.0,105.33333333333331,0.9428434166858852,3.58,105.33333333333331,21.50666666666667,30.013333333333332,15.583333333333334,17.9,156.0,31.1,21.4,0.0,1021.4,85,6.1,18.5,11.1
2024-Q2,dummy_prior,referencia_independente_de_features,2024-06-11 19:00:00,2024-06-11 20:00:00,1,0,falso_negativo,426.0,108.66666666666666,0.9865160402071048,3.82,108.66666666666666,21.830000000000005,30.446666666666665,15.558333333333335,19.1,159.0,34.7,24.0,0.0,1021.5,81,5.4,17.9,11.3
2024-Q2,dummy_prior,referencia_independente_de_features,2024-06-11 20:00:00,2024-06-11 21:00:00,1,0,falso_negativo,467.0,112.66666666666666,1.1233569272402597,3.74,112.66666666666666,22.273333333333337,31.053333333333335,15.408333333333331,18.7,163.0,39.1,27.1,0.0,1021.7,77,4.4,17.3,8.9
2024-Q2,dummy_prior,referencia_independente_de_features,2024-06-11 21:00:00,2024-06-11 22:00:00,1,0,falso_negativo,523.0,115.0,1.308237700146756,4.14,115.0,22.723333333333333,31.66,15.225,20.7,157.0,41.1,28.4,0.0,1021.7,83,4.6,15.6,9.6
2024-Q2,dummy_prior,referencia_independente_de_features,2024-06-11 22:00:00,2024-06-11 23:00:00,1,0,falso_negativo,533.0,113.33333333333331,1.4906922161909624,4.04,113.33333333333331,23.146666666666672,32.233333333333334,14.925000000000002,20.2,139.0,42.3,29.3,0.0,1022.4,81,3.8,16.1,7.0
2024-Q2,persistencia_iqar_atual,referencia_independente_de_features,2024-04-03 13:00:00,2024-04-03 14:00:00,1,0,falso_negativo,171.0,87.33333333333333,1.197115135853875,0.2,87.33333333333333,25.133333333333336,34.71333333333334,14.491666666666667,1.0,153.0,15.3,10.2,0.0,1014.5,59,3.5,26.9,3.1
2024-Q2,persistencia_iqar_atual,referencia_independente_de_features,2024-04-03 17:00:00,2024-04-03 18:00:00,0,1,falso_positivo,151.0,102.0,0.6919684571251017,0.8800000000000001,102.0,23.840000000000003,32.76666666666667,13.4,4.4,113.0,13.2,8.4,0.0,1013.4,76,2.8,24.9,15.1
2024-Q2,persistencia_iqar_atual,referencia_independente_de_features,2024-04-04 15:00:00,2024-04-04 16:00:00,1,0,falso_negativo,206.0,91.83333333333331,0.8341471092552943,0.38,91.83333333333331,12.89,17.44,4.575,1.9,166.0,15.0,10.3,0.0,1013.6,49,3.4,28.9,3.6
2024-Q2,persistencia_iqar_atual,referencia_independente_de_features,2024-04-04 18:00:00,2024-04-04 19:00:00,0,1,falso_positivo,210.0,105.66666666666666,0.8103697920048526,1.5,105.66666666666666,13.086666666666666,17.773333333333337,4.566666666666667,7.5,115.0,15.9,10.4,0.0,1014.6,89,2.4,23.8,14.4
2024-Q2,persistencia_iqar_atual,referencia_independente_de_features,2024-04-05 14:00:00,2024-04-05 15:00:00,1,0,falso_negativo,216.0,82.5,0.8598654319955682,0.42,82.5,15.19,20.8,6.7250000000000005,2.1,187.0,19.6,13.5,0.0,1014.7,40,5.6,28.8,3.6
2024-Q2,persistencia_iqar_atual,referencia_independente_de_features,2024-04-05 22:00:00,2024-04-05 23:00:00,0,1,falso_positivo,185.0,101.16666666666666,0.8292945955307145,1.14,101.16666666666666,16.380000000000003,22.42,8.025,5.7,97.0,15.2,9.9,0.0,1017.4,82,3.2,18.5,6.1
2024-Q2,persistencia_iqar_atual,referencia_independente_de_features,2024-04-10 16:00:00,2024-04-10 17:00:00,1,0,falso_negativo,211.0,96.0,0.7972680049484867,0.82,96.0,16.69,23.306666666666665,10.008333333333336,4.1,160.0,20.3,14.1,0.1,1012.4,65,4.4,25.5,11.7
2024-Q2,persistencia_iqar_atual,referencia_independente_de_features,2024-04-10 20:00:00,2024-04-10 21:00:00,0,1,falso_positivo,248.0,100.16666666666666,0.8477341476841183,1.92,100.16666666666666,16.303333333333335,22.76,9.891666666666667,9.6,102.0,22.2,15.5,0.0,1014.0,91,4.1,20.2,9.2
2024-Q2,persistencia_iqar_atual,referencia_independente_de_features,2024-04-22 15:00:00,2024-04-22 16:00:00,1,0,falso_negativo,176.0,97.66666666666666,0.9219776076701915,0.5599999999999999,97.66666666666666,16.43,22.68,12.1,2.8,163.0,16.2,11.3,0.0,1013.5,43,5.9,26.7,8.8
2024-Q2,persistencia_iqar_atual,referencia_independente_de_features,2024-04-22 19:00:00,2024-04-22 20:00:00,0,1,falso_positivo,280.0,103.83333333333331,0.8200748194540125,3.3200000000000003,103.83333333333331,16.45,22.866666666666667,12.191666666666668,16.6,114.0,20.1,13.8,0.0,1015.5,93,5.9,19.6,9.3
2024-Q2,persistencia_iqar_atual,referencia_independente_de_features,2024-04-23 15:00:00,2024-04-23 16:00:00,1,0,falso_negativo,201.0,90.16666666666669,0.9700174935435332,0.58,90.16666666666669,14.936666666666666,20.813333333333333,12.258333333333333,2.9,170.0,15.1,10.5,0.0,1013.3,41,5.2,27.8,7.3
2024-Q2,persistencia_iqar_atual,referencia_independente_de_features,2024-04-23 19:00:00,2024-04-23 20:00:00,0,1,falso_positivo,313.0,103.5,0.8880100115981319,4.260000000000001,103.5,14.976666666666668,20.926666666666662,12.166666666666666,21.3,116.0,19.8,13.9,0.0,1014.6,77,5.8,20.4,6.9
2024-Q2,persistencia_iqar_atual,referencia_independente_de_features,2024-04-24 13:00:00,2024-04-24 14:00:00,1,0,falso_negativo,209.0,77.0,1.5780374632334015,0.54,77.0,15.873333333333331,22.20666666666667,14.808333333333335,2.7,183.0,20.0,14.0,0.0,1014.7,43,7.3,28.1,10.9
2024-Q2,persistencia_iqar_atual,referencia_independente_de_features,2024-04-24 20:00:00,2024-04-24 21:00:00,0,1,falso_positivo,295.0,109.33333333333331,0.969532242171075,2.78,109.33333333333331,16.636666666666667,23.120000000000005,14.775,13.9,90.0,19.8,13.6,0.0,1016.9,83,4.3,20.8,13.4
2024-Q2,persistencia_iqar_atual,referencia_independente_de_features,2024-05-01 15:00:00,2024-05-01 16:00:00,1,0,falso_negativo,202.0,99.66666666666666,1.2509780381967126,0.6400000000000001,99.66666666666666,22.6,31.37333333333333,13.808333333333335,3.2,158.0,23.9,16.7,0.0,1012.0,38,5.0,29.8,6.3
2024-Q2,persistencia_iqar_atual,referencia_independente_de_features,2024-05-01 17:00:00,2024-05-01 18:00:00,0,1,falso_positivo,262.0,104.33333333333331,0.9583714606045411,2.5600000000000005,104.33333333333331,23.683333333333337,32.9,14.041666666666666,12.8,132.0,28.2,19.7,0.0,1011.8,51,5.3,27.1,7.9
2024-Q2,persistencia_iqar_atual,referencia_independente_de_features,2024-05-18 12:00:00,2024-05-18 13:00:00,1,0,falso_negativo,485.0,98.66666666666666,2.318531057604303,0.8800000000000001,98.66666666666666,17.913333333333334,24.73333333333333,13.65,4.4,290.0,44.7,30.5,0.0,1018.0,58,10.4,25.6,1.8
2024-Q2,persistencia_iqar_atual,referencia_independente_de_features,2024-05-18 23:00:00,2024-05-19 00:00:00,0,1,falso_positivo,237.0,108.0,1.2140989338899049,0.8800000000000001,108.0,22.68,30.89333333333333,13.4,4.4,91.0,9.6,6.4,0.0,1019.8,99,0.9,19.0,4.8
2024-Q2,persistencia_iqar_atual,referencia_independente_de_features,2024-06-11 15:00:00,2024-06-11 16:00:00,1,0,falso_negativo,191.0,92.33333333333331,1.4586656256087347,0.5,92.33333333333331,20.96666666666667,29.293333333333337,15.325,2.5,154.0,16.8,11.7,0.0,1020.1,47,5.3,25.1,3.7
2024-Q2,persistencia_iqar_atual,referencia_independente_de_features,2024-06-11 23:00:00,2024-06-12 00:00:00,0,1,falso_positivo,545.0,106.5,1.6624712020410928,3.9,106.5,23.5,32.72,14.475,19.5,113.0,41.0,28.5,0.0,1022.5,77,2.7,17.0,5.2
2024-Q2,gaussian_naive_bayes,poluentes_brutos_meteorologia,2024-04-02 12:00:00,2024-04-02 13:00:00,0,1,falso_positivo,185.0,28.15,0.7560216382895572,0.58,28.15,9.816666666666668,13.3,8.883333333333333,2.9,146.0,20.7,14.4,0.0,1013.7,70,7.3,25.3,3.7
2024-Q2,gaussian_naive_bayes,poluentes_brutos_meteorologia,2024-04-02 13:00:00,2024-04-02 14:00:00,0,1,falso_positivo,178.0,34.2,0.7584478951518471,0.44,34.2,10.34,14.026666666666667,9.333333333333334,2.2,151.0,18.9,13.1,0.0,1012.7,65,6.8,26.1,2.9
2024-Q2,gaussian_naive_bayes,poluentes_brutos_meteorologia,2024-04-02 14:00:00,2024-04-02 15:00:00,0,1,falso_positivo,175.0,39.95,0.7555363869170991,0.52,39.95,10.863333333333332,14.753333333333334,9.733333333333334,2.6,146.0,19.2,13.3,0.0,1011.7,59,6.3,26.9,2.8
2024-Q2,gaussian_naive_bayes,poluentes_brutos_meteorologia,2024-04-02 15:00:00,2024-04-02 16:00:00,0,1,falso_positivo,180.0,56.83333333333333,0.7497133704476031,0.8,56.83333333333333,11.443333333333332,15.566666666666666,10.091666666666669,4.0,139.0,21.2,14.8,0.0,1011.0,54,6.0,27.0,5.1
2024-Q2,gaussian_naive_bayes,poluentes_brutos_meteorologia,2024-04-02 16:00:00,2024-04-02 17:00:00,0,1,falso_positivo,198.0,71.33333333333333,0.7468018622128552,1.2800000000000002,71.33333333333333,12.133333333333333,16.540000000000003,10.433333333333334,6.4,135.0,25.1,17.5,0.0,1010.9,54,6.1,26.7,6.0
2024-Q2,gaussian_naive_bayes,poluentes_brutos_meteorologia,2024-04-02 17:00:00,2024-04-02 18:00:00,0,1,falso_positivo,225.0,82.5,0.7497133704476031,1.94,82.5,12.856666666666667,17.56,10.75,9.7,129.0,27.2,18.9,0.0,1011.2,64,6.3,25.5,7.6
2024-Q2,gaussian_naive_bayes,poluentes_brutos_meteorologia,2024-04-02 18:00:00,2024-04-02 19:00:00,0,1,falso_positivo,255.0,88.0,0.7720349335806709,2.74,88.0,13.55,18.546666666666667,11.058333333333332,13.7,120.0,28.4,19.6,0.0,1011.4,75,6.6,23.4,6.4
2024-Q2,gaussian_naive_bayes,poluentes_brutos_meteorologia,2024-04-03 08:00:00,2024-04-03 09:00:00,0,1,falso_positivo,368.0,34.53333333333333,2.1152107325444027,2.6,21.6,24.916666666666668,34.53333333333333,15.458333333333334,13.0,131.0,46.1,31.7,0.0,1016.3,88,7.6,21.1,7.6
2024-Q2,gaussian_naive_bayes,poluentes_brutos_meteorologia,2024-04-03 09:00:00,2024-04-03 10:00:00,0,1,falso_positivo,257.0,34.973333333333336,1.9754583372765,1.04,28.75,25.24666666666667,34.973333333333336,15.375000000000002,5.2,175.0,28.1,19.0,0.0,1016.6,84,8.1,22.6,4.6
2024-Q2,gaussian_naive_bayes,poluentes_brutos_meteorologia,2024-04-03 10:00:00,2024-04-03 11:00:00,0,1,falso_positivo,236.0,35.6,1.806590859661117,0.82,35.6,25.40666666666667,35.17333333333334,15.241666666666667,4.1,171.0,24.1,16.3,0.0,1017.0,76,7.0,24.1,4.8
2024-Q2,gaussian_naive_bayes,poluentes_brutos_meteorologia,2024-04-03 11:00:00,2024-04-03 12:00:00,0,1,falso_positivo,208.0,46.833333333333336,1.6134608134228352,0.5,46.833333333333336,25.363333333333333,35.086666666666666,15.033333333333331,2.5,166.0,19.9,13.4,0.0,1016.3,68,5.4,25.3,5.4
2024-Q2,gaussian_naive_bayes,poluentes_brutos_meteorologia,2024-04-03 12:00:00,2024-04-03 13:00:00,0,1,falso_positivo,184.0,67.66666666666666,1.4057732260108131,0.2799999999999999,67.66666666666666,25.25333333333333,34.906666666666666,14.766666666666667,1.4,160.0,17.4,11.7,0.0,1015.5,61,4.1,26.5,4.7
2024-Q2,gaussian_naive_bayes,poluentes_brutos_meteorologia,2024-04-03 14:00:00,2024-04-03 15:00:00,1,0,falso_negativo,164.0,104.0,1.0030145868706768,0.22,104.0,24.95666666666667,34.44666666666667,14.225,1.1,146.0,13.9,9.3,0.0,1013.7,57,3.1,27.4,3.4
2024-Q2,gaussian_naive_bayes,poluentes_brutos_meteorologia,2024-04-03 15:00:00,2024-04-03 16:00:00,1,0,falso_negativo,158.0,113.16666666666666,0.8472488963116602,0.32,113.16666666666666,24.700000000000003,34.053333333333335,13.966666666666669,1.6,137.0,13.5,8.9,0.0,1013.2,55,2.9,27.9,5.4
2024-Q2,gaussian_naive_bayes,poluentes_brutos_meteorologia,2024-04-03 16:00:00,2024-04-03 17:00:00,1,0,falso_negativo,154.0,112.33333333333331,0.7434051026056492,0.5599999999999999,112.33333333333331,24.306666666666665,33.46666666666667,13.691666666666668,2.8,126.0,13.3,8.7,0.0,1012.9,53,2.8,27.9,2.8
2024-Q2,gaussian_naive_bayes,poluentes_brutos_meteorologia,2024-04-04 13:00:00,2024-04-04 14:00:00,0,1,falso_positivo,208.0,53.66666666666666,0.8351176120002103,0.2799999999999999,53.66666666666666,12.813333333333336,17.293333333333337,4.5,1.4,163.0,14.1,9.7,0.0,1015.0,59,3.5,27.6,3.1
2024-Q2,gaussian_naive_bayes,poluentes_brutos_meteorologia,2024-04-04 14:00:00,2024-04-04 15:00:00,0,1,falso_positivo,206.0,74.33333333333333,0.8380291202349583,0.26,74.33333333333333,12.840000000000002,17.34666666666667,4.533333333333334,1.3,168.0,14.7,10.1,0.0,1014.3,52,3.5,28.4,0.8
2024-Q2,gaussian_naive_bayes,poluentes_brutos_meteorologia,2024-04-04 17:00:00,2024-04-04 18:00:00,1,0,falso_negativo,209.0,107.0,0.8152223057294326,1.16,107.0,13.023333333333332,17.666666666666668,4.591666666666668,5.8,134.0,15.1,10.1,0.0,1013.7,72,2.7,26.7,10.5
2024-Q2,gaussian_naive_bayes,poluentes_brutos_meteorologia,2024-04-05 12:00:00,2024-04-05 13:00:00,0,1,falso_positivo,216.0,38.15,0.8487046504290342,0.4599999999999999,38.15,14.893333333333334,20.38666666666667,6.366666666666667,2.3,167.0,16.6,11.5,0.0,1016.9,64,5.8,26.7,1.1
2024-Q2,gaussian_naive_bayes,poluentes_brutos_meteorologia,2024-04-05 13:00:00,2024-04-05 14:00:00,0,1,falso_positivo,215.0,57.5,0.8569539237608201,0.4,57.5,15.026666666666667,20.573333333333338,6.550000000000001,2.0,179.0,18.1,12.5,0.0,1015.8,46,5.7,28.0,2.1
2024-Q2,gaussian_naive_bayes,poluentes_brutos_meteorologia,2024-04-05 19:00:00,2024-04-05 20:00:00,1,0,falso_negativo,227.0,146.5,0.8501604045464082,1.52,146.5,16.386666666666667,22.41333333333333,7.675000000000001,7.6,141.0,21.3,14.2,0.0,1015.3,85,4.5,21.7,17.3
2024-Q2,gaussian_naive_bayes,poluentes_brutos_meteorologia,2024-04-05 20:00:00,2024-04-05 21:00:00,1,0,falso_negativo,232.0,133.5,0.8579244265057361,1.62,133.5,16.593333333333334,22.700000000000003,7.841666666666666,8.1,115.0,20.5,13.8,0.0,1016.1,84,4.1,20.6,15.6
2024-Q2,gaussian_naive_bayes,poluentes_brutos_meteorologia,2024-04-05 21:00:00,2024-04-05 22:00:00,1,0,falso_negativo,187.0,116.16666666666666,0.8443373880769123,1.1,116.16666666666666,16.47666666666667,22.56,7.95,5.5,102.0,15.5,10.3,0.0,1016.8,83,3.6,19.9,12.1
2024-Q2,gaussian_naive_bayes,poluentes_brutos_meteorologia,2024-04-10 12:00:00,2024-04-10 13:00:00,0,1,falso_positivo,196.0,29.700000000000003,0.9248891159049396,0.6200000000000001,29.700000000000003,16.656666666666666,23.23333333333333,9.666666666666666,3.1,150.0,22.7,15.8,0.0,1014.2,71,8.0,25.5,5.3
2024-Q2,gaussian_naive_bayes,poluentes_brutos_meteorologia,2024-04-10 13:00:00,2024-04-10 14:00:00,0,1,falso_positivo,196.0,37.4,0.8884952629705899,0.48,37.4,16.713333333333335,23.320000000000004,9.816666666666666,2.4,159.0,22.8,15.9,0.0,1013.0,68,6.9,26.0,6.0
2024-Q2,gaussian_naive_bayes,poluentes_brutos_meteorologia,2024-04-10 14:00:00,2024-04-10 15:00:00,0,1,falso_positivo,200.0,57.33333333333333,0.8506456559188662,0.48,57.33333333333333,16.776666666666667,23.41333333333333,9.916666666666666,2.4,164.0,22.6,15.8,0.0,1012.1,62,5.5,26.7,3.3
2024-Q2,gaussian_naive_bayes,poluentes_brutos_meteorologia,2024-04-10 15:00:00,2024-04-10 16:00:00,0,1,falso_positivo,205.0,79.66666666666666,0.8186190653366385,0.58,79.66666666666666,16.753333333333334,23.393333333333334,9.983333333333334,2.9,164.0,22.4,15.6,0.1,1012.0,58,4.6,27.1,4.6
2024-Q2,gaussian_naive_bayes,poluentes_brutos_meteorologia,2024-04-10 18:00:00,2024-04-10 19:00:00,1,0,falso_negativo,229.0,110.0,0.8050320269078146,1.5,110.0,16.47666666666667,23.00666666666667,9.95,7.5,139.0,23.0,16.0,0.0,1012.8,88,4.6,21.9,13.9
2024-Q2,gaussian_naive_bayes,poluentes_brutos_meteorologia,2024-04-10 19:00:00,2024-04-10 20:00:00,1,0,falso_negativo,238.0,108.16666666666666,0.8225010763163025,1.72,108.16666666666666,16.363333333333337,22.846666666666668,9.908333333333331,8.6,122.0,22.6,15.7,0.0,1013.2,92,4.4,20.7,14.6
2024-Q2,gaussian_naive_bayes,poluentes_brutos_meteorologia,2024-04-17 09:00:00,2024-04-17 10:00:00,0,1,falso_positivo,407.0,25.50666666666667,1.8342501878912232,3.24,18.1,18.47,25.50666666666667,13.466666666666669,16.2,142.0,45.4,31.4,0.0,1016.8,71,16.3,23.4,6.5
2024-Q2,gaussian_naive_bayes,poluentes_brutos_meteorologia,2024-04-17 10:00:00,2024-04-17 11:00:00,0,1,falso_positivo,342.0,26.440000000000005,1.7930038212322936,2.44,23.55,19.133333333333336,26.440000000000005,14.116666666666664,12.2,139.0,33.5,23.3,0.0,1017.2,72,13.0,24.1,6.0
2024-Q2,gaussian_naive_bayes,poluentes_brutos_meteorologia,2024-04-17 11:00:00,2024-04-17 12:00:00,0,1,falso_positivo,253.0,29.05,1.6969240494856104,1.36,29.05,19.6,27.08666666666667,14.433333333333332,6.8,135.0,24.4,16.9,0.0,1016.2,67,8.4,25.2,10.7
2024-Q2,gaussian_naive_bayes,poluentes_brutos_meteorologia,2024-04-17 12:00:00,2024-04-17 13:00:00,0,1,falso_positivo,186.0,34.95,1.5508633863757535,0.58,34.95,19.936666666666667,27.54666666666667,14.508333333333333,2.9,132.0,18.7,12.9,0.0,1015.0,62,5.0,26.8,14.6
2024-Q2,gaussian_naive_bayes,poluentes_brutos_meteorologia,2024-04-17 15:00:00,2024-04-17 16:00:00,0,1,falso_positivo,169.0,79.0,1.0282476582384923,0.66,79.0,20.72666666666667,28.653333333333336,14.65,3.3,129.0,19.9,13.8,0.0,1012.3,57,4.7,27.9,16.2
2024-Q2,gaussian_naive_bayes,poluentes_brutos_meteorologia,2024-04-17 16:00:00,2024-04-17 17:00:00,0,1,falso_positivo,194.0,84.83333333333333,0.9079053178689096,1.14,84.83333333333333,21.263333333333332,29.406666666666663,14.825,5.7,133.0,26.5,18.4,0.3,1012.7,63,5.6,26.5,13.0
2024-Q2,gaussian_naive_bayes,poluentes_brutos_meteorologia,2024-04-17 17:00:00,2024-04-17 18:00:00,0,1,falso_positivo,231.0,84.33333333333333,0.8225010763163025,1.7600000000000002,84.33333333333333,21.94333333333334,30.36,15.125,8.8,139.0,31.0,21.5,8.3,1014.7,87,7.0,22.3,13.6
2024-Q2,gaussian_naive_bayes,poluentes_brutos_meteorologia,2024-04-17 18:00:00,2024-04-17 19:00:00,0,1,falso_positivo,255.0,84.33333333333333,0.7802842069124568,2.18,84.33333333333333,22.616666666666667,31.313333333333333,15.483333333333333,10.9,139.0,33.4,23.3,1.3,1014.3,92,7.7,21.6,10.0
2024-Q2,gaussian_naive_bayes,poluentes_brutos_meteorologia,2024-04-17 19:00:00,2024-04-17 20:00:00,0,1,falso_positivo,256.0,83.16666666666667,0.7817399610298309,2.22,83.16666666666667,23.223333333333333,32.18,15.808333333333332,11.1,128.0,33.3,23.3,0.2,1015.1,92,7.4,21.6,5.7
2024-Q2,gaussian_naive_bayes,poluentes_brutos_meteorologia,2024-04-17 21:00:00,2024-04-17 22:00:00,0,1,falso_positivo,253.0,73.16666666666666,0.8550129182709882,2.4000000000000004,73.16666666666666,23.773333333333337,32.96,16.116666666666664,12.0,92.0,28.1,19.1,3.8,1016.3,95,6.5,20.8,8.0
2024-Q2,gaussian_naive_bayes,poluentes_brutos_meteorologia,2024-04-21 15:00:00,2024-04-21 16:00:00,0,1,falso_positivo,183.0,50.5,0.6550893528182941,0.4599999999999999,50.5,6.8533333333333335,8.986666666666668,4.791666666666667,2.3,148.0,15.9,10.7,0.0,1016.0,51,5.5,25.6,6.2
2024-Q2,gaussian_naive_bayes,poluentes_brutos_meteorologia,2024-04-21 16:00:00,2024-04-21 17:00:00,0,1,falso_positivo,191.0,64.83333333333333,0.6730436535992399,0.9,64.83333333333333,7.18,9.446666666666664,5.166666666666667,4.5,141.0,16.2,10.7,0.0,1015.9,50,5.6,25.3,6.4
2024-Q2,gaussian_naive_bayes,poluentes_brutos_meteorologia,2024-04-22 11:00:00,2024-04-22 12:00:00,0,1,falso_positivo,228.0,29.75,1.3509398209230596,0.96,29.75,16.18,22.266666666666666,11.558333333333332,4.8,149.0,15.7,11.0,0.0,1017.6,66,8.9,23.3,7.1
2024-Q2,gaussian_naive_bayes,poluentes_brutos_meteorologia,2024-04-22 12:00:00,2024-04-22 13:00:00,0,1,falso_positivo,193.0,36.8,1.2611683170183303,0.54,36.8,16.353333333333335,22.513333333333332,11.808333333333332,2.7,160.0,15.3,10.7,0.0,1015.7,55,7.9,25.3,10.0
2024-Q2,gaussian_naive_bayes,poluentes_brutos_meteorologia,2024-04-22 13:00:00,2024-04-22 14:00:00,0,1,falso_positivo,176.0,54.5,1.1505310040979075,0.34,54.5,16.413333333333334,22.606666666666666,11.975,1.7,165.0,15.0,10.5,0.0,1014.4,46,7.1,26.4,9.2
2024-Q2,gaussian_naive_bayes,poluentes_brutos_meteorologia,2024-04-22 14:00:00,2024-04-22 15:00:00,0,1,falso_positivo,170.0,78.66666666666666,1.0316444178456985,0.3,78.66666666666666,16.42,22.64,12.066666666666668,1.5,166.0,15.4,10.8,0.0,1013.8,43,6.4,26.7,8.3
2024-Q2,gaussian_naive_bayes,poluentes_brutos_meteorologia,2024-04-22 18:00:00,2024-04-22 19:00:00,1,0,falso_negativo,263.0,109.66666666666666,0.7948417480861967,3.24,109.66666666666666,16.39,22.760000000000005,12.15,16.2,124.0,18.6,12.7,0.0,1015.2,83,5.9,21.3,13.5
2024-Q2,gaussian_naive_bayes,poluentes_brutos_meteorologia,2024-04-23 13:00:00,2024-04-23 14:00:00,0,1,falso_positivo,175.0,50.66666666666666,1.1578097746847773,0.26,50.66666666666666,15.046666666666669,20.96666666666667,12.45,1.3,153.0,10.8,7.5,0.0,1014.7,44,4.2,27.6,9.0
2024-Q2,gaussian_naive_bayes,poluentes_brutos_meteorologia,2024-04-23 14:00:00,2024-04-23 15:00:00,0,1,falso_positivo,184.0,71.83333333333333,1.0559069864685984,0.26,71.83333333333333,14.973333333333333,20.866666666666667,12.316666666666668,1.3,165.0,13.2,9.3,0.0,1013.9,42,4.8,27.8,8.0
2024-Q2,gaussian_naive_bayes,poluentes_brutos_meteorologia,2024-04-23 18:00:00,2024-04-23 19:00:00,1,0,falso_negativo,288.0,106.33333333333331,0.8506456559188662,3.4600000000000004,106.33333333333331,14.986666666666668,20.92,12.175,17.3,129.0,19.3,13.5,0.0,1014.0,63,5.6,22.1,7.9
2024-Q2,gaussian_naive_bayes,poluentes_brutos_meteorologia,2024-04-24 10:00:00,2024-04-24 11:00:00,0,1,falso_positivo,398.0,26.3,2.059892076084191,2.08,26.3,14.996666666666668,20.973333333333333,14.016666666666667,10.4,158.0,18.3,12.8,0.0,1017.6,57,9.1,24.3,4.5
2024-Q2,gaussian_naive_bayes,poluentes_brutos_meteorologia,2024-04-24 11:00:00,2024-04-24 12:00:00,0,1,falso_positivo,297.0,33.800000000000004,1.9177134239539984,1.2800000000000002,33.800000000000004,15.273333333333335,21.36,14.266666666666667,6.4,165.0,17.6,12.3,0.0,1016.6,54,8.4,26.1,6.1
2024-Q2,gaussian_naive_bayes,poluentes_brutos_meteorologia,2024-04-24 12:00:00,2024-04-24 13:00:00,0,1,falso_positivo,225.0,46.66666666666666,1.747390192221242,0.7200000000000001,46.66666666666666,15.566666666666666,21.773333333333337,14.55,3.6,172.0,17.9,12.5,0.0,1015.7,47,7.7,27.5,9.6
2024-Q2,gaussian_naive_bayes,poluentes_brutos_meteorologia,2024-04-24 18:00:00,2024-04-24 19:00:00,1,0,falso_negativo,262.0,139.25,0.9452696735481754,2.16,139.25,16.656666666666666,23.19333333333333,15.033333333333331,10.8,124.0,19.7,13.2,0.0,1015.0,74,4.7,22.8,11.4
2024-Q2,gaussian_naive_bayes,poluentes_brutos_meteorologia,2024-04-24 19:00:00,2024-04-24 20:00:00,1,0,falso_negativo,277.0,124.5,0.9355646460990154,2.5,124.5,16.64333333333333,23.14666666666667,14.916666666666666,12.5,106.0,19.4,13.2,0.0,1015.9,81,4.4,21.4,13.7
2024-Q2,gaussian_naive_bayes,poluentes_brutos_meteorologia,2024-04-28 14:00:00,2024-04-28 15:00:00,0,1,falso_positivo,166.0,36.3,0.8060025296527306,0.34,36.3,11.743333333333332,16.126666666666665,8.6,1.7,126.0,14.7,10.1,0.0,1012.4,45,3.8,29.5,11.2
2024-Q2,gaussian_naive_bayes,poluentes_brutos_meteorologia,2024-04-28 15:00:00,2024-04-28 16:00:00,0,1,falso_positivo,178.0,43.333333333333336,0.767182419856091,0.6000000000000001,43.333333333333336,11.973333333333334,16.44,8.708333333333334,3.0,130.0,16.4,11.3,0.0,1012.0,46,4.1,29.0,7.4
2024-Q2,gaussian_naive_bayes,poluentes_brutos_meteorologia,2024-04-28 16:00:00,2024-04-28 17:00:00,0,1,falso_positivo,205.0,55.0,0.7404935943709012,1.2800000000000002,55.0,12.226666666666668,16.793333333333333,8.833333333333334,6.4,132.0,18.1,12.5,0.0,1012.0,48,4.5,28.8,5.1
2024-Q2,gaussian_naive_bayes,poluentes_brutos_meteorologia,2024-04-28 17:00:00,2024-04-28 18:00:00,0,1,falso_positivo,241.0,63.5,0.7424345998607332,2.22,63.5,12.509999999999998,17.173333333333336,8.966666666666667,11.1,131.0,21.5,14.5,0.0,1012.3,57,5.0,27.0,9.8
2024-Q2,gaussian_naive_bayes,poluentes_brutos_meteorologia,2024-04-28 18:00:00,2024-04-28 19:00:00,0,1,falso_positivo,275.0,70.0,0.770579179463297,2.92,70.0,12.843333333333334,17.58666666666667,9.1,14.6,128.0,25.4,16.6,0.0,1013.0,74,5.3,23.9,14.3
2024-Q2,gaussian_naive_bayes,poluentes_brutos_meteorologia,2024-05-01 09:00:00,2024-05-01 10:00:00,0,1,falso_positivo,497.0,25.23333333333333,2.5529074705015145,2.8200000000000003,18.3,18.20666666666667,25.23333333333333,12.708333333333334,14.1,145.0,48.9,34.0,0.0,1016.6,68,10.7,22.3,6.2
2024-Q2,gaussian_naive_bayes,poluentes_brutos_meteorologia,2024-05-01 10:00:00,2024-05-01 11:00:00,0,1,falso_positivo,412.0,26.753333333333337,2.4505194309128777,2.14,24.200000000000003,19.293333333333337,26.753333333333337,13.025,10.7,145.0,39.9,27.9,0.0,1017.0,62,9.0,24.9,6.3
2024-Q2,gaussian_naive_bayes,poluentes_brutos_meteorologia,2024-05-01 11:00:00,2024-05-01 12:00:00,0,1,falso_positivo,295.0,30.6,2.267579663496213,1.22,30.6,20.10333333333333,27.880000000000003,13.25,6.1,146.0,29.6,20.6,0.0,1016.2,57,6.8,26.9,6.9
2024-Q2,gaussian_naive_bayes,poluentes_brutos_meteorologia,2024-05-01 12:00:00,2024-05-01 13:00:00,0,1,falso_positivo,209.0,37.55,2.0234982231498417,0.5599999999999999,37.55,20.796666666666667,28.846666666666664,13.4,2.8,147.0,26.1,18.2,0.0,1014.7,46,5.1,28.7,9.5
2024-Q2,gaussian_naive_bayes,poluentes_brutos_meteorologia,2024-05-01 13:00:00,2024-05-01 14:00:00,0,1,falso_positivo,182.0,57.0,1.7517574545733638,0.3,57.0,21.453333333333333,29.76666666666667,13.525,1.5,152.0,25.2,17.6,0.0,1013.7,40,4.6,29.5,9.3
2024-Q2,gaussian_naive_bayes,poluentes_brutos_meteorologia,2024-05-01 14:00:00,2024-05-01 15:00:00,0,1,falso_positivo,187.0,81.66666666666667,1.4843839483490084,0.32,81.66666666666667,22.056666666666665,30.613333333333333,13.666666666666666,1.6,158.0,24.3,17.0,0.0,1012.7,39,4.8,29.7,7.0
2024-Q2,gaussian_naive_bayes,poluentes_brutos_meteorologia,2024-05-01 17:00:00,2024-05-01 18:00:00,0,1,falso_positivo,262.0,104.33333333333331,0.9583714606045411,2.5600000000000005,104.33333333333331,23.683333333333337,32.9,14.041666666666666,12.8,132.0,28.2,19.7,0.0,1011.8,51,5.3,27.1,7.9
2024-Q2,gaussian_naive_bayes,poluentes_brutos_meteorologia,2024-05-01 18:00:00,2024-05-01 19:00:00,0,1,falso_positivo,294.0,99.66666666666666,0.9011117986544978,3.5200000000000005,99.66666666666666,24.25333333333333,33.71333333333334,14.15,17.6,117.0,30.0,21.0,0.0,1011.9,56,5.5,24.6,7.9
2024-Q2,gaussian_naive_bayes,poluentes_brutos_meteorologia,2024-05-03 12:00:00,2024-05-03 13:00:00,0,1,falso_positivo,194.0,29.0,1.0719202817597122,0.6000000000000001,29.0,10.923333333333336,15.3,11.108333333333334,3.0,129.0,17.3,12.1,0.0,1014.5,52,6.6,27.8,5.9
2024-Q2,gaussian_naive_bayes,poluentes_brutos_meteorologia,2024-05-03 13:00:00,2024-05-03 14:00:00,0,1,falso_positivo,182.0,35.1,1.0170868766719587,0.36,35.1,11.163333333333334,15.64,11.408333333333331,1.8,136.0,16.5,11.6,0.0,1013.5,47,5.8,28.4,4.8
2024-Q2,gaussian_naive_bayes,poluentes_brutos_meteorologia,2024-05-03 14:00:00,2024-05-03 15:00:00,0,1,falso_positivo,180.0,44.0,0.9583714606045411,0.3,44.0,11.413333333333334,15.986666666666665,11.66666666666667,1.5,140.0,17.1,11.9,0.0,1012.8,45,5.2,28.8,2.6
2024-Q2,gaussian_naive_bayes,poluentes_brutos_meteorologia,2024-05-03 15:00:00,2024-05-03 16:00:00,0,1,falso_positivo,189.0,61.33333333333333,0.8962592849299178,0.52,61.33333333333333,11.663333333333334,16.333333333333336,11.866666666666667,2.6,143.0,16.9,11.8,0.0,1012.2,45,4.7,28.8,1.6
2024-Q2,gaussian_naive_bayes,poluentes_brutos_meteorologia,2024-05-03 16:00:00,2024-05-03 17:00:00,0,1,falso_positivo,217.0,73.66666666666666,0.8389996229798743,1.2400000000000002,73.66666666666666,11.910000000000002,16.673333333333332,12.000000000000002,6.2,144.0,16.5,11.5,0.0,1012.0,46,4.3,28.6,3.7
2024-Q2,gaussian_naive_bayes,poluentes_brutos_meteorologia,2024-05-03 17:00:00,2024-05-03 18:00:00,0,1,falso_positivo,256.0,82.5,0.8244420818061344,2.24,82.5,12.21,17.08,12.058333333333335,11.2,144.0,18.3,12.6,0.0,1012.0,57,4.0,26.9,4.8
2024-Q2,gaussian_naive_bayes,poluentes_brutos_meteorologia,2024-05-03 18:00:00,2024-05-03 19:00:00,0,1,falso_positivo,285.0,89.0,0.8370586174900424,2.8600000000000003,89.0,12.576666666666666,17.566666666666666,12.05,14.3,141.0,21.0,14.3,0.0,1012.4,59,3.8,24.7,8.6
2024-Q2,gaussian_naive_bayes,poluentes_brutos_meteorologia,2024-05-05 16:00:00,2024-05-05 17:00:00,0,1,falso_positivo,212.0,54.16666666666666,0.7031292386916356,1.08,54.16666666666666,8.84666666666667,12.133333333333333,9.033333333333331,5.4,141.0,13.0,8.8,0.0,1016.5,35,3.6,28.3,5.4
2024-Q2,gaussian_naive_bayes,poluentes_brutos_meteorologia,2024-05-05 17:00:00,2024-05-05 18:00:00,0,1,falso_positivo,277.0,65.0,0.7060407469263835,1.98,65.0,9.006666666666666,12.346666666666666,9.033333333333331,9.9,149.0,18.3,12.3,0.0,1016.7,43,4.2,26.3,6.9
2024-Q2,gaussian_naive_bayes,poluentes_brutos_meteorologia,2024-05-09 13:00:00,2024-05-09 14:00:00,0,1,falso_positivo,165.0,30.5,0.8457931421942863,0.44,30.5,8.766666666666667,12.073333333333334,9.066666666666668,2.2,133.0,13.4,9.3,0.0,1016.8,44,4.6,28.4,7.3
2024-Q2,gaussian_naive_bayes,poluentes_brutos_meteorologia,2024-05-09 14:00:00,2024-05-09 15:00:00,0,1,falso_positivo,176.0,37.25,0.8001795131832347,0.5,37.25,9.133333333333333,12.593333333333334,9.291666666666668,2.5,147.0,15.9,11.0,0.0,1016.3,42,4.8,28.5,6.8
2024-Q2,gaussian_naive_bayes,poluentes_brutos_meteorologia,2024-05-09 15:00:00,2024-05-09 16:00:00,0,1,falso_positivo,186.0,51.0,0.7623299061315111,0.6400000000000001,51.0,9.62,13.22,9.516666666666667,3.2,152.0,20.1,13.0,0.0,1015.8,40,4.8,29.0,4.0
2024-Q2,gaussian_naive_bayes,poluentes_brutos_meteorologia,2024-05-09 16:00:00,2024-05-09 17:00:00,0,1,falso_positivo,190.0,64.5,0.7278770586869933,0.8800000000000001,64.5,10.166666666666668,13.846666666666668,9.691666666666668,4.4,139.0,22.4,13.3,0.0,1016.1,67,4.4,25.7,16.5
2024-Q2,gaussian_naive_bayes,poluentes_brutos_meteorologia,2024-05-11 13:00:00,2024-05-11 14:00:00,0,1,falso_positivo,137.0,38.15,1.4902069648185043,0.26,38.15,12.946666666666667,17.8,9.941666666666668,1.3,132.0,13.0,9.0,0.0,1013.6,42,4.5,28.6,17.0
2024-Q2,gaussian_naive_bayes,poluentes_brutos_meteorologia,2024-05-11 14:00:00,2024-05-11 15:00:00,0,1,falso_positivo,142.0,55.66666666666666,1.2611683170183303,0.3,55.66666666666666,13.143333333333334,18.1,10.183333333333334,1.5,136.0,14.1,9.8,0.0,1012.5,40,4.9,28.9,17.1
2024-Q2,gaussian_naive_bayes,poluentes_brutos_meteorologia,2024-05-11 15:00:00,2024-05-11 16:00:00,0,1,falso_positivo,160.0,71.5,1.0481429645092704,0.6400000000000001,71.5,13.353333333333332,18.42666666666667,10.458333333333334,3.2,139.0,14.5,10.1,0.0,1012.4,39,5.3,28.5,15.0
2024-Q2,gaussian_naive_bayes,poluentes_brutos_meteorologia,2024-05-11 16:00:00,2024-05-11 17:00:00,0,1,falso_positivo,193.0,78.5,0.868599956699812,1.4,78.5,13.553333333333336,18.746666666666663,10.758333333333333,7.0,141.0,14.4,10.0,0.0,1012.1,41,5.6,27.9,11.5
2024-Q2,gaussian_naive_bayes,poluentes_brutos_meteorologia,2024-05-11 17:00:00,2024-05-11 18:00:00,0,1,falso_positivo,240.0,82.83333333333333,0.7822252124022888,2.42,82.83333333333333,13.826666666666668,19.17333333333333,11.1,12.1,141.0,17.4,12.1,0.0,1012.2,55,6.0,26.0,5.2
2024-Q2,gaussian_naive_bayes,poluentes_brutos_meteorologia,2024-05-11 18:00:00,2024-05-11 19:00:00,0,1,falso_positivo,277.0,85.66666666666667,0.7506838731925191,3.26,85.66666666666667,14.213333333333331,19.75333333333333,11.466666666666669,16.3,135.0,22.6,15.7,0.0,1012.6,57,6.2,24.4,6.6
2024-Q2,gaussian_naive_bayes,poluentes_brutos_meteorologia,2024-05-18 10:00:00,2024-05-18 11:00:00,0,1,falso_positivo,590.0,30.200000000000003,2.4209190971929395,3.7200000000000006,30.200000000000003,15.68,21.69333333333333,12.375,18.6,218.0,45.4,31.1,0.0,1019.9,64,11.7,22.8,2.9
2024-Q2,gaussian_naive_bayes,poluentes_brutos_meteorologia,2024-05-18 11:00:00,2024-05-18 12:00:00,0,1,falso_positivo,534.0,50.33333333333333,2.3845252442585902,2.08,50.33333333333333,16.78,23.19333333333333,13.016666666666666,10.4,262.0,45.6,31.2,0.0,1019.0,58,11.2,24.4,1.8
2024-Q2,gaussian_naive_bayes,poluentes_brutos_meteorologia,2024-05-18 20:00:00,2024-05-18 21:00:00,1,0,falso_negativo,297.0,227.0,1.4489605981595746,1.22,227.0,23.17333333333333,31.653333333333336,14.866666666666667,6.1,147.0,26.4,17.8,0.0,1018.9,96,1.8,19.7,8.6
2024-Q2,gaussian_naive_bayes,poluentes_brutos_meteorologia,2024-05-18 21:00:00,2024-05-18 22:00:00,1,0,falso_negativo,282.0,183.25,1.3674383675866313,1.08,183.25,23.17333333333333,31.626666666666672,14.408333333333331,5.4,113.0,18.5,12.4,0.0,1019.4,99,1.3,19.2,9.1
2024-Q2,gaussian_naive_bayes,poluentes_brutos_meteorologia,2024-05-18 22:00:00,2024-05-18 23:00:00,1,0,falso_negativo,263.0,141.5,1.2912539021107263,1.0,141.5,23.013333333333332,31.380000000000003,13.916666666666666,5.0,104.0,14.6,9.8,0.0,1019.6,99,1.1,19.1,6.9
2024-Q2,gaussian_naive_bayes,poluentes_brutos_meteorologia,2024-05-20 12:00:00,2024-05-20 13:00:00,0,1,falso_positivo,231.0,25.5,0.8210453221989285,0.98,25.5,8.953333333333331,12.260000000000002,7.058333333333334,4.9,138.0,23.2,16.1,0.2,1018.4,65,8.0,25.1,8.8
2024-Q2,gaussian_naive_bayes,poluentes_brutos_meteorologia,2024-05-20 13:00:00,2024-05-20 14:00:00,0,1,falso_positivo,221.0,31.35,0.8598654319955682,0.8800000000000001,31.35,9.34666666666667,12.82,7.4333333333333345,4.4,134.0,21.9,15.1,0.1,1017.7,63,6.9,25.4,11.3
2024-Q2,gaussian_naive_bayes,poluentes_brutos_meteorologia,2024-05-29 13:00:00,2024-05-29 14:00:00,0,1,falso_positivo,209.0,32.45,0.8011500159281507,0.66,32.45,12.706666666666669,17.766666666666666,12.383333333333333,3.3,150.0,32.6,22.8,0.0,1021.3,55,9.4,17.6,13.1
2024-Q2,gaussian_naive_bayes,poluentes_brutos_meteorologia,2024-05-29 14:00:00,2024-05-29 15:00:00,0,1,falso_positivo,214.0,39.45,0.8137665516120585,0.6400000000000001,39.45,13.39,18.71333333333333,12.925,3.2,160.0,33.4,23.3,0.0,1021.0,55,9.5,17.8,12.9
2024-Q2,gaussian_naive_bayes,poluentes_brutos_meteorologia,2024-05-29 15:00:00,2024-05-29 16:00:00,0,1,falso_positivo,215.0,59.33333333333333,0.8220158249438445,0.76,59.33333333333333,14.03,19.6,13.45,3.8,158.0,32.5,22.6,0.0,1020.8,54,9.2,18.2,13.6
2024-Q2,gaussian_naive_bayes,poluentes_brutos_meteorologia,2024-06-11 17:00:00,2024-06-11 18:00:00,1,0,falso_negativo,313.0,103.0,1.0238803958863707,2.66,103.0,21.24,29.66,15.508333333333333,13.3,156.0,25.2,17.4,0.0,1021.1,76,6.0,21.3,12.3
2024-Q2,gaussian_naive_bayes,poluentes_brutos_meteorologia,2024-06-11 18:00:00,2024-06-11 19:00:00,1,0,falso_negativo,377.0,105.33333333333331,0.9428434166858852,3.58,105.33333333333331,21.50666666666667,30.013333333333332,15.583333333333334,17.9,156.0,31.1,21.4,0.0,1021.4,85,6.1,18.5,11.1
2024-Q2,gaussian_naive_bayes,poluentes_brutos_meteorologia,2024-06-11 19:00:00,2024-06-11 20:00:00,1,0,falso_negativo,426.0,108.66666666666666,0.9865160402071048,3.82,108.66666666666666,21.830000000000005,30.446666666666665,15.558333333333335,19.1,159.0,34.7,24.0,0.0,1021.5,81,5.4,17.9,11.3
2024-Q2,gaussian_naive_bayes,poluentes_brutos_meteorologia,2024-06-11 20:00:00,2024-06-11 21:00:00,1,0,falso_negativo,467.0,112.66666666666666,1.1233569272402597,3.74,112.66666666666666,22.273333333333337,31.053333333333335,15.408333333333331,18.7,163.0,39.1,27.1,0.0,1021.7,77,4.4,17.3,8.9
2024-Q2,gaussian_naive_bayes,poluentes_brutos_meteorologia,2024-06-11 21:00:00,2024-06-11 22:00:00,1,0,falso_negativo,523.0,115.0,1.308237700146756,4.14,115.0,22.723333333333333,31.66,15.225,20.7,157.0,41.1,28.4,0.0,1021.7,83,4.6,15.6,9.6
2024-Q2,gaussian_naive_bayes,poluentes_brutos_meteorologia,2024-06-11 22:00:00,2024-06-11 23:00:00,1,0,falso_negativo,533.0,113.33333333333331,1.4906922161909624,4.04,113.33333333333331,23.146666666666672,32.233333333333334,14.925000000000002,20.2,139.0,42.3,29.3,0.0,1022.4,81,3.8,16.1,7.0
2024-Q2,gaussian_naive_bayes,subindices_meteorologia,2024-04-02 17:00:00,2024-04-02 18:00:00,0,1,falso_positivo,225.0,82.5,0.7497133704476031,1.94,82.5,12.856666666666667,17.56,10.75,9.7,129.0,27.2,18.9,0.0,1011.2,64,6.3,25.5,7.6
2024-Q2,gaussian_naive_bayes,subindices_meteorologia,2024-04-02 18:00:00,2024-04-02 19:00:00,0,1,falso_positivo,255.0,88.0,0.7720349335806709,2.74,88.0,13.55,18.546666666666667,11.058333333333332,13.7,120.0,28.4,19.6,0.0,1011.4,75,6.6,23.4,6.4
2024-Q2,gaussian_naive_bayes,subindices_meteorologia,2024-04-02 19:00:00,2024-04-02 20:00:00,0,1,falso_positivo,288.0,85.33333333333333,0.8171633112192644,3.7200000000000006,85.33333333333333,14.246666666666668,19.53333333333333,11.341666666666669,18.6,106.0,29.9,20.5,0.0,1011.9,86,6.7,21.6,4.5
2024-Q2,gaussian_naive_bayes,subindices_meteorologia,2024-04-03 12:00:00,2024-04-03 13:00:00,0,1,falso_positivo,184.0,67.66666666666666,1.4057732260108131,0.2799999999999999,67.66666666666666,25.25333333333333,34.906666666666666,14.766666666666667,1.4,160.0,17.4,11.7,0.0,1015.5,61,4.1,26.5,4.7
2024-Q2,gaussian_naive_bayes,subindices_meteorologia,2024-04-03 17:00:00,2024-04-03 18:00:00,0,1,falso_positivo,151.0,102.0,0.6919684571251017,0.8800000000000001,102.0,23.840000000000003,32.76666666666667,13.4,4.4,113.0,13.2,8.4,0.0,1013.4,76,2.8,24.9,15.1
2024-Q2,gaussian_naive_bayes,subindices_meteorologia,2024-04-03 18:00:00,2024-04-03 19:00:00,0,1,falso_positivo,150.0,90.33333333333331,0.650236839093714,1.12,90.33333333333331,23.360000000000003,32.04666666666667,13.075,5.6,101.0,14.0,8.8,0.0,1013.7,88,2.7,22.0,14.5
2024-Q2,gaussian_naive_bayes,subindices_meteorologia,2024-04-03 19:00:00,2024-04-03 20:00:00,0,1,falso_positivo,149.0,77.33333333333333,0.6216070081186924,1.2400000000000002,77.33333333333333,22.81,31.253333333333337,12.733333333333333,6.2,88.0,13.4,8.6,0.0,1013.7,89,2.6,20.8,13.3
2024-Q2,gaussian_naive_bayes,subindices_meteorologia,2024-04-04 18:00:00,2024-04-04 19:00:00,0,1,falso_positivo,210.0,105.66666666666666,0.8103697920048526,1.5,105.66666666666666,13.086666666666666,17.773333333333337,4.566666666666667,7.5,115.0,15.9,10.4,0.0,1014.6,89,2.4,23.8,14.4
2024-Q2,gaussian_naive_bayes,subindices_meteorologia,2024-04-04 19:00:00,2024-04-04 20:00:00,0,1,falso_positivo,209.0,98.5,0.8079435351425627,1.6800000000000002,98.5,13.133333333333336,17.853333333333335,4.533333333333334,8.4,97.0,14.8,9.8,0.0,1015.1,90,2.2,21.7,14.1
2024-Q2,gaussian_naive_bayes,subindices_meteorologia,2024-04-04 20:00:00,2024-04-04 21:00:00,0,1,falso_positivo,208.0,85.83333333333333,0.8069730323976466,1.74,85.83333333333333,13.173333333333332,17.92,4.500000000000001,8.7,78.0,14.3,9.5,0.0,1016.0,88,2.1,20.6,13.6
2024-Q2,gaussian_naive_bayes,subindices_meteorologia,2024-04-05 22:00:00,2024-04-05 23:00:00,0,1,falso_positivo,185.0,101.16666666666666,0.8292945955307145,1.14,101.16666666666666,16.380000000000003,22.42,8.025,5.7,97.0,15.2,9.9,0.0,1017.4,82,3.2,18.5,6.1
2024-Q2,gaussian_naive_bayes,subindices_meteorologia,2024-04-10 15:00:00,2024-04-10 16:00:00,0,1,falso_positivo,205.0,79.66666666666666,0.8186190653366385,0.58,79.66666666666666,16.753333333333334,23.393333333333334,9.983333333333334,2.9,164.0,22.4,15.6,0.1,1012.0,58,4.6,27.1,4.6
2024-Q2,gaussian_naive_bayes,subindices_meteorologia,2024-04-10 20:00:00,2024-04-10 21:00:00,0,1,falso_positivo,248.0,100.16666666666666,0.8477341476841183,1.92,100.16666666666666,16.303333333333335,22.76,9.891666666666667,9.6,102.0,22.2,15.5,0.0,1014.0,91,4.1,20.2,9.2
2024-Q2,gaussian_naive_bayes,subindices_meteorologia,2024-04-10 21:00:00,2024-04-10 22:00:00,0,1,falso_positivo,259.0,87.66666666666667,0.878304984148972,2.12,87.66666666666667,16.273333333333333,22.706666666666663,9.858333333333333,10.6,84.0,18.8,13.0,0.0,1014.9,95,3.2,19.0,5.6
2024-Q2,gaussian_naive_bayes,subindices_meteorologia,2024-04-17 14:00:00,2024-04-17 15:00:00,0,1,falso_positivo,159.0,64.83333333333333,1.190321616639463,0.42,64.83333333333333,20.393333333333334,28.180000000000003,14.558333333333332,2.1,129.0,15.5,10.7,0.0,1013.0,59,4.1,28.1,16.5
2024-Q2,gaussian_naive_bayes,subindices_meteorologia,2024-04-17 15:00:00,2024-04-17 16:00:00,0,1,falso_positivo,169.0,79.0,1.0282476582384923,0.66,79.0,20.72666666666667,28.653333333333336,14.65,3.3,129.0,19.9,13.8,0.0,1012.3,57,4.7,27.9,16.2
2024-Q2,gaussian_naive_bayes,subindices_meteorologia,2024-04-17 16:00:00,2024-04-17 17:00:00,0,1,falso_positivo,194.0,84.83333333333333,0.9079053178689096,1.14,84.83333333333333,21.263333333333332,29.406666666666663,14.825,5.7,133.0,26.5,18.4,0.3,1012.7,63,5.6,26.5,13.0
2024-Q2,gaussian_naive_bayes,subindices_meteorologia,2024-04-17 17:00:00,2024-04-17 18:00:00,0,1,falso_positivo,231.0,84.33333333333333,0.8225010763163025,1.7600000000000002,84.33333333333333,21.94333333333334,30.36,15.125,8.8,139.0,31.0,21.5,8.3,1014.7,87,7.0,22.3,13.6
2024-Q2,gaussian_naive_bayes,subindices_meteorologia,2024-04-17 18:00:00,2024-04-17 19:00:00,0,1,falso_positivo,255.0,84.33333333333333,0.7802842069124568,2.18,84.33333333333333,22.616666666666667,31.313333333333333,15.483333333333333,10.9,139.0,33.4,23.3,1.3,1014.3,92,7.7,21.6,10.0
2024-Q2,gaussian_naive_bayes,subindices_meteorologia,2024-04-17 19:00:00,2024-04-17 20:00:00,0,1,falso_positivo,256.0,83.16666666666667,0.7817399610298309,2.22,83.16666666666667,23.223333333333333,32.18,15.808333333333332,11.1,128.0,33.3,23.3,0.2,1015.1,92,7.4,21.6,5.7
2024-Q2,gaussian_naive_bayes,subindices_meteorologia,2024-04-17 20:00:00,2024-04-17 21:00:00,0,1,falso_positivo,245.0,79.5,0.8103697920048526,2.04,79.5,23.68,32.82666666666667,16.05,10.2,110.0,29.3,20.4,0.5,1015.5,92,6.6,21.3,7.9
2024-Q2,gaussian_naive_bayes,subindices_meteorologia,2024-04-17 21:00:00,2024-04-17 22:00:00,0,1,falso_positivo,253.0,73.16666666666666,0.8550129182709882,2.4000000000000004,73.16666666666666,23.773333333333337,32.96,16.116666666666664,12.0,92.0,28.1,19.1,3.8,1016.3,95,6.5,20.8,8.0
2024-Q2,gaussian_naive_bayes,subindices_meteorologia,2024-04-22 14:00:00,2024-04-22 15:00:00,0,1,falso_positivo,170.0,78.66666666666666,1.0316444178456985,0.3,78.66666666666666,16.42,22.64,12.066666666666668,1.5,166.0,15.4,10.8,0.0,1013.8,43,6.4,26.7,8.3
2024-Q2,gaussian_naive_bayes,subindices_meteorologia,2024-04-22 19:00:00,2024-04-22 20:00:00,0,1,falso_positivo,280.0,103.83333333333331,0.8200748194540125,3.3200000000000003,103.83333333333331,16.45,22.866666666666667,12.191666666666668,16.6,114.0,20.1,13.8,0.0,1015.5,93,5.9,19.6,9.3
2024-Q2,gaussian_naive_bayes,subindices_meteorologia,2024-04-22 20:00:00,2024-04-22 21:00:00,0,1,falso_positivo,291.0,94.83333333333331,0.8676294539548961,3.08,94.83333333333331,16.520000000000003,22.99333333333334,12.258333333333336,15.4,106.0,20.5,14.2,0.0,1015.9,92,5.9,19.0,8.7
2024-Q2,gaussian_naive_bayes,subindices_meteorologia,2024-04-23 14:00:00,2024-04-23 15:00:00,0,1,falso_positivo,184.0,71.83333333333333,1.0559069864685984,0.26,71.83333333333333,14.973333333333333,20.866666666666667,12.316666666666668,1.3,165.0,13.2,9.3,0.0,1013.9,42,4.8,27.8,8.0
2024-Q2,gaussian_naive_bayes,subindices_meteorologia,2024-04-23 19:00:00,2024-04-23 20:00:00,0,1,falso_positivo,313.0,103.5,0.8880100115981319,4.260000000000001,103.5,14.976666666666668,20.926666666666662,12.166666666666666,21.3,116.0,19.8,13.9,0.0,1014.6,77,5.8,20.4,6.9
2024-Q2,gaussian_naive_bayes,subindices_meteorologia,2024-04-23 20:00:00,2024-04-23 21:00:00,0,1,falso_positivo,336.0,97.0,0.9603124660943732,4.98,97.0,14.96,20.91333333333333,12.175000000000002,24.9,102.0,20.0,14.0,0.0,1015.4,89,6.0,19.0,6.0
2024-Q2,gaussian_naive_bayes,subindices_meteorologia,2024-04-24 20:00:00,2024-04-24 21:00:00,0,1,falso_positivo,295.0,109.33333333333331,0.969532242171075,2.78,109.33333333333331,16.636666666666667,23.120000000000005,14.775,13.9,90.0,19.8,13.6,0.0,1016.9,83,4.3,20.8,13.4
2024-Q2,gaussian_naive_bayes,subindices_meteorologia,2024-04-24 21:00:00,2024-04-24 22:00:00,0,1,falso_positivo,321.0,91.33333333333331,1.0238803958863707,3.4000000000000004,91.33333333333331,16.78666666666667,23.306666666666672,14.541666666666666,17.0,75.0,26.0,17.8,0.0,1017.5,86,4.4,20.3,12.4
2024-Q2,gaussian_naive_bayes,subindices_meteorologia,2024-05-01 13:00:00,2024-05-01 14:00:00,0,1,falso_positivo,182.0,57.0,1.7517574545733638,0.3,57.0,21.453333333333333,29.76666666666667,13.525,1.5,152.0,25.2,17.6,0.0,1013.7,40,4.6,29.5,9.3
2024-Q2,gaussian_naive_bayes,subindices_meteorologia,2024-05-01 14:00:00,2024-05-01 15:00:00,0,1,falso_positivo,187.0,81.66666666666667,1.4843839483490084,0.32,81.66666666666667,22.056666666666665,30.613333333333333,13.666666666666666,1.6,158.0,24.3,17.0,0.0,1012.7,39,4.8,29.7,7.0
2024-Q2,gaussian_naive_bayes,subindices_meteorologia,2024-05-01 17:00:00,2024-05-01 18:00:00,0,1,falso_positivo,262.0,104.33333333333331,0.9583714606045411,2.5600000000000005,104.33333333333331,23.683333333333337,32.9,14.041666666666666,12.8,132.0,28.2,19.7,0.0,1011.8,51,5.3,27.1,7.9
2024-Q2,gaussian_naive_bayes,subindices_meteorologia,2024-05-01 18:00:00,2024-05-01 19:00:00,0,1,falso_positivo,294.0,99.66666666666666,0.9011117986544978,3.5200000000000005,99.66666666666666,24.25333333333333,33.71333333333334,14.15,17.6,117.0,30.0,21.0,0.0,1011.9,56,5.5,24.6,7.9
2024-Q2,gaussian_naive_bayes,subindices_meteorologia,2024-05-01 19:00:00,2024-05-01 20:00:00,0,1,falso_positivo,319.0,93.0,0.9127578315934896,4.18,93.0,24.78333333333333,34.46666666666667,14.275,20.9,106.0,30.2,21.0,0.0,1011.9,65,5.7,22.3,8.9
2024-Q2,gaussian_naive_bayes,subindices_meteorologia,2024-05-01 20:00:00,2024-05-01 21:00:00,0,1,falso_positivo,341.0,84.5,0.976811012757945,4.7,84.5,25.316666666666663,35.22666666666667,14.416666666666666,23.5,96.0,29.9,20.8,0.0,1012.2,62,5.8,22.1,10.3
2024-Q2,gaussian_naive_bayes,subindices_meteorologia,2024-05-03 16:00:00,2024-05-03 17:00:00,0,1,falso_positivo,217.0,73.66666666666666,0.8389996229798743,1.2400000000000002,73.66666666666666,11.910000000000002,16.673333333333332,12.000000000000002,6.2,144.0,16.5,11.5,0.0,1012.0,46,4.3,28.6,3.7
2024-Q2,gaussian_naive_bayes,subindices_meteorologia,2024-05-03 17:00:00,2024-05-03 18:00:00,0,1,falso_positivo,256.0,82.5,0.8244420818061344,2.24,82.5,12.21,17.08,12.058333333333335,11.2,144.0,18.3,12.6,0.0,1012.0,57,4.0,26.9,4.8
2024-Q2,gaussian_naive_bayes,subindices_meteorologia,2024-05-03 18:00:00,2024-05-03 19:00:00,0,1,falso_positivo,285.0,89.0,0.8370586174900424,2.8600000000000003,89.0,12.576666666666666,17.566666666666666,12.05,14.3,141.0,21.0,14.3,0.0,1012.4,59,3.8,24.7,8.6
2024-Q2,gaussian_naive_bayes,subindices_meteorologia,2024-05-03 19:00:00,2024-05-03 20:00:00,0,1,falso_positivo,289.0,92.0,0.869570459444728,2.68,92.0,12.883333333333336,17.966666666666665,11.975,13.4,135.0,21.5,14.6,0.0,1013.1,81,3.6,22.8,10.4
2024-Q2,gaussian_naive_bayes,subindices_meteorologia,2024-05-03 20:00:00,2024-05-03 21:00:00,0,1,falso_positivo,282.0,91.66666666666669,0.9122725802210316,2.12,91.66666666666669,13.14,18.28,11.825,10.6,127.0,20.9,14.0,0.0,1013.9,95,3.4,21.3,11.2
2024-Q2,gaussian_naive_bayes,subindices_meteorologia,2024-05-03 21:00:00,2024-05-03 22:00:00,0,1,falso_positivo,310.0,86.66666666666667,0.9743847558956552,2.0,86.66666666666667,13.249999999999998,18.426666666666662,11.625,10.0,106.0,18.6,12.9,0.0,1014.7,96,3.6,20.8,7.7
2024-Q2,gaussian_naive_bayes,subindices_meteorologia,2024-05-05 20:00:00,2024-05-05 21:00:00,0,1,falso_positivo,389.0,86.83333333333333,0.9714732476609071,2.76,86.83333333333333,9.493333333333334,13.0,8.825000000000001,13.8,128.0,25.1,17.2,0.0,1018.1,77,4.8,21.6,14.2
2024-Q2,gaussian_naive_bayes,subindices_meteorologia,2024-05-11 15:00:00,2024-05-11 16:00:00,0,1,falso_positivo,160.0,71.5,1.0481429645092704,0.6400000000000001,71.5,13.353333333333332,18.42666666666667,10.458333333333334,3.2,139.0,14.5,10.1,0.0,1012.4,39,5.3,28.5,15.0
2024-Q2,gaussian_naive_bayes,subindices_meteorologia,2024-05-11 16:00:00,2024-05-11 17:00:00,0,1,falso_positivo,193.0,78.5,0.868599956699812,1.4,78.5,13.553333333333336,18.746666666666663,10.758333333333333,7.0,141.0,14.4,10.0,0.0,1012.1,41,5.6,27.9,11.5
2024-Q2,gaussian_naive_bayes,subindices_meteorologia,2024-05-11 17:00:00,2024-05-11 18:00:00,0,1,falso_positivo,240.0,82.83333333333333,0.7822252124022888,2.42,82.83333333333333,13.826666666666668,19.17333333333333,11.1,12.1,141.0,17.4,12.1,0.0,1012.2,55,6.0,26.0,5.2
2024-Q2,gaussian_naive_bayes,subindices_meteorologia,2024-05-11 18:00:00,2024-05-11 19:00:00,0,1,falso_positivo,277.0,85.66666666666667,0.7506838731925191,3.26,85.66666666666667,14.213333333333331,19.75333333333333,11.466666666666669,16.3,135.0,22.6,15.7,0.0,1012.6,57,6.2,24.4,6.6
2024-Q2,gaussian_naive_bayes,subindices_meteorologia,2024-05-11 19:00:00,2024-05-11 20:00:00,0,1,falso_positivo,295.0,84.66666666666667,0.7788284527950828,3.68,84.66666666666667,14.646666666666668,20.38666666666667,11.841666666666669,18.4,117.0,23.5,16.4,0.0,1012.9,65,6.2,23.0,5.7
2024-Q2,gaussian_naive_bayes,subindices_meteorologia,2024-05-18 23:00:00,2024-05-19 00:00:00,0,1,falso_positivo,237.0,108.0,1.2140989338899049,0.8800000000000001,108.0,22.68,30.89333333333333,13.4,4.4,91.0,9.6,6.4,0.0,1019.8,99,0.9,19.0,4.8
2024-Q2,gaussian_naive_bayes,subindices_meteorologia,2024-05-19 00:00:00,2024-05-19 01:00:00,0,1,falso_positivo,215.0,83.83333333333333,1.1345177088067937,0.8,83.83333333333333,22.28,30.326666666666668,12.875000000000002,4.0,80.0,7.5,5.1,0.0,1019.7,97,0.8,19.1,3.7
2024-Q2,gaussian_naive_bayes,subindices_meteorologia,2024-06-11 14:00:00,2024-06-11 15:00:00,0,1,falso_positivo,157.0,74.33333333333333,1.7308916455576702,0.04,74.33333333333333,20.930000000000007,29.24000000000001,15.25,0.2,149.0,16.1,11.2,0.0,1020.4,51,5.2,24.7,3.0
2024-Q2,gaussian_naive_bayes,subindices_meteorologia,2024-06-11 23:00:00,2024-06-12 00:00:00,0,1,falso_positivo,545.0,106.5,1.6624712020410928,3.9,106.5,23.5,32.72,14.475,19.5,113.0,41.0,28.5,0.0,1022.5,77,2.7,17.0,5.2
2024-Q2,gaussian_naive_bayes,subindices_meteorologia,2024-06-12 00:00:00,2024-06-12 01:00:00,0,1,falso_positivo,543.0,95.83333333333331,1.8085318651509492,3.620000000000001,95.83333333333331,23.723333333333336,33.04,13.9,18.1,92.0,37.1,26.0,0.0,1022.5,79,1.8,16.4,4.7
2024-Q2,gaussian_naive_bayes,poluentes_subindices_meteorologia,2024-04-02 16:00:00,2024-04-02 17:00:00,0,1,falso_positivo,198.0,71.33333333333333,0.7468018622128552,1.2800000000000002,71.33333333333333,12.133333333333333,16.540000000000003,10.433333333333334,6.4,135.0,25.1,17.5,0.0,1010.9,54,6.1,26.7,6.0
2024-Q2,gaussian_naive_bayes,poluentes_subindices_meteorologia,2024-04-02 17:00:00,2024-04-02 18:00:00,0,1,falso_positivo,225.0,82.5,0.7497133704476031,1.94,82.5,12.856666666666667,17.56,10.75,9.7,129.0,27.2,18.9,0.0,1011.2,64,6.3,25.5,7.6
2024-Q2,gaussian_naive_bayes,poluentes_subindices_meteorologia,2024-04-02 18:00:00,2024-04-02 19:00:00,0,1,falso_positivo,255.0,88.0,0.7720349335806709,2.74,88.0,13.55,18.546666666666667,11.058333333333332,13.7,120.0,28.4,19.6,0.0,1011.4,75,6.6,23.4,6.4
2024-Q2,gaussian_naive_bayes,poluentes_subindices_meteorologia,2024-04-02 19:00:00,2024-04-02 20:00:00,0,1,falso_positivo,288.0,85.33333333333333,0.8171633112192644,3.7200000000000006,85.33333333333333,14.246666666666668,19.53333333333333,11.341666666666669,18.6,106.0,29.9,20.5,0.0,1011.9,86,6.7,21.6,4.5
2024-Q2,gaussian_naive_bayes,poluentes_subindices_meteorologia,2024-04-03 11:00:00,2024-04-03 12:00:00,0,1,falso_positivo,208.0,46.833333333333336,1.6134608134228352,0.5,46.833333333333336,25.363333333333333,35.086666666666666,15.033333333333331,2.5,166.0,19.9,13.4,0.0,1016.3,68,5.4,25.3,5.4
2024-Q2,gaussian_naive_bayes,poluentes_subindices_meteorologia,2024-04-03 12:00:00,2024-04-03 13:00:00,0,1,falso_positivo,184.0,67.66666666666666,1.4057732260108131,0.2799999999999999,67.66666666666666,25.25333333333333,34.906666666666666,14.766666666666667,1.4,160.0,17.4,11.7,0.0,1015.5,61,4.1,26.5,4.7
2024-Q2,gaussian_naive_bayes,poluentes_subindices_meteorologia,2024-04-03 17:00:00,2024-04-03 18:00:00,0,1,falso_positivo,151.0,102.0,0.6919684571251017,0.8800000000000001,102.0,23.840000000000003,32.76666666666667,13.4,4.4,113.0,13.2,8.4,0.0,1013.4,76,2.8,24.9,15.1
2024-Q2,gaussian_naive_bayes,poluentes_subindices_meteorologia,2024-04-03 18:00:00,2024-04-03 19:00:00,0,1,falso_positivo,150.0,90.33333333333331,0.650236839093714,1.12,90.33333333333331,23.360000000000003,32.04666666666667,13.075,5.6,101.0,14.0,8.8,0.0,1013.7,88,2.7,22.0,14.5
2024-Q2,gaussian_naive_bayes,poluentes_subindices_meteorologia,2024-04-04 14:00:00,2024-04-04 15:00:00,0,1,falso_positivo,206.0,74.33333333333333,0.8380291202349583,0.26,74.33333333333333,12.840000000000002,17.34666666666667,4.533333333333334,1.3,168.0,14.7,10.1,0.0,1014.3,52,3.5,28.4,0.8
2024-Q2,gaussian_naive_bayes,poluentes_subindices_meteorologia,2024-04-04 18:00:00,2024-04-04 19:00:00,0,1,falso_positivo,210.0,105.66666666666666,0.8103697920048526,1.5,105.66666666666666,13.086666666666666,17.773333333333337,4.566666666666667,7.5,115.0,15.9,10.4,0.0,1014.6,89,2.4,23.8,14.4
2024-Q2,gaussian_naive_bayes,poluentes_subindices_meteorologia,2024-04-04 19:00:00,2024-04-04 20:00:00,0,1,falso_positivo,209.0,98.5,0.8079435351425627,1.6800000000000002,98.5,13.133333333333336,17.853333333333335,4.533333333333334,8.4,97.0,14.8,9.8,0.0,1015.1,90,2.2,21.7,14.1
2024-Q2,gaussian_naive_bayes,poluentes_subindices_meteorologia,2024-04-05 13:00:00,2024-04-05 14:00:00,0,1,falso_positivo,215.0,57.5,0.8569539237608201,0.4,57.5,15.026666666666667,20.573333333333338,6.550000000000001,2.0,179.0,18.1,12.5,0.0,1015.8,46,5.7,28.0,2.1
2024-Q2,gaussian_naive_bayes,poluentes_subindices_meteorologia,2024-04-05 22:00:00,2024-04-05 23:00:00,0,1,falso_positivo,185.0,101.16666666666666,0.8292945955307145,1.14,101.16666666666666,16.380000000000003,22.42,8.025,5.7,97.0,15.2,9.9,0.0,1017.4,82,3.2,18.5,6.1
2024-Q2,gaussian_naive_bayes,poluentes_subindices_meteorologia,2024-04-10 14:00:00,2024-04-10 15:00:00,0,1,falso_positivo,200.0,57.33333333333333,0.8506456559188662,0.48,57.33333333333333,16.776666666666667,23.41333333333333,9.916666666666666,2.4,164.0,22.6,15.8,0.0,1012.1,62,5.5,26.7,3.3
2024-Q2,gaussian_naive_bayes,poluentes_subindices_meteorologia,2024-04-10 15:00:00,2024-04-10 16:00:00,0,1,falso_positivo,205.0,79.66666666666666,0.8186190653366385,0.58,79.66666666666666,16.753333333333334,23.393333333333334,9.983333333333334,2.9,164.0,22.4,15.6,0.1,1012.0,58,4.6,27.1,4.6
2024-Q2,gaussian_naive_bayes,poluentes_subindices_meteorologia,2024-04-10 20:00:00,2024-04-10 21:00:00,0,1,falso_positivo,248.0,100.16666666666666,0.8477341476841183,1.92,100.16666666666666,16.303333333333335,22.76,9.891666666666667,9.6,102.0,22.2,15.5,0.0,1014.0,91,4.1,20.2,9.2
2024-Q2,gaussian_naive_bayes,poluentes_subindices_meteorologia,2024-04-17 14:00:00,2024-04-17 15:00:00,0,1,falso_positivo,159.0,64.83333333333333,1.190321616639463,0.42,64.83333333333333,20.393333333333334,28.180000000000003,14.558333333333332,2.1,129.0,15.5,10.7,0.0,1013.0,59,4.1,28.1,16.5
2024-Q2,gaussian_naive_bayes,poluentes_subindices_meteorologia,2024-04-17 15:00:00,2024-04-17 16:00:00,0,1,falso_positivo,169.0,79.0,1.0282476582384923,0.66,79.0,20.72666666666667,28.653333333333336,14.65,3.3,129.0,19.9,13.8,0.0,1012.3,57,4.7,27.9,16.2
2024-Q2,gaussian_naive_bayes,poluentes_subindices_meteorologia,2024-04-17 16:00:00,2024-04-17 17:00:00,0,1,falso_positivo,194.0,84.83333333333333,0.9079053178689096,1.14,84.83333333333333,21.263333333333332,29.406666666666663,14.825,5.7,133.0,26.5,18.4,0.3,1012.7,63,5.6,26.5,13.0
2024-Q2,gaussian_naive_bayes,poluentes_subindices_meteorologia,2024-04-17 17:00:00,2024-04-17 18:00:00,0,1,falso_positivo,231.0,84.33333333333333,0.8225010763163025,1.7600000000000002,84.33333333333333,21.94333333333334,30.36,15.125,8.8,139.0,31.0,21.5,8.3,1014.7,87,7.0,22.3,13.6
2024-Q2,gaussian_naive_bayes,poluentes_subindices_meteorologia,2024-04-17 18:00:00,2024-04-17 19:00:00,0,1,falso_positivo,255.0,84.33333333333333,0.7802842069124568,2.18,84.33333333333333,22.616666666666667,31.313333333333333,15.483333333333333,10.9,139.0,33.4,23.3,1.3,1014.3,92,7.7,21.6,10.0
2024-Q2,gaussian_naive_bayes,poluentes_subindices_meteorologia,2024-04-17 19:00:00,2024-04-17 20:00:00,0,1,falso_positivo,256.0,83.16666666666667,0.7817399610298309,2.22,83.16666666666667,23.223333333333333,32.18,15.808333333333332,11.1,128.0,33.3,23.3,0.2,1015.1,92,7.4,21.6,5.7
2024-Q2,gaussian_naive_bayes,poluentes_subindices_meteorologia,2024-04-17 20:00:00,2024-04-17 21:00:00,0,1,falso_positivo,245.0,79.5,0.8103697920048526,2.04,79.5,23.68,32.82666666666667,16.05,10.2,110.0,29.3,20.4,0.5,1015.5,92,6.6,21.3,7.9
2024-Q2,gaussian_naive_bayes,poluentes_subindices_meteorologia,2024-04-17 21:00:00,2024-04-17 22:00:00,0,1,falso_positivo,253.0,73.16666666666666,0.8550129182709882,2.4000000000000004,73.16666666666666,23.773333333333337,32.96,16.116666666666664,12.0,92.0,28.1,19.1,3.8,1016.3,95,6.5,20.8,8.0
2024-Q2,gaussian_naive_bayes,poluentes_subindices_meteorologia,2024-04-22 13:00:00,2024-04-22 14:00:00,0,1,falso_positivo,176.0,54.5,1.1505310040979075,0.34,54.5,16.413333333333334,22.606666666666666,11.975,1.7,165.0,15.0,10.5,0.0,1014.4,46,7.1,26.4,9.2
2024-Q2,gaussian_naive_bayes,poluentes_subindices_meteorologia,2024-04-22 14:00:00,2024-04-22 15:00:00,0,1,falso_positivo,170.0,78.66666666666666,1.0316444178456985,0.3,78.66666666666666,16.42,22.64,12.066666666666668,1.5,166.0,15.4,10.8,0.0,1013.8,43,6.4,26.7,8.3
2024-Q2,gaussian_naive_bayes,poluentes_subindices_meteorologia,2024-04-22 19:00:00,2024-04-22 20:00:00,0,1,falso_positivo,280.0,103.83333333333331,0.8200748194540125,3.3200000000000003,103.83333333333331,16.45,22.866666666666667,12.191666666666668,16.6,114.0,20.1,13.8,0.0,1015.5,93,5.9,19.6,9.3
2024-Q2,gaussian_naive_bayes,poluentes_subindices_meteorologia,2024-04-22 20:00:00,2024-04-22 21:00:00,0,1,falso_positivo,291.0,94.83333333333331,0.8676294539548961,3.08,94.83333333333331,16.520000000000003,22.99333333333334,12.258333333333336,15.4,106.0,20.5,14.2,0.0,1015.9,92,5.9,19.0,8.7
2024-Q2,gaussian_naive_bayes,poluentes_subindices_meteorologia,2024-04-23 14:00:00,2024-04-23 15:00:00,0,1,falso_positivo,184.0,71.83333333333333,1.0559069864685984,0.26,71.83333333333333,14.973333333333333,20.866666666666667,12.316666666666668,1.3,165.0,13.2,9.3,0.0,1013.9,42,4.8,27.8,8.0
2024-Q2,gaussian_naive_bayes,poluentes_subindices_meteorologia,2024-04-23 19:00:00,2024-04-23 20:00:00,0,1,falso_positivo,313.0,103.5,0.8880100115981319,4.260000000000001,103.5,14.976666666666668,20.926666666666662,12.166666666666666,21.3,116.0,19.8,13.9,0.0,1014.6,77,5.8,20.4,6.9
2024-Q2,gaussian_naive_bayes,poluentes_subindices_meteorologia,2024-04-23 20:00:00,2024-04-23 21:00:00,0,1,falso_positivo,336.0,97.0,0.9603124660943732,4.98,97.0,14.96,20.91333333333333,12.175000000000002,24.9,102.0,20.0,14.0,0.0,1015.4,89,6.0,19.0,6.0
2024-Q2,gaussian_naive_bayes,poluentes_subindices_meteorologia,2024-04-24 12:00:00,2024-04-24 13:00:00,0,1,falso_positivo,225.0,46.66666666666666,1.747390192221242,0.7200000000000001,46.66666666666666,15.566666666666666,21.773333333333337,14.55,3.6,172.0,17.9,12.5,0.0,1015.7,47,7.7,27.5,9.6
2024-Q2,gaussian_naive_bayes,poluentes_subindices_meteorologia,2024-04-24 20:00:00,2024-04-24 21:00:00,0,1,falso_positivo,295.0,109.33333333333331,0.969532242171075,2.78,109.33333333333331,16.636666666666667,23.120000000000005,14.775,13.9,90.0,19.8,13.6,0.0,1016.9,83,4.3,20.8,13.4
2024-Q2,gaussian_naive_bayes,poluentes_subindices_meteorologia,2024-04-24 21:00:00,2024-04-24 22:00:00,0,1,falso_positivo,321.0,91.33333333333331,1.0238803958863707,3.4000000000000004,91.33333333333331,16.78666666666667,23.306666666666672,14.541666666666666,17.0,75.0,26.0,17.8,0.0,1017.5,86,4.4,20.3,12.4
2024-Q2,gaussian_naive_bayes,poluentes_subindices_meteorologia,2024-05-01 13:00:00,2024-05-01 14:00:00,0,1,falso_positivo,182.0,57.0,1.7517574545733638,0.3,57.0,21.453333333333333,29.76666666666667,13.525,1.5,152.0,25.2,17.6,0.0,1013.7,40,4.6,29.5,9.3
2024-Q2,gaussian_naive_bayes,poluentes_subindices_meteorologia,2024-05-01 14:00:00,2024-05-01 15:00:00,0,1,falso_positivo,187.0,81.66666666666667,1.4843839483490084,0.32,81.66666666666667,22.056666666666665,30.613333333333333,13.666666666666666,1.6,158.0,24.3,17.0,0.0,1012.7,39,4.8,29.7,7.0
2024-Q2,gaussian_naive_bayes,poluentes_subindices_meteorologia,2024-05-01 17:00:00,2024-05-01 18:00:00,0,1,falso_positivo,262.0,104.33333333333331,0.9583714606045411,2.5600000000000005,104.33333333333331,23.683333333333337,32.9,14.041666666666666,12.8,132.0,28.2,19.7,0.0,1011.8,51,5.3,27.1,7.9
2024-Q2,gaussian_naive_bayes,poluentes_subindices_meteorologia,2024-05-01 18:00:00,2024-05-01 19:00:00,0,1,falso_positivo,294.0,99.66666666666666,0.9011117986544978,3.5200000000000005,99.66666666666666,24.25333333333333,33.71333333333334,14.15,17.6,117.0,30.0,21.0,0.0,1011.9,56,5.5,24.6,7.9
2024-Q2,gaussian_naive_bayes,poluentes_subindices_meteorologia,2024-05-01 19:00:00,2024-05-01 20:00:00,0,1,falso_positivo,319.0,93.0,0.9127578315934896,4.18,93.0,24.78333333333333,34.46666666666667,14.275,20.9,106.0,30.2,21.0,0.0,1011.9,65,5.7,22.3,8.9
2024-Q2,gaussian_naive_bayes,poluentes_subindices_meteorologia,2024-05-01 20:00:00,2024-05-01 21:00:00,0,1,falso_positivo,341.0,84.5,0.976811012757945,4.7,84.5,25.316666666666663,35.22666666666667,14.416666666666666,23.5,96.0,29.9,20.8,0.0,1012.2,62,5.8,22.1,10.3
2024-Q2,gaussian_naive_bayes,poluentes_subindices_meteorologia,2024-05-03 16:00:00,2024-05-03 17:00:00,0,1,falso_positivo,217.0,73.66666666666666,0.8389996229798743,1.2400000000000002,73.66666666666666,11.910000000000002,16.673333333333332,12.000000000000002,6.2,144.0,16.5,11.5,0.0,1012.0,46,4.3,28.6,3.7
2024-Q2,gaussian_naive_bayes,poluentes_subindices_meteorologia,2024-05-03 17:00:00,2024-05-03 18:00:00,0,1,falso_positivo,256.0,82.5,0.8244420818061344,2.24,82.5,12.21,17.08,12.058333333333335,11.2,144.0,18.3,12.6,0.0,1012.0,57,4.0,26.9,4.8
2024-Q2,gaussian_naive_bayes,poluentes_subindices_meteorologia,2024-05-03 18:00:00,2024-05-03 19:00:00,0,1,falso_positivo,285.0,89.0,0.8370586174900424,2.8600000000000003,89.0,12.576666666666666,17.566666666666666,12.05,14.3,141.0,21.0,14.3,0.0,1012.4,59,3.8,24.7,8.6
2024-Q2,gaussian_naive_bayes,poluentes_subindices_meteorologia,2024-05-03 19:00:00,2024-05-03 20:00:00,0,1,falso_positivo,289.0,92.0,0.869570459444728,2.68,92.0,12.883333333333336,17.966666666666665,11.975,13.4,135.0,21.5,14.6,0.0,1013.1,81,3.6,22.8,10.4
2024-Q2,gaussian_naive_bayes,poluentes_subindices_meteorologia,2024-05-03 20:00:00,2024-05-03 21:00:00,0,1,falso_positivo,282.0,91.66666666666669,0.9122725802210316,2.12,91.66666666666669,13.14,18.28,11.825,10.6,127.0,20.9,14.0,0.0,1013.9,95,3.4,21.3,11.2
2024-Q2,gaussian_naive_bayes,poluentes_subindices_meteorologia,2024-05-03 21:00:00,2024-05-03 22:00:00,0,1,falso_positivo,310.0,86.66666666666667,0.9743847558956552,2.0,86.66666666666667,13.249999999999998,18.426666666666662,11.625,10.0,106.0,18.6,12.9,0.0,1014.7,96,3.6,20.8,7.7
2024-Q2,gaussian_naive_bayes,poluentes_subindices_meteorologia,2024-05-05 17:00:00,2024-05-05 18:00:00,0,1,falso_positivo,277.0,65.0,0.7060407469263835,1.98,65.0,9.006666666666666,12.346666666666666,9.033333333333331,9.9,149.0,18.3,12.3,0.0,1016.7,43,4.2,26.3,6.9
2024-Q2,gaussian_naive_bayes,poluentes_subindices_meteorologia,2024-05-05 18:00:00,2024-05-05 19:00:00,0,1,falso_positivo,332.0,75.33333333333333,0.7555363869170991,2.64,75.33333333333333,9.153333333333332,12.533333333333331,9.008333333333336,13.2,151.0,22.0,14.7,0.0,1017.5,82,4.7,22.8,16.6
2024-Q2,gaussian_naive_bayes,poluentes_subindices_meteorologia,2024-05-05 19:00:00,2024-05-05 20:00:00,0,1,falso_positivo,366.0,83.0,0.8487046504290342,2.8200000000000003,83.0,9.303333333333336,12.733333333333334,8.941666666666666,14.1,143.0,24.1,16.2,0.0,1017.8,87,4.8,21.6,17.3
2024-Q2,gaussian_naive_bayes,poluentes_subindices_meteorologia,2024-05-05 20:00:00,2024-05-05 21:00:00,0,1,falso_positivo,389.0,86.83333333333333,0.9714732476609071,2.76,86.83333333333333,9.493333333333334,13.0,8.825000000000001,13.8,128.0,25.1,17.2,0.0,1018.1,77,4.8,21.6,14.2
2024-Q2,gaussian_naive_bayes,poluentes_subindices_meteorologia,2024-05-05 21:00:00,2024-05-05 22:00:00,0,1,falso_positivo,406.0,87.16666666666667,1.1068583805766878,3.0600000000000005,87.16666666666667,9.776666666666667,13.4,8.683333333333334,15.3,116.0,26.3,18.0,0.0,1019.0,86,5.0,19.8,5.9
2024-Q2,gaussian_naive_bayes,poluentes_subindices_meteorologia,2024-05-11 15:00:00,2024-05-11 16:00:00,0,1,falso_positivo,160.0,71.5,1.0481429645092704,0.6400000000000001,71.5,13.353333333333332,18.42666666666667,10.458333333333334,3.2,139.0,14.5,10.1,0.0,1012.4,39,5.3,28.5,15.0
2024-Q2,gaussian_naive_bayes,poluentes_subindices_meteorologia,2024-05-11 16:00:00,2024-05-11 17:00:00,0,1,falso_positivo,193.0,78.5,0.868599956699812,1.4,78.5,13.553333333333336,18.746666666666663,10.758333333333333,7.0,141.0,14.4,10.0,0.0,1012.1,41,5.6,27.9,11.5
2024-Q2,gaussian_naive_bayes,poluentes_subindices_meteorologia,2024-05-11 17:00:00,2024-05-11 18:00:00,0,1,falso_positivo,240.0,82.83333333333333,0.7822252124022888,2.42,82.83333333333333,13.826666666666668,19.17333333333333,11.1,12.1,141.0,17.4,12.1,0.0,1012.2,55,6.0,26.0,5.2
2024-Q2,gaussian_naive_bayes,poluentes_subindices_meteorologia,2024-05-11 18:00:00,2024-05-11 19:00:00,0,1,falso_positivo,277.0,85.66666666666667,0.7506838731925191,3.26,85.66666666666667,14.213333333333331,19.75333333333333,11.466666666666669,16.3,135.0,22.6,15.7,0.0,1012.6,57,6.2,24.4,6.6
2024-Q2,gaussian_naive_bayes,poluentes_subindices_meteorologia,2024-05-11 19:00:00,2024-05-11 20:00:00,0,1,falso_positivo,295.0,84.66666666666667,0.7788284527950828,3.68,84.66666666666667,14.646666666666668,20.38666666666667,11.841666666666669,18.4,117.0,23.5,16.4,0.0,1012.9,65,6.2,23.0,5.7
2024-Q2,gaussian_naive_bayes,poluentes_subindices_meteorologia,2024-05-18 11:00:00,2024-05-18 12:00:00,0,1,falso_positivo,534.0,50.33333333333333,2.3845252442585902,2.08,50.33333333333333,16.78,23.19333333333333,13.016666666666666,10.4,262.0,45.6,31.2,0.0,1019.0,58,11.2,24.4,1.8
2024-Q2,gaussian_naive_bayes,poluentes_subindices_meteorologia,2024-05-18 23:00:00,2024-05-19 00:00:00,0,1,falso_positivo,237.0,108.0,1.2140989338899049,0.8800000000000001,108.0,22.68,30.89333333333333,13.4,4.4,91.0,9.6,6.4,0.0,1019.8,99,0.9,19.0,4.8
2024-Q2,gaussian_naive_bayes,poluentes_subindices_meteorologia,2024-05-29 16:00:00,2024-05-29 17:00:00,0,1,falso_positivo,207.0,74.33333333333333,0.8200748194540125,1.06,74.33333333333333,14.523333333333332,20.28,13.866666666666667,5.3,138.0,28.0,19.4,0.0,1021.0,61,8.1,17.4,12.2
2024-Q2,gaussian_naive_bayes,poluentes_subindices_meteorologia,2024-06-11 14:00:00,2024-06-11 15:00:00,0,1,falso_positivo,157.0,74.33333333333333,1.7308916455576702,0.04,74.33333333333333,20.930000000000007,29.24000000000001,15.25,0.2,149.0,16.1,11.2,0.0,1020.4,51,5.2,24.7,3.0
2024-Q2,gaussian_naive_bayes,poluentes_subindices_meteorologia,2024-06-11 23:00:00,2024-06-12 00:00:00,0,1,falso_positivo,545.0,106.5,1.6624712020410928,3.9,106.5,23.5,32.72,14.475,19.5,113.0,41.0,28.5,0.0,1022.5,77,2.7,17.0,5.2
2024-Q2,gaussian_naive_bayes,poluentes_subindices_meteorologia,2024-06-12 00:00:00,2024-06-12 01:00:00,0,1,falso_positivo,543.0,95.83333333333331,1.8085318651509492,3.620000000000001,95.83333333333331,23.723333333333336,33.04,13.9,18.1,92.0,37.1,26.0,0.0,1022.5,79,1.8,16.4,4.7
2024-Q2,gaussian_naive_bayes,subindices_sem_iqar_meteorologia,2024-04-02 17:00:00,2024-04-02 18:00:00,0,1,falso_positivo,225.0,82.5,0.7497133704476031,1.94,82.5,12.856666666666667,17.56,10.75,9.7,129.0,27.2,18.9,0.0,1011.2,64,6.3,25.5,7.6
2024-Q2,gaussian_naive_bayes,subindices_sem_iqar_meteorologia,2024-04-03 12:00:00,2024-04-03 13:00:00,0,1,falso_positivo,184.0,67.66666666666666,1.4057732260108131,0.2799999999999999,67.66666666666666,25.25333333333333,34.906666666666666,14.766666666666667,1.4,160.0,17.4,11.7,0.0,1015.5,61,4.1,26.5,4.7
2024-Q2,gaussian_naive_bayes,subindices_sem_iqar_meteorologia,2024-04-03 17:00:00,2024-04-03 18:00:00,0,1,falso_positivo,151.0,102.0,0.6919684571251017,0.8800000000000001,102.0,23.840000000000003,32.76666666666667,13.4,4.4,113.0,13.2,8.4,0.0,1013.4,76,2.8,24.9,15.1
2024-Q2,gaussian_naive_bayes,subindices_sem_iqar_meteorologia,2024-04-03 18:00:00,2024-04-03 19:00:00,0,1,falso_positivo,150.0,90.33333333333331,0.650236839093714,1.12,90.33333333333331,23.360000000000003,32.04666666666667,13.075,5.6,101.0,14.0,8.8,0.0,1013.7,88,2.7,22.0,14.5
2024-Q2,gaussian_naive_bayes,subindices_sem_iqar_meteorologia,2024-04-04 18:00:00,2024-04-04 19:00:00,0,1,falso_positivo,210.0,105.66666666666666,0.8103697920048526,1.5,105.66666666666666,13.086666666666666,17.773333333333337,4.566666666666667,7.5,115.0,15.9,10.4,0.0,1014.6,89,2.4,23.8,14.4
2024-Q2,gaussian_naive_bayes,subindices_sem_iqar_meteorologia,2024-04-04 19:00:00,2024-04-04 20:00:00,0,1,falso_positivo,209.0,98.5,0.8079435351425627,1.6800000000000002,98.5,13.133333333333336,17.853333333333335,4.533333333333334,8.4,97.0,14.8,9.8,0.0,1015.1,90,2.2,21.7,14.1
2024-Q2,gaussian_naive_bayes,subindices_sem_iqar_meteorologia,2024-04-05 22:00:00,2024-04-05 23:00:00,0,1,falso_positivo,185.0,101.16666666666666,0.8292945955307145,1.14,101.16666666666666,16.380000000000003,22.42,8.025,5.7,97.0,15.2,9.9,0.0,1017.4,82,3.2,18.5,6.1
2024-Q2,gaussian_naive_bayes,subindices_sem_iqar_meteorologia,2024-04-10 15:00:00,2024-04-10 16:00:00,0,1,falso_positivo,205.0,79.66666666666666,0.8186190653366385,0.58,79.66666666666666,16.753333333333334,23.393333333333334,9.983333333333334,2.9,164.0,22.4,15.6,0.1,1012.0,58,4.6,27.1,4.6
2024-Q2,gaussian_naive_bayes,subindices_sem_iqar_meteorologia,2024-04-10 20:00:00,2024-04-10 21:00:00,0,1,falso_positivo,248.0,100.16666666666666,0.8477341476841183,1.92,100.16666666666666,16.303333333333335,22.76,9.891666666666667,9.6,102.0,22.2,15.5,0.0,1014.0,91,4.1,20.2,9.2
2024-Q2,gaussian_naive_bayes,subindices_sem_iqar_meteorologia,2024-04-17 14:00:00,2024-04-17 15:00:00,0,1,falso_positivo,159.0,64.83333333333333,1.190321616639463,0.42,64.83333333333333,20.393333333333334,28.180000000000003,14.558333333333332,2.1,129.0,15.5,10.7,0.0,1013.0,59,4.1,28.1,16.5
2024-Q2,gaussian_naive_bayes,subindices_sem_iqar_meteorologia,2024-04-17 15:00:00,2024-04-17 16:00:00,0,1,falso_positivo,169.0,79.0,1.0282476582384923,0.66,79.0,20.72666666666667,28.653333333333336,14.65,3.3,129.0,19.9,13.8,0.0,1012.3,57,4.7,27.9,16.2
2024-Q2,gaussian_naive_bayes,subindices_sem_iqar_meteorologia,2024-04-17 16:00:00,2024-04-17 17:00:00,0,1,falso_positivo,194.0,84.83333333333333,0.9079053178689096,1.14,84.83333333333333,21.263333333333332,29.406666666666663,14.825,5.7,133.0,26.5,18.4,0.3,1012.7,63,5.6,26.5,13.0
2024-Q2,gaussian_naive_bayes,subindices_sem_iqar_meteorologia,2024-04-17 17:00:00,2024-04-17 18:00:00,0,1,falso_positivo,231.0,84.33333333333333,0.8225010763163025,1.7600000000000002,84.33333333333333,21.94333333333334,30.36,15.125,8.8,139.0,31.0,21.5,8.3,1014.7,87,7.0,22.3,13.6
2024-Q2,gaussian_naive_bayes,subindices_sem_iqar_meteorologia,2024-04-17 18:00:00,2024-04-17 19:00:00,0,1,falso_positivo,255.0,84.33333333333333,0.7802842069124568,2.18,84.33333333333333,22.616666666666667,31.313333333333333,15.483333333333333,10.9,139.0,33.4,23.3,1.3,1014.3,92,7.7,21.6,10.0
2024-Q2,gaussian_naive_bayes,subindices_sem_iqar_meteorologia,2024-04-17 19:00:00,2024-04-17 20:00:00,0,1,falso_positivo,256.0,83.16666666666667,0.7817399610298309,2.22,83.16666666666667,23.223333333333333,32.18,15.808333333333332,11.1,128.0,33.3,23.3,0.2,1015.1,92,7.4,21.6,5.7
2024-Q2,gaussian_naive_bayes,subindices_sem_iqar_meteorologia,2024-04-17 20:00:00,2024-04-17 21:00:00,0,1,falso_positivo,245.0,79.5,0.8103697920048526,2.04,79.5,23.68,32.82666666666667,16.05,10.2,110.0,29.3,20.4,0.5,1015.5,92,6.6,21.3,7.9
2024-Q2,gaussian_naive_bayes,subindices_sem_iqar_meteorologia,2024-04-17 21:00:00,2024-04-17 22:00:00,0,1,falso_positivo,253.0,73.16666666666666,0.8550129182709882,2.4000000000000004,73.16666666666666,23.773333333333337,32.96,16.116666666666664,12.0,92.0,28.1,19.1,3.8,1016.3,95,6.5,20.8,8.0
2024-Q2,gaussian_naive_bayes,subindices_sem_iqar_meteorologia,2024-04-22 14:00:00,2024-04-22 15:00:00,0,1,falso_positivo,170.0,78.66666666666666,1.0316444178456985,0.3,78.66666666666666,16.42,22.64,12.066666666666668,1.5,166.0,15.4,10.8,0.0,1013.8,43,6.4,26.7,8.3
2024-Q2,gaussian_naive_bayes,subindices_sem_iqar_meteorologia,2024-04-22 19:00:00,2024-04-22 20:00:00,0,1,falso_positivo,280.0,103.83333333333331,0.8200748194540125,3.3200000000000003,103.83333333333331,16.45,22.866666666666667,12.191666666666668,16.6,114.0,20.1,13.8,0.0,1015.5,93,5.9,19.6,9.3
2024-Q2,gaussian_naive_bayes,subindices_sem_iqar_meteorologia,2024-04-23 14:00:00,2024-04-23 15:00:00,0,1,falso_positivo,184.0,71.83333333333333,1.0559069864685984,0.26,71.83333333333333,14.973333333333333,20.866666666666667,12.316666666666668,1.3,165.0,13.2,9.3,0.0,1013.9,42,4.8,27.8,8.0
2024-Q2,gaussian_naive_bayes,subindices_sem_iqar_meteorologia,2024-04-23 19:00:00,2024-04-23 20:00:00,0,1,falso_positivo,313.0,103.5,0.8880100115981319,4.260000000000001,103.5,14.976666666666668,20.926666666666662,12.166666666666666,21.3,116.0,19.8,13.9,0.0,1014.6,77,5.8,20.4,6.9
2024-Q2,gaussian_naive_bayes,subindices_sem_iqar_meteorologia,2024-04-24 20:00:00,2024-04-24 21:00:00,0,1,falso_positivo,295.0,109.33333333333331,0.969532242171075,2.78,109.33333333333331,16.636666666666667,23.120000000000005,14.775,13.9,90.0,19.8,13.6,0.0,1016.9,83,4.3,20.8,13.4
2024-Q2,gaussian_naive_bayes,subindices_sem_iqar_meteorologia,2024-05-01 13:00:00,2024-05-01 14:00:00,0,1,falso_positivo,182.0,57.0,1.7517574545733638,0.3,57.0,21.453333333333333,29.76666666666667,13.525,1.5,152.0,25.2,17.6,0.0,1013.7,40,4.6,29.5,9.3
2024-Q2,gaussian_naive_bayes,subindices_sem_iqar_meteorologia,2024-05-01 14:00:00,2024-05-01 15:00:00,0,1,falso_positivo,187.0,81.66666666666667,1.4843839483490084,0.32,81.66666666666667,22.056666666666665,30.613333333333333,13.666666666666666,1.6,158.0,24.3,17.0,0.0,1012.7,39,4.8,29.7,7.0
2024-Q2,gaussian_naive_bayes,subindices_sem_iqar_meteorologia,2024-05-01 17:00:00,2024-05-01 18:00:00,0,1,falso_positivo,262.0,104.33333333333331,0.9583714606045411,2.5600000000000005,104.33333333333331,23.683333333333337,32.9,14.041666666666666,12.8,132.0,28.2,19.7,0.0,1011.8,51,5.3,27.1,7.9
2024-Q2,gaussian_naive_bayes,subindices_sem_iqar_meteorologia,2024-05-01 18:00:00,2024-05-01 19:00:00,0,1,falso_positivo,294.0,99.66666666666666,0.9011117986544978,3.5200000000000005,99.66666666666666,24.25333333333333,33.71333333333334,14.15,17.6,117.0,30.0,21.0,0.0,1011.9,56,5.5,24.6,7.9
2024-Q2,gaussian_naive_bayes,subindices_sem_iqar_meteorologia,2024-05-01 19:00:00,2024-05-01 20:00:00,0,1,falso_positivo,319.0,93.0,0.9127578315934896,4.18,93.0,24.78333333333333,34.46666666666667,14.275,20.9,106.0,30.2,21.0,0.0,1011.9,65,5.7,22.3,8.9
2024-Q2,gaussian_naive_bayes,subindices_sem_iqar_meteorologia,2024-05-01 20:00:00,2024-05-01 21:00:00,0,1,falso_positivo,341.0,84.5,0.976811012757945,4.7,84.5,25.316666666666663,35.22666666666667,14.416666666666666,23.5,96.0,29.9,20.8,0.0,1012.2,62,5.8,22.1,10.3
2024-Q2,gaussian_naive_bayes,subindices_sem_iqar_meteorologia,2024-05-03 16:00:00,2024-05-03 17:00:00,0,1,falso_positivo,217.0,73.66666666666666,0.8389996229798743,1.2400000000000002,73.66666666666666,11.910000000000002,16.673333333333332,12.000000000000002,6.2,144.0,16.5,11.5,0.0,1012.0,46,4.3,28.6,3.7
2024-Q2,gaussian_naive_bayes,subindices_sem_iqar_meteorologia,2024-05-03 17:00:00,2024-05-03 18:00:00,0,1,falso_positivo,256.0,82.5,0.8244420818061344,2.24,82.5,12.21,17.08,12.058333333333335,11.2,144.0,18.3,12.6,0.0,1012.0,57,4.0,26.9,4.8
2024-Q2,gaussian_naive_bayes,subindices_sem_iqar_meteorologia,2024-05-03 18:00:00,2024-05-03 19:00:00,0,1,falso_positivo,285.0,89.0,0.8370586174900424,2.8600000000000003,89.0,12.576666666666666,17.566666666666666,12.05,14.3,141.0,21.0,14.3,0.0,1012.4,59,3.8,24.7,8.6
2024-Q2,gaussian_naive_bayes,subindices_sem_iqar_meteorologia,2024-05-03 19:00:00,2024-05-03 20:00:00,0,1,falso_positivo,289.0,92.0,0.869570459444728,2.68,92.0,12.883333333333336,17.966666666666665,11.975,13.4,135.0,21.5,14.6,0.0,1013.1,81,3.6,22.8,10.4
2024-Q2,gaussian_naive_bayes,subindices_sem_iqar_meteorologia,2024-05-11 15:00:00,2024-05-11 16:00:00,0,1,falso_positivo,160.0,71.5,1.0481429645092704,0.6400000000000001,71.5,13.353333333333332,18.42666666666667,10.458333333333334,3.2,139.0,14.5,10.1,0.0,1012.4,39,5.3,28.5,15.0
2024-Q2,gaussian_naive_bayes,subindices_sem_iqar_meteorologia,2024-05-11 16:00:00,2024-05-11 17:00:00,0,1,falso_positivo,193.0,78.5,0.868599956699812,1.4,78.5,13.553333333333336,18.746666666666663,10.758333333333333,7.0,141.0,14.4,10.0,0.0,1012.1,41,5.6,27.9,11.5
2024-Q2,gaussian_naive_bayes,subindices_sem_iqar_meteorologia,2024-05-11 17:00:00,2024-05-11 18:00:00,0,1,falso_positivo,240.0,82.83333333333333,0.7822252124022888,2.42,82.83333333333333,13.826666666666668,19.17333333333333,11.1,12.1,141.0,17.4,12.1,0.0,1012.2,55,6.0,26.0,5.2
2024-Q2,gaussian_naive_bayes,subindices_sem_iqar_meteorologia,2024-05-11 18:00:00,2024-05-11 19:00:00,0,1,falso_positivo,277.0,85.66666666666667,0.7506838731925191,3.26,85.66666666666667,14.213333333333331,19.75333333333333,11.466666666666669,16.3,135.0,22.6,15.7,0.0,1012.6,57,6.2,24.4,6.6
2024-Q2,gaussian_naive_bayes,subindices_sem_iqar_meteorologia,2024-05-18 23:00:00,2024-05-19 00:00:00,0,1,falso_positivo,237.0,108.0,1.2140989338899049,0.8800000000000001,108.0,22.68,30.89333333333333,13.4,4.4,91.0,9.6,6.4,0.0,1019.8,99,0.9,19.0,4.8
2024-Q2,gaussian_naive_bayes,subindices_sem_iqar_meteorologia,2024-06-11 23:00:00,2024-06-12 00:00:00,0,1,falso_positivo,545.0,106.5,1.6624712020410928,3.9,106.5,23.5,32.72,14.475,19.5,113.0,41.0,28.5,0.0,1022.5,77,2.7,17.0,5.2
2024-Q2,gaussian_naive_bayes,poluentes_subindices_sem_iqar_meteorologia,2024-04-02 16:00:00,2024-04-02 17:00:00,0,1,falso_positivo,198.0,71.33333333333333,0.7468018622128552,1.2800000000000002,71.33333333333333,12.133333333333333,16.540000000000003,10.433333333333334,6.4,135.0,25.1,17.5,0.0,1010.9,54,6.1,26.7,6.0
2024-Q2,gaussian_naive_bayes,poluentes_subindices_sem_iqar_meteorologia,2024-04-02 17:00:00,2024-04-02 18:00:00,0,1,falso_positivo,225.0,82.5,0.7497133704476031,1.94,82.5,12.856666666666667,17.56,10.75,9.7,129.0,27.2,18.9,0.0,1011.2,64,6.3,25.5,7.6
2024-Q2,gaussian_naive_bayes,poluentes_subindices_sem_iqar_meteorologia,2024-04-02 18:00:00,2024-04-02 19:00:00,0,1,falso_positivo,255.0,88.0,0.7720349335806709,2.74,88.0,13.55,18.546666666666667,11.058333333333332,13.7,120.0,28.4,19.6,0.0,1011.4,75,6.6,23.4,6.4
2024-Q2,gaussian_naive_bayes,poluentes_subindices_sem_iqar_meteorologia,2024-04-03 08:00:00,2024-04-03 09:00:00,0,1,falso_positivo,368.0,34.53333333333333,2.1152107325444027,2.6,21.6,24.916666666666668,34.53333333333333,15.458333333333334,13.0,131.0,46.1,31.7,0.0,1016.3,88,7.6,21.1,7.6
2024-Q2,gaussian_naive_bayes,poluentes_subindices_sem_iqar_meteorologia,2024-04-03 09:00:00,2024-04-03 10:00:00,0,1,falso_positivo,257.0,34.973333333333336,1.9754583372765,1.04,28.75,25.24666666666667,34.973333333333336,15.375000000000002,5.2,175.0,28.1,19.0,0.0,1016.6,84,8.1,22.6,4.6
2024-Q2,gaussian_naive_bayes,poluentes_subindices_sem_iqar_meteorologia,2024-04-03 10:00:00,2024-04-03 11:00:00,0,1,falso_positivo,236.0,35.6,1.806590859661117,0.82,35.6,25.40666666666667,35.17333333333334,15.241666666666667,4.1,171.0,24.1,16.3,0.0,1017.0,76,7.0,24.1,4.8
2024-Q2,gaussian_naive_bayes,poluentes_subindices_sem_iqar_meteorologia,2024-04-03 11:00:00,2024-04-03 12:00:00,0,1,falso_positivo,208.0,46.833333333333336,1.6134608134228352,0.5,46.833333333333336,25.363333333333333,35.086666666666666,15.033333333333331,2.5,166.0,19.9,13.4,0.0,1016.3,68,5.4,25.3,5.4
2024-Q2,gaussian_naive_bayes,poluentes_subindices_sem_iqar_meteorologia,2024-04-03 12:00:00,2024-04-03 13:00:00,0,1,falso_positivo,184.0,67.66666666666666,1.4057732260108131,0.2799999999999999,67.66666666666666,25.25333333333333,34.906666666666666,14.766666666666667,1.4,160.0,17.4,11.7,0.0,1015.5,61,4.1,26.5,4.7
2024-Q2,gaussian_naive_bayes,poluentes_subindices_sem_iqar_meteorologia,2024-04-03 17:00:00,2024-04-03 18:00:00,0,1,falso_positivo,151.0,102.0,0.6919684571251017,0.8800000000000001,102.0,23.840000000000003,32.76666666666667,13.4,4.4,113.0,13.2,8.4,0.0,1013.4,76,2.8,24.9,15.1
2024-Q2,gaussian_naive_bayes,poluentes_subindices_sem_iqar_meteorologia,2024-04-03 18:00:00,2024-04-03 19:00:00,0,1,falso_positivo,150.0,90.33333333333331,0.650236839093714,1.12,90.33333333333331,23.360000000000003,32.04666666666667,13.075,5.6,101.0,14.0,8.8,0.0,1013.7,88,2.7,22.0,14.5
2024-Q2,gaussian_naive_bayes,poluentes_subindices_sem_iqar_meteorologia,2024-04-04 14:00:00,2024-04-04 15:00:00,0,1,falso_positivo,206.0,74.33333333333333,0.8380291202349583,0.26,74.33333333333333,12.840000000000002,17.34666666666667,4.533333333333334,1.3,168.0,14.7,10.1,0.0,1014.3,52,3.5,28.4,0.8
2024-Q2,gaussian_naive_bayes,poluentes_subindices_sem_iqar_meteorologia,2024-04-04 18:00:00,2024-04-04 19:00:00,0,1,falso_positivo,210.0,105.66666666666666,0.8103697920048526,1.5,105.66666666666666,13.086666666666666,17.773333333333337,4.566666666666667,7.5,115.0,15.9,10.4,0.0,1014.6,89,2.4,23.8,14.4
2024-Q2,gaussian_naive_bayes,poluentes_subindices_sem_iqar_meteorologia,2024-04-05 13:00:00,2024-04-05 14:00:00,0,1,falso_positivo,215.0,57.5,0.8569539237608201,0.4,57.5,15.026666666666667,20.573333333333338,6.550000000000001,2.0,179.0,18.1,12.5,0.0,1015.8,46,5.7,28.0,2.1
2024-Q2,gaussian_naive_bayes,poluentes_subindices_sem_iqar_meteorologia,2024-04-10 14:00:00,2024-04-10 15:00:00,0,1,falso_positivo,200.0,57.33333333333333,0.8506456559188662,0.48,57.33333333333333,16.776666666666667,23.41333333333333,9.916666666666666,2.4,164.0,22.6,15.8,0.0,1012.1,62,5.5,26.7,3.3
2024-Q2,gaussian_naive_bayes,poluentes_subindices_sem_iqar_meteorologia,2024-04-10 15:00:00,2024-04-10 16:00:00,0,1,falso_positivo,205.0,79.66666666666666,0.8186190653366385,0.58,79.66666666666666,16.753333333333334,23.393333333333334,9.983333333333334,2.9,164.0,22.4,15.6,0.1,1012.0,58,4.6,27.1,4.6
2024-Q2,gaussian_naive_bayes,poluentes_subindices_sem_iqar_meteorologia,2024-04-10 20:00:00,2024-04-10 21:00:00,0,1,falso_positivo,248.0,100.16666666666666,0.8477341476841183,1.92,100.16666666666666,16.303333333333335,22.76,9.891666666666667,9.6,102.0,22.2,15.5,0.0,1014.0,91,4.1,20.2,9.2
2024-Q2,gaussian_naive_bayes,poluentes_subindices_sem_iqar_meteorologia,2024-04-17 09:00:00,2024-04-17 10:00:00,0,1,falso_positivo,407.0,25.50666666666667,1.8342501878912232,3.24,18.1,18.47,25.50666666666667,13.466666666666669,16.2,142.0,45.4,31.4,0.0,1016.8,71,16.3,23.4,6.5
2024-Q2,gaussian_naive_bayes,poluentes_subindices_sem_iqar_meteorologia,2024-04-17 10:00:00,2024-04-17 11:00:00,0,1,falso_positivo,342.0,26.440000000000005,1.7930038212322936,2.44,23.55,19.133333333333336,26.440000000000005,14.116666666666664,12.2,139.0,33.5,23.3,0.0,1017.2,72,13.0,24.1,6.0
2024-Q2,gaussian_naive_bayes,poluentes_subindices_sem_iqar_meteorologia,2024-04-17 14:00:00,2024-04-17 15:00:00,0,1,falso_positivo,159.0,64.83333333333333,1.190321616639463,0.42,64.83333333333333,20.393333333333334,28.180000000000003,14.558333333333332,2.1,129.0,15.5,10.7,0.0,1013.0,59,4.1,28.1,16.5
2024-Q2,gaussian_naive_bayes,poluentes_subindices_sem_iqar_meteorologia,2024-04-17 15:00:00,2024-04-17 16:00:00,0,1,falso_positivo,169.0,79.0,1.0282476582384923,0.66,79.0,20.72666666666667,28.653333333333336,14.65,3.3,129.0,19.9,13.8,0.0,1012.3,57,4.7,27.9,16.2
2024-Q2,gaussian_naive_bayes,poluentes_subindices_sem_iqar_meteorologia,2024-04-17 16:00:00,2024-04-17 17:00:00,0,1,falso_positivo,194.0,84.83333333333333,0.9079053178689096,1.14,84.83333333333333,21.263333333333332,29.406666666666663,14.825,5.7,133.0,26.5,18.4,0.3,1012.7,63,5.6,26.5,13.0
2024-Q2,gaussian_naive_bayes,poluentes_subindices_sem_iqar_meteorologia,2024-04-17 17:00:00,2024-04-17 18:00:00,0,1,falso_positivo,231.0,84.33333333333333,0.8225010763163025,1.7600000000000002,84.33333333333333,21.94333333333334,30.36,15.125,8.8,139.0,31.0,21.5,8.3,1014.7,87,7.0,22.3,13.6
2024-Q2,gaussian_naive_bayes,poluentes_subindices_sem_iqar_meteorologia,2024-04-17 18:00:00,2024-04-17 19:00:00,0,1,falso_positivo,255.0,84.33333333333333,0.7802842069124568,2.18,84.33333333333333,22.616666666666667,31.313333333333333,15.483333333333333,10.9,139.0,33.4,23.3,1.3,1014.3,92,7.7,21.6,10.0
2024-Q2,gaussian_naive_bayes,poluentes_subindices_sem_iqar_meteorologia,2024-04-17 19:00:00,2024-04-17 20:00:00,0,1,falso_positivo,256.0,83.16666666666667,0.7817399610298309,2.22,83.16666666666667,23.223333333333333,32.18,15.808333333333332,11.1,128.0,33.3,23.3,0.2,1015.1,92,7.4,21.6,5.7
2024-Q2,gaussian_naive_bayes,poluentes_subindices_sem_iqar_meteorologia,2024-04-17 20:00:00,2024-04-17 21:00:00,0,1,falso_positivo,245.0,79.5,0.8103697920048526,2.04,79.5,23.68,32.82666666666667,16.05,10.2,110.0,29.3,20.4,0.5,1015.5,92,6.6,21.3,7.9
2024-Q2,gaussian_naive_bayes,poluentes_subindices_sem_iqar_meteorologia,2024-04-17 21:00:00,2024-04-17 22:00:00,0,1,falso_positivo,253.0,73.16666666666666,0.8550129182709882,2.4000000000000004,73.16666666666666,23.773333333333337,32.96,16.116666666666664,12.0,92.0,28.1,19.1,3.8,1016.3,95,6.5,20.8,8.0
2024-Q2,gaussian_naive_bayes,poluentes_subindices_sem_iqar_meteorologia,2024-04-22 13:00:00,2024-04-22 14:00:00,0,1,falso_positivo,176.0,54.5,1.1505310040979075,0.34,54.5,16.413333333333334,22.606666666666666,11.975,1.7,165.0,15.0,10.5,0.0,1014.4,46,7.1,26.4,9.2
2024-Q2,gaussian_naive_bayes,poluentes_subindices_sem_iqar_meteorologia,2024-04-22 14:00:00,2024-04-22 15:00:00,0,1,falso_positivo,170.0,78.66666666666666,1.0316444178456985,0.3,78.66666666666666,16.42,22.64,12.066666666666668,1.5,166.0,15.4,10.8,0.0,1013.8,43,6.4,26.7,8.3
2024-Q2,gaussian_naive_bayes,poluentes_subindices_sem_iqar_meteorologia,2024-04-22 19:00:00,2024-04-22 20:00:00,0,1,falso_positivo,280.0,103.83333333333331,0.8200748194540125,3.3200000000000003,103.83333333333331,16.45,22.866666666666667,12.191666666666668,16.6,114.0,20.1,13.8,0.0,1015.5,93,5.9,19.6,9.3
2024-Q2,gaussian_naive_bayes,poluentes_subindices_sem_iqar_meteorologia,2024-04-23 14:00:00,2024-04-23 15:00:00,0,1,falso_positivo,184.0,71.83333333333333,1.0559069864685984,0.26,71.83333333333333,14.973333333333333,20.866666666666667,12.316666666666668,1.3,165.0,13.2,9.3,0.0,1013.9,42,4.8,27.8,8.0
2024-Q2,gaussian_naive_bayes,poluentes_subindices_sem_iqar_meteorologia,2024-04-23 19:00:00,2024-04-23 20:00:00,0,1,falso_positivo,313.0,103.5,0.8880100115981319,4.260000000000001,103.5,14.976666666666668,20.926666666666662,12.166666666666666,21.3,116.0,19.8,13.9,0.0,1014.6,77,5.8,20.4,6.9
2024-Q2,gaussian_naive_bayes,poluentes_subindices_sem_iqar_meteorologia,2024-04-24 11:00:00,2024-04-24 12:00:00,0,1,falso_positivo,297.0,33.800000000000004,1.9177134239539984,1.2800000000000002,33.800000000000004,15.273333333333335,21.36,14.266666666666667,6.4,165.0,17.6,12.3,0.0,1016.6,54,8.4,26.1,6.1
2024-Q2,gaussian_naive_bayes,poluentes_subindices_sem_iqar_meteorologia,2024-04-24 12:00:00,2024-04-24 13:00:00,0,1,falso_positivo,225.0,46.66666666666666,1.747390192221242,0.7200000000000001,46.66666666666666,15.566666666666666,21.773333333333337,14.55,3.6,172.0,17.9,12.5,0.0,1015.7,47,7.7,27.5,9.6
2024-Q2,gaussian_naive_bayes,poluentes_subindices_sem_iqar_meteorologia,2024-04-24 20:00:00,2024-04-24 21:00:00,0,1,falso_positivo,295.0,109.33333333333331,0.969532242171075,2.78,109.33333333333331,16.636666666666667,23.120000000000005,14.775,13.9,90.0,19.8,13.6,0.0,1016.9,83,4.3,20.8,13.4
2024-Q2,gaussian_naive_bayes,poluentes_subindices_sem_iqar_meteorologia,2024-04-28 17:00:00,2024-04-28 18:00:00,0,1,falso_positivo,241.0,63.5,0.7424345998607332,2.22,63.5,12.509999999999998,17.173333333333336,8.966666666666667,11.1,131.0,21.5,14.5,0.0,1012.3,57,5.0,27.0,9.8
2024-Q2,gaussian_naive_bayes,poluentes_subindices_sem_iqar_meteorologia,2024-05-01 10:00:00,2024-05-01 11:00:00,0,1,falso_positivo,412.0,26.753333333333337,2.4505194309128777,2.14,24.200000000000003,19.293333333333337,26.753333333333337,13.025,10.7,145.0,39.9,27.9,0.0,1017.0,62,9.0,24.9,6.3
2024-Q2,gaussian_naive_bayes,poluentes_subindices_sem_iqar_meteorologia,2024-05-01 11:00:00,2024-05-01 12:00:00,0,1,falso_positivo,295.0,30.6,2.267579663496213,1.22,30.6,20.10333333333333,27.880000000000003,13.25,6.1,146.0,29.6,20.6,0.0,1016.2,57,6.8,26.9,6.9
2024-Q2,gaussian_naive_bayes,poluentes_subindices_sem_iqar_meteorologia,2024-05-01 12:00:00,2024-05-01 13:00:00,0,1,falso_positivo,209.0,37.55,2.0234982231498417,0.5599999999999999,37.55,20.796666666666667,28.846666666666664,13.4,2.8,147.0,26.1,18.2,0.0,1014.7,46,5.1,28.7,9.5
2024-Q2,gaussian_naive_bayes,poluentes_subindices_sem_iqar_meteorologia,2024-05-01 13:00:00,2024-05-01 14:00:00,0,1,falso_positivo,182.0,57.0,1.7517574545733638,0.3,57.0,21.453333333333333,29.76666666666667,13.525,1.5,152.0,25.2,17.6,0.0,1013.7,40,4.6,29.5,9.3
2024-Q2,gaussian_naive_bayes,poluentes_subindices_sem_iqar_meteorologia,2024-05-01 14:00:00,2024-05-01 15:00:00,0,1,falso_positivo,187.0,81.66666666666667,1.4843839483490084,0.32,81.66666666666667,22.056666666666665,30.613333333333333,13.666666666666666,1.6,158.0,24.3,17.0,0.0,1012.7,39,4.8,29.7,7.0
2024-Q2,gaussian_naive_bayes,poluentes_subindices_sem_iqar_meteorologia,2024-05-01 17:00:00,2024-05-01 18:00:00,0,1,falso_positivo,262.0,104.33333333333331,0.9583714606045411,2.5600000000000005,104.33333333333331,23.683333333333337,32.9,14.041666666666666,12.8,132.0,28.2,19.7,0.0,1011.8,51,5.3,27.1,7.9
2024-Q2,gaussian_naive_bayes,poluentes_subindices_sem_iqar_meteorologia,2024-05-01 18:00:00,2024-05-01 19:00:00,0,1,falso_positivo,294.0,99.66666666666666,0.9011117986544978,3.5200000000000005,99.66666666666666,24.25333333333333,33.71333333333334,14.15,17.6,117.0,30.0,21.0,0.0,1011.9,56,5.5,24.6,7.9
2024-Q2,gaussian_naive_bayes,poluentes_subindices_sem_iqar_meteorologia,2024-05-01 19:00:00,2024-05-01 20:00:00,0,1,falso_positivo,319.0,93.0,0.9127578315934896,4.18,93.0,24.78333333333333,34.46666666666667,14.275,20.9,106.0,30.2,21.0,0.0,1011.9,65,5.7,22.3,8.9
2024-Q2,gaussian_naive_bayes,poluentes_subindices_sem_iqar_meteorologia,2024-05-01 20:00:00,2024-05-01 21:00:00,0,1,falso_positivo,341.0,84.5,0.976811012757945,4.7,84.5,25.316666666666663,35.22666666666667,14.416666666666666,23.5,96.0,29.9,20.8,0.0,1012.2,62,5.8,22.1,10.3
2024-Q2,gaussian_naive_bayes,poluentes_subindices_sem_iqar_meteorologia,2024-05-03 15:00:00,2024-05-03 16:00:00,0,1,falso_positivo,189.0,61.33333333333333,0.8962592849299178,0.52,61.33333333333333,11.663333333333334,16.333333333333336,11.866666666666667,2.6,143.0,16.9,11.8,0.0,1012.2,45,4.7,28.8,1.6
2024-Q2,gaussian_naive_bayes,poluentes_subindices_sem_iqar_meteorologia,2024-05-03 16:00:00,2024-05-03 17:00:00,0,1,falso_positivo,217.0,73.66666666666666,0.8389996229798743,1.2400000000000002,73.66666666666666,11.910000000000002,16.673333333333332,12.000000000000002,6.2,144.0,16.5,11.5,0.0,1012.0,46,4.3,28.6,3.7
2024-Q2,gaussian_naive_bayes,poluentes_subindices_sem_iqar_meteorologia,2024-05-03 17:00:00,2024-05-03 18:00:00,0,1,falso_positivo,256.0,82.5,0.8244420818061344,2.24,82.5,12.21,17.08,12.058333333333335,11.2,144.0,18.3,12.6,0.0,1012.0,57,4.0,26.9,4.8
2024-Q2,gaussian_naive_bayes,poluentes_subindices_sem_iqar_meteorologia,2024-05-03 18:00:00,2024-05-03 19:00:00,0,1,falso_positivo,285.0,89.0,0.8370586174900424,2.8600000000000003,89.0,12.576666666666666,17.566666666666666,12.05,14.3,141.0,21.0,14.3,0.0,1012.4,59,3.8,24.7,8.6
2024-Q2,gaussian_naive_bayes,poluentes_subindices_sem_iqar_meteorologia,2024-05-03 19:00:00,2024-05-03 20:00:00,0,1,falso_positivo,289.0,92.0,0.869570459444728,2.68,92.0,12.883333333333336,17.966666666666665,11.975,13.4,135.0,21.5,14.6,0.0,1013.1,81,3.6,22.8,10.4
2024-Q2,gaussian_naive_bayes,poluentes_subindices_sem_iqar_meteorologia,2024-05-03 20:00:00,2024-05-03 21:00:00,0,1,falso_positivo,282.0,91.66666666666669,0.9122725802210316,2.12,91.66666666666669,13.14,18.28,11.825,10.6,127.0,20.9,14.0,0.0,1013.9,95,3.4,21.3,11.2
2024-Q2,gaussian_naive_bayes,poluentes_subindices_sem_iqar_meteorologia,2024-05-05 17:00:00,2024-05-05 18:00:00,0,1,falso_positivo,277.0,65.0,0.7060407469263835,1.98,65.0,9.006666666666666,12.346666666666666,9.033333333333331,9.9,149.0,18.3,12.3,0.0,1016.7,43,4.2,26.3,6.9
2024-Q2,gaussian_naive_bayes,poluentes_subindices_sem_iqar_meteorologia,2024-05-11 15:00:00,2024-05-11 16:00:00,0,1,falso_positivo,160.0,71.5,1.0481429645092704,0.6400000000000001,71.5,13.353333333333332,18.42666666666667,10.458333333333334,3.2,139.0,14.5,10.1,0.0,1012.4,39,5.3,28.5,15.0
2024-Q2,gaussian_naive_bayes,poluentes_subindices_sem_iqar_meteorologia,2024-05-11 16:00:00,2024-05-11 17:00:00,0,1,falso_positivo,193.0,78.5,0.868599956699812,1.4,78.5,13.553333333333336,18.746666666666663,10.758333333333333,7.0,141.0,14.4,10.0,0.0,1012.1,41,5.6,27.9,11.5
2024-Q2,gaussian_naive_bayes,poluentes_subindices_sem_iqar_meteorologia,2024-05-11 17:00:00,2024-05-11 18:00:00,0,1,falso_positivo,240.0,82.83333333333333,0.7822252124022888,2.42,82.83333333333333,13.826666666666668,19.17333333333333,11.1,12.1,141.0,17.4,12.1,0.0,1012.2,55,6.0,26.0,5.2
2024-Q2,gaussian_naive_bayes,poluentes_subindices_sem_iqar_meteorologia,2024-05-11 18:00:00,2024-05-11 19:00:00,0,1,falso_positivo,277.0,85.66666666666667,0.7506838731925191,3.26,85.66666666666667,14.213333333333331,19.75333333333333,11.466666666666669,16.3,135.0,22.6,15.7,0.0,1012.6,57,6.2,24.4,6.6
2024-Q2,gaussian_naive_bayes,poluentes_subindices_sem_iqar_meteorologia,2024-05-11 19:00:00,2024-05-11 20:00:00,0,1,falso_positivo,295.0,84.66666666666667,0.7788284527950828,3.68,84.66666666666667,14.646666666666668,20.38666666666667,11.841666666666669,18.4,117.0,23.5,16.4,0.0,1012.9,65,6.2,23.0,5.7
2024-Q2,gaussian_naive_bayes,poluentes_subindices_sem_iqar_meteorologia,2024-05-18 11:00:00,2024-05-18 12:00:00,0,1,falso_positivo,534.0,50.33333333333333,2.3845252442585902,2.08,50.33333333333333,16.78,23.19333333333333,13.016666666666666,10.4,262.0,45.6,31.2,0.0,1019.0,58,11.2,24.4,1.8
2024-Q2,gaussian_naive_bayes,poluentes_subindices_sem_iqar_meteorologia,2024-05-29 15:00:00,2024-05-29 16:00:00,0,1,falso_positivo,215.0,59.33333333333333,0.8220158249438445,0.76,59.33333333333333,14.03,19.6,13.45,3.8,158.0,32.5,22.6,0.0,1020.8,54,9.2,18.2,13.6
2024-Q2,gaussian_naive_bayes,poluentes_subindices_sem_iqar_meteorologia,2024-05-29 16:00:00,2024-05-29 17:00:00,0,1,falso_positivo,207.0,74.33333333333333,0.8200748194540125,1.06,74.33333333333333,14.523333333333332,20.28,13.866666666666667,5.3,138.0,28.0,19.4,0.0,1021.0,61,8.1,17.4,12.2
2024-Q2,gaussian_naive_bayes,poluentes_subindices_sem_iqar_meteorologia,2024-06-11 14:00:00,2024-06-11 15:00:00,0,1,falso_positivo,157.0,74.33333333333333,1.7308916455576702,0.04,74.33333333333333,20.930000000000007,29.24000000000001,15.25,0.2,149.0,16.1,11.2,0.0,1020.4,51,5.2,24.7,3.0
2024-Q2,gaussian_naive_bayes,poluentes_subindices_sem_iqar_meteorologia,2024-06-11 23:00:00,2024-06-12 00:00:00,0,1,falso_positivo,545.0,106.5,1.6624712020410928,3.9,106.5,23.5,32.72,14.475,19.5,113.0,41.0,28.5,0.0,1022.5,77,2.7,17.0,5.2
2024-Q3,dummy_prior,referencia_independente_de_features,2024-07-18 14:00:00,2024-07-18 15:00:00,1,0,falso_negativo,233.0,97.5,2.277284690945373,0.4599999999999999,97.5,37.373333333333335,51.986666666666665,20.375,2.3,160.0,32.6,21.7,0.0,1021.7,49,7.3,23.1,8.7
2024-Q3,dummy_prior,referencia_independente_de_features,2024-07-18 15:00:00,2024-07-18 16:00:00,1,0,falso_negativo,226.0,112.83333333333331,1.8983033690556783,0.66,112.83333333333331,37.42666666666667,52.00666666666668,20.058333333333334,3.3,145.0,28.6,18.9,0.0,1021.8,53,5.3,22.5,8.9
2024-Q3,dummy_prior,referencia_independente_de_features,2024-07-18 16:00:00,2024-07-18 17:00:00,1,0,falso_negativo,212.0,115.0,1.5110727738341982,0.94,115.0,37.24333333333333,51.69333333333333,19.616666666666667,4.7,124.0,24.2,15.9,0.0,1022.3,80,4.0,19.7,16.1
2024-Q3,dummy_prior,referencia_independente_de_features,2024-07-22 13:00:00,2024-07-22 14:00:00,1,0,falso_negativo,352.0,63.0,1.664412207530925,1.1,63.0,19.166666666666668,26.19333333333333,14.425000000000002,5.5,232.0,55.4,38.5,0.0,1022.8,44,20.7,24.0,9.5
2024-Q3,dummy_prior,referencia_independente_de_features,2024-07-22 14:00:00,2024-07-22 15:00:00,1,0,falso_negativo,381.0,105.5,1.636752879300819,0.92,105.5,20.75666666666667,28.460000000000004,15.791666666666666,4.6,260.0,59.8,41.6,0.0,1021.9,39,19.3,24.5,10.6
2024-Q3,dummy_prior,referencia_independente_de_features,2024-07-22 15:00:00,2024-07-22 16:00:00,1,0,falso_negativo,407.0,159.25,1.6056967914635074,0.96,159.25,22.403333333333336,30.793333333333337,17.05,4.8,273.0,61.2,42.4,0.0,1021.6,44,17.7,24.4,9.6
2024-Q3,dummy_prior,referencia_independente_de_features,2024-07-22 16:00:00,2024-07-22 17:00:00,1,0,falso_negativo,414.0,208.75,1.5620241679422875,1.22,208.75,23.98333333333333,33.03333333333333,18.175,6.1,262.0,59.0,40.7,0.0,1022.1,59,15.9,22.9,14.2
2024-Q3,dummy_prior,referencia_independente_de_features,2024-07-22 17:00:00,2024-07-22 18:00:00,1,0,falso_negativo,417.0,241.0,1.526115566380396,1.6800000000000002,241.0,25.48333333333333,35.17333333333334,19.15,8.4,236.0,56.3,38.9,0.0,1023.0,70,13.9,20.2,14.6
2024-Q3,dummy_prior,referencia_independente_de_features,2024-07-22 18:00:00,2024-07-22 19:00:00,1,0,falso_negativo,435.0,260.0,1.5212630526558162,2.34,260.0,26.933333333333334,37.23333333333333,20.008333333333333,11.7,208.0,55.2,38.1,0.0,1023.3,79,12.4,17.5,11.8
2024-Q3,dummy_prior,referencia_independente_de_features,2024-07-22 19:00:00,2024-07-22 20:00:00,1,0,falso_negativo,486.0,263.0,1.5707586926465316,3.34,263.0,28.38666666666667,39.30666666666667,20.83333333333333,16.7,180.0,55.6,38.8,0.0,1023.7,82,11.9,16.0,10.7
2024-Q3,dummy_prior,referencia_independente_de_features,2024-07-22 20:00:00,2024-07-22 21:00:00,1,0,falso_negativo,553.0,250.25,1.6716909781177949,4.5,250.25,29.96333333333333,41.540000000000006,21.65,22.5,150.0,59.1,41.2,0.0,1024.1,83,11.8,14.6,6.8
2024-Q3,dummy_prior,referencia_independente_de_features,2024-07-22 21:00:00,2024-07-22 22:00:00,1,0,falso_negativo,647.0,224.75,1.8148401329929036,5.0600000000000005,224.75,31.55,43.813333333333325,22.091666666666665,25.3,130.0,63.1,44.2,0.0,1024.3,86,8.1,12.7,8.1
2024-Q3,dummy_prior,referencia_independente_de_features,2024-07-22 22:00:00,2024-07-22 23:00:00,1,0,falso_negativo,669.0,190.75,1.9545925282608063,5.2,190.75,33.36,46.37333333333333,22.524999999999995,26.0,124.0,69.4,48.4,0.0,1024.8,79,8.2,14.9,3.2
2024-Q3,dummy_prior,referencia_independente_de_features,2024-07-22 23:00:00,2024-07-23 00:00:00,1,0,falso_negativo,698.0,151.5,2.095800677646083,5.38,151.5,35.230000000000004,49.013333333333335,22.941666666666663,26.9,116.0,71.2,49.8,0.0,1025.0,82,8.2,14.2,1.8
2024-Q3,dummy_prior,referencia_independente_de_features,2024-07-25 15:00:00,2024-07-25 16:00:00,1,0,falso_negativo,259.0,97.0,1.3494840668056856,0.82,97.0,21.023333333333337,28.926666666666677,18.35833333333333,4.1,198.0,29.6,20.5,0.0,1019.7,35,9.8,24.4,11.2
2024-Q3,dummy_prior,referencia_independente_de_features,2024-07-25 16:00:00,2024-07-25 17:00:00,1,0,falso_negativo,298.0,117.66666666666666,1.2398172566301788,1.46,117.66666666666666,21.74,29.953333333333337,18.53333333333333,7.3,196.0,34.6,24.0,0.0,1019.5,36,9.3,24.0,9.4
2024-Q3,dummy_prior,referencia_independente_de_features,2024-07-25 17:00:00,2024-07-25 18:00:00,1,0,falso_negativo,353.0,137.25,1.1539277637051135,2.3800000000000003,137.25,22.486666666666668,31.026666666666667,18.60833333333333,11.9,187.0,37.7,26.1,0.0,1019.5,54,8.9,21.8,4.9
2024-Q3,dummy_prior,referencia_independente_de_features,2024-07-25 18:00:00,2024-07-25 19:00:00,1,0,falso_negativo,409.0,151.25,1.1369439656690836,3.3600000000000003,151.25,23.28,32.18,18.616666666666667,16.8,173.0,42.6,29.5,0.0,1019.7,58,8.7,18.4,7.0
2024-Q3,dummy_prior,referencia_independente_de_features,2024-07-25 19:00:00,2024-07-25 20:00:00,1,0,falso_negativo,466.0,156.0,1.204393906440745,4.420000000000001,156.0,24.143333333333334,33.42666666666667,18.625,22.1,155.0,47.1,32.6,0.0,1020.1,73,9.1,16.5,6.2
2024-Q3,dummy_prior,referencia_independente_de_features,2024-07-25 20:00:00,2024-07-25 21:00:00,1,0,falso_negativo,524.0,150.5,1.3407495421014417,5.5600000000000005,150.5,25.026666666666667,34.693333333333335,18.666666666666668,27.8,132.0,49.4,34.1,0.0,1020.3,89,9.8,14.8,8.6
2024-Q3,dummy_prior,referencia_independente_de_features,2024-07-25 21:00:00,2024-07-25 22:00:00,1,0,falso_negativo,646.0,135.75,1.54698137539609,7.66,135.75,26.32,36.51333333333334,18.883333333333333,38.3,113.0,58.1,40.4,0.0,1020.4,83,12.7,15.5,7.5
2024-Q3,dummy_prior,referencia_independente_de_features,2024-07-26 14:00:00,2024-07-26 15:00:00,1,0,falso_negativo,227.0,86.33333333333333,2.0298064909917954,0.26,86.33333333333333,38.38,53.43333333333334,22.850000000000005,1.3,177.0,28.6,20.0,0.0,1019.1,34,9.8,24.5,3.1
2024-Q3,dummy_prior,referencia_independente_de_features,2024-07-26 15:00:00,2024-07-26 16:00:00,1,0,falso_negativo,259.0,106.83333333333331,1.7284653886953802,0.6000000000000001,106.83333333333331,38.37666666666667,53.43333333333334,22.84166666666667,3.0,180.0,29.5,20.5,0.0,1018.7,33,9.7,24.4,1.9
2024-Q3,dummy_prior,referencia_independente_de_features,2024-07-26 16:00:00,2024-07-26 17:00:00,1,0,falso_negativo,304.0,118.66666666666666,1.4484753467871168,1.32,118.66666666666666,38.290000000000006,53.31999999999999,22.85833333333333,6.6,172.0,32.0,22.3,0.0,1018.8,32,9.5,24.2,0.8
2024-Q3,dummy_prior,referencia_independente_de_features,2024-07-26 17:00:00,2024-07-26 18:00:00,1,0,falso_negativo,365.0,125.5,1.2660208307429104,2.32,125.5,38.21666666666667,53.21999999999999,22.89166666666667,11.6,159.0,35.5,24.6,0.0,1019.0,57,9.3,22.2,4.7
2024-Q3,dummy_prior,referencia_independente_de_features,2024-07-26 18:00:00,2024-07-26 19:00:00,1,0,falso_negativo,411.0,128.5,1.1762493268381813,2.9600000000000004,128.5,38.123333333333335,53.09333333333333,22.925,14.8,149.0,39.8,27.6,0.0,1019.3,59,9.1,19.5,8.2
2024-Q3,dummy_prior,referencia_independente_de_features,2024-07-26 19:00:00,2024-07-26 20:00:00,1,0,falso_negativo,428.0,128.0,1.191777370756837,2.9600000000000004,128.0,37.95333333333334,52.86666666666666,22.925,14.8,147.0,42.0,29.2,0.0,1019.8,76,9.1,18.1,11.2
2024-Q3,dummy_prior,referencia_independente_de_features,2024-07-26 20:00:00,2024-07-26 21:00:00,1,0,falso_negativo,430.0,125.25,1.2786373664268182,2.62,125.25,37.72,52.55333333333334,22.875,13.1,148.0,42.4,29.4,0.0,1020.0,57,9.2,17.7,11.7
2024-Q3,dummy_prior,referencia_independente_de_features,2024-07-26 21:00:00,2024-07-26 22:00:00,1,0,falso_negativo,435.0,117.66666666666666,1.3873336738574094,2.84,117.66666666666666,37.20666666666667,51.82666666666668,22.58333333333333,14.2,134.0,42.7,29.5,0.0,1020.2,48,9.2,17.8,9.6
2024-Q3,dummy_prior,referencia_independente_de_features,2024-07-28 17:00:00,2024-07-28 18:00:00,1,0,falso_negativo,358.0,91.16666666666669,0.8870395088532158,2.3600000000000003,91.16666666666669,17.613333333333333,24.26,11.241666666666667,11.8,178.0,40.5,27.5,0.0,1018.5,42,7.6,25.1,8.2
2024-Q3,dummy_prior,referencia_independente_de_features,2024-07-28 18:00:00,2024-07-28 19:00:00,1,0,falso_negativo,426.0,107.33333333333331,0.9481811817829232,3.2200000000000006,107.33333333333331,18.610000000000003,25.60666666666667,11.583333333333334,16.1,173.0,46.3,31.4,0.0,1019.0,64,8.4,20.8,6.9
2024-Q3,dummy_prior,referencia_independente_de_features,2024-07-28 19:00:00,2024-07-28 20:00:00,1,0,falso_negativo,477.0,118.5,1.0787138009741242,4.0,118.5,19.78666666666667,27.200000000000003,11.958333333333334,20.0,162.0,51.9,35.3,0.0,1019.7,85,9.1,18.8,9.4
2024-Q3,dummy_prior,referencia_independente_de_features,2024-07-28 20:00:00,2024-07-28 21:00:00,1,0,falso_negativo,518.0,125.75,1.2582568087835824,4.720000000000001,125.75,21.15,29.05333333333333,12.358333333333334,23.6,146.0,56.1,38.2,0.0,1019.7,81,9.8,18.0,7.8
2024-Q3,dummy_prior,referencia_independente_de_features,2024-07-28 21:00:00,2024-07-28 22:00:00,1,0,falso_negativo,691.0,126.5,1.523689309518106,5.74,126.5,22.383333333333336,30.753333333333337,12.866666666666667,28.7,138.0,60.5,41.6,0.0,1019.8,79,11.3,17.4,7.1
2024-Q3,dummy_prior,referencia_independente_de_features,2024-07-28 22:00:00,2024-07-28 23:00:00,1,0,falso_negativo,708.0,118.16666666666666,1.7832987937831335,5.98,118.16666666666666,23.75333333333333,32.63333333333333,13.366666666666667,29.9,120.0,64.7,44.4,0.0,1020.3,76,11.4,17.8,7.4
2024-Q3,dummy_prior,referencia_independente_de_features,2024-07-29 12:00:00,2024-07-29 13:00:00,1,0,falso_negativo,353.0,87.5,2.2860192156496173,0.6400000000000001,87.5,43.66666666666667,60.24,23.266666666666666,3.2,200.0,48.3,33.4,0.0,1020.6,50,15.3,23.7,2.7
2024-Q3,dummy_prior,referencia_independente_de_features,2024-07-29 13:00:00,2024-07-29 14:00:00,1,0,falso_negativo,302.0,110.66666666666666,2.072508611768099,0.42,110.66666666666666,44.62,61.56,23.933333333333337,2.1,189.0,40.6,28.1,0.0,1019.6,49,12.4,24.7,5.2
2024-Q3,dummy_prior,referencia_independente_de_features,2024-07-29 14:00:00,2024-07-29 15:00:00,1,0,falso_negativo,271.0,132.5,1.8541454941620013,0.36,132.5,45.22666666666667,62.39333333333333,24.28333333333333,1.8,171.0,34.2,23.6,0.0,1018.4,48,9.4,25.6,7.9
2024-Q3,dummy_prior,referencia_independente_de_features,2024-07-29 15:00:00,2024-07-29 16:00:00,1,0,falso_negativo,253.0,147.75,1.650825169102101,0.44,147.75,45.366666666666674,62.58000000000001,24.375,2.2,153.0,29.6,20.3,0.2,1018.4,59,7.1,23.5,18.2
2024-Q3,dummy_prior,referencia_independente_de_features,2024-07-29 16:00:00,2024-07-29 17:00:00,1,0,falso_negativo,254.0,151.25,1.4809871887418025,0.7200000000000001,151.25,45.09666666666666,62.21333333333334,24.316666666666663,3.6,139.0,27.2,18.6,0.1,1020.1,80,6.1,18.8,22.4
2024-Q3,dummy_prior,referencia_independente_de_features,2024-07-29 17:00:00,2024-07-29 18:00:00,1,0,falso_negativo,269.0,139.25,1.30726719740184,1.14,139.25,44.690000000000005,61.67333333333333,24.166666666666668,5.7,126.0,28.3,19.4,0.0,1021.1,87,5.8,16.6,20.3
2024-Q3,dummy_prior,referencia_independente_de_features,2024-07-29 18:00:00,2024-07-29 19:00:00,1,0,falso_negativo,279.0,122.5,1.1757640754657233,1.4,122.5,44.14666666666667,60.96000000000001,23.90833333333333,7.0,116.0,30.0,20.7,0.0,1021.8,88,5.3,16.3,17.9
2024-Q3,dummy_prior,referencia_independente_de_features,2024-08-16 14:00:00,2024-08-16 15:00:00,1,0,falso_negativo,282.0,89.5,1.6915862843885725,0.5,89.5,27.593333333333334,37.553333333333335,14.616666666666667,2.5,204.0,35.4,24.6,0.0,1018.3,47,10.5,27.0,3.3
2024-Q3,dummy_prior,referencia_independente_de_features,2024-08-16 15:00:00,2024-08-16 16:00:00,1,0,falso_negativo,312.0,117.5,1.536305845202014,0.8,117.5,28.160000000000004,38.42,14.933333333333335,4.0,214.0,38.2,26.6,0.0,1017.7,41,10.6,27.6,4.7
2024-Q3,dummy_prior,referencia_independente_de_features,2024-08-16 16:00:00,2024-08-16 17:00:00,1,0,falso_negativo,345.0,145.25,1.4038322205209812,1.6,145.25,28.83333333333333,39.45333333333334,15.258333333333333,8.0,205.0,41.1,28.6,0.0,1017.7,43,10.4,27.2,4.6
2024-Q3,dummy_prior,referencia_independente_de_features,2024-08-16 17:00:00,2024-08-16 18:00:00,1,0,falso_negativo,387.0,159.75,1.313090213871336,2.72,159.75,29.51666666666667,40.51333333333333,15.558333333333332,13.6,184.0,42.3,29.3,0.0,1017.7,63,10.0,24.8,4.3
2024-Q3,dummy_prior,referencia_independente_de_features,2024-08-16 18:00:00,2024-08-16 19:00:00,1,0,falso_negativo,423.0,166.75,1.2834898801513983,3.68,166.75,30.21333333333333,41.58,15.841666666666669,18.4,163.0,44.8,31.1,0.0,1018.2,66,9.5,21.0,6.7
2024-Q3,dummy_prior,referencia_independente_de_features,2024-08-16 19:00:00,2024-08-16 20:00:00,1,0,falso_negativo,449.0,165.25,1.3261920009277015,4.34,165.25,30.846666666666664,42.52666666666666,16.141666666666666,21.7,143.0,44.6,31.0,0.0,1018.4,76,9.0,19.6,9.5
2024-Q3,dummy_prior,referencia_independente_de_features,2024-08-16 20:00:00,2024-08-16 21:00:00,1,0,falso_negativo,470.0,154.5,1.4208160185570111,4.84,154.5,31.32,43.23333333333333,16.466666666666665,24.2,121.0,43.8,30.3,0.0,1018.8,77,8.4,18.7,8.2
2024-Q3,dummy_prior,referencia_independente_de_features,2024-08-16 21:00:00,2024-08-16 22:00:00,1,0,falso_negativo,520.0,131.5,1.54698137539609,5.78,131.5,31.683333333333334,43.78,16.716666666666665,28.9,92.0,44.0,30.3,0.0,1019.3,80,8.0,16.7,10.4
2024-Q3,dummy_prior,referencia_independente_de_features,2024-08-19 16:00:00,2024-08-19 17:00:00,1,0,falso_negativo,337.0,90.66666666666669,1.2558305519212924,1.4800000000000002,90.66666666666669,22.05333333333333,30.513333333333332,11.408333333333331,7.4,183.0,35.6,24.6,0.0,1015.5,36,6.4,28.1,3.6
2024-Q3,dummy_prior,referencia_independente_de_features,2024-08-19 17:00:00,2024-08-19 18:00:00,1,0,falso_negativo,401.0,106.33333333333331,1.214584185262363,2.52,106.33333333333331,22.37,30.96,11.608333333333334,12.6,175.0,39.7,27.4,0.0,1015.7,60,6.9,26.1,3.8
2024-Q3,dummy_prior,referencia_independente_de_features,2024-08-19 18:00:00,2024-08-19 19:00:00,1,0,falso_negativo,465.0,118.0,1.2388467538852628,3.5600000000000005,118.0,22.763333333333332,31.506666666666668,11.833333333333334,17.8,164.0,44.0,30.4,0.0,1016.2,66,7.6,21.1,8.3
2024-Q3,dummy_prior,referencia_independente_de_features,2024-08-19 19:00:00,2024-08-19 20:00:00,1,0,falso_negativo,527.0,127.0,1.3407495421014417,4.58,127.0,23.25,32.18,12.1,22.9,152.0,47.1,32.5,0.0,1016.5,80,8.6,19.7,6.6
2024-Q3,dummy_prior,referencia_independente_de_features,2024-08-19 20:00:00,2024-08-19 21:00:00,1,0,falso_negativo,590.0,128.75,1.5057350087371604,5.6000000000000005,128.75,23.923333333333336,33.10666666666667,12.441666666666668,28.0,137.0,52.2,36.0,0.0,1017.2,84,9.9,18.4,5.5
2024-Q3,dummy_prior,referencia_independente_de_features,2024-08-19 21:00:00,2024-08-19 22:00:00,1,0,falso_negativo,743.0,116.83333333333331,1.750786951828448,9.06,116.83333333333331,24.81,34.34,12.916666666666666,45.3,96.0,59.3,41.0,0.0,1017.5,85,11.6,17.7,4.7
2024-Q3,dummy_prior,referencia_independente_de_features,2024-08-20 12:00:00,2024-08-20 13:00:00,1,0,falso_negativo,401.0,80.83333333333333,2.8280449986851983,0.86,80.83333333333333,39.99333333333334,55.493333333333325,22.441666666666663,4.3,227.0,46.7,32.4,0.0,1020.3,43,10.8,26.9,2.7
2024-Q3,dummy_prior,referencia_independente_de_features,2024-08-20 13:00:00,2024-08-20 14:00:00,1,0,falso_negativo,364.0,116.83333333333331,2.528159650506157,0.58,116.83333333333331,40.50666666666667,56.21333333333334,22.725,2.9,220.0,38.9,27.0,0.0,1019.0,40,8.8,28.2,2.9
2024-Q3,dummy_prior,referencia_independente_de_features,2024-08-20 14:00:00,2024-08-20 15:00:00,1,0,falso_negativo,352.0,162.5,2.2302153078169478,0.58,162.5,40.84666666666667,56.67999999999999,22.808333333333334,2.9,203.0,35.5,24.5,0.0,1018.1,34,6.7,28.8,2.5
2024-Q3,dummy_prior,referencia_independente_de_features,2024-08-20 15:00:00,2024-08-20 16:00:00,1,0,falso_negativo,351.0,192.75,1.964297555709966,0.7200000000000001,192.75,40.96333333333333,56.81999999999999,22.71666666666667,3.6,184.0,33.8,23.1,0.0,1017.3,32,4.9,29.0,4.7
2024-Q3,dummy_prior,referencia_independente_de_features,2024-08-20 16:00:00,2024-08-20 17:00:00,1,0,falso_negativo,359.0,200.5,1.7503017004559902,0.98,200.5,40.87,56.66,22.49166666666667,4.9,164.0,32.8,22.2,0.0,1017.8,60,3.7,26.3,15.0
2024-Q3,dummy_prior,referencia_independente_de_features,2024-08-20 17:00:00,2024-08-20 18:00:00,1,0,falso_negativo,376.0,189.5,1.5993885236215537,1.36,189.5,40.696666666666665,56.38,22.15833333333333,6.8,142.0,34.5,23.2,0.0,1018.8,75,2.9,21.6,18.5
2024-Q3,dummy_prior,referencia_independente_de_features,2024-08-20 18:00:00,2024-08-20 19:00:00,1,0,falso_negativo,389.0,170.0,1.4950594785430844,1.6800000000000002,170.0,40.33999999999999,55.85333333333333,21.725000000000005,8.4,122.0,33.3,22.5,0.0,1019.4,78,2.4,18.7,20.7
2024-Q3,dummy_prior,referencia_independente_de_features,2024-08-20 19:00:00,2024-08-20 20:00:00,1,0,falso_negativo,392.0,142.0,1.4479900954146587,1.84,142.0,39.830000000000005,55.13333333333334,21.2,9.2,106.0,31.8,21.7,0.0,1020.0,84,2.3,17.2,17.9
2024-Q3,dummy_prior,referencia_independente_de_features,2024-08-22 16:00:00,2024-08-22 17:00:00,1,0,falso_negativo,292.0,92.16666666666669,1.2087611687928668,1.06,92.16666666666669,16.040000000000003,22.1,8.116666666666667,5.3,154.0,21.7,15.1,0.0,1013.5,28,4.1,29.4,9.4
2024-Q3,dummy_prior,referencia_independente_de_features,2024-08-22 17:00:00,2024-08-22 18:00:00,1,0,falso_negativo,335.0,102.5,1.1684853048788535,1.94,102.5,16.05,22.160000000000004,8.383333333333335,9.7,140.0,23.6,16.2,0.0,1013.5,46,4.4,26.6,5.7
2024-Q3,dummy_prior,referencia_independente_de_features,2024-08-22 18:00:00,2024-08-22 19:00:00,1,0,falso_negativo,370.0,106.5,1.1636327911542734,2.7,106.5,16.103333333333335,22.273333333333333,8.658333333333333,13.5,125.0,24.9,16.9,0.0,1013.9,48,4.7,23.1,8.6
2024-Q3,dummy_prior,referencia_independente_de_features,2024-08-30 14:00:00,2024-08-30 15:00:00,1,0,falso_negativo,254.0,97.0,1.4081994828731033,0.34,97.0,21.15666666666667,28.83333333333333,14.141666666666667,1.7,198.0,19.3,13.4,0.0,1019.8,29,6.6,27.2,3.4
2024-Q3,dummy_prior,referencia_independente_de_features,2024-08-30 15:00:00,2024-08-30 16:00:00,1,0,falso_negativo,277.0,124.75,1.2529190436865445,0.6200000000000001,124.75,21.343333333333334,29.153333333333336,14.233333333333334,3.1,205.0,23.3,16.1,0.0,1019.1,30,7.0,27.4,2.7
2024-Q3,dummy_prior,referencia_independente_de_features,2024-08-30 16:00:00,2024-08-30 17:00:00,1,0,falso_negativo,297.0,148.25,1.1495605013529917,1.22,148.25,21.60666666666667,29.58,14.325,6.1,196.0,25.8,17.8,0.0,1018.7,34,6.9,27.0,4.7
2024-Q3,dummy_prior,referencia_independente_de_features,2024-08-30 17:00:00,2024-08-30 18:00:00,1,0,falso_negativo,320.0,156.5,1.102005866852108,2.04,156.5,21.883333333333336,30.02,14.375000000000002,10.2,177.0,26.8,18.3,0.0,1018.8,43,6.5,25.2,8.4
2024-Q3,dummy_prior,referencia_independente_de_features,2024-08-30 18:00:00,2024-08-30 19:00:00,1,0,falso_negativo,338.0,158.25,1.089874582540658,2.72,158.25,22.14666666666667,30.453333333333337,14.383333333333333,13.6,156.0,28.6,19.5,0.0,1019.0,64,6.2,21.4,11.7
2024-Q3,dummy_prior,referencia_independente_de_features,2024-08-30 19:00:00,2024-08-30 20:00:00,1,0,falso_negativo,349.0,153.0,1.1194749162605957,3.14,153.0,22.346666666666668,30.78666666666667,14.358333333333334,15.7,135.0,28.2,19.2,0.0,1019.1,54,5.9,19.4,10.5
2024-Q3,dummy_prior,referencia_independente_de_features,2024-08-30 20:00:00,2024-08-30 21:00:00,1,0,falso_negativo,357.0,140.0,1.1772198295830971,3.44,140.0,22.453333333333333,30.96,14.291666666666666,17.2,113.0,25.8,17.6,0.0,1019.5,46,5.5,18.2,8.4
2024-Q3,dummy_prior,referencia_independente_de_features,2024-08-31 14:00:00,2024-08-31 15:00:00,1,0,falso_negativo,232.0,98.66666666666666,1.2179809448695689,0.32,98.66666666666666,22.72,31.06666666666667,10.800000000000002,1.6,173.0,24.4,16.2,0.0,1019.4,31,2.0,27.5,3.4
2024-Q3,dummy_prior,referencia_independente_de_features,2024-08-31 15:00:00,2024-08-31 16:00:00,1,0,falso_negativo,230.0,113.5,1.1277241895923815,0.4599999999999999,113.5,22.77666666666667,31.093333333333334,10.35,2.3,171.0,25.0,16.5,0.0,1018.8,36,1.6,27.1,6.8
2024-Q3,dummy_prior,referencia_independente_de_features,2024-08-31 16:00:00,2024-08-31 17:00:00,1,0,falso_negativo,231.0,122.25,1.0394084398050265,0.76,122.25,22.74333333333333,30.993333333333336,9.9,3.8,162.0,24.8,16.3,0.0,1018.8,52,1.5,25.6,10.7
2024-Q3,dummy_prior,referencia_independente_de_features,2024-08-31 17:00:00,2024-08-31 18:00:00,1,0,falso_negativo,237.0,124.25,0.984089783344815,1.1800000000000002,124.25,22.683333333333337,30.86666666666667,9.491666666666667,5.9,148.0,25.0,16.4,0.0,1019.2,71,1.6,22.8,13.0
2024-Q3,dummy_prior,referencia_independente_de_features,2024-08-31 18:00:00,2024-08-31 19:00:00,1,0,falso_negativo,248.0,120.5,0.9476959304104654,1.6,120.5,22.566666666666663,30.67333333333333,9.116666666666667,8.0,133.0,25.1,16.6,0.0,1019.2,79,1.7,19.3,13.0
2024-Q3,dummy_prior,referencia_independente_de_features,2024-08-31 19:00:00,2024-08-31 20:00:00,1,0,falso_negativo,265.0,113.5,0.9384761543337634,2.04,113.5,22.446666666666676,30.5,8.783333333333335,10.2,117.0,24.6,16.6,0.0,1019.2,79,1.9,17.2,11.2
2024-Q3,dummy_prior,referencia_independente_de_features,2024-09-01 15:00:00,2024-09-01 16:00:00,1,0,falso_negativo,198.0,96.33333333333331,1.0364969315702786,0.6200000000000001,96.33333333333331,23.12333333333333,31.86666666666667,5.375,3.1,170.0,21.0,14.6,0.0,1014.7,21,4.4,30.6,15.1
2024-Q3,dummy_prior,referencia_independente_de_features,2024-09-01 16:00:00,2024-09-01 17:00:00,1,0,falso_negativo,222.0,111.33333333333331,0.9719584990333652,1.38,111.33333333333331,23.05,31.82,5.633333333333334,6.9,161.0,22.6,15.6,0.0,1014.5,22,4.6,30.1,13.3
2024-Q3,dummy_prior,referencia_independente_de_features,2024-09-01 17:00:00,2024-09-01 18:00:00,1,0,falso_negativo,260.0,119.5,0.9210071049252756,2.44,119.5,23.013333333333332,31.826666666666668,5.925000000000001,12.2,148.0,23.9,16.5,0.0,1014.4,31,5.1,27.9,7.9
2024-Q3,dummy_prior,referencia_independente_de_features,2024-09-01 18:00:00,2024-09-01 19:00:00,1,0,falso_negativo,297.0,121.75,0.9074200664964516,3.34,121.75,23.013333333333332,31.880000000000003,6.241666666666667,16.7,131.0,25.1,17.4,0.0,1014.6,40,5.5,23.6,8.2
2024-Q3,dummy_prior,referencia_independente_de_features,2024-09-02 14:00:00,2024-09-02 15:00:00,1,0,falso_negativo,318.0,97.66666666666666,1.2208924531043168,0.66,97.66666666666666,29.950000000000006,40.53333333333333,12.808333333333332,3.3,162.0,62.6,42.1,0.0,1013.2,45,5.7,27.9,12.0
2024-Q3,dummy_prior,referencia_independente_de_features,2024-09-02 15:00:00,2024-09-02 16:00:00,1,0,falso_negativo,313.0,106.83333333333331,1.2267154695738127,0.78,106.83333333333331,31.136666666666677,42.08,12.858333333333334,3.9,155.0,56.6,37.8,0.0,1013.2,65,5.0,24.4,20.1
2024-Q3,dummy_prior,referencia_independente_de_features,2024-09-02 16:00:00,2024-09-02 17:00:00,1,0,falso_negativo,297.0,109.33333333333331,1.2267154695738127,0.94,109.33333333333331,32.056666666666665,43.25333333333333,12.816666666666668,4.7,137.0,50.2,33.2,0.0,1013.7,72,4.1,21.8,18.9
2024-Q3,dummy_prior,referencia_independente_de_features,2024-09-03 17:00:00,2024-09-03 18:00:00,1,0,falso_negativo,489.0,99.0,1.665382710275841,2.34,99.0,30.673333333333336,41.64,5.516666666666667,11.7,131.0,66.8,45.5,0.0,1014.6,48,5.1,27.3,13.3
2024-Q3,dummy_prior,referencia_independente_de_features,2024-09-08 14:00:00,2024-09-08 15:00:00,1,0,falso_negativo,579.0,86.83333333333333,2.423830605427688,0.4599999999999999,86.83333333333333,31.71333333333334,43.75333333333333,11.866666666666667,2.3,203.0,82.9,57.3,0.0,1018.9,28,8.3,31.5,8.9
2024-Q3,dummy_prior,referencia_independente_de_features,2024-09-08 15:00:00,2024-09-08 16:00:00,1,0,falso_negativo,597.0,113.66666666666666,2.392774517590376,0.78,113.66666666666666,32.81666666666667,45.29333333333334,12.241666666666667,3.9,202.0,80.1,55.2,0.0,1018.1,26,7.7,31.7,8.7
2024-Q3,dummy_prior,referencia_independente_de_features,2024-09-08 16:00:00,2024-09-08 17:00:00,1,0,falso_negativo,602.0,136.75,2.3578364187734007,1.52,136.75,33.833333333333336,46.71333333333333,12.55,7.6,185.0,75.2,51.7,0.0,1017.8,24,7.3,31.7,6.3
2024-Q3,dummy_prior,referencia_independente_de_features,2024-09-08 17:00:00,2024-09-08 18:00:00,1,0,falso_negativo,604.0,149.75,2.3093112815276005,2.58,149.75,34.736666666666665,47.97333333333333,12.766666666666667,12.9,157.0,69.2,47.5,0.0,1017.9,32,6.9,29.6,9.5
2024-Q3,dummy_prior,referencia_independente_de_features,2024-09-08 18:00:00,2024-09-08 19:00:00,1,0,falso_negativo,610.0,151.0,2.285048712904701,3.48,151.0,35.583333333333336,49.13333333333333,12.916666666666666,17.4,131.0,63.6,43.5,0.0,1018.0,46,6.6,26.6,12.7
2024-Q3,dummy_prior,referencia_independente_de_features,2024-09-08 19:00:00,2024-09-08 20:00:00,1,0,falso_negativo,623.0,140.25,2.296694745843693,4.08,140.25,36.36000000000001,50.193333333333335,13.075,20.4,112.0,58.6,40.2,0.0,1018.4,54,6.5,24.5,10.4
2024-Q3,dummy_prior,referencia_independente_de_features,2024-09-09 13:00:00,2024-09-09 14:00:00,1,0,falso_negativo,678.0,78.62,3.085713477460394,0.48,71.5,56.77333333333334,78.62,14.241666666666667,2.4,219.0,102.9,71.2,0.0,1017.6,30,13.1,31.0,4.8
2024-Q3,dummy_prior,referencia_independente_de_features,2024-09-09 14:00:00,2024-09-09 15:00:00,1,0,falso_negativo,672.0,105.5,3.0216602962959382,0.4599999999999999,105.5,57.28666666666667,79.33333333333334,14.533333333333331,2.3,225.0,98.3,68.0,0.0,1016.5,27,11.8,31.6,4.0
2024-Q3,dummy_prior,referencia_independente_de_features,2024-09-09 15:00:00,2024-09-09 16:00:00,1,0,falso_negativo,668.0,142.25,2.943049573957744,0.7000000000000001,142.25,57.69666666666667,79.90666666666667,14.775,3.5,221.0,92.4,63.8,0.0,1015.9,27,10.6,31.4,9.2
2024-Q3,dummy_prior,referencia_independente_de_features,2024-09-09 16:00:00,2024-09-09 17:00:00,1,0,falso_negativo,659.0,173.0,2.84454354534877,1.26,173.0,58.04666666666667,80.38666666666667,14.966666666666669,6.3,203.0,85.7,58.9,0.0,1016.1,31,9.6,29.6,17.1
2024-Q3,dummy_prior,referencia_independente_de_features,2024-09-09 17:00:00,2024-09-09 18:00:00,1,0,falso_negativo,651.0,190.0,2.7285684673313093,2.04,190.0,58.39333333333333,80.85999999999999,15.116666666666667,10.2,176.0,79.6,54.6,0.0,1016.3,42,8.7,26.8,15.0
2024-Q3,dummy_prior,referencia_independente_de_features,2024-09-09 18:00:00,2024-09-09 19:00:00,1,0,falso_negativo,649.0,194.0,2.6383117120541217,2.78,194.0,58.77333333333334,81.38000000000001,15.241666666666667,13.9,152.0,75.0,51.3,0.0,1016.7,50,8.1,24.0,15.7
2024-Q3,dummy_prior,referencia_independente_de_features,2024-09-09 19:00:00,2024-09-09 20:00:00,1,0,falso_negativo,653.0,184.25,2.5868750665735742,3.38,184.25,59.14,81.87999999999998,15.375,16.9,136.0,69.6,47.7,0.0,1016.8,40,8.1,23.0,14.8
2024-Q3,dummy_prior,referencia_independente_de_features,2024-09-09 20:00:00,2024-09-09 21:00:00,1,0,falso_negativo,663.0,164.0,2.5684355144201705,3.94,164.0,59.42,82.28,15.55,19.7,124.0,63.8,44.1,0.0,1017.0,40,8.5,22.0,9.8
2024-Q3,dummy_prior,referencia_independente_de_features,2024-09-09 21:00:00,2024-09-09 22:00:00,1,0,falso_negativo,676.0,135.75,2.5674650116752544,4.0600000000000005,135.75,59.44333333333334,82.32666666666665,15.608333333333334,20.3,106.0,52.5,36.4,0.0,1017.6,48,7.0,19.5,6.5
2024-Q3,dummy_prior,referencia_independente_de_features,2024-09-10 13:00:00,2024-09-10 14:00:00,1,0,falso_negativo,417.0,90.0,2.303973516430563,0.44,90.0,53.07666666666667,73.4,13.608333333333334,2.2,175.0,49.6,34.3,0.0,1014.9,31,5.9,30.7,5.1
2024-Q3,dummy_prior,referencia_independente_de_features,2024-09-10 14:00:00,2024-09-10 15:00:00,1,0,falso_negativo,424.0,109.16666666666666,2.1278272682283106,0.42,109.16666666666666,51.47666666666667,71.19333333333334,13.075,2.1,179.0,50.3,34.9,0.0,1013.6,28,5.4,31.3,4.7
2024-Q3,dummy_prior,referencia_independente_de_features,2024-09-10 15:00:00,2024-09-10 16:00:00,1,0,falso_negativo,430.0,125.25,1.974002583159126,0.6000000000000001,125.25,50.12,69.33333333333334,12.6,3.0,178.0,51.7,35.9,0.0,1012.7,25,4.9,31.7,3.1
2024-Q3,dummy_prior,referencia_independente_de_features,2024-09-10 16:00:00,2024-09-10 17:00:00,1,0,falso_negativo,429.0,134.5,1.848807729064963,1.08,134.5,48.95,67.74,12.175,5.4,167.0,50.6,35.0,0.0,1012.4,25,4.5,31.6,0.0
2024-Q3,dummy_prior,referencia_independente_de_features,2024-09-10 17:00:00,2024-09-10 18:00:00,1,0,falso_negativo,427.0,134.0,1.7536984600631955,1.7600000000000002,134.0,47.90333333333333,66.31333333333333,11.800000000000002,8.8,149.0,48.2,33.2,0.0,1012.5,37,4.2,29.6,4.7
2024-Q3,dummy_prior,referencia_independente_de_features,2024-09-10 18:00:00,2024-09-10 19:00:00,1,0,falso_negativo,430.0,128.0,1.6877042734089087,2.32,128.0,46.97,65.05333333333333,11.458333333333334,11.6,132.0,47.0,32.4,0.0,1012.9,43,4.0,25.4,6.5
2024-Q3,dummy_prior,referencia_independente_de_features,2024-09-10 19:00:00,2024-09-10 20:00:00,1,0,falso_negativo,435.0,117.83333333333331,1.6615006992961767,2.6,117.83333333333331,46.16666666666667,63.95333333333333,11.091666666666669,13.0,118.0,45.5,31.2,0.0,1013.5,49,3.7,23.9,6.6
2024-Q3,dummy_prior,referencia_independente_de_features,2024-09-13 14:00:00,2024-09-13 15:00:00,1,0,falso_negativo,261.0,98.5,1.6090935510707134,0.32,98.5,20.766666666666666,28.480000000000004,9.716666666666669,1.6,165.0,24.6,16.6,0.0,1014.0,25,3.1,31.1,9.7
2024-Q3,dummy_prior,referencia_independente_de_features,2024-09-13 15:00:00,2024-09-13 16:00:00,1,0,falso_negativo,270.0,117.0,1.4703116585477265,0.42,117.0,21.153333333333336,28.96666666666667,9.816666666666666,2.1,156.0,24.9,16.6,0.0,1012.7,23,2.6,31.3,10.8
2024-Q3,dummy_prior,referencia_independente_de_features,2024-09-13 16:00:00,2024-09-13 17:00:00,1,0,falso_negativo,298.0,126.75,1.3674383675866313,0.8,126.75,21.62333333333333,29.54666666666667,9.9,4.0,145.0,26.6,17.5,0.0,1012.4,24,2.4,30.9,10.2
2024-Q3,dummy_prior,referencia_independente_de_features,2024-09-13 17:00:00,2024-09-13 18:00:00,1,0,falso_negativo,341.0,119.66666666666666,1.2597125629009565,1.36,119.66666666666666,22.08666666666667,30.10666666666667,9.975,6.8,131.0,27.7,18.0,0.0,1012.7,32,2.4,28.8,7.3
2024-Q3,dummy_prior,referencia_independente_de_features,2024-09-13 18:00:00,2024-09-13 19:00:00,1,0,falso_negativo,370.0,111.66666666666666,1.203908655068287,1.74,111.66666666666666,22.51,30.60666666666667,10.041666666666666,8.7,117.0,28.5,18.5,0.0,1012.8,33,2.4,25.7,8.3
2024-Q3,dummy_prior,referencia_independente_de_features,2024-09-14 14:00:00,2024-09-14 15:00:00,1,0,falso_negativo,297.0,83.66666666666667,1.1282094409648398,0.54,83.66666666666667,15.586666666666668,20.88,6.758333333333334,2.7,185.0,34.9,23.8,0.0,1013.9,30,4.7,31.2,5.4
2024-Q3,dummy_prior,referencia_independente_de_features,2024-09-14 15:00:00,2024-09-14 16:00:00,1,0,falso_negativo,304.0,104.83333333333331,1.1665442993890212,0.66,104.83333333333331,15.943333333333332,21.393333333333334,6.891666666666667,3.3,184.0,35.6,24.3,0.0,1013.8,41,4.2,29.7,15.8
2024-Q3,dummy_prior,referencia_independente_de_features,2024-09-14 16:00:00,2024-09-14 17:00:00,1,0,falso_negativo,330.0,124.75,1.203908655068287,1.0,124.75,16.316666666666666,21.94666666666667,7.041666666666668,5.0,178.0,37.8,25.8,0.0,1015.0,58,4.2,25.7,19.9
2024-Q3,dummy_prior,referencia_independente_de_features,2024-09-14 17:00:00,2024-09-14 18:00:00,1,0,falso_negativo,365.0,138.25,1.2252597154564389,1.4800000000000002,138.25,16.75,22.593333333333337,7.216666666666668,7.4,167.0,40.7,27.7,0.0,1015.7,58,4.5,24.1,20.2
2024-Q3,dummy_prior,referencia_independente_de_features,2024-09-14 18:00:00,2024-09-14 19:00:00,1,0,falso_negativo,389.0,144.75,1.2606830656458723,1.74,144.75,17.24,23.293333333333333,7.391666666666667,8.7,156.0,43.2,29.0,0.0,1016.3,67,4.5,22.1,19.3
2024-Q3,dummy_prior,referencia_independente_de_features,2024-09-14 19:00:00,2024-09-14 20:00:00,1,0,falso_negativo,388.0,142.75,1.299017924070054,1.6,142.75,17.723333333333336,23.96666666666667,7.533333333333334,8.0,146.0,41.9,27.9,0.0,1016.3,63,4.0,21.6,22.6
2024-Q3,dummy_prior,referencia_independente_de_features,2024-09-14 20:00:00,2024-09-14 21:00:00,1,0,falso_negativo,376.0,133.75,1.3339560228870295,1.26,133.75,18.22,24.626666666666665,7.616666666666667,6.3,137.0,39.6,26.1,0.0,1017.1,65,3.2,20.9,17.7
2024-Q3,dummy_prior,referencia_independente_de_features,2024-09-14 21:00:00,2024-09-14 22:00:00,1,0,falso_negativo,414.0,119.5,1.3892746793472412,1.02,119.5,18.87,25.520000000000003,7.650000000000001,5.1,124.0,35.0,23.7,0.0,1018.4,70,2.8,19.8,8.2
2024-Q3,dummy_prior,referencia_independente_de_features,2024-09-20 16:00:00,2024-09-20 17:00:00,1,0,falso_negativo,369.0,99.83333333333331,1.4936037244257103,0.92,99.83333333333331,15.596666666666668,21.02666666666667,8.200000000000001,4.6,159.0,27.1,18.2,0.0,1010.1,32,4.4,31.7,11.8
2024-Q3,dummy_prior,referencia_independente_de_features,2024-09-20 17:00:00,2024-09-20 18:00:00,1,0,falso_negativo,362.0,108.0,1.4800166859968866,1.5,108.0,15.573333333333332,21.05333333333333,8.241666666666667,7.5,150.0,27.2,18.0,0.0,1010.6,54,5.1,30.3,3.7
2024-Q3,dummy_prior,referencia_independente_de_features,2024-09-20 18:00:00,2024-09-20 19:00:00,1,0,falso_negativo,354.0,112.0,1.462062385215941,1.94,112.0,15.68,21.24666666666667,8.375,9.7,140.0,28.0,18.2,0.0,1012.4,64,5.6,26.1,17.4
2024-Q3,dummy_prior,referencia_independente_de_features,2024-09-20 19:00:00,2024-09-20 20:00:00,1,0,falso_negativo,343.0,110.66666666666666,1.4382850679654988,2.14,110.66666666666666,15.906666666666666,21.58666666666667,8.558333333333335,10.7,130.0,27.4,17.8,0.0,1013.8,85,5.8,23.6,12.6
2024-Q3,dummy_prior,referencia_independente_de_features,2024-09-20 20:00:00,2024-09-20 21:00:00,1,0,falso_negativo,331.0,105.0,1.409169985618019,2.2,105.0,16.22,22.03333333333333,8.766666666666667,11.0,120.0,26.9,17.8,0.0,1015.5,89,5.8,20.8,15.6
2024-Q3,dummy_prior,referencia_independente_de_features,2024-09-21 13:00:00,2024-09-21 14:00:00,1,0,falso_negativo,410.0,80.83333333333333,1.5644504248045776,0.54,80.83333333333333,21.296666666666667,29.086666666666662,11.35,2.7,192.0,36.7,25.6,0.0,1015.1,46,7.9,27.5,5.2
2024-Q3,dummy_prior,referencia_independente_de_features,2024-09-21 14:00:00,2024-09-21 15:00:00,1,0,falso_negativo,402.0,101.33333333333331,1.5741554522537375,0.58,101.33333333333331,21.666666666666668,29.60666666666667,11.633333333333333,2.9,189.0,37.3,26.0,0.0,1014.7,54,7.3,25.7,7.3
2024-Q3,dummy_prior,referencia_independente_de_features,2024-09-21 15:00:00,2024-09-21 16:00:00,1,0,falso_negativo,398.0,117.5,1.5828899769579814,0.7200000000000001,117.5,22.046666666666667,30.16,11.875,3.6,181.0,38.1,26.6,0.0,1014.2,57,6.8,24.9,4.4
2024-Q3,dummy_prior,referencia_independente_de_features,2024-09-21 16:00:00,2024-09-21 17:00:00,1,0,falso_negativo,403.0,131.0,1.5974475181317214,0.92,131.0,22.450000000000003,30.773333333333337,12.05,4.6,169.0,39.2,27.4,0.0,1014.1,61,6.5,24.7,12.9
2024-Q3,dummy_prior,referencia_independente_de_features,2024-09-21 17:00:00,2024-09-21 18:00:00,1,0,falso_negativo,413.0,141.75,1.5935655071520574,1.2400000000000002,141.75,22.96666666666667,31.56,12.15,6.2,153.0,42.7,29.8,0.0,1014.3,76,6.3,22.8,9.8
2024-Q3,dummy_prior,referencia_independente_de_features,2024-09-21 18:00:00,2024-09-21 19:00:00,1,0,falso_negativo,423.0,142.75,1.5945360098969734,1.64,142.75,23.383333333333336,32.22666666666667,12.191666666666668,8.2,137.0,40.5,28.2,0.0,1014.7,81,6.1,21.7,10.0
2024-Q3,dummy_prior,referencia_independente_de_features,2024-09-21 19:00:00,2024-09-21 20:00:00,1,0,falso_negativo,437.0,131.75,1.6027852832287597,2.26,131.75,23.770000000000003,32.85333333333334,12.191666666666665,11.3,120.0,39.0,27.2,0.0,1015.0,78,5.8,21.3,8.6
2024-Q3,dummy_prior,referencia_independente_de_features,2024-09-22 15:00:00,2024-09-22 16:00:00,1,0,falso_negativo,381.0,88.33333333333333,1.5843457310753557,0.44,88.33333333333333,18.75,26.22,7.175,2.2,163.0,15.4,10.7,0.0,1011.2,37,2.2,30.3,8.0
2024-Q3,dummy_prior,referencia_independente_de_features,2024-09-22 16:00:00,2024-09-22 17:00:00,1,0,falso_negativo,374.0,102.66666666666666,1.5571716542177076,0.6200000000000001,102.66666666666666,17.933333333333334,25.066666666666663,6.791666666666667,3.1,154.0,14.7,10.1,0.0,1011.9,65,1.9,27.1,19.4
2024-Q3,dummy_prior,referencia_independente_de_features,2024-09-22 17:00:00,2024-09-22 18:00:00,1,0,falso_negativo,367.0,107.83333333333331,1.523204058145648,0.86,107.83333333333331,16.956666666666667,23.69333333333334,6.416666666666667,4.3,139.0,13.4,9.2,0.0,1012.6,74,1.8,24.3,16.2
2024-Q3,dummy_prior,referencia_independente_de_features,2024-09-22 18:00:00,2024-09-22 19:00:00,1,0,falso_negativo,365.0,108.16666666666666,1.4931184730532523,1.14,108.16666666666666,15.993333333333332,22.340000000000003,6.050000000000001,5.7,124.0,11.6,7.9,0.0,1012.8,74,1.7,22.7,18.4
2024-Q3,dummy_prior,referencia_independente_de_features,2024-09-23 15:00:00,2024-09-23 16:00:00,1,0,falso_negativo,346.0,92.66666666666669,1.5042792546197865,0.36,92.66666666666669,10.02,13.913333333333334,4.441666666666667,1.8,160.0,11.4,7.8,0.0,1012.5,47,4.0,29.8,15.6
2024-Q3,dummy_prior,referencia_independente_de_features,2024-09-23 16:00:00,2024-09-23 17:00:00,1,0,falso_negativo,341.0,103.5,1.4664296475680627,0.54,103.5,9.923333333333336,13.78,4.625000000000001,2.7,156.0,11.8,8.1,0.0,1012.8,52,4.1,28.1,19.2
2024-Q3,dummy_prior,referencia_independente_de_features,2024-09-23 17:00:00,2024-09-23 18:00:00,1,0,falso_negativo,339.0,108.16666666666666,1.4266390350265068,0.8,108.16666666666666,9.863333333333332,13.686666666666666,4.825,4.0,148.0,11.6,7.8,0.0,1013.3,55,4.2,25.8,17.6
2024-Q3,dummy_prior,referencia_independente_de_features,2024-09-23 18:00:00,2024-09-23 19:00:00,1,0,falso_negativo,337.0,109.5,1.3907304334646151,1.02,109.5,9.843333333333334,13.646666666666668,5.033333333333334,5.1,138.0,11.0,7.3,0.0,1013.1,57,4.2,23.9,16.0
2024-Q3,dummy_prior,referencia_independente_de_features,2024-09-24 13:00:00,2024-09-24 14:00:00,1,0,falso_negativo,345.0,86.5,1.6105493051880873,0.34,86.5,21.24,29.36666666666667,6.575,1.7,171.0,30.0,20.5,0.0,1014.0,34,2.4,31.6,6.3
2024-Q3,dummy_prior,referencia_independente_de_features,2024-09-24 14:00:00,2024-09-24 15:00:00,1,0,falso_negativo,326.0,106.16666666666666,1.5494076322583796,0.34,106.16666666666666,21.8,30.126666666666672,6.391666666666667,1.7,168.0,28.7,19.6,0.0,1012.9,30,1.9,32.5,6.1
2024-Q3,dummy_prior,referencia_independente_de_features,2024-09-24 15:00:00,2024-09-24 16:00:00,1,0,falso_negativo,308.0,119.83333333333331,1.4819576914867183,0.4,119.83333333333331,22.33666666666667,30.85333333333334,6.191666666666667,2.0,162.0,27.5,18.7,0.0,1012.6,43,1.6,30.8,17.4
2024-Q3,dummy_prior,referencia_independente_de_features,2024-09-24 16:00:00,2024-09-24 17:00:00,1,0,falso_negativo,288.0,126.5,1.4096552369904771,0.52,126.5,22.823333333333338,31.5,5.958333333333335,2.6,150.0,26.4,17.8,0.0,1013.4,68,1.3,26.4,20.9
2024-Q3,dummy_prior,referencia_independente_de_features,2024-09-24 17:00:00,2024-09-24 18:00:00,1,0,falso_negativo,268.0,121.0,1.321339487203122,0.68,121.0,23.25666666666667,32.07333333333333,5.7,3.4,134.0,24.6,16.4,0.0,1013.1,71,1.1,25.2,17.2
2024-Q3,dummy_prior,referencia_independente_de_features,2024-09-24 18:00:00,2024-09-24 19:00:00,1,0,falso_negativo,253.0,113.5,1.2369057483954309,0.8800000000000001,113.5,23.60333333333333,32.52666666666667,5.425000000000001,4.4,118.0,21.4,14.1,0.0,1013.2,76,0.9,22.5,16.6
2024-Q3,dummy_prior,referencia_independente_de_features,2024-09-25 13:00:00,2024-09-25 14:00:00,1,0,falso_negativo,368.0,90.0,1.5018529977574964,0.42,90.0,21.71333333333333,29.926666666666677,6.191666666666667,2.1,196.0,26.8,18.5,0.0,1012.2,33,5.6,32.2,2.6
2024-Q3,dummy_prior,referencia_independente_de_features,2024-09-25 14:00:00,2024-09-25 15:00:00,1,0,falso_negativo,365.0,114.16666666666666,1.4848691997214665,0.4599999999999999,114.16666666666666,21.706666666666663,29.933333333333334,6.441666666666667,2.3,204.0,28.5,19.7,0.0,1011.0,30,4.9,33.1,2.9
2024-Q3,dummy_prior,referencia_independente_de_features,2024-09-25 15:00:00,2024-09-25 16:00:00,1,0,falso_negativo,361.0,142.75,1.4606066310985666,0.5599999999999999,142.75,21.82,30.1,6.675000000000001,2.8,207.0,30.9,21.2,0.0,1010.1,28,4.4,33.4,7.0
2024-Q3,dummy_prior,referencia_independente_de_features,2024-09-25 16:00:00,2024-09-25 17:00:00,1,0,falso_negativo,355.0,164.25,1.4300357946337128,0.7400000000000001,164.25,21.96,30.30666666666667,6.891666666666668,3.7,201.0,30.6,20.9,0.0,1010.1,38,3.9,31.6,15.4
2024-Q3,dummy_prior,referencia_independente_de_features,2024-09-25 17:00:00,2024-09-25 18:00:00,1,0,falso_negativo,348.0,176.5,1.415963504832431,0.96,176.5,22.126666666666665,30.546666666666667,7.1000000000000005,4.8,190.0,29.6,20.0,0.0,1010.7,64,3.6,28.3,13.4
2024-Q3,dummy_prior,referencia_independente_de_features,2024-09-25 18:00:00,2024-09-25 19:00:00,1,0,falso_negativo,345.0,182.25,1.400920712286233,1.2000000000000002,182.25,22.39,30.92,7.3083333333333345,6.0,176.0,29.3,19.7,0.0,1010.2,63,3.4,25.2,15.5
2024-Q3,dummy_prior,referencia_independente_de_features,2024-09-25 19:00:00,2024-09-25 20:00:00,1,0,falso_negativo,348.0,179.75,1.3883041766023254,1.38,179.75,22.73,31.380000000000003,7.533333333333335,6.9,160.0,28.2,19.0,0.0,1010.9,64,3.5,24.2,10.8
2024-Q3,dummy_prior,referencia_independente_de_features,2024-09-25 20:00:00,2024-09-25 21:00:00,1,0,falso_negativo,355.0,168.75,1.3805401546429974,1.54,168.75,22.98,31.74000000000001,7.775000000000001,7.7,141.0,26.0,17.9,0.0,1012.1,81,3.7,22.2,6.1
2024-Q3,dummy_prior,referencia_independente_de_features,2024-09-25 21:00:00,2024-09-25 22:00:00,1,0,falso_negativo,357.0,148.0,1.3752023895459593,2.06,148.0,23.143333333333334,31.986666666666668,8.033333333333335,10.3,113.0,25.7,17.7,0.0,1012.5,76,3.8,21.9,5.5
2024-Q3,dummy_prior,referencia_independente_de_features,2024-09-25 22:00:00,2024-09-25 23:00:00,1,0,falso_negativo,382.0,123.0,1.3834516628777451,2.44,123.0,23.323333333333338,32.233333333333334,8.316666666666668,12.2,104.0,27.0,18.5,0.0,1013.4,74,4.1,21.1,5.2
2024-Q3,dummy_prior,referencia_independente_de_features,2024-09-26 12:00:00,2024-09-26 13:00:00,1,0,falso_negativo,385.0,72.66666666666666,1.7114815906593503,0.7000000000000001,72.66666666666666,24.48333333333333,33.68,11.216666666666669,3.5,221.0,41.4,28.5,0.0,1012.5,35,8.3,31.8,8.6
2024-Q3,dummy_prior,referencia_independente_de_features,2024-09-26 13:00:00,2024-09-26 14:00:00,1,0,falso_negativo,369.0,105.66666666666666,1.650339917729643,0.54,105.66666666666666,24.913333333333338,34.25333333333333,11.35,2.7,226.0,39.7,27.1,0.0,1011.1,28,7.2,33.4,7.7
2024-Q3,dummy_prior,referencia_independente_de_features,2024-09-26 14:00:00,2024-09-26 15:00:00,1,0,falso_negativo,353.0,147.0,1.5833752283304394,0.4599999999999999,147.0,25.223333333333336,34.66,11.45,2.3,223.0,37.8,25.8,0.0,1009.6,24,6.1,34.8,8.0
2024-Q3,dummy_prior,referencia_independente_de_features,2024-09-26 15:00:00,2024-09-26 16:00:00,1,0,falso_negativo,340.0,184.75,1.5207778012833582,0.54,184.75,25.37666666666667,34.85333333333333,11.508333333333333,2.7,213.0,35.5,24.1,0.0,1008.3,22,5.1,35.3,8.5
2024-Q3,dummy_prior,referencia_independente_de_features,2024-09-26 16:00:00,2024-09-26 17:00:00,1,0,falso_negativo,330.0,204.75,1.4688559044303526,0.9,204.75,25.44333333333334,34.92000000000001,11.541666666666666,4.5,192.0,32.6,21.9,0.0,1008.0,22,4.3,34.8,8.2
2024-Q3,dummy_prior,referencia_independente_de_features,2024-09-26 17:00:00,2024-09-26 18:00:00,1,0,falso_negativo,323.0,205.75,1.416934007577347,1.42,205.75,25.44,34.9,11.541666666666666,7.1,165.0,29.5,19.7,0.0,1008.5,37,3.6,32.1,7.2
2024-Q3,dummy_prior,referencia_independente_de_features,2024-09-26 18:00:00,2024-09-26 19:00:00,1,0,falso_negativo,326.0,195.75,1.3722908813112114,1.98,195.75,25.410000000000004,34.846666666666664,11.516666666666666,9.9,139.0,28.4,18.9,0.0,1008.9,56,3.1,28.4,13.5
2024-Q3,dummy_prior,referencia_independente_de_features,2024-09-26 19:00:00,2024-09-26 20:00:00,1,0,falso_negativo,346.0,174.5,1.3451168044535635,2.62,174.5,25.433333333333337,34.86,11.475,13.1,119.0,28.9,19.2,0.0,1009.3,54,3.0,26.7,8.6
2024-Q3,dummy_prior,referencia_independente_de_features,2024-09-26 20:00:00,2024-09-26 21:00:00,1,0,falso_negativo,375.0,144.5,1.340264290728984,3.3000000000000003,144.5,25.51,34.91333333333334,11.433333333333335,16.5,101.0,28.3,18.7,0.0,1010.1,48,3.2,25.7,9.6
2024-Q3,dummy_prior,referencia_independente_de_features,2024-09-27 14:00:00,2024-09-27 15:00:00,1,0,falso_negativo,364.0,97.16666666666666,1.7265243832055484,1.12,97.16666666666666,29.62333333333333,40.45333333333333,8.108333333333333,5.6,151.0,41.3,28.2,0.0,1011.6,44,3.3,29.6,22.8
2024-Q3,dummy_prior,referencia_independente_de_features,2024-09-27 15:00:00,2024-09-27 16:00:00,1,0,falso_negativo,332.0,108.33333333333331,1.6911010330161147,1.22,108.33333333333331,29.30666666666667,40.013333333333335,7.883333333333334,6.1,133.0,26.0,17.5,0.5,1013.1,77,2.4,22.7,24.8
2024-Q3,dummy_prior,referencia_independente_de_features,2024-09-27 16:00:00,2024-09-27 17:00:00,1,0,falso_negativo,310.0,110.16666666666666,1.628988857341491,1.2000000000000002,110.16666666666666,28.66666666666667,39.13999999999999,7.6833333333333345,6.0,115.0,13.4,8.8,0.1,1014.1,77,1.9,20.6,24.5
2024-Q3,dummy_prior,referencia_independente_de_features,2024-09-30 18:00:00,2024-09-30 19:00:00,1,0,falso_negativo,261.0,97.66666666666666,1.0825958119537882,0.86,97.66666666666666,12.34666666666667,15.840000000000002,6.341666666666668,4.3,144.0,22.1,13.7,0.0,1014.6,79,4.5,22.4,16.9
2024-Q3,persistencia_iqar_atual,referencia_independente_de_features,2024-07-18 14:00:00,2024-07-18 15:00:00,1,0,falso_negativo,233.0,97.5,2.277284690945373,0.4599999999999999,97.5,37.373333333333335,51.986666666666665,20.375,2.3,160.0,32.6,21.7,0.0,1021.7,49,7.3,23.1,8.7
2024-Q3,persistencia_iqar_atual,referencia_independente_de_features,2024-07-18 17:00:00,2024-07-18 18:00:00,0,1,falso_positivo,204.0,107.16666666666666,1.2267154695738127,1.34,107.16666666666666,36.89333333333334,51.16666666666667,19.116666666666667,6.7,100.0,20.5,13.5,0.0,1023.0,91,3.2,17.1,16.5
2024-Q3,persistencia_iqar_atual,referencia_independente_de_features,2024-07-22 13:00:00,2024-07-22 14:00:00,1,0,falso_negativo,352.0,63.0,1.664412207530925,1.1,63.0,19.166666666666668,26.19333333333333,14.425000000000002,5.5,232.0,55.4,38.5,0.0,1022.8,44,20.7,24.0,9.5
2024-Q3,persistencia_iqar_atual,referencia_independente_de_features,2024-07-23 00:00:00,2024-07-23 01:00:00,0,1,falso_positivo,719.0,115.0,2.2438023462457712,5.4,115.0,37.08333333333334,51.626666666666665,23.316666666666663,27.0,106.0,71.0,49.7,0.0,1024.8,83,8.2,13.9,1.3
2024-Q3,persistencia_iqar_atual,referencia_independente_de_features,2024-07-25 15:00:00,2024-07-25 16:00:00,1,0,falso_negativo,259.0,97.0,1.3494840668056856,0.82,97.0,21.023333333333337,28.926666666666677,18.35833333333333,4.1,198.0,29.6,20.5,0.0,1019.7,35,9.8,24.4,11.2
2024-Q3,persistencia_iqar_atual,referencia_independente_de_features,2024-07-25 22:00:00,2024-07-25 23:00:00,0,1,falso_positivo,675.0,115.83333333333331,1.761462482022524,8.16,115.83333333333331,27.60333333333334,38.313333333333325,19.10833333333333,40.8,101.0,59.8,41.6,0.0,1020.7,83,12.8,16.4,3.4
2024-Q3,persistencia_iqar_atual,referencia_independente_de_features,2024-07-26 14:00:00,2024-07-26 15:00:00,1,0,falso_negativo,227.0,86.33333333333333,2.0298064909917954,0.26,86.33333333333333,38.38,53.43333333333334,22.850000000000005,1.3,177.0,28.6,20.0,0.0,1019.1,34,9.8,24.5,3.1
2024-Q3,persistencia_iqar_atual,referencia_independente_de_features,2024-07-26 22:00:00,2024-07-26 23:00:00,0,1,falso_positivo,419.0,109.66666666666666,1.4805019373693444,2.78,109.66666666666666,36.6,50.96666666666667,22.23333333333333,13.9,129.0,41.6,28.7,0.0,1020.9,60,8.6,15.6,9.1
2024-Q3,persistencia_iqar_atual,referencia_independente_de_features,2024-07-28 17:00:00,2024-07-28 18:00:00,1,0,falso_negativo,358.0,91.16666666666669,0.8870395088532158,2.3600000000000003,91.16666666666669,17.613333333333333,24.26,11.241666666666667,11.8,178.0,40.5,27.5,0.0,1018.5,42,7.6,25.1,8.2
2024-Q3,persistencia_iqar_atual,referencia_independente_de_features,2024-07-28 23:00:00,2024-07-29 00:00:00,0,1,falso_positivo,731.0,105.16666666666666,2.032717999226544,6.300000000000001,105.16666666666666,25.180000000000007,34.586666666666666,13.85,31.5,95.0,66.4,45.6,0.0,1020.6,69,11.6,18.3,5.0
2024-Q3,persistencia_iqar_atual,referencia_independente_de_features,2024-07-29 12:00:00,2024-07-29 13:00:00,1,0,falso_negativo,353.0,87.5,2.2860192156496173,0.6400000000000001,87.5,43.66666666666667,60.24,23.266666666666666,3.2,200.0,48.3,33.4,0.0,1020.6,50,15.3,23.7,2.7
2024-Q3,persistencia_iqar_atual,referencia_independente_de_features,2024-07-29 19:00:00,2024-07-29 20:00:00,0,1,falso_positivo,277.0,107.33333333333331,1.0956975990101538,1.32,107.33333333333331,43.41000000000001,59.98,23.508333333333336,6.6,110.0,29.8,20.6,0.0,1022.4,84,4.3,16.3,15.3
2024-Q3,persistencia_iqar_atual,referencia_independente_de_features,2024-08-16 14:00:00,2024-08-16 15:00:00,1,0,falso_negativo,282.0,89.5,1.6915862843885725,0.5,89.5,27.593333333333334,37.553333333333335,14.616666666666667,2.5,204.0,35.4,24.6,0.0,1018.3,47,10.5,27.0,3.3
2024-Q3,persistencia_iqar_atual,referencia_independente_de_features,2024-08-16 22:00:00,2024-08-16 23:00:00,0,1,falso_positivo,539.0,107.16666666666666,1.6716909781177949,6.0,107.16666666666666,32.013333333333335,44.266666666666666,16.966666666666665,30.0,81.0,43.8,30.2,0.0,1019.6,73,8.0,19.9,4.1
2024-Q3,persistencia_iqar_atual,referencia_independente_de_features,2024-08-19 16:00:00,2024-08-19 17:00:00,1,0,falso_negativo,337.0,90.66666666666669,1.2558305519212924,1.4800000000000002,90.66666666666669,22.05333333333333,30.513333333333332,11.408333333333331,7.4,183.0,35.6,24.6,0.0,1015.5,36,6.4,28.1,3.6
2024-Q3,persistencia_iqar_atual,referencia_independente_de_features,2024-08-19 22:00:00,2024-08-19 23:00:00,0,1,falso_positivo,792.0,102.0,2.010881687465933,9.840000000000002,102.0,25.793333333333337,35.71333333333334,13.408333333333331,49.2,82.0,61.9,43.0,0.0,1018.2,89,12.1,17.2,7.9
2024-Q3,persistencia_iqar_atual,referencia_independente_de_features,2024-08-20 12:00:00,2024-08-20 13:00:00,1,0,falso_negativo,401.0,80.83333333333333,2.8280449986851983,0.86,80.83333333333333,39.99333333333334,55.493333333333325,22.441666666666663,4.3,227.0,46.7,32.4,0.0,1020.3,43,10.8,26.9,2.7
2024-Q3,persistencia_iqar_atual,referencia_independente_de_features,2024-08-20 20:00:00,2024-08-20 21:00:00,0,1,falso_positivo,391.0,112.16666666666666,1.4431375816900789,1.94,112.16666666666666,39.07666666666667,54.086666666666666,20.591666666666665,9.7,92.0,29.6,20.3,0.0,1020.6,85,2.6,16.7,8.7
2024-Q3,persistencia_iqar_atual,referencia_independente_de_features,2024-08-22 16:00:00,2024-08-22 17:00:00,1,0,falso_negativo,292.0,92.16666666666669,1.2087611687928668,1.06,92.16666666666669,16.040000000000003,22.1,8.116666666666667,5.3,154.0,21.7,15.1,0.0,1013.5,28,4.1,29.4,9.4
2024-Q3,persistencia_iqar_atual,referencia_independente_de_features,2024-08-22 19:00:00,2024-08-22 20:00:00,0,1,falso_positivo,383.0,102.66666666666666,1.1908068680119213,3.1,102.66666666666666,16.186666666666667,22.406666666666663,8.9,15.5,109.0,24.3,16.5,0.0,1014.2,47,4.8,21.8,8.5
2024-Q3,persistencia_iqar_atual,referencia_independente_de_features,2024-08-30 14:00:00,2024-08-30 15:00:00,1,0,falso_negativo,254.0,97.0,1.4081994828731033,0.34,97.0,21.15666666666667,28.83333333333333,14.141666666666667,1.7,198.0,19.3,13.4,0.0,1019.8,29,6.6,27.2,3.4
2024-Q3,persistencia_iqar_atual,referencia_independente_de_features,2024-08-30 21:00:00,2024-08-30 22:00:00,0,1,falso_positivo,392.0,117.83333333333331,1.2538895464314606,4.0200000000000005,117.83333333333331,22.74666666666667,31.37333333333333,14.183333333333335,20.1,87.0,28.6,19.5,0.0,1020.0,48,5.3,17.1,7.7
2024-Q3,persistencia_iqar_atual,referencia_independente_de_features,2024-08-31 14:00:00,2024-08-31 15:00:00,1,0,falso_negativo,232.0,98.66666666666666,1.2179809448695689,0.32,98.66666666666666,22.72,31.06666666666667,10.800000000000002,1.6,173.0,24.4,16.2,0.0,1019.4,31,2.0,27.5,3.4
2024-Q3,persistencia_iqar_atual,referencia_independente_de_features,2024-08-31 20:00:00,2024-08-31 21:00:00,0,1,falso_positivo,287.0,102.33333333333331,0.9549747009973352,2.5,102.33333333333331,22.41333333333333,30.453333333333337,8.500000000000002,12.5,99.0,24.8,16.9,0.0,1019.8,82,2.1,15.8,6.0
2024-Q3,persistencia_iqar_atual,referencia_independente_de_features,2024-09-01 15:00:00,2024-09-01 16:00:00,1,0,falso_negativo,198.0,96.33333333333331,1.0364969315702786,0.6200000000000001,96.33333333333331,23.12333333333333,31.86666666666667,5.375,3.1,170.0,21.0,14.6,0.0,1014.7,21,4.4,30.6,15.1
2024-Q3,persistencia_iqar_atual,referencia_independente_de_features,2024-09-01 19:00:00,2024-09-01 20:00:00,0,1,falso_positivo,331.0,113.83333333333331,0.9375056515888476,3.92,113.83333333333331,23.023333333333333,31.926666666666662,6.558333333333334,19.6,107.0,24.9,17.3,0.0,1014.8,46,5.7,21.4,7.5
2024-Q3,persistencia_iqar_atual,referencia_independente_de_features,2024-09-02 14:00:00,2024-09-02 15:00:00,1,0,falso_negativo,318.0,97.66666666666666,1.2208924531043168,0.66,97.66666666666666,29.950000000000006,40.53333333333333,12.808333333333332,3.3,162.0,62.6,42.1,0.0,1013.2,45,5.7,27.9,12.0
2024-Q3,persistencia_iqar_atual,referencia_independente_de_features,2024-09-02 17:00:00,2024-09-02 18:00:00,0,1,falso_positivo,275.0,105.0,1.201967649578455,1.14,105.0,32.653333333333336,43.97333333333333,12.65,5.7,112.0,41.8,27.3,0.0,1014.4,83,3.1,18.9,15.6
2024-Q3,persistencia_iqar_atual,referencia_independente_de_features,2024-09-03 17:00:00,2024-09-03 18:00:00,1,0,falso_negativo,489.0,99.0,1.665382710275841,2.34,99.0,30.673333333333336,41.64,5.516666666666667,11.7,131.0,66.8,45.5,0.0,1014.6,48,5.1,27.3,13.3
2024-Q3,persistencia_iqar_atual,referencia_independente_de_features,2024-09-03 18:00:00,2024-09-03 19:00:00,0,1,falso_positivo,503.0,103.5,1.744478683986494,3.2200000000000006,103.5,31.506666666666668,42.84,5.691666666666667,16.1,100.0,60.3,41.0,0.0,1015.2,68,4.4,24.0,10.7
2024-Q3,persistencia_iqar_atual,referencia_independente_de_features,2024-09-08 14:00:00,2024-09-08 15:00:00,1,0,falso_negativo,579.0,86.83333333333333,2.423830605427688,0.4599999999999999,86.83333333333333,31.71333333333334,43.75333333333333,11.866666666666667,2.3,203.0,82.9,57.3,0.0,1018.9,28,8.3,31.5,8.9
2024-Q3,persistencia_iqar_atual,referencia_independente_de_features,2024-09-08 20:00:00,2024-09-08 21:00:00,0,1,falso_positivo,640.0,119.5,2.3360001070127905,4.54,119.5,37.06666666666667,51.16,13.258333333333336,22.7,94.0,55.4,38.1,0.0,1019.0,60,6.4,23.2,10.7
2024-Q3,persistencia_iqar_atual,referencia_independente_de_features,2024-09-09 13:00:00,2024-09-09 14:00:00,1,0,falso_negativo,678.0,78.62,3.085713477460394,0.48,71.5,56.77333333333334,78.62,14.241666666666667,2.4,219.0,102.9,71.2,0.0,1017.6,30,13.1,31.0,4.8
2024-Q3,persistencia_iqar_atual,referencia_independente_de_features,2024-09-09 22:00:00,2024-09-09 23:00:00,0,1,falso_positivo,693.0,108.83333333333331,2.5776552904968724,4.4,108.83333333333331,59.45,82.34666666666666,15.6,22.0,95.0,53.4,37.0,0.0,1018.0,56,6.1,18.6,7.1
2024-Q3,persistencia_iqar_atual,referencia_independente_de_features,2024-09-10 13:00:00,2024-09-10 14:00:00,1,0,falso_negativo,417.0,90.0,2.303973516430563,0.44,90.0,53.07666666666667,73.4,13.608333333333334,2.2,175.0,49.6,34.3,0.0,1014.9,31,5.9,30.7,5.1
2024-Q3,persistencia_iqar_atual,referencia_independente_de_features,2024-09-10 20:00:00,2024-09-10 21:00:00,0,1,falso_positivo,443.0,107.16666666666666,1.6668384643932146,2.76,107.16666666666666,45.51,63.03333333333333,10.675,13.8,105.0,44.1,30.3,0.0,1014.2,59,3.5,22.8,4.8
2024-Q3,persistencia_iqar_atual,referencia_independente_de_features,2024-09-13 14:00:00,2024-09-13 15:00:00,1,0,falso_negativo,261.0,98.5,1.6090935510707134,0.32,98.5,20.766666666666666,28.480000000000004,9.716666666666669,1.6,165.0,24.6,16.6,0.0,1014.0,25,3.1,31.1,9.7
2024-Q3,persistencia_iqar_atual,referencia_independente_de_features,2024-09-13 19:00:00,2024-09-13 20:00:00,0,1,falso_positivo,371.0,100.5,1.200511895461081,1.7600000000000002,100.5,22.883333333333336,31.04,10.083333333333334,8.8,104.0,27.4,17.8,0.0,1013.0,33,2.3,24.3,10.2
2024-Q3,persistencia_iqar_atual,referencia_independente_de_features,2024-09-14 14:00:00,2024-09-14 15:00:00,1,0,falso_negativo,297.0,83.66666666666667,1.1282094409648398,0.54,83.66666666666667,15.586666666666668,20.88,6.758333333333334,2.7,185.0,34.9,23.8,0.0,1013.9,30,4.7,31.2,5.4
2024-Q3,persistencia_iqar_atual,referencia_independente_de_features,2024-09-14 22:00:00,2024-09-14 23:00:00,0,1,falso_positivo,408.0,108.83333333333331,1.4431375816900789,0.98,108.83333333333331,19.616666666666667,26.526666666666667,7.658333333333334,4.9,121.0,35.2,23.7,0.0,1019.9,69,2.7,19.5,6.9
2024-Q3,persistencia_iqar_atual,referencia_independente_de_features,2024-09-20 16:00:00,2024-09-20 17:00:00,1,0,falso_negativo,369.0,99.83333333333331,1.4936037244257103,0.92,99.83333333333331,15.596666666666668,21.02666666666667,8.200000000000001,4.6,159.0,27.1,18.2,0.0,1010.1,32,4.4,31.7,11.8
2024-Q3,persistencia_iqar_atual,referencia_independente_de_features,2024-09-20 21:00:00,2024-09-20 22:00:00,0,1,falso_positivo,282.0,102.83333333333331,1.3582185915099296,1.06,102.83333333333331,16.26,22.1,8.65,5.3,149.0,13.2,8.6,0.0,1017.1,88,2.4,19.5,17.9
2024-Q3,persistencia_iqar_atual,referencia_independente_de_features,2024-09-21 13:00:00,2024-09-21 14:00:00,1,0,falso_negativo,410.0,80.83333333333333,1.5644504248045776,0.54,80.83333333333333,21.296666666666667,29.086666666666662,11.35,2.7,192.0,36.7,25.6,0.0,1015.1,46,7.9,27.5,5.2
2024-Q3,persistencia_iqar_atual,referencia_independente_de_features,2024-09-21 20:00:00,2024-09-21 21:00:00,0,1,falso_positivo,453.0,114.16666666666666,1.6202543326372472,2.9800000000000004,114.16666666666666,24.133333333333336,33.42,12.166666666666666,14.9,104.0,37.8,26.3,0.0,1015.7,81,5.5,20.5,9.7
2024-Q3,persistencia_iqar_atual,referencia_independente_de_features,2024-09-22 15:00:00,2024-09-22 16:00:00,1,0,falso_negativo,381.0,88.33333333333333,1.5843457310753557,0.44,88.33333333333333,18.75,26.22,7.175,2.2,163.0,15.4,10.7,0.0,1011.2,37,2.2,30.3,8.0
2024-Q3,persistencia_iqar_atual,referencia_independente_de_features,2024-09-22 19:00:00,2024-09-22 20:00:00,0,1,falso_positivo,369.0,102.5,1.4722526640375586,1.4400000000000002,102.5,15.023333333333332,20.973333333333333,5.7,7.2,108.0,9.9,6.7,0.0,1013.5,74,1.6,21.4,10.3
2024-Q3,persistencia_iqar_atual,referencia_independente_de_features,2024-09-23 15:00:00,2024-09-23 16:00:00,1,0,falso_negativo,346.0,92.66666666666669,1.5042792546197865,0.36,92.66666666666669,10.02,13.913333333333334,4.441666666666667,1.8,160.0,11.4,7.8,0.0,1012.5,47,4.0,29.8,15.6
2024-Q3,persistencia_iqar_atual,referencia_independente_de_features,2024-09-23 19:00:00,2024-09-23 20:00:00,0,1,falso_positivo,333.0,106.5,1.3601595969997615,1.16,106.5,9.873333333333337,13.686666666666666,5.2250000000000005,5.8,125.0,10.8,7.3,0.0,1013.7,58,3.9,22.7,10.6
2024-Q3,persistencia_iqar_atual,referencia_independente_de_features,2024-09-24 13:00:00,2024-09-24 14:00:00,1,0,falso_negativo,345.0,86.5,1.6105493051880873,0.34,86.5,21.24,29.36666666666667,6.575,1.7,171.0,30.0,20.5,0.0,1014.0,34,2.4,31.6,6.3
2024-Q3,persistencia_iqar_atual,referencia_independente_de_features,2024-09-24 19:00:00,2024-09-24 20:00:00,0,1,falso_positivo,244.0,102.83333333333331,1.1636327911542734,1.08,102.83333333333331,23.843333333333337,32.846666666666664,5.166666666666667,5.4,103.0,18.0,12.1,0.0,1014.3,78,0.8,21.5,10.2
2024-Q3,persistencia_iqar_atual,referencia_independente_de_features,2024-09-25 13:00:00,2024-09-25 14:00:00,1,0,falso_negativo,368.0,90.0,1.5018529977574964,0.42,90.0,21.71333333333333,29.926666666666677,6.191666666666667,2.1,196.0,26.8,18.5,0.0,1012.2,33,5.6,32.2,2.6
2024-Q3,persistencia_iqar_atual,referencia_independente_de_features,2024-09-25 23:00:00,2024-09-26 00:00:00,0,1,falso_positivo,416.0,102.66666666666666,1.4101404883629352,2.94,102.66666666666666,23.49333333333333,32.46,8.633333333333335,14.7,91.0,28.2,19.3,0.0,1013.6,75,4.6,20.7,5.6
2024-Q3,persistencia_iqar_atual,referencia_independente_de_features,2024-09-26 12:00:00,2024-09-26 13:00:00,1,0,falso_negativo,385.0,72.66666666666666,1.7114815906593503,0.7000000000000001,72.66666666666666,24.48333333333333,33.68,11.216666666666669,3.5,221.0,41.4,28.5,0.0,1012.5,35,8.3,31.8,8.6
2024-Q3,persistencia_iqar_atual,referencia_independente_de_features,2024-09-26 21:00:00,2024-09-26 22:00:00,0,1,falso_positivo,343.0,114.83333333333331,1.3276477550450758,2.64,114.83333333333331,25.593333333333334,34.99333333333333,11.391666666666666,13.2,97.0,28.2,18.9,0.0,1010.7,45,3.3,25.6,10.0
2024-Q3,persistencia_iqar_atual,referencia_independente_de_features,2024-09-27 14:00:00,2024-09-27 15:00:00,1,0,falso_negativo,364.0,97.16666666666666,1.7265243832055484,1.12,97.16666666666666,29.62333333333333,40.45333333333333,8.108333333333333,5.6,151.0,41.3,28.2,0.0,1011.6,44,3.3,29.6,22.8
2024-Q3,persistencia_iqar_atual,referencia_independente_de_features,2024-09-27 17:00:00,2024-09-27 18:00:00,0,1,falso_positivo,295.0,101.83333333333331,1.5173810416761522,1.12,101.83333333333331,27.993333333333336,38.220000000000006,7.516666666666667,5.6,96.0,9.3,5.9,0.1,1015.1,81,1.6,18.6,22.7
2024-Q3,persistencia_iqar_atual,referencia_independente_de_features,2024-09-30 18:00:00,2024-09-30 19:00:00,1,0,falso_negativo,261.0,97.66666666666666,1.0825958119537882,0.86,97.66666666666666,12.34666666666667,15.840000000000002,6.341666666666668,4.3,144.0,22.1,13.7,0.0,1014.6,79,4.5,22.4,16.9
2024-Q3,persistencia_iqar_atual,referencia_independente_de_features,2024-09-30 19:00:00,2024-09-30 20:00:00,0,1,falso_positivo,256.0,100.33333333333331,1.0670677680351324,0.96,100.33333333333331,12.433333333333334,16.066666666666666,6.450000000000002,4.8,137.0,22.2,13.7,0.0,1014.6,77,4.5,21.1,13.3
2024-Q3,gaussian_naive_bayes,poluentes_brutos_meteorologia,2024-07-03 14:00:00,2024-07-03 15:00:00,0,1,falso_positivo,214.0,41.333333333333336,1.4674001503129783,0.32,41.333333333333336,12.96,17.94666666666667,12.35,1.6,138.0,16.8,11.6,0.0,1017.0,39,6.0,25.0,13.3
2024-Q3,gaussian_naive_bayes,poluentes_brutos_meteorologia,2024-07-03 15:00:00,2024-07-03 16:00:00,0,1,falso_positivo,224.0,59.0,1.31454596798871,0.66,59.0,13.243333333333334,18.34,12.533333333333331,3.3,137.0,16.8,11.6,0.0,1016.4,35,5.4,24.9,15.5
2024-Q3,gaussian_naive_bayes,poluentes_brutos_meteorologia,2024-07-03 16:00:00,2024-07-03 17:00:00,0,1,falso_positivo,247.0,69.0,1.1646032938991893,1.64,69.0,13.536666666666664,18.75333333333333,12.66666666666667,8.2,126.0,16.6,11.5,0.0,1016.1,37,5.2,24.1,12.3
2024-Q3,gaussian_naive_bayes,poluentes_brutos_meteorologia,2024-07-04 12:00:00,2024-07-04 13:00:00,0,1,falso_positivo,242.0,26.6,1.5372763479469298,0.94,26.6,17.070000000000004,23.74666666666667,12.358333333333334,4.7,131.0,27.4,19.0,0.0,1018.4,52,7.4,24.0,8.0
2024-Q3,gaussian_naive_bayes,poluentes_brutos_meteorologia,2024-07-04 13:00:00,2024-07-04 14:00:00,0,1,falso_positivo,216.0,32.85,1.4276095377714229,0.52,32.85,17.44666666666667,24.273333333333333,12.366666666666667,2.6,138.0,27.8,19.3,0.0,1017.2,43,6.8,24.9,5.9
2024-Q3,gaussian_naive_bayes,poluentes_brutos_meteorologia,2024-07-04 14:00:00,2024-07-04 15:00:00,0,1,falso_positivo,209.0,38.95,1.320368984458206,0.36,38.95,17.746666666666666,24.69333333333334,12.35,1.8,140.0,25.8,17.9,0.0,1016.5,38,5.8,25.1,11.1
2024-Q3,gaussian_naive_bayes,poluentes_brutos_meteorologia,2024-07-04 15:00:00,2024-07-04 16:00:00,0,1,falso_positivo,219.0,53.66666666666666,1.211187425655157,0.6400000000000001,53.66666666666666,18.00666666666667,25.06,12.316666666666668,3.2,137.0,24.6,17.1,0.0,1016.3,38,5.0,24.6,11.6
2024-Q3,gaussian_naive_bayes,poluentes_brutos_meteorologia,2024-07-04 16:00:00,2024-07-04 17:00:00,0,1,falso_positivo,248.0,65.5,1.10394687234194,1.6800000000000002,65.5,18.28666666666667,25.44666666666667,12.266666666666666,8.4,128.0,25.0,17.3,0.0,1016.3,47,4.6,23.6,5.4
2024-Q3,gaussian_naive_bayes,poluentes_brutos_meteorologia,2024-07-10 12:00:00,2024-07-10 13:00:00,0,1,falso_positivo,315.0,22.75,1.8308534282840168,1.02,22.75,14.803333333333336,20.73333333333333,17.491666666666667,5.1,129.0,27.1,18.9,0.0,1016.5,71,6.1,21.4,15.3
2024-Q3,gaussian_naive_bayes,poluentes_brutos_meteorologia,2024-07-10 13:00:00,2024-07-10 14:00:00,0,1,falso_positivo,274.0,29.05,1.6993503063479003,0.66,29.05,15.1,21.14666666666667,17.308333333333334,3.3,133.0,25.4,17.7,0.0,1015.5,62,5.8,22.0,18.8
2024-Q3,gaussian_naive_bayes,poluentes_brutos_meteorologia,2024-07-17 14:00:00,2024-07-17 15:00:00,0,1,falso_positivo,229.0,39.1,0.8817017437561779,0.48,39.1,12.443333333333335,16.94,10.016666666666667,2.4,165.0,23.3,16.1,0.0,1023.0,59,8.4,21.9,6.0
2024-Q3,gaussian_naive_bayes,poluentes_brutos_meteorologia,2024-07-17 15:00:00,2024-07-17 16:00:00,0,1,falso_positivo,244.0,60.33333333333333,0.8894657657155058,0.7400000000000001,60.33333333333333,13.043333333333337,17.779999999999998,10.6,3.7,172.0,27.0,18.6,0.0,1022.6,58,9.1,22.0,8.4
2024-Q3,gaussian_naive_bayes,poluentes_brutos_meteorologia,2024-07-17 16:00:00,2024-07-17 17:00:00,0,1,falso_positivo,263.0,80.16666666666667,0.9025675527718716,1.4400000000000002,80.16666666666667,13.73,18.76,11.191666666666668,7.2,163.0,29.7,20.6,0.0,1022.4,58,9.3,21.6,9.0
2024-Q3,gaussian_naive_bayes,poluentes_brutos_meteorologia,2024-07-17 17:00:00,2024-07-17 18:00:00,0,1,falso_positivo,288.0,93.0,0.9268301213947716,2.44,93.0,14.463333333333331,19.793333333333333,11.758333333333333,12.2,145.0,31.0,21.4,0.0,1022.3,66,9.2,20.1,5.6
2024-Q3,gaussian_naive_bayes,poluentes_brutos_meteorologia,2024-07-18 11:00:00,2024-07-18 12:00:00,0,1,falso_positivo,454.0,49.71333333333334,3.3443524589805054,1.92,32.550000000000004,35.64000000000001,49.71333333333334,19.84166666666667,9.6,170.0,52.0,36.0,0.0,1024.9,69,13.9,19.8,1.1
2024-Q3,gaussian_naive_bayes,poluentes_brutos_meteorologia,2024-07-18 12:00:00,2024-07-18 13:00:00,0,1,falso_positivo,304.0,50.84,3.0119552688467786,0.76,44.16666666666666,36.473333333333336,50.84,20.26666666666667,3.8,176.0,43.3,29.5,0.0,1023.9,61,12.0,21.6,3.3
2024-Q3,gaussian_naive_bayes,poluentes_brutos_meteorologia,2024-07-18 13:00:00,2024-07-18 14:00:00,0,1,falso_positivo,246.0,72.66666666666666,2.647531488130824,0.4,72.66666666666666,37.06333333333334,51.61333333333333,20.466666666666665,2.0,171.0,37.7,25.4,0.0,1022.6,53,9.8,22.8,6.9
2024-Q3,gaussian_naive_bayes,poluentes_brutos_meteorologia,2024-07-18 16:00:00,2024-07-18 17:00:00,1,0,falso_negativo,212.0,115.0,1.5110727738341982,0.94,115.0,37.24333333333333,51.69333333333333,19.616666666666667,4.7,124.0,24.2,15.9,0.0,1022.3,80,4.0,19.7,16.1
2024-Q3,gaussian_naive_bayes,poluentes_brutos_meteorologia,2024-07-22 11:00:00,2024-07-22 12:00:00,0,1,falso_positivo,384.0,25.35,1.719245612618678,2.3800000000000003,25.35,16.486666666666668,22.38,11.5,11.9,168.0,43.7,30.5,0.0,1025.3,62,19.2,19.5,0.7
2024-Q3,gaussian_naive_bayes,poluentes_brutos_meteorologia,2024-07-22 12:00:00,2024-07-22 13:00:00,0,1,falso_positivo,345.0,35.300000000000004,1.6954682953682365,1.52,35.300000000000004,17.723333333333336,24.14,12.966666666666669,7.6,201.0,49.2,34.3,0.0,1024.3,53,21.0,22.2,2.9
2024-Q3,gaussian_naive_bayes,poluentes_brutos_meteorologia,2024-07-22 20:00:00,2024-07-22 21:00:00,1,0,falso_negativo,553.0,250.25,1.6716909781177949,4.5,250.25,29.96333333333333,41.540000000000006,21.65,22.5,150.0,59.1,41.2,0.0,1024.1,83,11.8,14.6,6.8
2024-Q3,gaussian_naive_bayes,poluentes_brutos_meteorologia,2024-07-22 21:00:00,2024-07-22 22:00:00,1,0,falso_negativo,647.0,224.75,1.8148401329929036,5.0600000000000005,224.75,31.55,43.813333333333325,22.091666666666665,25.3,130.0,63.1,44.2,0.0,1024.3,86,8.1,12.7,8.1
2024-Q3,gaussian_naive_bayes,poluentes_brutos_meteorologia,2024-07-22 22:00:00,2024-07-22 23:00:00,1,0,falso_negativo,669.0,190.75,1.9545925282608063,5.2,190.75,33.36,46.37333333333333,22.524999999999995,26.0,124.0,69.4,48.4,0.0,1024.8,79,8.2,14.9,3.2
2024-Q3,gaussian_naive_bayes,poluentes_brutos_meteorologia,2024-07-22 23:00:00,2024-07-23 00:00:00,1,0,falso_negativo,698.0,151.5,2.095800677646083,5.38,151.5,35.230000000000004,49.013333333333335,22.941666666666663,26.9,116.0,71.2,49.8,0.0,1025.0,82,8.2,14.2,1.8
2024-Q3,gaussian_naive_bayes,poluentes_brutos_meteorologia,2024-07-25 12:00:00,2024-07-25 13:00:00,0,1,falso_positivo,243.0,32.75,1.7265243832055484,0.8800000000000001,32.75,19.403333333333336,26.626666666666665,17.458333333333332,4.4,154.0,23.6,16.4,0.0,1023.2,55,11.1,22.1,1.4
2024-Q3,gaussian_naive_bayes,poluentes_brutos_meteorologia,2024-07-25 13:00:00,2024-07-25 14:00:00,0,1,falso_positivo,221.0,42.16666666666666,1.5989032722490957,0.5599999999999999,42.16666666666666,19.90666666666667,27.34,17.783333333333335,2.8,172.0,25.1,17.5,0.0,1021.7,44,10.6,23.8,5.4
2024-Q3,gaussian_naive_bayes,poluentes_brutos_meteorologia,2024-07-25 14:00:00,2024-07-25 15:00:00,0,1,falso_positivo,233.0,70.66666666666666,1.4717674126651006,0.54,70.66666666666666,20.426666666666662,28.08666666666667,18.09166666666667,2.7,189.0,26.4,18.4,0.0,1020.3,34,10.2,24.6,11.5
2024-Q3,gaussian_naive_bayes,poluentes_brutos_meteorologia,2024-07-25 19:00:00,2024-07-25 20:00:00,1,0,falso_negativo,466.0,156.0,1.204393906440745,4.420000000000001,156.0,24.143333333333334,33.42666666666667,18.625,22.1,155.0,47.1,32.6,0.0,1020.1,73,9.1,16.5,6.2
2024-Q3,gaussian_naive_bayes,poluentes_brutos_meteorologia,2024-07-25 20:00:00,2024-07-25 21:00:00,1,0,falso_negativo,524.0,150.5,1.3407495421014417,5.5600000000000005,150.5,25.026666666666667,34.693333333333335,18.666666666666668,27.8,132.0,49.4,34.1,0.0,1020.3,89,9.8,14.8,8.6
2024-Q3,gaussian_naive_bayes,poluentes_brutos_meteorologia,2024-07-25 21:00:00,2024-07-25 22:00:00,1,0,falso_negativo,646.0,135.75,1.54698137539609,7.66,135.75,26.32,36.51333333333334,18.883333333333333,38.3,113.0,58.1,40.4,0.0,1020.4,83,12.7,15.5,7.5
2024-Q3,gaussian_naive_bayes,poluentes_brutos_meteorologia,2024-07-26 11:00:00,2024-07-26 12:00:00,0,1,falso_positivo,396.0,53.04666666666667,2.944020076702659,1.7600000000000002,32.75,38.11333333333333,53.04666666666667,23.008333333333336,8.8,149.0,30.3,21.2,0.0,1022.3,54,10.7,21.6,6.0
2024-Q3,gaussian_naive_bayes,poluentes_brutos_meteorologia,2024-07-26 12:00:00,2024-07-26 13:00:00,0,1,falso_positivo,251.0,53.21333333333333,2.656751264207526,0.54,39.1,38.23,53.21333333333333,22.933333333333337,2.7,159.0,27.1,18.9,0.0,1021.1,46,10.2,23.3,4.0
2024-Q3,gaussian_naive_bayes,poluentes_brutos_meteorologia,2024-07-26 13:00:00,2024-07-26 14:00:00,0,1,falso_positivo,211.0,61.33333333333333,2.341337872109829,0.16,61.33333333333333,38.306666666666665,53.32666666666667,22.883333333333336,0.8,169.0,27.4,19.2,0.0,1020.0,37,10.0,24.3,2.4
2024-Q3,gaussian_naive_bayes,poluentes_brutos_meteorologia,2024-07-28 14:00:00,2024-07-28 15:00:00,0,1,falso_positivo,173.0,36.15,0.976325761385487,0.44,36.15,15.506666666666668,21.4,10.55,2.2,157.0,16.0,11.1,0.0,1018.2,32,5.2,27.3,13.2
2024-Q3,gaussian_naive_bayes,poluentes_brutos_meteorologia,2024-07-28 15:00:00,2024-07-28 16:00:00,0,1,falso_positivo,217.0,50.33333333333333,0.9248891159049396,0.78,50.33333333333333,15.976666666666668,22.046666666666667,10.716666666666669,3.9,173.0,25.4,17.5,0.0,1017.8,31,6.0,27.5,15.2
2024-Q3,gaussian_naive_bayes,poluentes_brutos_meteorologia,2024-07-28 16:00:00,2024-07-28 17:00:00,0,1,falso_positivo,280.0,72.0,0.8918920225777959,1.4400000000000002,72.0,16.73,23.066666666666663,10.95,7.2,179.0,35.3,24.1,0.0,1018.1,33,6.8,26.8,14.5
2024-Q3,gaussian_naive_bayes,poluentes_brutos_meteorologia,2024-07-28 20:00:00,2024-07-28 21:00:00,1,0,falso_negativo,518.0,125.75,1.2582568087835824,4.720000000000001,125.75,21.15,29.05333333333333,12.358333333333334,23.6,146.0,56.1,38.2,0.0,1019.7,81,9.8,18.0,7.8
2024-Q3,gaussian_naive_bayes,poluentes_brutos_meteorologia,2024-07-28 21:00:00,2024-07-28 22:00:00,1,0,falso_negativo,691.0,126.5,1.523689309518106,5.74,126.5,22.383333333333336,30.753333333333337,12.866666666666667,28.7,138.0,60.5,41.6,0.0,1019.8,79,11.3,17.4,7.1
2024-Q3,gaussian_naive_bayes,poluentes_brutos_meteorologia,2024-07-28 22:00:00,2024-07-28 23:00:00,1,0,falso_negativo,708.0,118.16666666666666,1.7832987937831335,5.98,118.16666666666666,23.75333333333333,32.63333333333333,13.366666666666667,29.9,120.0,64.7,44.4,0.0,1020.3,76,11.4,17.8,7.4
2024-Q3,gaussian_naive_bayes,poluentes_brutos_meteorologia,2024-07-29 09:00:00,2024-07-29 10:00:00,0,1,falso_positivo,627.0,54.88000000000001,2.719833942627065,2.3000000000000003,31.700000000000003,39.79333333333334,54.88000000000001,20.008333333333336,11.5,174.0,82.4,57.0,0.0,1021.8,73,23.0,19.3,4.3
2024-Q3,gaussian_naive_bayes,poluentes_brutos_meteorologia,2024-07-29 10:00:00,2024-07-29 11:00:00,0,1,falso_positivo,550.0,56.86666666666666,2.622783668135466,1.82,38.55,41.23,56.86666666666666,21.241666666666667,9.1,183.0,68.9,47.6,0.0,1022.3,61,21.0,20.9,3.4
2024-Q3,gaussian_naive_bayes,poluentes_brutos_meteorologia,2024-07-29 11:00:00,2024-07-29 12:00:00,0,1,falso_positivo,442.0,61.16666666666666,2.475752502280693,1.14,61.16666666666666,42.50666666666667,58.63333333333334,22.34166666666667,5.7,196.0,57.0,39.5,0.0,1021.7,54,18.2,22.7,1.4
2024-Q3,gaussian_naive_bayes,poluentes_brutos_meteorologia,2024-07-29 16:00:00,2024-07-29 17:00:00,1,0,falso_negativo,254.0,151.25,1.4809871887418025,0.7200000000000001,151.25,45.09666666666666,62.21333333333334,24.316666666666663,3.6,139.0,27.2,18.6,0.1,1020.1,80,6.1,18.8,22.4
2024-Q3,gaussian_naive_bayes,poluentes_brutos_meteorologia,2024-07-29 17:00:00,2024-07-29 18:00:00,1,0,falso_negativo,269.0,139.25,1.30726719740184,1.14,139.25,44.690000000000005,61.67333333333333,24.166666666666668,5.7,126.0,28.3,19.4,0.0,1021.1,87,5.8,16.6,20.3
2024-Q3,gaussian_naive_bayes,poluentes_brutos_meteorologia,2024-07-29 18:00:00,2024-07-29 19:00:00,1,0,falso_negativo,279.0,122.5,1.1757640754657233,1.4,122.5,44.14666666666667,60.96000000000001,23.90833333333333,7.0,116.0,30.0,20.7,0.0,1021.8,88,5.3,16.3,17.9
2024-Q3,gaussian_naive_bayes,poluentes_brutos_meteorologia,2024-08-05 16:00:00,2024-08-05 17:00:00,0,1,falso_positivo,190.0,39.85,0.6288857787055623,0.98,39.85,9.496666666666668,12.753333333333336,6.933333333333335,4.9,138.0,18.3,12.3,0.0,1018.7,33,2.8,27.1,9.9
2024-Q3,gaussian_naive_bayes,poluentes_brutos_meteorologia,2024-08-05 17:00:00,2024-08-05 18:00:00,0,1,falso_positivo,241.0,53.66666666666666,0.6235480136085243,1.62,53.66666666666666,9.93,13.36,7.016666666666667,8.1,150.0,23.3,15.5,0.0,1019.1,40,3.2,25.4,11.1
2024-Q3,gaussian_naive_bayes,poluentes_brutos_meteorologia,2024-08-05 18:00:00,2024-08-05 19:00:00,0,1,falso_positivo,284.0,67.83333333333333,0.659941866542874,2.1,67.83333333333333,10.443333333333335,14.073333333333332,7.100000000000001,10.5,157.0,27.2,18.1,0.0,1019.4,46,3.6,22.4,8.3
2024-Q3,gaussian_naive_bayes,poluentes_brutos_meteorologia,2024-08-05 19:00:00,2024-08-05 20:00:00,0,1,falso_positivo,311.0,80.33333333333333,0.7375820861361533,2.2,80.33333333333333,11.026666666666667,14.873333333333337,7.183333333333334,11.0,158.0,30.5,20.3,0.0,1019.9,64,3.9,20.4,10.6
2024-Q3,gaussian_naive_bayes,poluentes_brutos_meteorologia,2024-08-08 14:00:00,2024-08-08 15:00:00,0,1,falso_positivo,148.0,27.700000000000003,0.7254508018247035,0.4,27.700000000000003,8.68,11.980000000000002,7.116666666666668,2.0,119.0,17.6,11.8,0.0,1012.2,30,2.5,28.6,14.6
2024-Q3,gaussian_naive_bayes,poluentes_brutos_meteorologia,2024-08-08 15:00:00,2024-08-08 16:00:00,0,1,falso_positivo,171.0,32.6,0.6987619763395135,0.6400000000000001,32.6,9.160000000000002,12.593333333333334,7.2,3.2,128.0,20.4,13.2,0.0,1011.8,30,2.8,28.5,16.3
2024-Q3,gaussian_naive_bayes,poluentes_brutos_meteorologia,2024-08-08 16:00:00,2024-08-08 17:00:00,0,1,falso_positivo,194.0,37.0,0.6740141563441558,1.1,37.0,9.683333333333334,13.240000000000002,7.274999999999999,5.5,127.0,21.7,13.6,0.0,1011.6,34,2.9,27.8,8.4
2024-Q3,gaussian_naive_bayes,poluentes_brutos_meteorologia,2024-08-08 17:00:00,2024-08-08 18:00:00,0,1,falso_positivo,220.0,42.0,0.658971363797958,1.7000000000000002,42.0,10.196666666666664,13.846666666666668,7.325,8.5,119.0,22.1,13.6,0.0,1011.8,37,2.9,26.7,11.9
2024-Q3,gaussian_naive_bayes,poluentes_brutos_meteorologia,2024-08-08 18:00:00,2024-08-08 19:00:00,0,1,falso_positivo,242.0,51.0,0.6735289049716979,2.1,51.0,10.690000000000005,14.413333333333334,7.333333333333335,10.5,111.0,23.5,14.4,0.0,1012.1,43,2.9,24.1,6.6
2024-Q3,gaussian_naive_bayes,poluentes_brutos_meteorologia,2024-08-10 00:00:00,2024-08-10 01:00:00,0,1,falso_positivo,225.0,45.11333333333333,1.0384379370601104,1.3,21.05,33.083333333333336,45.11333333333333,15.525,6.5,51.0,15.1,10.2,5.2,1018.2,94,2.7,14.6,15.5
2024-Q3,gaussian_naive_bayes,poluentes_brutos_meteorologia,2024-08-11 13:00:00,2024-08-11 14:00:00,0,1,falso_positivo,258.0,41.306666666666665,1.512528527951572,0.54,29.05,30.196666666666665,41.306666666666665,11.983333333333334,2.7,138.0,31.1,21.7,0.0,1019.2,54,8.5,16.7,7.4
2024-Q3,gaussian_naive_bayes,poluentes_brutos_meteorologia,2024-08-11 14:00:00,2024-08-11 15:00:00,0,1,falso_positivo,268.0,42.02,1.3892746793472412,0.48,35.9,30.63666666666667,42.02,12.450000000000005,2.4,150.0,33.6,23.5,0.0,1017.8,49,8.5,17.6,4.4
2024-Q3,gaussian_naive_bayes,poluentes_brutos_meteorologia,2024-08-11 15:00:00,2024-08-11 16:00:00,0,1,falso_positivo,288.0,47.833333333333336,1.2766963609369864,0.82,47.833333333333336,31.11666666666667,42.78666666666666,12.925,4.1,152.0,36.3,25.4,0.0,1017.0,50,8.4,18.3,1.0
2024-Q3,gaussian_naive_bayes,poluentes_brutos_meteorologia,2024-08-11 16:00:00,2024-08-11 17:00:00,0,1,falso_positivo,319.0,64.66666666666666,1.1830428460525932,1.8,64.66666666666666,31.62333333333333,43.58,13.366666666666667,9.0,139.0,37.1,26.0,0.0,1016.6,50,8.1,18.5,4.5
2024-Q3,gaussian_naive_bayes,poluentes_brutos_meteorologia,2024-08-15 13:00:00,2024-08-15 14:00:00,0,1,falso_positivo,233.0,35.85,1.0350411774529045,0.26,35.85,13.523333333333335,17.20666666666667,11.508333333333336,1.3,153.0,21.1,13.9,0.0,1020.5,53,8.4,23.3,5.8
2024-Q3,gaussian_naive_bayes,poluentes_brutos_meteorologia,2024-08-15 14:00:00,2024-08-15 15:00:00,0,1,falso_positivo,229.0,47.333333333333336,1.0263066527486606,0.2,47.333333333333336,13.883333333333336,17.720000000000002,11.858333333333334,1.0,158.0,21.5,14.0,0.0,1019.6,50,7.5,24.4,2.9
2024-Q3,gaussian_naive_bayes,poluentes_brutos_meteorologia,2024-08-15 15:00:00,2024-08-15 16:00:00,0,1,falso_positivo,232.0,66.16666666666666,1.0102933574575468,0.4599999999999999,66.16666666666666,14.203333333333331,18.18,12.15,2.3,156.0,21.2,13.6,0.0,1018.7,46,6.8,25.2,1.1
2024-Q3,gaussian_naive_bayes,poluentes_brutos_meteorologia,2024-08-15 16:00:00,2024-08-15 17:00:00,0,1,falso_positivo,244.0,80.5,0.9865160402071048,1.16,80.5,14.483333333333334,18.58666666666667,12.391666666666667,5.8,145.0,20.9,13.1,0.0,1018.3,43,6.5,25.4,1.3
2024-Q3,gaussian_naive_bayes,poluentes_brutos_meteorologia,2024-08-16 11:00:00,2024-08-16 12:00:00,0,1,falso_positivo,361.0,35.65333333333333,2.197218214489804,1.56,29.4,26.340000000000003,35.65333333333333,14.133333333333336,7.8,149.0,34.7,24.0,0.0,1022.0,65,10.4,22.1,4.0
2024-Q3,gaussian_naive_bayes,poluentes_brutos_meteorologia,2024-08-16 12:00:00,2024-08-16 13:00:00,0,1,falso_positivo,275.0,36.75,2.0390262670684973,0.82,36.75,26.723333333333336,36.22666666666667,14.216666666666669,4.1,164.0,32.1,22.3,0.0,1020.8,55,10.1,24.4,2.2
2024-Q3,gaussian_naive_bayes,poluentes_brutos_meteorologia,2024-08-16 13:00:00,2024-08-16 14:00:00,0,1,falso_positivo,260.0,58.16666666666666,1.8623947674937869,0.52,58.16666666666666,27.130000000000003,36.84666666666666,14.366666666666667,2.6,184.0,33.3,23.2,0.0,1019.5,51,10.2,26.0,0.4
2024-Q3,gaussian_naive_bayes,poluentes_brutos_meteorologia,2024-08-16 19:00:00,2024-08-16 20:00:00,1,0,falso_negativo,449.0,165.25,1.3261920009277015,4.34,165.25,30.846666666666664,42.52666666666666,16.141666666666666,21.7,143.0,44.6,31.0,0.0,1018.4,76,9.0,19.6,9.5
2024-Q3,gaussian_naive_bayes,poluentes_brutos_meteorologia,2024-08-16 20:00:00,2024-08-16 21:00:00,1,0,falso_negativo,470.0,154.5,1.4208160185570111,4.84,154.5,31.32,43.23333333333333,16.466666666666665,24.2,121.0,43.8,30.3,0.0,1018.8,77,8.4,18.7,8.2
2024-Q3,gaussian_naive_bayes,poluentes_brutos_meteorologia,2024-08-16 21:00:00,2024-08-16 22:00:00,1,0,falso_negativo,520.0,131.5,1.54698137539609,5.78,131.5,31.683333333333334,43.78,16.716666666666665,28.9,92.0,44.0,30.3,0.0,1019.3,80,8.0,16.7,10.4
2024-Q3,gaussian_naive_bayes,poluentes_brutos_meteorologia,2024-08-17 12:00:00,2024-08-17 13:00:00,0,1,falso_positivo,278.0,46.72666666666667,2.2928127348640293,0.52,37.15,33.65,46.72666666666667,17.941666666666666,2.6,140.0,18.2,12.4,0.0,1019.7,43,4.9,26.9,5.9
2024-Q3,gaussian_naive_bayes,poluentes_brutos_meteorologia,2024-08-17 13:00:00,2024-08-17 14:00:00,0,1,falso_positivo,251.0,50.66666666666666,2.089007158431671,0.16,50.66666666666666,33.29333333333334,46.21333333333334,17.416666666666668,0.8,141.0,22.6,15.5,0.0,1018.3,35,3.9,28.2,5.1
2024-Q3,gaussian_naive_bayes,poluentes_brutos_meteorologia,2024-08-17 14:00:00,2024-08-17 15:00:00,0,1,falso_positivo,272.0,69.83333333333333,1.8885983416065188,0.08,69.83333333333333,32.95333333333334,45.72666666666667,16.8,0.4,141.0,25.2,17.3,0.0,1017.5,28,3.1,28.9,1.8
2024-Q3,gaussian_naive_bayes,poluentes_brutos_meteorologia,2024-08-17 15:00:00,2024-08-17 16:00:00,0,1,falso_positivo,301.0,83.33333333333333,1.6877042734089087,0.4,83.33333333333333,32.53666666666666,45.14,16.133333333333336,2.0,138.0,25.7,17.8,0.0,1016.7,26,2.6,29.0,1.5
2024-Q3,gaussian_naive_bayes,poluentes_brutos_meteorologia,2024-08-17 16:00:00,2024-08-17 17:00:00,0,1,falso_positivo,331.0,88.0,1.4872954565837564,1.36,88.0,32.03,44.42666666666666,15.491666666666667,6.8,130.0,25.9,17.9,0.0,1016.9,28,2.7,28.4,3.3
2024-Q3,gaussian_naive_bayes,poluentes_brutos_meteorologia,2024-08-17 17:00:00,2024-08-17 18:00:00,0,1,falso_positivo,371.0,86.33333333333333,1.3383232852391516,2.72,86.33333333333333,31.563333333333333,43.78666666666668,14.916666666666666,13.6,119.0,28.3,19.7,0.0,1017.1,51,3.1,25.0,5.1
2024-Q3,gaussian_naive_bayes,poluentes_brutos_meteorologia,2024-08-18 13:00:00,2024-08-18 14:00:00,0,1,falso_positivo,237.0,35.550000000000004,1.955077779633264,0.04,35.550000000000004,23.653333333333336,32.86666666666667,8.983333333333334,0.2,120.0,24.3,16.8,0.0,1018.7,35,2.9,27.5,6.9
2024-Q3,gaussian_naive_bayes,poluentes_brutos_meteorologia,2024-08-18 14:00:00,2024-08-18 15:00:00,0,1,falso_positivo,251.0,44.0,1.7769905259411798,0.1,44.0,23.61,32.81333333333333,9.000000000000002,0.5,128.0,23.9,16.5,0.0,1017.8,30,3.3,28.2,7.5
2024-Q3,gaussian_naive_bayes,poluentes_brutos_meteorologia,2024-08-18 15:00:00,2024-08-18 16:00:00,0,1,falso_positivo,277.0,58.33333333333333,1.5887129934274775,0.42,58.33333333333333,23.573333333333338,32.76,9.091666666666669,2.1,132.0,24.6,17.0,0.0,1017.1,28,3.7,28.2,7.1
2024-Q3,gaussian_naive_bayes,poluentes_brutos_meteorologia,2024-08-18 16:00:00,2024-08-18 17:00:00,0,1,falso_positivo,311.0,64.83333333333333,1.3921861875819892,1.2000000000000002,64.83333333333333,23.61,32.806666666666665,9.208333333333334,6.0,129.0,27.0,18.6,0.0,1016.7,30,4.1,27.8,6.0
2024-Q3,gaussian_naive_bayes,poluentes_brutos_meteorologia,2024-08-18 17:00:00,2024-08-18 18:00:00,0,1,falso_positivo,358.0,67.0,1.2592273115284984,2.24,67.0,23.673333333333336,32.873333333333335,9.325,11.2,121.0,30.2,20.7,0.0,1016.9,49,4.5,26.5,3.3
2024-Q3,gaussian_naive_bayes,poluentes_brutos_meteorologia,2024-08-19 12:00:00,2024-08-19 13:00:00,0,1,falso_positivo,250.0,29.82,1.5896834961723934,0.54,28.15,21.556666666666665,29.82,10.616666666666667,2.7,130.0,23.4,16.2,0.0,1019.2,44,5.4,26.4,2.4
2024-Q3,gaussian_naive_bayes,poluentes_brutos_meteorologia,2024-08-19 13:00:00,2024-08-19 14:00:00,0,1,falso_positivo,238.0,34.5,1.4960299812880002,0.34,34.5,21.53,29.78,10.825,1.7,150.0,23.5,16.2,0.0,1017.7,43,5.4,27.4,0.0
2024-Q3,gaussian_naive_bayes,poluentes_brutos_meteorologia,2024-08-19 14:00:00,2024-08-19 15:00:00,0,1,falso_positivo,256.0,46.0,1.412566745225225,0.4,46.0,21.576666666666668,29.846666666666664,11.025,2.0,171.0,25.3,17.5,0.0,1016.3,40,5.7,28.0,1.3
2024-Q3,gaussian_naive_bayes,poluentes_brutos_meteorologia,2024-08-19 15:00:00,2024-08-19 16:00:00,0,1,falso_positivo,289.0,70.0,1.332015017397198,0.7400000000000001,70.0,21.766666666666666,30.113333333333333,11.216666666666669,3.7,183.0,30.3,21.0,0.0,1015.6,36,6.0,28.3,2.7
2024-Q3,gaussian_naive_bayes,poluentes_brutos_meteorologia,2024-08-19 19:00:00,2024-08-19 20:00:00,1,0,falso_negativo,527.0,127.0,1.3407495421014417,4.58,127.0,23.25,32.18,12.1,22.9,152.0,47.1,32.5,0.0,1016.5,80,8.6,19.7,6.6
2024-Q3,gaussian_naive_bayes,poluentes_brutos_meteorologia,2024-08-19 20:00:00,2024-08-19 21:00:00,1,0,falso_negativo,590.0,128.75,1.5057350087371604,5.6000000000000005,128.75,23.923333333333336,33.10666666666667,12.441666666666668,28.0,137.0,52.2,36.0,0.0,1017.2,84,9.9,18.4,5.5
2024-Q3,gaussian_naive_bayes,poluentes_brutos_meteorologia,2024-08-19 21:00:00,2024-08-19 22:00:00,1,0,falso_negativo,743.0,116.83333333333331,1.750786951828448,9.06,116.83333333333331,24.81,34.34,12.916666666666666,45.3,96.0,59.3,41.0,0.0,1017.5,85,11.6,17.7,4.7
2024-Q3,gaussian_naive_bayes,poluentes_brutos_meteorologia,2024-08-20 09:00:00,2024-08-20 10:00:00,0,1,falso_positivo,687.0,51.66,3.489927870717904,3.7,23.55,37.24,51.66,20.791666666666668,18.5,186.0,61.9,42.6,0.0,1021.0,57,15.2,20.9,1.3
2024-Q3,gaussian_naive_bayes,poluentes_brutos_meteorologia,2024-08-20 10:00:00,2024-08-20 11:00:00,0,1,falso_positivo,604.0,53.06,3.325427655454644,2.8600000000000003,32.0,38.24666666666666,53.06,21.433333333333334,14.3,200.0,61.9,42.8,0.0,1021.8,55,14.1,22.6,4.7
2024-Q3,gaussian_naive_bayes,poluentes_brutos_meteorologia,2024-08-20 11:00:00,2024-08-20 12:00:00,0,1,falso_positivo,489.0,54.41333333333333,3.102212024123965,1.72,45.333333333333336,39.21666666666667,54.41333333333333,21.991666666666664,8.6,218.0,55.1,38.2,0.0,1021.2,47,12.5,25.1,3.9
2024-Q3,gaussian_naive_bayes,poluentes_brutos_meteorologia,2024-08-20 18:00:00,2024-08-20 19:00:00,1,0,falso_negativo,389.0,170.0,1.4950594785430844,1.6800000000000002,170.0,40.33999999999999,55.85333333333333,21.725000000000005,8.4,122.0,33.3,22.5,0.0,1019.4,78,2.4,18.7,20.7
2024-Q3,gaussian_naive_bayes,poluentes_brutos_meteorologia,2024-08-20 19:00:00,2024-08-20 20:00:00,1,0,falso_negativo,392.0,142.0,1.4479900954146587,1.84,142.0,39.830000000000005,55.13333333333334,21.2,9.2,106.0,31.8,21.7,0.0,1020.0,84,2.3,17.2,17.9
2024-Q3,gaussian_naive_bayes,poluentes_brutos_meteorologia,2024-08-21 13:00:00,2024-08-21 14:00:00,0,1,falso_positivo,280.0,42.333333333333336,1.2475812785895066,0.24,42.333333333333336,22.78,31.1,5.525000000000001,1.2,134.0,26.7,18.0,0.0,1019.8,46,1.7,25.1,12.0
2024-Q3,gaussian_naive_bayes,poluentes_brutos_meteorologia,2024-08-21 14:00:00,2024-08-21 15:00:00,0,1,falso_positivo,266.0,53.83333333333333,1.204879157813203,0.18,53.83333333333333,22.433333333333337,30.593333333333334,5.083333333333334,0.9,132.0,25.1,16.9,0.0,1018.4,36,1.4,26.6,11.8
2024-Q3,gaussian_naive_bayes,poluentes_brutos_meteorologia,2024-08-21 15:00:00,2024-08-21 16:00:00,0,1,falso_positivo,258.0,62.83333333333333,1.1607212829195257,0.26,62.83333333333333,22.10333333333333,30.12,4.775000000000001,1.3,126.0,23.9,16.0,0.0,1017.0,28,1.2,27.5,11.7
2024-Q3,gaussian_naive_bayes,poluentes_brutos_meteorologia,2024-08-21 16:00:00,2024-08-21 17:00:00,0,1,falso_positivo,261.0,68.0,1.1194749162605957,0.58,68.0,21.79,29.673333333333336,4.558333333333335,2.9,116.0,23.4,15.5,0.0,1016.5,28,1.1,27.5,8.8
2024-Q3,gaussian_naive_bayes,poluentes_brutos_meteorologia,2024-08-22 11:00:00,2024-08-22 12:00:00,0,1,falso_positivo,327.0,26.35,1.5726996981363637,0.8800000000000001,26.35,16.816666666666666,22.96,6.958333333333335,4.4,132.0,21.2,14.7,0.0,1018.4,47,4.8,24.7,9.7
2024-Q3,gaussian_naive_bayes,poluentes_brutos_meteorologia,2024-08-22 12:00:00,2024-08-22 13:00:00,0,1,falso_positivo,286.0,32.25,1.5105875224617402,0.44,32.25,16.55666666666667,22.64,7.191666666666667,2.2,155.0,20.5,14.3,0.0,1017.2,42,4.7,26.8,8.7
2024-Q3,gaussian_naive_bayes,poluentes_brutos_meteorologia,2024-08-22 13:00:00,2024-08-22 14:00:00,0,1,falso_positivo,266.0,38.7,1.439740822082873,0.24,38.7,16.346666666666668,22.38666666666667,7.416666666666668,1.2,164.0,20.4,14.2,0.0,1015.6,38,4.4,28.5,9.0
2024-Q3,gaussian_naive_bayes,poluentes_brutos_meteorologia,2024-08-22 14:00:00,2024-08-22 15:00:00,0,1,falso_positivo,258.0,57.16666666666666,1.3640416079794253,0.22,57.16666666666666,16.193333333333335,22.21333333333333,7.641666666666668,1.1,166.0,20.5,14.3,0.0,1014.5,32,4.1,29.5,10.2
2024-Q3,gaussian_naive_bayes,poluentes_brutos_meteorologia,2024-08-22 15:00:00,2024-08-22 16:00:00,0,1,falso_positivo,264.0,76.66666666666666,1.283975131523856,0.44,76.66666666666666,16.096666666666668,22.126666666666665,7.866666666666668,2.2,163.0,21.0,14.7,0.0,1013.9,27,3.9,30.0,10.2
2024-Q3,gaussian_naive_bayes,poluentes_brutos_meteorologia,2024-08-23 13:00:00,2024-08-23 14:00:00,0,1,falso_positivo,170.0,31.25,0.9957358162838068,0.2,31.25,14.493333333333332,20.14666666666667,7.841666666666668,1.0,121.0,13.4,9.4,0.0,1011.5,29,1.6,29.9,12.0
2024-Q3,gaussian_naive_bayes,poluentes_brutos_meteorologia,2024-08-23 14:00:00,2024-08-23 15:00:00,0,1,falso_positivo,176.0,36.05,0.9307121323744356,0.22,36.05,14.299999999999995,19.88,7.650000000000001,1.1,129.0,14.7,10.3,0.0,1010.4,24,1.8,30.6,19.1
2024-Q3,gaussian_naive_bayes,poluentes_brutos_meteorologia,2024-08-23 15:00:00,2024-08-23 16:00:00,0,1,falso_positivo,196.0,41.333333333333336,0.877334481404056,0.4599999999999999,41.333333333333336,14.146666666666668,19.666666666666668,7.491666666666667,2.3,132.0,16.4,11.5,0.0,1009.5,24,2.0,30.9,15.3
2024-Q3,gaussian_naive_bayes,poluentes_brutos_meteorologia,2024-08-23 16:00:00,2024-08-23 17:00:00,0,1,falso_positivo,237.0,53.0,0.8380291202349583,1.14,53.0,14.043333333333331,19.526666666666667,7.333333333333335,5.7,130.0,18.6,13.0,0.0,1009.6,27,2.2,29.8,16.0
2024-Q3,gaussian_naive_bayes,poluentes_brutos_meteorologia,2024-08-23 17:00:00,2024-08-23 18:00:00,0,1,falso_positivo,290.0,61.66666666666666,0.8346323606277524,2.02,61.66666666666666,14.1,19.58,7.158333333333334,10.1,124.0,25.3,17.0,0.0,1009.9,34,2.3,27.4,9.7
2024-Q3,gaussian_naive_bayes,poluentes_brutos_meteorologia,2024-08-23 18:00:00,2024-08-23 19:00:00,0,1,falso_positivo,331.0,67.66666666666666,0.868599956699812,2.6,67.66666666666666,14.253333333333334,19.74,6.966666666666668,13.0,119.0,29.5,19.3,0.0,1010.1,37,2.4,24.4,9.7
2024-Q3,gaussian_naive_bayes,poluentes_brutos_meteorologia,2024-08-23 19:00:00,2024-08-23 20:00:00,0,1,falso_positivo,351.0,70.5,0.9360498974714734,2.6,70.5,14.416666666666666,19.9,6.766666666666667,13.0,116.0,29.2,18.9,0.0,1010.4,36,2.4,24.4,12.6
2024-Q3,gaussian_naive_bayes,poluentes_brutos_meteorologia,2024-08-30 12:00:00,2024-08-30 13:00:00,0,1,falso_positivo,238.0,38.650000000000006,1.8051351055437437,0.44,38.650000000000006,21.14333333333333,28.673333333333336,14.216666666666669,2.2,165.0,15.0,10.4,0.0,1022.5,40,6.2,25.4,2.5
2024-Q3,gaussian_naive_bayes,poluentes_brutos_meteorologia,2024-08-30 13:00:00,2024-08-30 14:00:00,0,1,falso_positivo,234.0,65.5,1.6013295291113854,0.26,65.5,21.096666666666668,28.680000000000003,14.125000000000002,1.3,180.0,16.8,11.7,0.0,1021.1,31,6.1,26.6,3.6
2024-Q3,gaussian_naive_bayes,poluentes_brutos_meteorologia,2024-08-30 19:00:00,2024-08-30 20:00:00,1,0,falso_negativo,349.0,153.0,1.1194749162605957,3.14,153.0,22.346666666666668,30.78666666666667,14.358333333333334,15.7,135.0,28.2,19.2,0.0,1019.1,54,5.9,19.4,10.5
2024-Q3,gaussian_naive_bayes,poluentes_brutos_meteorologia,2024-08-30 20:00:00,2024-08-30 21:00:00,1,0,falso_negativo,357.0,140.0,1.1772198295830971,3.44,140.0,22.453333333333333,30.96,14.291666666666666,17.2,113.0,25.8,17.6,0.0,1019.5,46,5.5,18.2,8.4
2024-Q3,gaussian_naive_bayes,poluentes_brutos_meteorologia,2024-08-31 09:00:00,2024-08-31 10:00:00,0,1,falso_positivo,351.0,29.74000000000001,1.643546398515231,1.62,26.950000000000003,21.646666666666672,29.74000000000001,12.058333333333335,8.1,140.0,34.5,23.6,0.0,1022.8,54,9.3,21.0,3.7
2024-Q3,gaussian_naive_bayes,poluentes_brutos_meteorologia,2024-08-31 10:00:00,2024-08-31 11:00:00,0,1,falso_positivo,323.0,32.5,1.5814342228406075,1.26,32.5,21.80333333333333,29.946666666666676,11.883333333333336,6.3,148.0,25.0,17.1,0.0,1023.6,50,7.7,22.2,5.6
2024-Q3,gaussian_naive_bayes,poluentes_brutos_meteorologia,2024-08-31 11:00:00,2024-08-31 12:00:00,0,1,falso_positivo,284.0,38.75,1.4984562381502904,0.78,38.75,22.063333333333333,30.28666666666667,11.691666666666668,3.9,158.0,22.6,15.3,0.0,1023.0,47,5.4,24.2,6.9
2024-Q3,gaussian_naive_bayes,poluentes_brutos_meteorologia,2024-08-31 12:00:00,2024-08-31 13:00:00,0,1,falso_positivo,253.0,57.66666666666666,1.4038322205209812,0.42,57.66666666666666,22.313333333333333,30.6,11.475,2.1,166.0,22.5,15.1,0.0,1022.0,40,3.6,26.0,6.1
2024-Q3,gaussian_naive_bayes,poluentes_brutos_meteorologia,2024-08-31 13:00:00,2024-08-31 14:00:00,0,1,falso_positivo,238.0,79.16666666666666,1.309208202891672,0.3,79.16666666666666,22.55,30.880000000000003,11.183333333333335,1.5,171.0,23.9,15.9,0.0,1020.6,32,2.6,27.2,2.7
2024-Q3,gaussian_naive_bayes,poluentes_brutos_meteorologia,2024-08-31 17:00:00,2024-08-31 18:00:00,1,0,falso_negativo,237.0,124.25,0.984089783344815,1.1800000000000002,124.25,22.683333333333337,30.86666666666667,9.491666666666667,5.9,148.0,25.0,16.4,0.0,1019.2,71,1.6,22.8,13.0
2024-Q3,gaussian_naive_bayes,poluentes_brutos_meteorologia,2024-08-31 18:00:00,2024-08-31 19:00:00,1,0,falso_negativo,248.0,120.5,0.9476959304104654,1.6,120.5,22.566666666666663,30.67333333333333,9.116666666666667,8.0,133.0,25.1,16.6,0.0,1019.2,79,1.7,19.3,13.0
2024-Q3,gaussian_naive_bayes,poluentes_brutos_meteorologia,2024-08-31 19:00:00,2024-08-31 20:00:00,1,0,falso_negativo,265.0,113.5,0.9384761543337634,2.04,113.5,22.446666666666676,30.5,8.783333333333335,10.2,117.0,24.6,16.6,0.0,1019.2,79,1.9,17.2,11.2
2024-Q3,gaussian_naive_bayes,poluentes_brutos_meteorologia,2024-09-01 11:00:00,2024-09-01 12:00:00,0,1,falso_positivo,269.0,32.34,1.2864013883861465,1.0,31.950000000000003,23.610000000000003,32.34,4.45,5.0,151.0,22.9,16.0,0.0,1019.4,47,6.0,25.3,8.0
2024-Q3,gaussian_naive_bayes,poluentes_brutos_meteorologia,2024-09-01 12:00:00,2024-09-01 13:00:00,0,1,falso_positivo,226.0,38.3,1.2339942401606827,0.58,38.3,23.55333333333333,32.306666666666665,4.658333333333334,2.9,172.0,20.8,14.6,0.0,1018.1,37,6.1,28.2,6.8
2024-Q3,gaussian_naive_bayes,poluentes_brutos_meteorologia,2024-09-01 13:00:00,2024-09-01 14:00:00,0,1,falso_positivo,204.0,56.5,1.1723673158585173,0.38,56.5,23.410000000000004,32.153333333333336,4.908333333333334,1.9,178.0,19.6,13.6,0.0,1016.5,22,5.6,30.3,12.6
2024-Q3,gaussian_naive_bayes,poluentes_brutos_meteorologia,2024-09-01 14:00:00,2024-09-01 15:00:00,0,1,falso_positivo,194.0,77.66666666666666,1.1058878778317718,0.36,77.66666666666666,23.256666666666664,31.993333333333336,5.141666666666667,1.8,176.0,19.8,13.8,0.0,1015.4,22,4.8,30.5,16.2
2024-Q3,gaussian_naive_bayes,poluentes_brutos_meteorologia,2024-09-02 08:00:00,2024-09-02 09:00:00,0,1,falso_positivo,297.0,31.700000000000003,1.229626977808561,1.7600000000000002,31.700000000000003,21.61,29.53333333333333,12.075,8.8,122.0,50.2,33.1,0.0,1017.3,69,7.1,18.8,6.8
2024-Q3,gaussian_naive_bayes,poluentes_brutos_meteorologia,2024-09-02 09:00:00,2024-09-02 10:00:00,0,1,falso_positivo,326.0,35.300000000000004,1.2218629558492329,1.8600000000000003,35.300000000000004,22.673333333333336,30.88666666666667,12.316666666666668,9.3,138.0,69.4,46.3,0.0,1017.4,60,8.3,21.1,5.5
2024-Q3,gaussian_naive_bayes,poluentes_brutos_meteorologia,2024-09-02 10:00:00,2024-09-02 11:00:00,0,1,falso_positivo,323.0,39.400000000000006,1.2170104421246528,1.5,39.400000000000006,24.043333333333333,32.693333333333335,12.5,7.5,145.0,68.2,45.9,0.0,1017.2,57,7.9,23.0,2.7
2024-Q3,gaussian_naive_bayes,poluentes_brutos_meteorologia,2024-09-02 11:00:00,2024-09-02 12:00:00,0,1,falso_positivo,319.0,53.33333333333333,1.2136136825174468,1.02,53.33333333333333,25.49333333333333,34.61333333333334,12.616666666666667,5.1,155.0,66.4,44.8,0.0,1016.5,52,7.4,25.0,4.4
2024-Q3,gaussian_naive_bayes,poluentes_brutos_meteorologia,2024-09-02 12:00:00,2024-09-02 13:00:00,0,1,falso_positivo,316.0,69.16666666666666,1.212643179772531,0.68,69.16666666666666,26.99666666666667,36.61333333333333,12.675,3.4,161.0,65.9,44.6,0.0,1015.7,45,6.8,26.8,8.4
2024-Q3,gaussian_naive_bayes,poluentes_brutos_meteorologia,2024-09-02 13:00:00,2024-09-02 14:00:00,0,1,falso_positivo,316.0,84.33333333333333,1.215069436634821,0.6000000000000001,84.33333333333333,28.523333333333337,38.64666666666667,12.733333333333334,3.0,163.0,65.4,44.1,0.0,1014.3,41,6.3,28.2,11.9
2024-Q3,gaussian_naive_bayes,poluentes_brutos_meteorologia,2024-09-03 11:00:00,2024-09-03 12:00:00,0,1,falso_positivo,373.0,37.32666666666667,1.216525190752195,1.06,17.55,27.790000000000006,37.32666666666667,5.083333333333334,5.3,110.0,53.0,36.0,0.0,1018.2,66,4.4,23.8,5.3
2024-Q3,gaussian_naive_bayes,poluentes_brutos_meteorologia,2024-09-03 12:00:00,2024-09-03 13:00:00,0,1,falso_positivo,404.0,37.293333333333344,1.2810636232891084,0.9,23.4,27.75,37.293333333333344,4.983333333333334,4.5,141.0,64.7,44.1,0.0,1017.1,53,5.6,26.4,3.3
2024-Q3,gaussian_naive_bayes,poluentes_brutos_meteorologia,2024-09-03 13:00:00,2024-09-03 14:00:00,0,1,falso_positivo,428.0,37.74,1.3523955750404335,0.76,30.65,28.03666666666667,37.74,4.983333333333333,3.8,164.0,74.0,50.8,0.0,1015.8,45,6.3,28.3,5.2
2024-Q3,gaussian_naive_bayes,poluentes_brutos_meteorologia,2024-09-03 14:00:00,2024-09-03 15:00:00,0,1,falso_positivo,450.0,38.85,1.4285800405163391,0.68,38.85,28.51,38.44666666666667,5.058333333333335,3.4,183.0,76.8,52.7,0.0,1014.5,36,6.6,30.2,10.0
2024-Q3,gaussian_naive_bayes,poluentes_brutos_meteorologia,2024-09-03 15:00:00,2024-09-03 16:00:00,0,1,falso_positivo,468.0,63.16666666666666,1.5062202601096182,0.86,63.16666666666666,29.12333333333333,39.366666666666674,5.191666666666667,4.3,186.0,75.0,51.6,0.0,1013.9,33,6.6,30.3,14.0
2024-Q3,gaussian_naive_bayes,poluentes_brutos_meteorologia,2024-09-03 16:00:00,2024-09-03 17:00:00,0,1,falso_positivo,480.0,85.0,1.5814342228406075,1.46,85.0,29.840000000000003,40.42666666666666,5.3500000000000005,7.3,166.0,71.7,49.1,0.0,1014.2,41,6.0,28.7,17.0
2024-Q3,gaussian_naive_bayes,poluentes_brutos_meteorologia,2024-09-03 18:00:00,2024-09-03 19:00:00,0,1,falso_positivo,503.0,103.5,1.744478683986494,3.2200000000000006,103.5,31.506666666666668,42.84,5.691666666666667,16.1,100.0,60.3,41.0,0.0,1015.2,68,4.4,24.0,10.7
2024-Q3,gaussian_naive_bayes,poluentes_brutos_meteorologia,2024-09-04 10:00:00,2024-09-04 11:00:00,0,1,falso_positivo,590.0,72.31333333333333,3.12307783313966,1.82,23.15,52.34,72.31333333333333,11.216666666666669,9.1,124.0,65.9,45.5,0.0,1019.5,56,4.6,24.5,9.0
2024-Q3,gaussian_naive_bayes,poluentes_brutos_meteorologia,2024-09-04 11:00:00,2024-09-04 12:00:00,0,1,falso_positivo,443.0,72.10666666666665,2.9294625355289194,0.96,28.75,52.16666666666666,72.10666666666665,11.091666666666669,4.8,131.0,47.8,32.9,0.0,1018.7,45,2.9,27.2,10.4
2024-Q3,gaussian_naive_bayes,poluentes_brutos_meteorologia,2024-09-04 12:00:00,2024-09-04 13:00:00,0,1,falso_positivo,334.0,71.14666666666668,2.670823554008808,0.32,34.85,51.45666666666667,71.14666666666668,10.775,1.6,136.0,43.4,29.7,0.0,1017.8,37,1.8,29.2,11.5
2024-Q3,gaussian_naive_bayes,poluentes_brutos_meteorologia,2024-09-04 13:00:00,2024-09-04 14:00:00,0,1,falso_positivo,302.0,69.66666666666666,2.3884072552382545,0.12,44.5,50.39333333333333,69.66666666666666,10.391666666666667,0.6,139.0,42.1,28.6,0.0,1016.3,30,1.7,30.5,9.8
2024-Q3,gaussian_naive_bayes,poluentes_brutos_meteorologia,2024-09-04 14:00:00,2024-09-04 15:00:00,0,1,falso_positivo,308.0,68.0,2.1098729674473646,0.18,65.0,49.20333333333333,68.0,10.016666666666667,0.9,141.0,41.1,27.7,0.0,1015.0,23,2.1,31.3,7.2
2024-Q3,gaussian_naive_bayes,poluentes_brutos_meteorologia,2024-09-04 15:00:00,2024-09-04 16:00:00,0,1,falso_positivo,319.0,79.16666666666666,1.847837226320047,0.34,79.16666666666666,48.02666666666666,66.34,9.675,1.7,140.0,39.7,26.7,0.0,1014.5,23,2.5,30.9,7.7
2024-Q3,gaussian_naive_bayes,poluentes_brutos_meteorologia,2024-09-04 16:00:00,2024-09-04 17:00:00,0,1,falso_positivo,323.0,83.83333333333333,1.6090935510707134,0.66,83.83333333333333,46.91333333333334,64.77333333333334,9.408333333333331,3.3,133.0,38.3,25.6,0.0,1015.1,47,2.8,27.0,18.1
2024-Q3,gaussian_naive_bayes,poluentes_brutos_meteorologia,2024-09-04 17:00:00,2024-09-04 18:00:00,0,1,falso_positivo,332.0,84.33333333333333,1.4319768001235451,1.12,84.33333333333333,45.91666666666667,63.38000000000001,9.25,5.6,122.0,36.9,24.6,0.0,1015.4,53,3.2,24.3,17.3
2024-Q3,gaussian_naive_bayes,poluentes_brutos_meteorologia,2024-09-04 18:00:00,2024-09-04 19:00:00,0,1,falso_positivo,343.0,82.5,1.31211971112642,1.46,82.5,45.07333333333334,62.19333333333334,9.183333333333335,7.3,113.0,35.0,23.2,0.0,1015.4,58,3.6,22.6,16.5
2024-Q3,gaussian_naive_bayes,poluentes_brutos_meteorologia,2024-09-04 20:00:00,2024-09-04 21:00:00,0,1,falso_positivo,372.0,73.33333333333333,1.2883423938759782,1.62,73.33333333333333,43.73666666666667,60.29333333333334,9.208333333333334,8.1,104.0,35.2,23.5,0.0,1016.3,51,4.4,21.0,12.1
2024-Q3,gaussian_naive_bayes,poluentes_brutos_meteorologia,2024-09-05 09:00:00,2024-09-05 10:00:00,0,1,falso_positivo,543.0,43.99333333333334,2.009911184721018,2.42,27.5,32.35,43.99333333333334,8.766666666666667,12.1,97.0,68.0,46.0,0.0,1017.1,50,7.2,22.8,8.7
2024-Q3,gaussian_naive_bayes,poluentes_brutos_meteorologia,2024-09-05 10:00:00,2024-09-05 11:00:00,0,1,falso_positivo,478.0,43.38666666666667,2.003117665506606,1.98,29.65,31.996666666666663,43.38666666666667,8.941666666666666,9.9,114.0,55.3,36.4,0.0,1019.0,58,6.7,23.9,16.2
2024-Q3,gaussian_naive_bayes,poluentes_brutos_meteorologia,2024-09-05 11:00:00,2024-09-05 12:00:00,0,1,falso_positivo,389.0,43.273333333333326,1.9487695117913104,1.4,33.2,31.97,43.273333333333326,9.2,7.0,137.0,47.0,31.2,0.0,1019.2,59,6.0,23.7,16.9
2024-Q3,gaussian_naive_bayes,poluentes_brutos_meteorologia,2024-09-05 12:00:00,2024-09-05 13:00:00,0,1,falso_positivo,321.0,43.21333333333334,1.8594832592590391,0.94,37.8,31.956666666666667,43.21333333333334,9.483333333333333,4.7,152.0,43.0,28.8,0.0,1018.8,59,5.2,24.0,16.9
2024-Q3,gaussian_naive_bayes,poluentes_brutos_meteorologia,2024-09-05 13:00:00,2024-09-05 14:00:00,0,1,falso_positivo,300.0,49.16666666666666,1.76000672790515,0.76,49.16666666666666,31.986666666666668,43.23333333333333,9.7,3.8,154.0,43.0,28.9,0.0,1017.9,58,4.3,24.5,16.2
2024-Q3,gaussian_naive_bayes,poluentes_brutos_meteorologia,2024-09-05 14:00:00,2024-09-05 15:00:00,0,1,falso_positivo,301.0,64.66666666666666,1.6590744424338868,0.7000000000000001,64.66666666666666,31.986666666666668,43.23333333333333,9.808333333333334,3.5,149.0,41.1,27.7,0.0,1016.8,59,3.4,24.5,17.5
2024-Q3,gaussian_naive_bayes,poluentes_brutos_meteorologia,2024-09-05 15:00:00,2024-09-05 16:00:00,0,1,falso_positivo,297.0,77.0,1.5455256212787158,0.78,77.0,31.906666666666663,43.126666666666665,9.825,3.9,139.0,37.3,25.1,0.0,1016.1,63,2.7,23.7,17.7
2024-Q3,gaussian_naive_bayes,poluentes_brutos_meteorologia,2024-09-07 11:00:00,2024-09-07 12:00:00,0,1,falso_positivo,399.0,22.3,1.2747553554471542,1.02,22.3,14.0,18.84,2.858333333333334,5.1,107.0,48.8,33.3,0.0,1020.2,65,4.5,24.4,6.8
2024-Q3,gaussian_naive_bayes,poluentes_brutos_meteorologia,2024-09-07 12:00:00,2024-09-07 13:00:00,0,1,falso_positivo,414.0,26.75,1.3344412742594878,0.7000000000000001,26.75,15.3,20.65333333333333,3.1833333333333336,3.5,126.0,54.9,37.5,0.0,1019.1,59,4.5,26.4,7.3
2024-Q3,gaussian_naive_bayes,poluentes_brutos_meteorologia,2024-09-07 13:00:00,2024-09-07 14:00:00,0,1,falso_positivo,407.0,31.8,1.3907304334646151,0.5,31.8,16.529999999999998,22.4,3.475000000000001,2.5,134.0,54.8,37.6,0.0,1017.7,55,4.1,28.1,6.4
2024-Q3,gaussian_naive_bayes,poluentes_brutos_meteorologia,2024-09-07 14:00:00,2024-09-07 15:00:00,0,1,falso_positivo,390.0,36.8,1.4368293138481247,0.38,36.8,17.596666666666668,23.91333333333333,3.708333333333334,1.9,134.0,51.0,34.9,0.0,1016.7,52,3.5,29.4,4.9
2024-Q3,gaussian_naive_bayes,poluentes_brutos_meteorologia,2024-09-07 15:00:00,2024-09-07 16:00:00,0,1,falso_positivo,378.0,44.0,1.4722526640375586,0.58,44.0,18.516666666666666,25.23333333333333,3.9166666666666674,2.9,129.0,47.0,32.1,0.0,1016.1,45,3.2,30.3,2.8
2024-Q3,gaussian_naive_bayes,poluentes_brutos_meteorologia,2024-09-07 16:00:00,2024-09-07 17:00:00,0,1,falso_positivo,379.0,54.5,1.501367746385038,1.32,54.5,19.403333333333336,26.5,4.158333333333334,6.6,116.0,44.7,30.4,0.0,1016.2,41,3.6,29.7,4.7
2024-Q3,gaussian_naive_bayes,poluentes_brutos_meteorologia,2024-09-07 17:00:00,2024-09-07 18:00:00,0,1,falso_positivo,387.0,60.33333333333333,1.5173810416761522,2.3800000000000003,60.33333333333333,20.290000000000003,27.753333333333337,4.45,11.9,96.0,42.1,28.6,0.0,1016.2,54,4.3,28.2,1.9
2024-Q3,gaussian_naive_bayes,poluentes_brutos_meteorologia,2024-09-08 11:00:00,2024-09-08 12:00:00,0,1,falso_positivo,599.0,39.900000000000006,2.5402909348176066,1.8,26.55,28.976666666666667,39.900000000000006,10.675,9.0,155.0,72.9,50.2,0.0,1021.7,54,8.7,27.8,4.6
2024-Q3,gaussian_naive_bayes,poluentes_brutos_meteorologia,2024-09-08 12:00:00,2024-09-08 13:00:00,0,1,falso_positivo,559.0,40.973333333333336,2.499529819531135,0.78,35.1,29.730000000000004,40.973333333333336,11.066666666666668,3.9,178.0,77.5,53.6,0.0,1020.9,46,9.2,29.7,5.6
2024-Q3,gaussian_naive_bayes,poluentes_brutos_meteorologia,2024-09-08 13:00:00,2024-09-08 14:00:00,0,1,falso_positivo,559.0,55.16666666666666,2.4577982014997475,0.42,55.16666666666666,30.65,42.26,11.466666666666669,2.1,193.0,82.4,56.9,0.0,1019.8,38,8.9,30.9,6.8
2024-Q3,gaussian_naive_bayes,poluentes_brutos_meteorologia,2024-09-08 19:00:00,2024-09-08 20:00:00,1,0,falso_negativo,623.0,140.25,2.296694745843693,4.08,140.25,36.36000000000001,50.193333333333335,13.075,20.4,112.0,58.6,40.2,0.0,1018.4,54,6.5,24.5,10.4
2024-Q3,gaussian_naive_bayes,poluentes_brutos_meteorologia,2024-09-09 11:00:00,2024-09-09 12:00:00,0,1,falso_positivo,759.0,76.28666666666666,3.1861605115591987,1.46,30.15,55.10333333333333,76.28666666666666,13.541666666666666,7.3,175.0,110.6,76.8,0.0,1020.0,48,12.0,27.5,6.4
2024-Q3,gaussian_naive_bayes,poluentes_brutos_meteorologia,2024-09-09 12:00:00,2024-09-09 13:00:00,0,1,falso_positivo,701.0,77.66666666666666,3.142487888037979,0.7400000000000001,39.3,56.09,77.66666666666666,13.891666666666667,3.7,205.0,107.1,74.3,0.0,1018.9,40,13.4,29.4,5.6
2024-Q3,gaussian_naive_bayes,poluentes_brutos_meteorologia,2024-09-09 20:00:00,2024-09-09 21:00:00,1,0,falso_negativo,663.0,164.0,2.5684355144201705,3.94,164.0,59.42,82.28,15.55,19.7,124.0,63.8,44.1,0.0,1017.0,40,8.5,22.0,9.8
2024-Q3,gaussian_naive_bayes,poluentes_brutos_meteorologia,2024-09-09 21:00:00,2024-09-09 22:00:00,1,0,falso_negativo,676.0,135.75,2.5674650116752544,4.0600000000000005,135.75,59.44333333333334,82.32666666666665,15.608333333333334,20.3,106.0,52.5,36.4,0.0,1017.6,48,7.0,19.5,6.5
2024-Q3,gaussian_naive_bayes,poluentes_brutos_meteorologia,2024-09-10 09:00:00,2024-09-10 10:00:00,0,1,falso_positivo,623.0,83.02000000000001,2.882393152400493,1.26,33.9,59.98,83.02000000000001,15.575,6.3,151.0,82.4,56.9,0.0,1018.9,56,5.9,21.6,3.8
2024-Q3,gaussian_naive_bayes,poluentes_brutos_meteorologia,2024-09-10 10:00:00,2024-09-10 11:00:00,0,1,falso_positivo,566.0,80.78666666666666,2.7897101402610165,1.04,38.55,58.39,80.78666666666666,15.275,5.2,156.0,67.3,46.4,0.0,1018.7,51,6.1,24.5,4.8
2024-Q3,gaussian_naive_bayes,poluentes_brutos_meteorologia,2024-09-10 11:00:00,2024-09-10 12:00:00,0,1,falso_positivo,489.0,78.39333333333335,2.655780761462609,0.7400000000000001,51.83333333333333,56.67333333333333,78.39333333333335,14.8,3.7,163.0,59.1,40.9,0.0,1017.9,47,6.3,27.1,4.3
2024-Q3,gaussian_naive_bayes,poluentes_brutos_meteorologia,2024-09-10 12:00:00,2024-09-10 13:00:00,0,1,falso_positivo,432.0,75.86000000000001,2.4869132838472274,0.54,70.16666666666666,54.85333333333334,75.86000000000001,14.208333333333334,2.7,169.0,52.5,36.3,0.0,1016.4,40,6.3,29.3,4.8
2024-Q3,gaussian_naive_bayes,poluentes_brutos_meteorologia,2024-09-10 20:00:00,2024-09-10 21:00:00,0,1,falso_positivo,443.0,107.16666666666666,1.6668384643932146,2.76,107.16666666666666,45.51,63.03333333333333,10.675,13.8,105.0,44.1,30.3,0.0,1014.2,59,3.5,22.8,4.8
2024-Q3,gaussian_naive_bayes,poluentes_brutos_meteorologia,2024-09-11 11:00:00,2024-09-11 12:00:00,0,1,falso_positivo,321.0,50.09333333333334,2.631032941467252,0.8400000000000001,30.200000000000003,36.18666666666666,50.09333333333334,12.050000000000002,4.2,130.0,15.6,10.9,0.0,1017.3,39,3.6,28.7,7.9
2024-Q3,gaussian_naive_bayes,poluentes_brutos_meteorologia,2024-09-11 12:00:00,2024-09-11 13:00:00,0,1,falso_positivo,236.0,48.446666666666665,2.318045806231845,0.38,35.9,34.99333333333333,48.446666666666665,11.733333333333334,1.9,131.0,16.7,11.6,0.0,1016.2,28,2.5,30.7,9.7
2024-Q3,gaussian_naive_bayes,poluentes_brutos_meteorologia,2024-09-11 13:00:00,2024-09-11 14:00:00,0,1,falso_positivo,206.0,46.93333333333333,1.992927386684988,0.2,46.0,33.89666666666667,46.93333333333333,11.41666666666667,1.0,130.0,16.7,11.6,0.0,1015.1,24,2.1,31.4,8.4
2024-Q3,gaussian_naive_bayes,poluentes_brutos_meteorologia,2024-09-11 14:00:00,2024-09-11 15:00:00,0,1,falso_positivo,204.0,64.0,1.679455000077123,0.22,64.0,32.75333333333334,45.34666666666667,11.15,1.1,129.0,16.0,11.1,0.0,1014.0,23,2.2,31.6,7.8
2024-Q3,gaussian_naive_bayes,poluentes_brutos_meteorologia,2024-09-11 15:00:00,2024-09-11 16:00:00,0,1,falso_positivo,216.0,75.33333333333333,1.3946124444442791,0.42,75.33333333333333,31.56,43.693333333333335,10.933333333333335,2.1,126.0,15.9,11.1,0.0,1013.4,22,2.3,31.5,9.8
2024-Q3,gaussian_naive_bayes,poluentes_brutos_meteorologia,2024-09-11 16:00:00,2024-09-11 17:00:00,0,1,falso_positivo,243.0,77.5,1.1553835178224874,0.98,77.5,30.406666666666663,42.1,10.775,4.9,122.0,16.0,11.1,0.0,1013.4,22,2.6,30.8,11.8
2024-Q3,gaussian_naive_bayes,poluentes_brutos_meteorologia,2024-09-11 17:00:00,2024-09-11 18:00:00,0,1,falso_positivo,283.0,75.66666666666666,1.0408641939224006,1.72,75.66666666666666,29.47,40.81333333333334,10.675,8.6,117.0,20.1,13.9,0.0,1013.4,27,3.0,28.7,11.6
2024-Q3,gaussian_naive_bayes,poluentes_brutos_meteorologia,2024-09-11 18:00:00,2024-09-11 19:00:00,0,1,falso_positivo,311.0,72.83333333333333,0.980207772365151,2.22,72.83333333333333,28.683333333333334,39.73333333333333,10.616666666666667,11.1,112.0,23.4,16.2,0.0,1013.6,28,3.3,26.2,12.4
2024-Q3,gaussian_naive_bayes,poluentes_brutos_meteorologia,2024-09-11 19:00:00,2024-09-11 20:00:00,0,1,falso_positivo,309.0,69.0,0.9743847558956552,2.1,69.0,27.96,38.75333333333333,10.575,10.5,107.0,23.8,16.5,0.0,1014.1,29,3.2,25.8,14.4
2024-Q3,gaussian_naive_bayes,poluentes_brutos_meteorologia,2024-09-11 20:00:00,2024-09-11 21:00:00,0,1,falso_positivo,294.0,64.16666666666666,1.0025293354982188,1.74,64.16666666666666,27.243333333333336,37.78,10.525,8.7,102.0,22.6,15.7,0.0,1015.0,33,2.9,23.5,7.7
2024-Q3,gaussian_naive_bayes,poluentes_brutos_meteorologia,2024-09-12 10:00:00,2024-09-12 11:00:00,0,1,falso_positivo,259.0,21.28,1.316486973478542,1.1800000000000002,20.9,15.333333333333336,21.28,6.641666666666668,5.9,111.0,22.6,15.8,0.0,1018.4,38,3.5,26.7,9.3
2024-Q3,gaussian_naive_bayes,poluentes_brutos_meteorologia,2024-09-12 11:00:00,2024-09-12 12:00:00,0,1,falso_positivo,210.0,26.0,1.222348207221691,0.7000000000000001,26.0,15.526666666666667,21.546666666666667,6.566666666666666,3.5,122.0,21.4,14.9,0.0,1017.4,35,2.7,28.9,12.2
2024-Q3,gaussian_naive_bayes,poluentes_brutos_meteorologia,2024-09-12 12:00:00,2024-09-12 13:00:00,0,1,falso_positivo,170.0,31.65,1.1160781566533895,0.34,31.65,15.596666666666668,21.64666666666667,6.533333333333334,1.7,129.0,18.8,13.1,0.0,1016.0,28,2.1,30.8,13.0
2024-Q3,gaussian_naive_bayes,poluentes_brutos_meteorologia,2024-09-12 13:00:00,2024-09-12 14:00:00,0,1,falso_positivo,148.0,37.45,1.0117491115749209,0.18,37.45,15.583333333333336,21.633333333333336,6.500000000000001,0.9,130.0,16.3,11.4,0.0,1014.9,23,1.7,31.8,10.3
2024-Q3,gaussian_naive_bayes,poluentes_brutos_meteorologia,2024-09-12 14:00:00,2024-09-12 15:00:00,0,1,falso_positivo,137.0,49.0,0.9127578315934896,0.1399999999999999,49.0,15.536666666666664,21.573333333333338,6.441666666666667,0.7,127.0,14.6,10.2,0.0,1013.9,22,1.5,32.1,8.5
2024-Q3,gaussian_naive_bayes,poluentes_brutos_meteorologia,2024-09-12 15:00:00,2024-09-12 16:00:00,0,1,falso_positivo,136.0,61.33333333333333,0.8171633112192644,0.3,61.33333333333333,15.45,21.453333333333333,6.366666666666667,1.5,122.0,13.3,9.3,0.0,1013.2,22,1.4,32.0,9.1
2024-Q3,gaussian_naive_bayes,poluentes_brutos_meteorologia,2024-09-12 16:00:00,2024-09-12 17:00:00,0,1,falso_positivo,151.0,66.16666666666666,0.7307885669217413,0.82,66.16666666666666,15.333333333333336,21.3,6.266666666666668,4.1,113.0,12.5,8.8,0.0,1012.9,23,1.4,31.1,10.6
2024-Q3,gaussian_naive_bayes,poluentes_brutos_meteorologia,2024-09-13 09:00:00,2024-09-13 10:00:00,0,1,falso_positivo,563.0,24.75333333333333,2.1462668203817143,2.02,17.7,17.883333333333336,24.75333333333333,8.416666666666666,10.1,160.0,61.9,41.4,0.0,1018.5,45,10.2,22.9,6.6
2024-Q3,gaussian_naive_bayes,poluentes_brutos_meteorologia,2024-09-13 10:00:00,2024-09-13 11:00:00,0,1,falso_positivo,485.0,25.973333333333336,2.1375322956774707,1.6,24.950000000000003,18.83,25.973333333333336,8.85,8.0,165.0,51.0,34.1,0.0,1018.6,45,8.7,25.2,7.3
2024-Q3,gaussian_naive_bayes,poluentes_brutos_meteorologia,2024-09-13 11:00:00,2024-09-13 12:00:00,0,1,falso_positivo,378.0,32.7,2.056010065104527,1.04,32.7,19.540000000000003,26.9,9.175,5.2,171.0,42.7,28.8,0.0,1017.6,40,6.6,27.5,9.2
2024-Q3,gaussian_naive_bayes,poluentes_brutos_meteorologia,2024-09-13 12:00:00,2024-09-13 13:00:00,0,1,falso_positivo,297.0,43.5,1.9220806863061204,0.6000000000000001,43.5,20.063333333333336,27.58,9.408333333333331,3.0,174.0,34.5,23.3,0.0,1016.3,34,4.9,29.5,9.9
2024-Q3,gaussian_naive_bayes,poluentes_brutos_meteorologia,2024-09-13 13:00:00,2024-09-13 14:00:00,0,1,falso_positivo,266.0,72.0,1.765829744374646,0.4,72.0,20.433333333333337,28.053333333333335,9.583333333333334,2.0,171.0,27.4,18.5,0.0,1015.1,28,3.8,30.6,8.7
2024-Q3,gaussian_naive_bayes,poluentes_brutos_meteorologia,2024-09-13 19:00:00,2024-09-13 20:00:00,0,1,falso_positivo,371.0,100.5,1.200511895461081,1.7600000000000002,100.5,22.883333333333336,31.04,10.083333333333334,8.8,104.0,27.4,17.8,0.0,1013.0,33,2.3,24.3,10.2
2024-Q3,gaussian_naive_bayes,poluentes_brutos_meteorologia,2024-09-14 09:00:00,2024-09-14 10:00:00,0,1,falso_positivo,321.0,24.05,0.9020823013994136,1.46,24.05,15.920000000000002,21.313333333333333,6.633333333333334,7.3,113.0,31.1,20.4,0.0,1017.2,42,6.3,23.7,7.2
2024-Q3,gaussian_naive_bayes,poluentes_brutos_meteorologia,2024-09-14 10:00:00,2024-09-14 11:00:00,0,1,falso_positivo,316.0,28.15,0.9413876625685114,1.22,28.15,15.346666666666668,20.53333333333333,6.433333333333334,6.1,130.0,33.8,22.4,0.0,1017.6,38,6.3,25.7,3.8
2024-Q3,gaussian_naive_bayes,poluentes_brutos_meteorologia,2024-09-14 11:00:00,2024-09-14 12:00:00,0,1,falso_positivo,309.0,33.35,0.987486542952021,0.8800000000000001,33.35,15.053333333333336,20.12666666666667,6.400000000000001,4.4,154.0,33.9,22.7,0.0,1017.3,37,6.2,27.3,2.9
2024-Q3,gaussian_naive_bayes,poluentes_brutos_meteorologia,2024-09-14 12:00:00,2024-09-14 13:00:00,0,1,falso_positivo,304.0,39.55,1.0360116801978203,0.6400000000000001,39.55,15.016666666666666,20.08,6.491666666666667,3.2,173.0,33.4,22.6,0.0,1016.6,37,6.0,28.4,3.9
2024-Q3,gaussian_naive_bayes,poluentes_brutos_meteorologia,2024-09-14 13:00:00,2024-09-14 14:00:00,0,1,falso_positivo,300.0,61.0,1.084051566071162,0.54,61.0,15.243333333333332,20.4,6.625,2.7,182.0,34.2,23.3,0.0,1015.2,34,5.4,30.0,3.7
2024-Q3,gaussian_naive_bayes,poluentes_brutos_meteorologia,2024-09-14 21:00:00,2024-09-14 22:00:00,1,0,falso_negativo,414.0,119.5,1.3892746793472412,1.02,119.5,18.87,25.520000000000003,7.650000000000001,5.1,124.0,35.0,23.7,0.0,1018.4,70,2.8,19.8,8.2
2024-Q3,gaussian_naive_bayes,poluentes_brutos_meteorologia,2024-09-19 12:00:00,2024-09-19 13:00:00,0,1,falso_positivo,268.0,27.25,0.8632621916027742,0.58,27.25,13.703333333333331,17.240000000000002,7.991666666666667,2.9,113.0,27.1,17.9,0.0,1017.4,54,7.6,25.5,4.6
2024-Q3,gaussian_naive_bayes,poluentes_brutos_meteorologia,2024-09-19 13:00:00,2024-09-19 14:00:00,0,1,falso_positivo,277.0,31.5,0.9200366021803597,0.48,31.5,13.92666666666667,17.653333333333332,8.341666666666667,2.4,120.0,28.5,18.9,0.0,1016.2,52,7.0,26.6,2.7
2024-Q3,gaussian_naive_bayes,poluentes_brutos_meteorologia,2024-09-19 14:00:00,2024-09-19 15:00:00,0,1,falso_positivo,288.0,36.05,0.9777815155028612,0.52,36.05,14.226666666666668,18.166666666666668,8.658333333333333,2.6,125.0,30.7,20.4,0.0,1015.0,51,6.5,27.3,2.9
2024-Q3,gaussian_naive_bayes,poluentes_brutos_meteorologia,2024-09-19 15:00:00,2024-09-19 16:00:00,0,1,falso_positivo,293.0,40.833333333333336,1.0287329096109503,0.6200000000000001,40.833333333333336,14.556666666666668,18.69333333333334,8.941666666666666,3.1,126.0,31.4,20.8,0.0,1014.4,49,5.9,27.9,3.4
2024-Q3,gaussian_naive_bayes,poluentes_brutos_meteorologia,2024-09-19 16:00:00,2024-09-19 17:00:00,0,1,falso_positivo,286.0,51.66666666666666,1.0641562598003842,0.86,51.66666666666666,14.86,19.16,9.183333333333334,4.3,121.0,30.5,19.8,0.0,1014.8,70,5.2,24.7,16.9
2024-Q3,gaussian_naive_bayes,poluentes_brutos_meteorologia,2024-09-20 11:00:00,2024-09-20 12:00:00,0,1,falso_positivo,392.0,29.200000000000003,1.248551781334423,0.7200000000000001,29.200000000000003,16.153333333333332,21.506666666666664,9.158333333333331,3.6,138.0,26.7,18.6,0.0,1015.3,57,4.9,27.3,10.0
2024-Q3,gaussian_naive_bayes,poluentes_brutos_meteorologia,2024-09-20 12:00:00,2024-09-20 13:00:00,0,1,falso_positivo,391.0,34.800000000000004,1.32182473857558,0.48,34.800000000000004,16.11,21.513333333333332,8.891666666666667,2.4,154.0,25.8,18.0,0.0,1013.9,50,4.4,29.5,10.1
2024-Q3,gaussian_naive_bayes,poluentes_brutos_meteorologia,2024-09-20 13:00:00,2024-09-20 14:00:00,0,1,falso_positivo,387.0,44.333333333333336,1.3844221656226612,0.38,44.333333333333336,16.016666666666666,21.44666666666667,8.65,1.9,162.0,25.7,17.9,0.0,1012.5,37,4.1,31.6,9.5
2024-Q3,gaussian_naive_bayes,poluentes_brutos_meteorologia,2024-09-20 14:00:00,2024-09-20 15:00:00,0,1,falso_positivo,382.0,66.66666666666666,1.435373559730751,0.36,66.66666666666666,15.866666666666667,21.3,8.433333333333335,1.8,165.0,26.2,18.2,0.0,1011.2,32,3.9,32.1,12.5
2024-Q3,gaussian_naive_bayes,poluentes_brutos_meteorologia,2024-09-20 15:00:00,2024-09-20 16:00:00,0,1,falso_positivo,376.0,86.0,1.4722526640375586,0.5,86.0,15.71,21.133333333333336,8.266666666666667,2.5,164.0,26.7,18.3,0.0,1010.4,32,3.9,32.2,14.2
2024-Q3,gaussian_naive_bayes,poluentes_brutos_meteorologia,2024-09-20 20:00:00,2024-09-20 21:00:00,1,0,falso_negativo,331.0,105.0,1.409169985618019,2.2,105.0,16.22,22.03333333333333,8.766666666666667,11.0,120.0,26.9,17.8,0.0,1015.5,89,5.8,20.8,15.6
2024-Q3,gaussian_naive_bayes,poluentes_brutos_meteorologia,2024-09-21 10:00:00,2024-09-21 11:00:00,0,1,falso_positivo,421.0,35.6,1.4906922161909624,2.28,35.6,20.040000000000003,27.32,10.291666666666666,11.4,133.0,39.1,27.2,0.0,1017.2,54,10.7,24.9,7.8
2024-Q3,gaussian_naive_bayes,poluentes_brutos_meteorologia,2024-09-21 11:00:00,2024-09-21 12:00:00,0,1,falso_positivo,420.0,39.95,1.52271880677319,1.4,39.95,20.50333333333333,27.973333333333336,10.683333333333335,7.0,164.0,40.6,28.4,0.0,1017.0,49,9.6,26.6,8.6
2024-Q3,gaussian_naive_bayes,poluentes_brutos_meteorologia,2024-09-21 12:00:00,2024-09-21 13:00:00,0,1,falso_positivo,417.0,59.33333333333333,1.547951878141006,0.7400000000000001,59.33333333333333,20.93,28.573333333333338,11.033333333333331,3.7,186.0,38.6,27.0,0.0,1016.1,47,8.6,27.3,7.6
2024-Q3,gaussian_naive_bayes,poluentes_brutos_meteorologia,2024-09-22 12:00:00,2024-09-22 13:00:00,0,1,falso_positivo,400.0,33.7,1.6464579067499792,0.44,33.7,20.950000000000003,29.30666666666667,8.316666666666666,2.2,157.0,13.5,9.4,0.0,1014.8,48,4.3,27.9,6.1
2024-Q3,gaussian_naive_bayes,poluentes_brutos_meteorologia,2024-09-22 13:00:00,2024-09-22 14:00:00,0,1,falso_positivo,392.0,43.0,1.6314151142037812,0.34,43.0,20.226666666666667,28.293333333333337,7.941666666666667,1.7,164.0,15.0,10.4,0.0,1013.4,42,3.4,28.9,2.3
2024-Q3,gaussian_naive_bayes,poluentes_brutos_meteorologia,2024-09-22 14:00:00,2024-09-22 15:00:00,0,1,falso_positivo,386.0,67.5,1.6095788024431714,0.36,67.5,19.50666666666667,27.28,7.5583333333333345,1.8,166.0,15.7,10.8,0.0,1012.1,38,2.7,29.9,2.3
2024-Q3,gaussian_naive_bayes,poluentes_brutos_meteorologia,2024-09-22 17:00:00,2024-09-22 18:00:00,1,0,falso_negativo,367.0,107.83333333333331,1.523204058145648,0.86,107.83333333333331,16.956666666666667,23.69333333333334,6.416666666666667,4.3,139.0,13.4,9.2,0.0,1012.6,74,1.8,24.3,16.2
2024-Q3,gaussian_naive_bayes,poluentes_brutos_meteorologia,2024-09-22 18:00:00,2024-09-22 19:00:00,1,0,falso_negativo,365.0,108.16666666666666,1.4931184730532523,1.14,108.16666666666666,15.993333333333332,22.340000000000003,6.050000000000001,5.7,124.0,11.6,7.9,0.0,1012.8,74,1.7,22.7,18.4
2024-Q3,gaussian_naive_bayes,poluentes_brutos_meteorologia,2024-09-23 11:00:00,2024-09-23 12:00:00,0,1,falso_positivo,396.0,29.75,1.6047262887185914,0.5599999999999999,29.75,10.296666666666669,14.30666666666667,4.083333333333334,2.8,143.0,14.4,10.0,0.0,1015.1,52,4.9,27.9,5.9
2024-Q3,gaussian_naive_bayes,poluentes_brutos_meteorologia,2024-09-23 12:00:00,2024-09-23 13:00:00,0,1,falso_positivo,382.0,36.35,1.5911392502897674,0.34,36.35,10.33,14.353333333333332,4.1000000000000005,1.7,153.0,14.5,10.1,0.0,1014.6,44,4.5,29.3,4.2
2024-Q3,gaussian_naive_bayes,poluentes_brutos_meteorologia,2024-09-23 13:00:00,2024-09-23 14:00:00,0,1,falso_positivo,369.0,51.5,1.5693029385291577,0.26,51.5,10.28,14.28,4.175000000000001,1.3,158.0,13.5,9.3,0.0,1013.7,40,4.3,30.5,1.4
2024-Q3,gaussian_naive_bayes,poluentes_brutos_meteorologia,2024-09-23 14:00:00,2024-09-23 15:00:00,0,1,falso_positivo,356.0,74.5,1.53970260480922,0.2799999999999999,74.5,10.153333333333332,14.106666666666667,4.291666666666667,1.4,161.0,11.9,8.2,0.0,1012.9,34,4.1,31.4,9.0
2024-Q3,gaussian_naive_bayes,poluentes_brutos_meteorologia,2024-09-23 18:00:00,2024-09-23 19:00:00,1,0,falso_negativo,337.0,109.5,1.3907304334646151,1.02,109.5,9.843333333333334,13.646666666666668,5.033333333333334,5.1,138.0,11.0,7.3,0.0,1013.1,57,4.2,23.9,16.0
2024-Q3,gaussian_naive_bayes,poluentes_brutos_meteorologia,2024-09-24 08:00:00,2024-09-24 09:00:00,0,1,falso_positivo,437.0,26.55,1.6959535467406943,1.3,26.55,17.70666666666667,24.53333333333333,6.675000000000001,6.5,123.0,39.1,27.1,0.0,1017.4,73,5.9,21.5,9.2
2024-Q3,gaussian_naive_bayes,poluentes_brutos_meteorologia,2024-09-24 09:00:00,2024-09-24 10:00:00,0,1,falso_positivo,450.0,31.15,1.7114815906593503,1.14,31.15,18.613333333333337,25.78,6.816666666666666,5.7,156.0,39.0,27.0,0.0,1017.3,66,7.3,23.8,8.9
2024-Q3,gaussian_naive_bayes,poluentes_brutos_meteorologia,2024-09-24 10:00:00,2024-09-24 11:00:00,0,1,falso_positivo,427.0,36.15,1.7129373447767244,0.92,36.15,19.42666666666667,26.9,6.883333333333334,4.6,161.0,38.0,26.3,0.0,1017.2,58,6.1,26.2,7.1
2024-Q3,gaussian_naive_bayes,poluentes_brutos_meteorologia,2024-09-24 11:00:00,2024-09-24 12:00:00,0,1,falso_positivo,395.0,45.333333333333336,1.6959535467406943,0.6400000000000001,45.333333333333336,20.110000000000003,27.83333333333333,6.850000000000001,3.2,167.0,34.9,24.0,0.0,1016.5,49,4.5,28.5,7.6
2024-Q3,gaussian_naive_bayes,poluentes_brutos_meteorologia,2024-09-24 12:00:00,2024-09-24 13:00:00,0,1,falso_positivo,366.0,65.33333333333333,1.6605301965512609,0.42,65.33333333333333,20.69,28.62,6.733333333333334,2.1,171.0,31.9,21.9,0.0,1015.3,41,3.1,30.3,8.0
2024-Q3,gaussian_naive_bayes,poluentes_brutos_meteorologia,2024-09-24 18:00:00,2024-09-24 19:00:00,1,0,falso_negativo,253.0,113.5,1.2369057483954309,0.8800000000000001,113.5,23.60333333333333,32.52666666666667,5.425000000000001,4.4,118.0,21.4,14.1,0.0,1013.2,76,0.9,22.5,16.6
2024-Q3,gaussian_naive_bayes,poluentes_brutos_meteorologia,2024-09-25 08:00:00,2024-09-25 09:00:00,0,1,falso_positivo,418.0,32.233333333333334,1.4310062973786288,1.16,31.5,23.426666666666662,32.233333333333334,5.308333333333335,5.8,115.0,37.0,25.7,0.0,1016.0,69,7.8,21.4,9.0
2024-Q3,gaussian_naive_bayes,poluentes_brutos_meteorologia,2024-09-25 09:00:00,2024-09-25 10:00:00,0,1,falso_positivo,377.0,34.6,1.4693411558028104,0.8800000000000001,34.6,22.953333333333333,31.58666666666667,5.358333333333334,4.4,141.0,24.8,17.3,0.0,1015.7,61,7.9,23.9,8.7
2024-Q3,gaussian_naive_bayes,poluentes_brutos_meteorologia,2024-09-25 10:00:00,2024-09-25 11:00:00,0,1,falso_positivo,376.0,38.15,1.4950594785430844,0.7400000000000001,38.15,22.433333333333337,30.87333333333333,5.475000000000001,3.7,153.0,22.4,15.6,0.0,1015.3,56,7.5,26.3,7.5
2024-Q3,gaussian_naive_bayes,poluentes_brutos_meteorologia,2024-09-25 11:00:00,2024-09-25 12:00:00,0,1,falso_positivo,374.0,48.5,1.50816126559945,0.5599999999999999,48.5,22.046666666666667,30.36,5.666666666666668,2.8,170.0,23.3,16.3,0.0,1014.7,49,6.8,28.6,7.8
2024-Q3,gaussian_naive_bayes,poluentes_brutos_meteorologia,2024-09-25 12:00:00,2024-09-25 13:00:00,0,1,falso_positivo,371.0,67.33333333333333,1.5101022710892822,0.44,67.33333333333333,21.820000000000004,30.06,5.925000000000002,2.2,185.0,25.1,17.4,0.0,1013.6,41,6.2,30.6,6.0
2024-Q3,gaussian_naive_bayes,poluentes_brutos_meteorologia,2024-09-25 21:00:00,2024-09-25 22:00:00,1,0,falso_negativo,357.0,148.0,1.3752023895459593,2.06,148.0,23.143333333333334,31.986666666666668,8.033333333333335,10.3,113.0,25.7,17.7,0.0,1012.5,76,3.8,21.9,5.5
2024-Q3,gaussian_naive_bayes,poluentes_brutos_meteorologia,2024-09-25 22:00:00,2024-09-25 23:00:00,1,0,falso_negativo,382.0,123.0,1.3834516628777451,2.44,123.0,23.323333333333338,32.233333333333334,8.316666666666668,12.2,104.0,27.0,18.5,0.0,1013.4,74,4.1,21.1,5.2
2024-Q3,gaussian_naive_bayes,poluentes_brutos_meteorologia,2024-09-26 09:00:00,2024-09-26 10:00:00,0,1,falso_positivo,430.0,30.96666666666667,1.8245451604420635,1.4800000000000002,28.05,22.49333333333334,30.96666666666667,10.541666666666666,7.4,161.0,45.5,31.3,0.0,1014.8,53,11.7,24.8,7.8
2024-Q3,gaussian_naive_bayes,poluentes_brutos_meteorologia,2024-09-26 10:00:00,2024-09-26 11:00:00,0,1,falso_positivo,418.0,33.7,1.7988268377017895,1.26,33.7,23.26,32.01333333333334,10.816666666666668,6.3,179.0,45.4,31.3,0.0,1014.2,47,10.8,27.4,7.1
2024-Q3,gaussian_naive_bayes,poluentes_brutos_meteorologia,2024-09-26 11:00:00,2024-09-26 12:00:00,0,1,falso_positivo,402.0,43.16666666666666,1.761462482022524,0.94,43.16666666666666,23.94,32.940000000000005,11.041666666666666,4.7,204.0,43.7,30.2,0.0,1013.4,40,9.5,29.8,8.0
2024-Q3,gaussian_naive_bayes,poluentes_brutos_meteorologia,2024-09-26 21:00:00,2024-09-26 22:00:00,0,1,falso_positivo,343.0,114.83333333333331,1.3276477550450758,2.64,114.83333333333331,25.593333333333334,34.99333333333333,11.391666666666666,13.2,97.0,28.2,18.9,0.0,1010.7,45,3.3,25.6,10.0
2024-Q3,gaussian_naive_bayes,poluentes_brutos_meteorologia,2024-09-27 08:00:00,2024-09-27 09:00:00,0,1,falso_positivo,438.0,36.586666666666666,1.309208202891672,1.72,24.15,26.89333333333333,36.586666666666666,9.558333333333335,8.6,104.0,47.3,32.8,0.0,1014.3,71,6.2,22.9,3.6
2024-Q3,gaussian_naive_bayes,poluentes_brutos_meteorologia,2024-09-27 09:00:00,2024-09-27 10:00:00,0,1,falso_positivo,525.0,37.41333333333334,1.421301269929469,1.5,28.0,27.46333333333333,37.41333333333334,9.3,7.5,146.0,62.6,43.7,0.4,1014.9,70,8.6,23.4,2.3
2024-Q3,gaussian_naive_bayes,poluentes_brutos_meteorologia,2024-09-27 10:00:00,2024-09-27 11:00:00,0,1,falso_positivo,504.0,38.313333333333325,1.530968080104976,1.32,32.7,28.093333333333334,38.313333333333325,9.05,6.6,157.0,64.3,44.8,0.2,1013.7,68,7.8,23.5,11.9
2024-Q3,gaussian_naive_bayes,poluentes_brutos_meteorologia,2024-09-27 11:00:00,2024-09-27 12:00:00,0,1,falso_positivo,475.0,39.120000000000005,1.627533103224117,1.08,38.45,28.66333333333333,39.120000000000005,8.808333333333335,5.4,172.0,60.8,42.3,0.0,1013.7,54,6.6,27.3,7.4
2024-Q3,gaussian_naive_bayes,poluentes_brutos_meteorologia,2024-09-27 12:00:00,2024-09-27 13:00:00,0,1,falso_positivo,442.0,56.66666666666666,1.6969240494856104,0.94,56.66666666666666,29.14333333333333,39.78,8.575000000000001,4.7,178.0,55.8,38.4,1.0,1013.6,55,5.5,26.4,16.5
2024-Q3,gaussian_naive_bayes,poluentes_brutos_meteorologia,2024-09-27 13:00:00,2024-09-27 14:00:00,0,1,falso_positivo,405.0,78.66666666666666,1.730406394185212,0.98,78.66666666666666,29.506666666666668,40.29333333333334,8.341666666666667,4.9,169.0,50.6,34.8,0.1,1012.3,47,4.4,28.8,20.2
2024-Q3,gaussian_naive_bayes,poluentes_brutos_meteorologia,2024-09-27 16:00:00,2024-09-27 17:00:00,1,0,falso_negativo,310.0,110.16666666666666,1.628988857341491,1.2000000000000002,110.16666666666666,28.66666666666667,39.13999999999999,7.6833333333333345,6.0,115.0,13.4,8.8,0.1,1014.1,77,1.9,20.6,24.5
2024-Q3,gaussian_naive_bayes,poluentes_brutos_meteorologia,2024-09-29 14:00:00,2024-09-29 15:00:00,0,1,falso_positivo,224.0,36.85,0.7929007425963648,0.24,36.85,7.616666666666667,9.36,2.0166666666666675,1.2,120.0,21.3,13.1,0.0,1016.0,47,2.5,28.3,10.0
2024-Q3,gaussian_naive_bayes,poluentes_brutos_meteorologia,2024-09-30 12:00:00,2024-09-30 13:00:00,0,1,falso_positivo,291.0,33.65,0.9384761543337634,0.34,33.65,12.566666666666668,15.6,5.825,1.7,134.0,16.0,10.9,0.0,1017.3,47,3.4,28.2,7.4
2024-Q3,gaussian_naive_bayes,poluentes_brutos_meteorologia,2024-09-30 13:00:00,2024-09-30 14:00:00,0,1,falso_positivo,289.0,38.75,0.9986473245185548,0.32,38.75,12.483333333333334,15.553333333333336,5.916666666666668,1.6,143.0,17.2,11.6,0.0,1015.7,39,3.4,29.6,4.7
2024-Q3,gaussian_naive_bayes,poluentes_brutos_meteorologia,2024-09-30 14:00:00,2024-09-30 15:00:00,0,1,falso_positivo,284.0,53.83333333333333,1.0491134672541864,0.34,53.83333333333333,12.390000000000002,15.493333333333334,6.008333333333334,1.7,149.0,18.5,12.2,0.0,1014.4,33,3.6,30.6,2.2
2024-Q3,gaussian_naive_bayes,poluentes_brutos_meteorologia,2024-09-30 15:00:00,2024-09-30 16:00:00,0,1,falso_positivo,279.0,70.16666666666666,1.083566314698704,0.4,70.16666666666666,12.326666666666668,15.480000000000002,6.1000000000000005,2.0,153.0,20.2,13.0,0.0,1013.7,33,3.8,30.4,9.1
2024-Q3,gaussian_naive_bayes,poluentes_brutos_meteorologia,2024-09-30 16:00:00,2024-09-30 17:00:00,0,1,falso_positivo,273.0,82.66666666666667,1.098123855872444,0.52,82.66666666666667,12.296666666666669,15.533333333333337,6.183333333333334,2.6,153.0,21.3,13.6,0.0,1014.2,66,4.0,27.1,18.2
2024-Q3,gaussian_naive_bayes,poluentes_brutos_meteorologia,2024-09-30 17:00:00,2024-09-30 18:00:00,0,1,falso_positivo,266.0,91.5,1.092786090775406,0.7000000000000001,91.5,12.303333333333336,15.66,6.258333333333334,3.5,149.0,21.9,13.8,0.0,1014.3,69,4.3,24.6,17.8
2024-Q3,gaussian_naive_bayes,subindices_meteorologia,2024-07-03 16:00:00,2024-07-03 17:00:00,0,1,falso_positivo,247.0,69.0,1.1646032938991893,1.64,69.0,13.536666666666664,18.75333333333333,12.66666666666667,8.2,126.0,16.6,11.5,0.0,1016.1,37,5.2,24.1,12.3
2024-Q3,gaussian_naive_bayes,subindices_meteorologia,2024-07-17 17:00:00,2024-07-17 18:00:00,0,1,falso_positivo,288.0,93.0,0.9268301213947716,2.44,93.0,14.463333333333331,19.793333333333333,11.758333333333333,12.2,145.0,31.0,21.4,0.0,1022.3,66,9.2,20.1,5.6
2024-Q3,gaussian_naive_bayes,subindices_meteorologia,2024-07-17 18:00:00,2024-07-17 19:00:00,0,1,falso_positivo,319.0,99.5,0.9700174935435332,3.48,99.5,15.22,20.860000000000003,12.308333333333332,17.4,124.0,32.4,22.4,0.0,1022.1,72,9.1,17.7,6.5
2024-Q3,gaussian_naive_bayes,subindices_meteorologia,2024-07-17 19:00:00,2024-07-17 20:00:00,0,1,falso_positivo,357.0,98.5,1.0364969315702786,4.5200000000000005,98.5,16.0,21.96666666666667,12.85,22.6,103.0,33.5,23.3,0.0,1022.2,71,8.9,17.3,6.3
2024-Q3,gaussian_naive_bayes,subindices_meteorologia,2024-07-18 13:00:00,2024-07-18 14:00:00,0,1,falso_positivo,246.0,72.66666666666666,2.647531488130824,0.4,72.66666666666666,37.06333333333334,51.61333333333333,20.466666666666665,2.0,171.0,37.7,25.4,0.0,1022.6,53,9.8,22.8,6.9
2024-Q3,gaussian_naive_bayes,subindices_meteorologia,2024-07-18 17:00:00,2024-07-18 18:00:00,0,1,falso_positivo,204.0,107.16666666666666,1.2267154695738127,1.34,107.16666666666666,36.89333333333334,51.16666666666667,19.116666666666667,6.7,100.0,20.5,13.5,0.0,1023.0,91,3.2,17.1,16.5
2024-Q3,gaussian_naive_bayes,subindices_meteorologia,2024-07-18 18:00:00,2024-07-18 19:00:00,0,1,falso_positivo,200.0,94.0,1.0088376033401727,1.7000000000000002,94.0,36.4,50.45333333333333,18.575,8.5,78.0,17.6,11.7,0.0,1023.4,99,2.6,15.4,14.8
2024-Q3,gaussian_naive_bayes,subindices_meteorologia,2024-07-18 19:00:00,2024-07-18 20:00:00,0,1,falso_positivo,204.0,75.83333333333333,0.8875247602256738,1.98,75.83333333333333,35.82333333333334,49.62,18.008333333333333,9.9,61.0,16.2,10.8,0.0,1024.1,99,2.1,15.0,13.6
2024-Q3,gaussian_naive_bayes,subindices_meteorologia,2024-07-22 13:00:00,2024-07-22 14:00:00,1,0,falso_negativo,352.0,63.0,1.664412207530925,1.1,63.0,19.166666666666668,26.19333333333333,14.425000000000002,5.5,232.0,55.4,38.5,0.0,1022.8,44,20.7,24.0,9.5
2024-Q3,gaussian_naive_bayes,subindices_meteorologia,2024-07-23 00:00:00,2024-07-23 01:00:00,0,1,falso_positivo,719.0,115.0,2.2438023462457712,5.4,115.0,37.08333333333334,51.626666666666665,23.316666666666663,27.0,106.0,71.0,49.7,0.0,1024.8,83,8.2,13.9,1.3
2024-Q3,gaussian_naive_bayes,subindices_meteorologia,2024-07-23 01:00:00,2024-07-23 02:00:00,0,1,falso_positivo,722.0,91.16666666666669,2.3918040148454605,5.1000000000000005,91.16666666666669,38.863333333333344,54.126666666666665,23.60833333333333,25.5,93.0,70.3,49.1,0.0,1024.4,85,8.0,12.7,1.8
2024-Q3,gaussian_naive_bayes,subindices_meteorologia,2024-07-23 02:00:00,2024-07-23 03:00:00,0,1,falso_positivo,716.0,69.5,2.528159650506157,4.62,69.5,40.516666666666666,56.44,23.8,23.1,78.0,68.5,47.8,0.0,1024.2,90,7.8,10.8,5.0
2024-Q3,gaussian_naive_bayes,subindices_meteorologia,2024-07-23 03:00:00,2024-07-23 04:00:00,0,1,falso_positivo,709.0,58.54666666666666,2.63637070656429,4.220000000000001,50.16666666666666,42.016666666666666,58.54666666666666,23.90833333333333,21.1,64.0,65.9,46.1,0.0,1024.1,84,7.5,12.5,3.3
2024-Q3,gaussian_naive_bayes,subindices_meteorologia,2024-07-23 04:00:00,2024-07-23 05:00:00,0,1,falso_positivo,713.0,60.36,2.714010926157569,4.04,37.95,43.31,60.36,23.975,20.2,48.0,61.9,43.3,0.0,1024.0,86,7.1,12.2,2.3
2024-Q3,gaussian_naive_bayes,subindices_meteorologia,2024-07-23 05:00:00,2024-07-23 06:00:00,0,1,falso_positivo,717.0,62.00666666666668,2.7479785222296287,3.92,33.1,44.48333333333333,62.00666666666668,24.0,19.6,33.0,60.1,42.0,0.0,1024.1,94,6.6,10.3,3.1
2024-Q3,gaussian_naive_bayes,subindices_meteorologia,2024-07-23 06:00:00,2024-07-23 07:00:00,0,1,falso_positivo,695.0,63.513333333333335,2.7605950579135365,3.68,28.450000000000003,45.556666666666665,63.513333333333335,23.975,18.4,31.0,58.7,41.1,0.0,1024.6,94,6.4,10.3,2.1
2024-Q3,gaussian_naive_bayes,subindices_meteorologia,2024-07-23 07:00:00,2024-07-23 08:00:00,0,1,falso_positivo,630.0,64.83333333333334,2.727597964586393,3.2,25.3,46.50000000000001,64.83333333333334,23.883333333333336,16.0,53.0,57.6,40.3,0.0,1025.1,95,6.8,9.9,1.5
2024-Q3,gaussian_naive_bayes,subindices_meteorologia,2024-07-23 08:00:00,2024-07-23 09:00:00,0,1,falso_positivo,539.0,65.94,2.640252717543954,2.6,24.35,47.29333333333334,65.94,23.7,13.0,87.0,59.0,41.2,0.0,1025.8,94,7.5,10.7,2.6
2024-Q3,gaussian_naive_bayes,subindices_meteorologia,2024-07-23 09:00:00,2024-07-23 10:00:00,0,1,falso_positivo,428.0,66.26,2.497588814041303,1.98,25.1,47.52666666666666,66.26,23.03333333333333,9.9,108.0,52.2,36.3,0.0,1026.4,83,6.0,13.8,0.7
2024-Q3,gaussian_naive_bayes,subindices_meteorologia,2024-07-23 10:00:00,2024-07-23 11:00:00,0,1,falso_positivo,360.0,66.04666666666665,2.3248393254462565,1.5,26.8,47.38333333333333,66.04666666666665,22.1,7.5,112.0,38.1,26.4,0.0,1027.6,72,5.0,16.0,2.9
2024-Q3,gaussian_naive_bayes,subindices_meteorologia,2024-07-23 11:00:00,2024-07-23 12:00:00,0,1,falso_positivo,267.0,65.30666666666666,2.110358218819823,0.86,29.5,46.86333333333334,65.30666666666666,20.808333333333334,4.3,118.0,28.1,19.4,0.0,1027.1,59,3.7,19.0,4.1
2024-Q3,gaussian_naive_bayes,subindices_meteorologia,2024-07-23 12:00:00,2024-07-23 13:00:00,0,1,falso_positivo,202.0,64.08666666666667,1.8623947674937869,0.38,33.25,45.99666666666667,64.08666666666667,19.28333333333333,1.9,123.0,23.2,16.0,0.0,1026.1,46,2.7,21.0,4.1
2024-Q3,gaussian_naive_bayes,subindices_meteorologia,2024-07-23 13:00:00,2024-07-23 14:00:00,0,1,falso_positivo,188.0,62.52,1.6056967914635074,0.2,38.05,44.876666666666665,62.52,17.75,1.0,129.0,21.8,15.0,0.0,1025.3,40,2.3,22.3,3.4
2024-Q3,gaussian_naive_bayes,subindices_meteorologia,2024-07-23 14:00:00,2024-07-23 15:00:00,0,1,falso_positivo,203.0,60.766666666666666,1.3669531162141737,0.2,50.83333333333333,43.620000000000005,60.766666666666666,16.333333333333332,1.0,135.0,22.1,15.3,0.0,1024.1,39,2.3,23.0,4.7
2024-Q3,gaussian_naive_bayes,subindices_meteorologia,2024-07-23 15:00:00,2024-07-23 16:00:00,0,1,falso_positivo,227.0,64.83333333333333,1.1713968131136012,0.42,64.83333333333333,42.38,59.04666666666667,15.058333333333335,2.1,137.0,24.0,16.6,0.0,1023.6,40,2.4,23.2,6.3
2024-Q3,gaussian_naive_bayes,subindices_meteorologia,2024-07-23 16:00:00,2024-07-23 17:00:00,0,1,falso_positivo,260.0,72.66666666666666,1.0360116801978203,0.96,72.66666666666666,41.31,57.57333333333332,13.95,4.8,134.0,26.9,18.6,0.0,1023.5,46,2.6,22.5,8.5
2024-Q3,gaussian_naive_bayes,subindices_meteorologia,2024-07-23 17:00:00,2024-07-23 18:00:00,0,1,falso_positivo,303.0,76.0,0.975355258640571,1.7000000000000002,76.0,40.443333333333335,56.373333333333335,13.041666666666666,8.5,128.0,30.3,20.9,0.0,1023.8,56,3.0,20.4,9.7
2024-Q3,gaussian_naive_bayes,subindices_meteorologia,2024-07-23 18:00:00,2024-07-23 19:00:00,0,1,falso_positivo,340.0,77.5,0.9656502311914112,2.34,77.5,39.71,55.36,12.266666666666666,11.7,121.0,33.2,22.9,0.0,1023.8,62,3.1,17.4,13.2
2024-Q3,gaussian_naive_bayes,subindices_meteorologia,2024-07-23 19:00:00,2024-07-23 20:00:00,0,1,falso_positivo,366.0,76.66666666666666,1.0136901170647528,2.8200000000000003,76.66666666666666,38.99333333333334,54.35333333333333,11.508333333333336,14.1,113.0,34.1,23.7,0.0,1023.8,68,2.8,16.2,11.5
2024-Q3,gaussian_naive_bayes,subindices_meteorologia,2024-07-23 20:00:00,2024-07-23 21:00:00,0,1,falso_positivo,387.0,73.5,1.103461620969482,3.2,73.5,38.15333333333333,53.17999999999999,10.708333333333334,16.0,104.0,33.9,23.6,0.0,1024.1,69,2.2,15.5,10.7
2024-Q3,gaussian_naive_bayes,subindices_meteorologia,2024-07-25 14:00:00,2024-07-25 15:00:00,0,1,falso_positivo,233.0,70.66666666666666,1.4717674126651006,0.54,70.66666666666666,20.426666666666662,28.08666666666667,18.09166666666667,2.7,189.0,26.4,18.4,0.0,1020.3,34,10.2,24.6,11.5
2024-Q3,gaussian_naive_bayes,subindices_meteorologia,2024-07-25 22:00:00,2024-07-25 23:00:00,0,1,falso_positivo,675.0,115.83333333333331,1.761462482022524,8.16,115.83333333333331,27.60333333333334,38.313333333333325,19.10833333333333,40.8,101.0,59.8,41.6,0.0,1020.7,83,12.8,16.4,3.4
2024-Q3,gaussian_naive_bayes,subindices_meteorologia,2024-07-26 11:00:00,2024-07-26 12:00:00,0,1,falso_positivo,396.0,53.04666666666667,2.944020076702659,1.7600000000000002,32.75,38.11333333333333,53.04666666666667,23.008333333333336,8.8,149.0,30.3,21.2,0.0,1022.3,54,10.7,21.6,6.0
2024-Q3,gaussian_naive_bayes,subindices_meteorologia,2024-07-26 12:00:00,2024-07-26 13:00:00,0,1,falso_positivo,251.0,53.21333333333333,2.656751264207526,0.54,39.1,38.23,53.21333333333333,22.933333333333337,2.7,159.0,27.1,18.9,0.0,1021.1,46,10.2,23.3,4.0
2024-Q3,gaussian_naive_bayes,subindices_meteorologia,2024-07-26 13:00:00,2024-07-26 14:00:00,0,1,falso_positivo,211.0,61.33333333333333,2.341337872109829,0.16,61.33333333333333,38.306666666666665,53.32666666666667,22.883333333333336,0.8,169.0,27.4,19.2,0.0,1020.0,37,10.0,24.3,2.4
2024-Q3,gaussian_naive_bayes,subindices_meteorologia,2024-07-26 22:00:00,2024-07-26 23:00:00,0,1,falso_positivo,419.0,109.66666666666666,1.4805019373693444,2.78,109.66666666666666,36.6,50.96666666666667,22.23333333333333,13.9,129.0,41.6,28.7,0.0,1020.9,60,8.6,15.6,9.1
2024-Q3,gaussian_naive_bayes,subindices_meteorologia,2024-07-26 23:00:00,2024-07-27 00:00:00,0,1,falso_positivo,396.0,100.0,1.54698137539609,2.66,100.0,35.873333333333335,49.946666666666665,21.791666666666668,13.3,122.0,38.3,26.5,0.0,1021.3,68,7.7,14.5,7.7
2024-Q3,gaussian_naive_bayes,subindices_meteorologia,2024-07-27 00:00:00,2024-07-27 01:00:00,0,1,falso_positivo,375.0,89.83333333333333,1.5814342228406075,2.5600000000000005,89.83333333333333,35.04333333333334,48.78,21.275,12.8,111.0,34.2,23.7,0.0,1021.3,61,6.8,15.8,6.1
2024-Q3,gaussian_naive_bayes,subindices_meteorologia,2024-07-27 01:00:00,2024-07-27 02:00:00,0,1,falso_positivo,357.0,79.16666666666666,1.5775522118609435,2.44,79.16666666666666,34.14333333333334,47.52,20.7,12.2,95.0,31.0,21.5,0.0,1021.1,60,5.9,16.0,5.7
2024-Q3,gaussian_naive_bayes,subindices_meteorologia,2024-07-27 02:00:00,2024-07-27 03:00:00,0,1,falso_positivo,341.0,67.0,1.543584615788884,2.3000000000000003,67.0,33.17333333333333,46.16,20.066666666666663,11.5,76.0,28.1,19.5,0.0,1020.8,68,4.9,14.3,7.6
2024-Q3,gaussian_naive_bayes,subindices_meteorologia,2024-07-28 16:00:00,2024-07-28 17:00:00,0,1,falso_positivo,280.0,72.0,0.8918920225777959,1.4400000000000002,72.0,16.73,23.066666666666663,10.95,7.2,179.0,35.3,24.1,0.0,1018.1,33,6.8,26.8,14.5
2024-Q3,gaussian_naive_bayes,subindices_meteorologia,2024-07-28 23:00:00,2024-07-29 00:00:00,0,1,falso_positivo,731.0,105.16666666666666,2.032717999226544,6.300000000000001,105.16666666666666,25.180000000000007,34.586666666666666,13.85,31.5,95.0,66.4,45.6,0.0,1020.6,69,11.6,18.3,5.0
2024-Q3,gaussian_naive_bayes,subindices_meteorologia,2024-07-29 09:00:00,2024-07-29 10:00:00,0,1,falso_positivo,627.0,54.88000000000001,2.719833942627065,2.3000000000000003,31.700000000000003,39.79333333333334,54.88000000000001,20.008333333333336,11.5,174.0,82.4,57.0,0.0,1021.8,73,23.0,19.3,4.3
2024-Q3,gaussian_naive_bayes,subindices_meteorologia,2024-07-29 10:00:00,2024-07-29 11:00:00,0,1,falso_positivo,550.0,56.86666666666666,2.622783668135466,1.82,38.55,41.23,56.86666666666666,21.241666666666667,9.1,183.0,68.9,47.6,0.0,1022.3,61,21.0,20.9,3.4
2024-Q3,gaussian_naive_bayes,subindices_meteorologia,2024-07-29 11:00:00,2024-07-29 12:00:00,0,1,falso_positivo,442.0,61.16666666666666,2.475752502280693,1.14,61.16666666666666,42.50666666666667,58.63333333333334,22.34166666666667,5.7,196.0,57.0,39.5,0.0,1021.7,54,18.2,22.7,1.4
2024-Q3,gaussian_naive_bayes,subindices_meteorologia,2024-07-29 19:00:00,2024-07-29 20:00:00,0,1,falso_positivo,277.0,107.33333333333331,1.0956975990101538,1.32,107.33333333333331,43.41000000000001,59.98,23.508333333333336,6.6,110.0,29.8,20.6,0.0,1022.4,84,4.3,16.3,15.3
2024-Q3,gaussian_naive_bayes,subindices_meteorologia,2024-07-29 20:00:00,2024-07-29 21:00:00,0,1,falso_positivo,270.0,91.5,1.0554217350961403,1.08,91.5,42.49333333333333,58.75333333333335,22.95,5.4,105.0,28.6,19.8,0.0,1022.9,85,3.1,15.7,14.2
2024-Q3,gaussian_naive_bayes,subindices_meteorologia,2024-07-29 21:00:00,2024-07-29 22:00:00,0,1,falso_positivo,248.0,74.16666666666666,1.0292181609834086,0.94,74.16666666666666,40.99333333333333,56.7,22.141666666666666,4.7,85.0,15.5,10.8,0.0,1023.4,89,1.6,15.3,14.3
2024-Q3,gaussian_naive_bayes,subindices_meteorologia,2024-07-29 22:00:00,2024-07-29 23:00:00,0,1,falso_positivo,244.0,59.5,1.016116373927043,0.92,59.5,39.333333333333336,54.43333333333334,21.325,4.6,83.0,14.9,10.4,0.0,1024.8,87,1.6,15.5,10.8
2024-Q3,gaussian_naive_bayes,subindices_meteorologia,2024-08-05 20:00:00,2024-08-05 21:00:00,0,1,falso_positivo,329.0,90.5,0.8428816339595383,2.12,90.5,11.64,15.726666666666668,7.258333333333334,10.6,155.0,31.4,21.2,0.0,1020.5,82,4.1,18.9,7.9
2024-Q3,gaussian_naive_bayes,subindices_meteorologia,2024-08-05 21:00:00,2024-08-05 22:00:00,0,1,falso_positivo,343.0,94.16666666666669,0.9569157064871672,2.68,94.16666666666669,12.053333333333333,16.313333333333333,7.275000000000001,13.4,126.0,27.2,18.6,0.0,1020.9,84,3.6,18.8,3.6
2024-Q3,gaussian_naive_bayes,subindices_meteorologia,2024-08-05 22:00:00,2024-08-05 23:00:00,0,1,falso_positivo,345.0,95.33333333333331,1.0641562598003842,2.74,95.33333333333331,12.466666666666669,16.893333333333334,7.300000000000001,13.7,122.0,27.2,18.6,0.0,1021.3,91,3.7,17.1,5.6
2024-Q3,gaussian_naive_bayes,subindices_meteorologia,2024-08-05 23:00:00,2024-08-06 00:00:00,0,1,falso_positivo,348.0,93.66666666666669,1.1602360315470674,2.8000000000000003,93.66666666666669,12.856666666666667,17.44,7.341666666666668,14.0,116.0,26.3,18.0,0.0,1021.5,85,3.8,16.8,5.6
2024-Q3,gaussian_naive_bayes,subindices_meteorologia,2024-08-10 00:00:00,2024-08-10 01:00:00,0,1,falso_positivo,225.0,45.11333333333333,1.0384379370601104,1.3,21.05,33.083333333333336,45.11333333333333,15.525,6.5,51.0,15.1,10.2,5.2,1018.2,94,2.7,14.6,15.5
2024-Q3,gaussian_naive_bayes,subindices_meteorologia,2024-08-11 16:00:00,2024-08-11 17:00:00,0,1,falso_positivo,319.0,64.66666666666666,1.1830428460525932,1.8,64.66666666666666,31.62333333333333,43.58,13.366666666666667,9.0,139.0,37.1,26.0,0.0,1016.6,50,8.1,18.5,4.5
2024-Q3,gaussian_naive_bayes,subindices_meteorologia,2024-08-11 17:00:00,2024-08-11 18:00:00,0,1,falso_positivo,361.0,73.66666666666666,1.169455807623769,3.18,73.66666666666666,32.13333333333334,44.36666666666667,13.758333333333336,15.9,117.0,37.7,26.3,0.0,1016.9,59,7.7,17.5,5.4
2024-Q3,gaussian_naive_bayes,subindices_meteorologia,2024-08-11 18:00:00,2024-08-11 19:00:00,0,1,falso_positivo,408.0,76.16666666666666,1.197115135853875,4.44,76.16666666666666,32.75333333333334,45.3,14.108333333333334,22.2,95.0,41.1,28.7,0.0,1017.3,56,7.5,15.1,10.1
2024-Q3,gaussian_naive_bayes,subindices_meteorologia,2024-08-15 16:00:00,2024-08-15 17:00:00,0,1,falso_positivo,244.0,80.5,0.9865160402071048,1.16,80.5,14.483333333333334,18.58666666666667,12.391666666666667,5.8,145.0,20.9,13.1,0.0,1018.3,43,6.5,25.4,1.3
2024-Q3,gaussian_naive_bayes,subindices_meteorologia,2024-08-15 17:00:00,2024-08-15 18:00:00,0,1,falso_positivo,263.0,89.33333333333333,0.9666207339363272,2.18,89.33333333333333,14.746666666666668,18.98,12.591666666666669,10.9,127.0,21.8,13.4,0.0,1018.6,70,6.4,23.2,4.1
2024-Q3,gaussian_naive_bayes,subindices_meteorologia,2024-08-15 18:00:00,2024-08-15 19:00:00,0,1,falso_positivo,289.0,92.0,0.9680764880537012,3.16,92.0,15.043333333333337,19.44666666666667,12.733333333333334,15.8,110.0,23.9,15.1,0.0,1019.2,81,6.1,18.5,6.9
2024-Q3,gaussian_naive_bayes,subindices_meteorologia,2024-08-16 22:00:00,2024-08-16 23:00:00,0,1,falso_positivo,539.0,107.16666666666666,1.6716909781177949,6.0,107.16666666666666,32.013333333333335,44.266666666666666,16.966666666666665,30.0,81.0,43.8,30.2,0.0,1019.6,73,8.0,19.9,4.1
2024-Q3,gaussian_naive_bayes,subindices_meteorologia,2024-08-16 23:00:00,2024-08-17 00:00:00,0,1,falso_positivo,566.0,82.33333333333333,1.7949448267221255,6.28,82.33333333333333,32.36333333333334,44.773333333333326,17.216666666666665,31.4,65.0,44.8,31.0,0.0,1019.9,73,8.0,19.3,5.5
2024-Q3,gaussian_naive_bayes,subindices_meteorologia,2024-08-17 12:00:00,2024-08-17 13:00:00,0,1,falso_positivo,278.0,46.72666666666667,2.2928127348640293,0.52,37.15,33.65,46.72666666666667,17.941666666666666,2.6,140.0,18.2,12.4,0.0,1019.7,43,4.9,26.9,5.9
2024-Q3,gaussian_naive_bayes,subindices_meteorologia,2024-08-17 13:00:00,2024-08-17 14:00:00,0,1,falso_positivo,251.0,50.66666666666666,2.089007158431671,0.16,50.66666666666666,33.29333333333334,46.21333333333334,17.416666666666668,0.8,141.0,22.6,15.5,0.0,1018.3,35,3.9,28.2,5.1
2024-Q3,gaussian_naive_bayes,subindices_meteorologia,2024-08-17 14:00:00,2024-08-17 15:00:00,0,1,falso_positivo,272.0,69.83333333333333,1.8885983416065188,0.08,69.83333333333333,32.95333333333334,45.72666666666667,16.8,0.4,141.0,25.2,17.3,0.0,1017.5,28,3.1,28.9,1.8
2024-Q3,gaussian_naive_bayes,subindices_meteorologia,2024-08-17 15:00:00,2024-08-17 16:00:00,0,1,falso_positivo,301.0,83.33333333333333,1.6877042734089087,0.4,83.33333333333333,32.53666666666666,45.14,16.133333333333336,2.0,138.0,25.7,17.8,0.0,1016.7,26,2.6,29.0,1.5
2024-Q3,gaussian_naive_bayes,subindices_meteorologia,2024-08-17 16:00:00,2024-08-17 17:00:00,0,1,falso_positivo,331.0,88.0,1.4872954565837564,1.36,88.0,32.03,44.42666666666666,15.491666666666667,6.8,130.0,25.9,17.9,0.0,1016.9,28,2.7,28.4,3.3
2024-Q3,gaussian_naive_bayes,subindices_meteorologia,2024-08-17 17:00:00,2024-08-17 18:00:00,0,1,falso_positivo,371.0,86.33333333333333,1.3383232852391516,2.72,86.33333333333333,31.563333333333333,43.78666666666668,14.916666666666666,13.6,119.0,28.3,19.7,0.0,1017.1,51,3.1,25.0,5.1
2024-Q3,gaussian_naive_bayes,subindices_meteorologia,2024-08-17 18:00:00,2024-08-17 19:00:00,0,1,falso_positivo,404.0,82.16666666666667,1.2631093225081624,3.86,82.16666666666667,31.133333333333333,43.193333333333335,14.416666666666666,19.3,107.0,31.9,22.2,0.0,1017.4,51,3.5,20.6,9.4
2024-Q3,gaussian_naive_bayes,subindices_meteorologia,2024-08-17 19:00:00,2024-08-17 20:00:00,0,1,falso_positivo,425.0,75.0,1.2776668636819024,4.5,75.0,30.736666666666668,42.64666666666667,13.983333333333334,22.5,94.0,32.7,22.8,0.0,1017.8,46,3.8,19.9,6.3
2024-Q3,gaussian_naive_bayes,subindices_meteorologia,2024-08-18 15:00:00,2024-08-18 16:00:00,0,1,falso_positivo,277.0,58.33333333333333,1.5887129934274775,0.42,58.33333333333333,23.573333333333338,32.76,9.091666666666669,2.1,132.0,24.6,17.0,0.0,1017.1,28,3.7,28.2,7.1
2024-Q3,gaussian_naive_bayes,subindices_meteorologia,2024-08-18 16:00:00,2024-08-18 17:00:00,0,1,falso_positivo,311.0,64.83333333333333,1.3921861875819892,1.2000000000000002,64.83333333333333,23.61,32.806666666666665,9.208333333333334,6.0,129.0,27.0,18.6,0.0,1016.7,30,4.1,27.8,6.0
2024-Q3,gaussian_naive_bayes,subindices_meteorologia,2024-08-18 17:00:00,2024-08-18 18:00:00,0,1,falso_positivo,358.0,67.0,1.2592273115284984,2.24,67.0,23.673333333333336,32.873333333333335,9.325,11.2,121.0,30.2,20.7,0.0,1016.9,49,4.5,26.5,3.3
2024-Q3,gaussian_naive_bayes,subindices_meteorologia,2024-08-19 15:00:00,2024-08-19 16:00:00,0,1,falso_positivo,289.0,70.0,1.332015017397198,0.7400000000000001,70.0,21.766666666666666,30.113333333333333,11.216666666666669,3.7,183.0,30.3,21.0,0.0,1015.6,36,6.0,28.3,2.7
2024-Q3,gaussian_naive_bayes,subindices_meteorologia,2024-08-20 10:00:00,2024-08-20 11:00:00,0,1,falso_positivo,604.0,53.06,3.325427655454644,2.8600000000000003,32.0,38.24666666666666,53.06,21.433333333333334,14.3,200.0,61.9,42.8,0.0,1021.8,55,14.1,22.6,4.7
2024-Q3,gaussian_naive_bayes,subindices_meteorologia,2024-08-20 11:00:00,2024-08-20 12:00:00,0,1,falso_positivo,489.0,54.41333333333333,3.102212024123965,1.72,45.333333333333336,39.21666666666667,54.41333333333333,21.991666666666664,8.6,218.0,55.1,38.2,0.0,1021.2,47,12.5,25.1,3.9
2024-Q3,gaussian_naive_bayes,subindices_meteorologia,2024-08-20 20:00:00,2024-08-20 21:00:00,0,1,falso_positivo,391.0,112.16666666666666,1.4431375816900789,1.94,112.16666666666666,39.07666666666667,54.086666666666666,20.591666666666665,9.7,92.0,29.6,20.3,0.0,1020.6,85,2.6,16.7,8.7
2024-Q3,gaussian_naive_bayes,subindices_meteorologia,2024-08-20 21:00:00,2024-08-20 22:00:00,0,1,falso_positivo,430.0,90.66666666666669,1.4751641722723066,2.14,90.66666666666669,38.11666666666667,52.74,19.85,10.7,91.0,30.5,20.8,0.0,1021.7,93,2.7,15.1,5.9
2024-Q3,gaussian_naive_bayes,subindices_meteorologia,2024-08-20 22:00:00,2024-08-20 23:00:00,0,1,falso_positivo,424.0,71.0,1.5101022710892822,2.14,71.0,37.00666666666667,51.17999999999999,19.08333333333333,10.7,85.0,28.6,19.6,0.0,1022.2,91,2.9,15.7,6.2
2024-Q3,gaussian_naive_bayes,subindices_meteorologia,2024-08-21 15:00:00,2024-08-21 16:00:00,0,1,falso_positivo,258.0,62.83333333333333,1.1607212829195257,0.26,62.83333333333333,22.10333333333333,30.12,4.775000000000001,1.3,126.0,23.9,16.0,0.0,1017.0,28,1.2,27.5,11.7
2024-Q3,gaussian_naive_bayes,subindices_meteorologia,2024-08-21 16:00:00,2024-08-21 17:00:00,0,1,falso_positivo,261.0,68.0,1.1194749162605957,0.58,68.0,21.79,29.673333333333336,4.558333333333335,2.9,116.0,23.4,15.5,0.0,1016.5,28,1.1,27.5,8.8
2024-Q3,gaussian_naive_bayes,subindices_meteorologia,2024-08-21 17:00:00,2024-08-21 18:00:00,0,1,falso_positivo,271.0,68.66666666666666,1.093271342147864,1.06,68.66666666666666,21.416666666666668,29.146666666666665,4.416666666666667,5.3,102.0,23.3,15.3,0.0,1016.4,42,1.2,25.0,5.7
2024-Q3,gaussian_naive_bayes,subindices_meteorologia,2024-08-22 15:00:00,2024-08-22 16:00:00,0,1,falso_positivo,264.0,76.66666666666666,1.283975131523856,0.44,76.66666666666666,16.096666666666668,22.126666666666665,7.866666666666668,2.2,163.0,21.0,14.7,0.0,1013.9,27,3.9,30.0,10.2
2024-Q3,gaussian_naive_bayes,subindices_meteorologia,2024-08-22 19:00:00,2024-08-22 20:00:00,0,1,falso_positivo,383.0,102.66666666666666,1.1908068680119213,3.1,102.66666666666666,16.186666666666667,22.406666666666663,8.9,15.5,109.0,24.3,16.5,0.0,1014.2,47,4.8,21.8,8.5
2024-Q3,gaussian_naive_bayes,subindices_meteorologia,2024-08-22 20:00:00,2024-08-22 21:00:00,0,1,falso_positivo,388.0,91.83333333333331,1.2403025080026366,3.38,91.83333333333331,16.266666666666666,22.520000000000003,9.1,16.9,90.0,23.1,15.8,0.0,1015.0,49,4.9,20.8,8.7
2024-Q3,gaussian_naive_bayes,subindices_meteorologia,2024-08-23 19:00:00,2024-08-23 20:00:00,0,1,falso_positivo,351.0,70.5,0.9360498974714734,2.6,70.5,14.416666666666666,19.9,6.766666666666667,13.0,116.0,29.2,18.9,0.0,1010.4,36,2.4,24.4,12.6
2024-Q3,gaussian_naive_bayes,subindices_meteorologia,2024-08-30 13:00:00,2024-08-30 14:00:00,0,1,falso_positivo,234.0,65.5,1.6013295291113854,0.26,65.5,21.096666666666668,28.680000000000003,14.125000000000002,1.3,180.0,16.8,11.7,0.0,1021.1,31,6.1,26.6,3.6
2024-Q3,gaussian_naive_bayes,subindices_meteorologia,2024-08-30 21:00:00,2024-08-30 22:00:00,0,1,falso_positivo,392.0,117.83333333333331,1.2538895464314606,4.0200000000000005,117.83333333333331,22.74666666666667,31.37333333333333,14.183333333333335,20.1,87.0,28.6,19.5,0.0,1020.0,48,5.3,17.1,7.7
2024-Q3,gaussian_naive_bayes,subindices_meteorologia,2024-08-30 22:00:00,2024-08-30 23:00:00,0,1,falso_positivo,401.0,98.0,1.325221498182786,4.0600000000000005,98.0,22.840000000000003,31.5,14.066666666666668,20.3,79.0,27.8,19.0,0.0,1020.4,51,5.0,16.0,9.8
2024-Q3,gaussian_naive_bayes,subindices_meteorologia,2024-08-31 13:00:00,2024-08-31 14:00:00,0,1,falso_positivo,238.0,79.16666666666666,1.309208202891672,0.3,79.16666666666666,22.55,30.880000000000003,11.183333333333335,1.5,171.0,23.9,15.9,0.0,1020.6,32,2.6,27.2,2.7
2024-Q3,gaussian_naive_bayes,subindices_meteorologia,2024-08-31 20:00:00,2024-08-31 21:00:00,0,1,falso_positivo,287.0,102.33333333333331,0.9549747009973352,2.5,102.33333333333331,22.41333333333333,30.453333333333337,8.500000000000002,12.5,99.0,24.8,16.9,0.0,1019.8,82,2.1,15.8,6.0
2024-Q3,gaussian_naive_bayes,subindices_meteorologia,2024-08-31 21:00:00,2024-08-31 22:00:00,0,1,falso_positivo,289.0,88.16666666666667,0.979722520992693,2.66,88.16666666666667,22.37333333333333,30.41333333333334,8.200000000000001,13.3,86.0,27.4,18.9,0.0,1020.4,90,1.7,14.2,7.5
2024-Q3,gaussian_naive_bayes,subindices_meteorologia,2024-09-01 13:00:00,2024-09-01 14:00:00,0,1,falso_positivo,204.0,56.5,1.1723673158585173,0.38,56.5,23.410000000000004,32.153333333333336,4.908333333333334,1.9,178.0,19.6,13.6,0.0,1016.5,22,5.6,30.3,12.6
2024-Q3,gaussian_naive_bayes,subindices_meteorologia,2024-09-01 14:00:00,2024-09-01 15:00:00,0,1,falso_positivo,194.0,77.66666666666666,1.1058878778317718,0.36,77.66666666666666,23.256666666666664,31.993333333333336,5.141666666666667,1.8,176.0,19.8,13.8,0.0,1015.4,22,4.8,30.5,16.2
2024-Q3,gaussian_naive_bayes,subindices_meteorologia,2024-09-01 19:00:00,2024-09-01 20:00:00,0,1,falso_positivo,331.0,113.83333333333331,0.9375056515888476,3.92,113.83333333333331,23.023333333333333,31.926666666666662,6.558333333333334,19.6,107.0,24.9,17.3,0.0,1014.8,46,5.7,21.4,7.5
2024-Q3,gaussian_naive_bayes,subindices_meteorologia,2024-09-01 20:00:00,2024-09-01 21:00:00,0,1,falso_positivo,364.0,98.33333333333331,1.0044703409880509,4.34,98.33333333333331,22.97666666666667,31.88666666666667,6.858333333333334,21.7,79.0,23.4,16.3,0.0,1015.3,48,5.7,20.2,7.7
2024-Q3,gaussian_naive_bayes,subindices_meteorologia,2024-09-02 12:00:00,2024-09-02 13:00:00,0,1,falso_positivo,316.0,69.16666666666666,1.212643179772531,0.68,69.16666666666666,26.99666666666667,36.61333333333333,12.675,3.4,161.0,65.9,44.6,0.0,1015.7,45,6.8,26.8,8.4
2024-Q3,gaussian_naive_bayes,subindices_meteorologia,2024-09-02 13:00:00,2024-09-02 14:00:00,0,1,falso_positivo,316.0,84.33333333333333,1.215069436634821,0.6000000000000001,84.33333333333333,28.523333333333337,38.64666666666667,12.733333333333334,3.0,163.0,65.4,44.1,0.0,1014.3,41,6.3,28.2,11.9
2024-Q3,gaussian_naive_bayes,subindices_meteorologia,2024-09-02 17:00:00,2024-09-02 18:00:00,0,1,falso_positivo,275.0,105.0,1.201967649578455,1.14,105.0,32.653333333333336,43.97333333333333,12.65,5.7,112.0,41.8,27.3,0.0,1014.4,83,3.1,18.9,15.6
2024-Q3,gaussian_naive_bayes,subindices_meteorologia,2024-09-02 18:00:00,2024-09-02 19:00:00,0,1,falso_positivo,257.0,96.0,1.1699410589962271,1.2800000000000002,96.0,32.99333333333333,44.34666666666666,12.383333333333333,6.4,91.0,35.3,23.0,0.0,1014.8,91,2.3,17.1,11.1
2024-Q3,gaussian_naive_bayes,subindices_meteorologia,2024-09-02 19:00:00,2024-09-02 20:00:00,0,1,falso_positivo,246.0,83.16666666666667,1.1345177088067937,1.3,83.16666666666667,33.20333333333334,44.54666666666667,12.066666666666668,6.5,78.0,31.2,20.3,0.0,1015.3,95,1.9,16.3,8.4
2024-Q3,gaussian_naive_bayes,subindices_meteorologia,2024-09-02 20:00:00,2024-09-02 21:00:00,0,1,falso_positivo,238.0,67.83333333333333,1.09666810175507,1.26,67.83333333333333,33.36,44.67999999999999,11.733333333333334,6.3,69.0,28.1,18.3,0.0,1016.2,94,1.7,16.3,8.4
2024-Q3,gaussian_naive_bayes,subindices_meteorologia,2024-09-03 15:00:00,2024-09-03 16:00:00,0,1,falso_positivo,468.0,63.16666666666666,1.5062202601096182,0.86,63.16666666666666,29.12333333333333,39.366666666666674,5.191666666666667,4.3,186.0,75.0,51.6,0.0,1013.9,33,6.6,30.3,14.0
2024-Q3,gaussian_naive_bayes,subindices_meteorologia,2024-09-03 16:00:00,2024-09-03 17:00:00,0,1,falso_positivo,480.0,85.0,1.5814342228406075,1.46,85.0,29.840000000000003,40.42666666666666,5.3500000000000005,7.3,166.0,71.7,49.1,0.0,1014.2,41,6.0,28.7,17.0
2024-Q3,gaussian_naive_bayes,subindices_meteorologia,2024-09-03 18:00:00,2024-09-03 19:00:00,0,1,falso_positivo,503.0,103.5,1.744478683986494,3.2200000000000006,103.5,31.506666666666668,42.84,5.691666666666667,16.1,100.0,60.3,41.0,0.0,1015.2,68,4.4,24.0,10.7
2024-Q3,gaussian_naive_bayes,subindices_meteorologia,2024-09-03 19:00:00,2024-09-03 20:00:00,0,1,falso_positivo,524.0,98.16666666666666,1.8177516412276515,4.04,98.16666666666666,32.306666666666665,43.986666666666665,5.875,20.2,78.0,55.2,37.5,0.0,1015.6,75,4.1,21.6,7.1
2024-Q3,gaussian_naive_bayes,subindices_meteorologia,2024-09-03 20:00:00,2024-09-03 21:00:00,0,1,falso_positivo,549.0,84.66666666666667,1.8881130902340608,4.84,84.66666666666667,33.17333333333334,45.23333333333333,6.066666666666666,24.2,60.0,54.1,37.0,0.0,1016.6,82,4.0,19.2,7.2
2024-Q3,gaussian_naive_bayes,subindices_meteorologia,2024-09-04 07:00:00,2024-09-04 08:00:00,0,1,falso_positivo,859.0,65.69333333333333,3.2317741405702507,5.34,9.15,47.656666666666666,65.69333333333333,10.291666666666666,26.7,55.0,78.2,54.7,0.0,1018.1,70,6.5,16.2,8.9
2024-Q3,gaussian_naive_bayes,subindices_meteorologia,2024-09-04 08:00:00,2024-09-04 09:00:00,0,1,falso_positivo,815.0,68.34,3.270108998994432,3.7,13.1,49.53,68.34,10.758333333333333,18.5,105.0,82.9,57.9,0.0,1018.9,63,7.4,19.3,8.9
2024-Q3,gaussian_naive_bayes,subindices_meteorologia,2024-09-04 09:00:00,2024-09-04 10:00:00,0,1,falso_positivo,697.0,71.21333333333334,3.2312888891977924,2.4600000000000004,17.95,51.58,71.21333333333334,11.083333333333334,12.3,119.0,97.1,67.3,0.0,1019.4,54,5.8,22.6,7.9
2024-Q3,gaussian_naive_bayes,subindices_meteorologia,2024-09-04 10:00:00,2024-09-04 11:00:00,0,1,falso_positivo,590.0,72.31333333333333,3.12307783313966,1.82,23.15,52.34,72.31333333333333,11.216666666666669,9.1,124.0,65.9,45.5,0.0,1019.5,56,4.6,24.5,9.0
2024-Q3,gaussian_naive_bayes,subindices_meteorologia,2024-09-04 11:00:00,2024-09-04 12:00:00,0,1,falso_positivo,443.0,72.10666666666665,2.9294625355289194,0.96,28.75,52.16666666666666,72.10666666666665,11.091666666666669,4.8,131.0,47.8,32.9,0.0,1018.7,45,2.9,27.2,10.4
2024-Q3,gaussian_naive_bayes,subindices_meteorologia,2024-09-04 12:00:00,2024-09-04 13:00:00,0,1,falso_positivo,334.0,71.14666666666668,2.670823554008808,0.32,34.85,51.45666666666667,71.14666666666668,10.775,1.6,136.0,43.4,29.7,0.0,1017.8,37,1.8,29.2,11.5
2024-Q3,gaussian_naive_bayes,subindices_meteorologia,2024-09-04 13:00:00,2024-09-04 14:00:00,0,1,falso_positivo,302.0,69.66666666666666,2.3884072552382545,0.12,44.5,50.39333333333333,69.66666666666666,10.391666666666667,0.6,139.0,42.1,28.6,0.0,1016.3,30,1.7,30.5,9.8
2024-Q3,gaussian_naive_bayes,subindices_meteorologia,2024-09-04 14:00:00,2024-09-04 15:00:00,0,1,falso_positivo,308.0,68.0,2.1098729674473646,0.18,65.0,49.20333333333333,68.0,10.016666666666667,0.9,141.0,41.1,27.7,0.0,1015.0,23,2.1,31.3,7.2
2024-Q3,gaussian_naive_bayes,subindices_meteorologia,2024-09-04 15:00:00,2024-09-04 16:00:00,0,1,falso_positivo,319.0,79.16666666666666,1.847837226320047,0.34,79.16666666666666,48.02666666666666,66.34,9.675,1.7,140.0,39.7,26.7,0.0,1014.5,23,2.5,30.9,7.7
2024-Q3,gaussian_naive_bayes,subindices_meteorologia,2024-09-04 16:00:00,2024-09-04 17:00:00,0,1,falso_positivo,323.0,83.83333333333333,1.6090935510707134,0.66,83.83333333333333,46.91333333333334,64.77333333333334,9.408333333333331,3.3,133.0,38.3,25.6,0.0,1015.1,47,2.8,27.0,18.1
2024-Q3,gaussian_naive_bayes,subindices_meteorologia,2024-09-04 17:00:00,2024-09-04 18:00:00,0,1,falso_positivo,332.0,84.33333333333333,1.4319768001235451,1.12,84.33333333333333,45.91666666666667,63.38000000000001,9.25,5.6,122.0,36.9,24.6,0.0,1015.4,53,3.2,24.3,17.3
2024-Q3,gaussian_naive_bayes,subindices_meteorologia,2024-09-04 18:00:00,2024-09-04 19:00:00,0,1,falso_positivo,343.0,82.5,1.31211971112642,1.46,82.5,45.07333333333334,62.19333333333334,9.183333333333335,7.3,113.0,35.0,23.2,0.0,1015.4,58,3.6,22.6,16.5
2024-Q3,gaussian_naive_bayes,subindices_meteorologia,2024-09-04 19:00:00,2024-09-04 20:00:00,0,1,falso_positivo,356.0,78.66666666666666,1.2699028417225744,1.6,78.66666666666666,44.36666666666667,61.19333333333334,9.175,8.0,108.0,34.0,22.5,0.0,1015.6,63,4.0,21.5,12.6
2024-Q3,gaussian_naive_bayes,subindices_meteorologia,2024-09-04 20:00:00,2024-09-04 21:00:00,0,1,falso_positivo,372.0,73.33333333333333,1.2883423938759782,1.62,73.33333333333333,43.73666666666667,60.29333333333334,9.208333333333334,8.1,104.0,35.2,23.5,0.0,1016.3,51,4.4,21.0,12.1
2024-Q3,gaussian_naive_bayes,subindices_meteorologia,2024-09-04 21:00:00,2024-09-04 22:00:00,0,1,falso_positivo,389.0,65.5,1.3305592632798238,1.96,65.5,43.35,59.71333333333334,9.225,9.8,92.0,33.2,22.0,0.0,1016.9,45,4.7,20.6,16.0
2024-Q3,gaussian_naive_bayes,subindices_meteorologia,2024-09-04 22:00:00,2024-09-04 23:00:00,0,1,falso_positivo,410.0,59.120000000000005,1.3800549032705394,1.88,57.0,42.95333333333333,59.120000000000005,9.216666666666669,9.4,90.0,36.2,24.4,0.0,1017.5,51,4.8,20.5,16.7
2024-Q3,gaussian_naive_bayes,subindices_meteorologia,2024-09-04 23:00:00,2024-09-05 00:00:00,0,1,falso_positivo,439.0,58.48,1.4382850679654988,1.7800000000000002,48.16666666666666,42.52666666666666,58.48,9.175,8.9,87.0,38.4,26.0,0.0,1017.5,55,5.0,20.1,15.2
2024-Q3,gaussian_naive_bayes,subindices_meteorologia,2024-09-05 00:00:00,2024-09-05 01:00:00,0,1,falso_positivo,464.0,57.760000000000005,1.5067055114820762,1.66,39.95,42.03333333333335,57.760000000000005,9.116666666666667,8.3,83.0,39.6,27.0,0.0,1017.1,58,5.2,19.4,13.1
2024-Q3,gaussian_naive_bayes,subindices_meteorologia,2024-09-05 01:00:00,2024-09-05 02:00:00,0,1,falso_positivo,480.0,56.94,1.5785227146058596,1.54,37.75,41.473333333333336,56.94,9.05,7.7,78.0,40.2,27.5,0.0,1017.0,62,5.3,18.4,9.6
2024-Q3,gaussian_naive_bayes,subindices_meteorologia,2024-09-05 02:00:00,2024-09-05 03:00:00,0,1,falso_positivo,492.0,55.993333333333325,1.650825169102101,1.42,35.65,40.81333333333334,55.993333333333325,8.983333333333334,7.1,71.0,39.8,27.4,0.0,1016.6,66,5.4,17.7,9.7
2024-Q3,gaussian_naive_bayes,subindices_meteorologia,2024-09-05 03:00:00,2024-09-05 04:00:00,0,1,falso_positivo,501.0,54.8,1.7211866181085105,1.36,33.550000000000004,39.98,54.8,8.925,6.8,66.0,39.0,26.8,0.0,1015.9,68,5.5,17.2,11.0
2024-Q3,gaussian_naive_bayes,subindices_meteorologia,2024-09-05 14:00:00,2024-09-05 15:00:00,0,1,falso_positivo,301.0,64.66666666666666,1.6590744424338868,0.7000000000000001,64.66666666666666,31.986666666666668,43.23333333333333,9.808333333333334,3.5,149.0,41.1,27.7,0.0,1016.8,59,3.4,24.5,17.5
2024-Q3,gaussian_naive_bayes,subindices_meteorologia,2024-09-05 15:00:00,2024-09-05 16:00:00,0,1,falso_positivo,297.0,77.0,1.5455256212787158,0.78,77.0,31.906666666666663,43.126666666666665,9.825,3.9,139.0,37.3,25.1,0.0,1016.1,63,2.7,23.7,17.7
2024-Q3,gaussian_naive_bayes,subindices_meteorologia,2024-09-05 16:00:00,2024-09-05 17:00:00,0,1,falso_positivo,278.0,83.83333333333333,1.4106257397353932,1.04,83.83333333333333,31.67,42.81333333333334,9.791666666666666,5.2,121.0,31.2,20.9,0.0,1016.3,70,2.4,21.9,18.8
2024-Q3,gaussian_naive_bayes,subindices_meteorologia,2024-09-05 17:00:00,2024-09-05 18:00:00,0,1,falso_positivo,254.0,83.83333333333333,1.2703880930950322,1.4400000000000002,83.83333333333333,31.24000000000001,42.24,9.716666666666669,7.2,97.0,24.0,16.0,0.0,1017.1,77,2.3,20.1,18.9
2024-Q3,gaussian_naive_bayes,subindices_meteorologia,2024-09-05 18:00:00,2024-09-05 19:00:00,0,1,falso_positivo,233.0,78.16666666666666,1.1515015068428236,1.66,78.16666666666666,30.62333333333333,41.42,9.6,8.3,80.0,16.5,10.9,0.0,1018.1,88,2.2,17.3,19.5
2024-Q3,gaussian_naive_bayes,subindices_meteorologia,2024-09-08 13:00:00,2024-09-08 14:00:00,0,1,falso_positivo,559.0,55.16666666666666,2.4577982014997475,0.42,55.16666666666666,30.65,42.26,11.466666666666669,2.1,193.0,82.4,56.9,0.0,1019.8,38,8.9,30.9,6.8
2024-Q3,gaussian_naive_bayes,subindices_meteorologia,2024-09-08 20:00:00,2024-09-08 21:00:00,0,1,falso_positivo,640.0,119.5,2.3360001070127905,4.54,119.5,37.06666666666667,51.16,13.258333333333336,22.7,94.0,55.4,38.1,0.0,1019.0,60,6.4,23.2,10.7
2024-Q3,gaussian_naive_bayes,subindices_meteorologia,2024-09-08 21:00:00,2024-09-08 22:00:00,0,1,falso_positivo,716.0,97.33333333333331,2.412184572488696,5.0,97.33333333333331,38.41333333333333,53.013333333333335,13.358333333333333,25.0,60.0,51.8,35.7,0.0,1019.3,65,6.3,22.0,8.4
2024-Q3,gaussian_naive_bayes,subindices_meteorologia,2024-09-08 22:00:00,2024-09-08 23:00:00,0,1,falso_positivo,734.0,72.5,2.487398535219685,5.18,72.5,39.70333333333333,54.78666666666667,13.45,25.9,54.0,53.2,36.7,0.0,1019.9,65,6.2,20.5,7.3
2024-Q3,gaussian_naive_bayes,subindices_meteorologia,2024-09-09 00:00:00,2024-09-09 01:00:00,0,1,falso_positivo,778.0,58.14,2.651413499110488,5.48,34.65,42.13,58.14,13.625,27.4,39.0,53.2,36.9,0.0,1019.7,47,6.0,20.7,8.4
2024-Q3,gaussian_naive_bayes,subindices_meteorologia,2024-09-09 01:00:00,2024-09-09 02:00:00,0,1,falso_positivo,785.0,59.72,2.739243997525385,5.24,28.55,43.266666666666666,59.72,13.691666666666668,26.2,35.0,52.6,36.6,0.0,1019.4,52,5.9,19.8,7.5
2024-Q3,gaussian_naive_bayes,subindices_meteorologia,2024-09-09 02:00:00,2024-09-09 03:00:00,0,1,falso_positivo,786.0,61.21333333333334,2.8246482390779923,4.86,23.6,44.34666666666667,61.21333333333334,13.733333333333334,24.3,32.0,52.2,36.2,0.0,1019.2,57,5.7,18.8,6.8
2024-Q3,gaussian_naive_bayes,subindices_meteorologia,2024-09-09 03:00:00,2024-09-09 04:00:00,0,1,falso_positivo,788.0,62.64666666666668,2.904714715533561,4.58,19.450000000000003,45.38333333333333,62.64666666666668,13.733333333333334,22.9,29.0,52.3,36.3,0.0,1018.8,61,5.4,18.2,7.2
2024-Q3,gaussian_naive_bayes,subindices_meteorologia,2024-09-09 04:00:00,2024-09-09 05:00:00,0,1,falso_positivo,791.0,64.17333333333333,2.9779876727747188,4.6000000000000005,15.85,46.48,64.17333333333333,13.658333333333331,23.0,22.0,55.2,38.4,0.0,1018.7,66,4.6,17.3,8.1
2024-Q3,gaussian_naive_bayes,subindices_meteorologia,2024-09-09 05:00:00,2024-09-09 06:00:00,0,1,falso_positivo,795.0,65.74666666666666,3.0163225311989,4.720000000000001,13.65,47.61,65.74666666666666,13.500000000000002,23.6,16.0,57.4,39.9,0.0,1018.7,69,3.7,16.7,8.0
2024-Q3,gaussian_naive_bayes,subindices_meteorologia,2024-09-09 06:00:00,2024-09-09 07:00:00,0,1,falso_positivo,804.0,67.30666666666666,3.05029012727096,4.66,12.0,48.72666666666667,67.30666666666666,13.308333333333335,23.3,21.0,58.8,41.0,0.0,1019.1,72,3.6,16.1,8.3
2024-Q3,gaussian_naive_bayes,subindices_meteorologia,2024-09-09 07:00:00,2024-09-09 08:00:00,0,1,falso_positivo,830.0,68.82,3.084742974715477,4.260000000000001,11.95,49.806666666666665,68.82,13.141666666666666,21.3,45.0,61.9,43.2,0.0,1019.8,66,4.8,18.4,4.3
2024-Q3,gaussian_naive_bayes,subindices_meteorologia,2024-09-09 08:00:00,2024-09-09 09:00:00,0,1,falso_positivo,862.0,70.38666666666667,3.1255040900019493,3.66,14.0,50.92,70.38666666666667,13.041666666666666,18.3,80.0,68.2,47.7,0.0,1020.6,60,6.7,21.1,5.2
2024-Q3,gaussian_naive_bayes,subindices_meteorologia,2024-09-09 09:00:00,2024-09-09 10:00:00,0,1,falso_positivo,890.0,72.45333333333333,3.176455484110039,3.14,17.650000000000002,52.38666666666667,72.45333333333333,13.108333333333334,15.7,108.0,112.2,78.0,0.0,1021.0,52,8.0,23.8,6.0
2024-Q3,gaussian_naive_bayes,subindices_meteorologia,2024-09-09 10:00:00,2024-09-09 11:00:00,0,1,falso_positivo,835.0,74.51333333333334,3.200232801360481,2.44,22.85,53.84666666666667,74.51333333333334,13.266666666666666,12.2,136.0,115.0,79.9,0.0,1020.7,54,9.7,25.5,7.4
2024-Q3,gaussian_naive_bayes,subindices_meteorologia,2024-09-09 11:00:00,2024-09-09 12:00:00,0,1,falso_positivo,759.0,76.28666666666666,3.1861605115591987,1.46,30.15,55.10333333333333,76.28666666666666,13.541666666666666,7.3,175.0,110.6,76.8,0.0,1020.0,48,12.0,27.5,6.4
2024-Q3,gaussian_naive_bayes,subindices_meteorologia,2024-09-09 12:00:00,2024-09-09 13:00:00,0,1,falso_positivo,701.0,77.66666666666666,3.142487888037979,0.7400000000000001,39.3,56.09,77.66666666666666,13.891666666666667,3.7,205.0,107.1,74.3,0.0,1018.9,40,13.4,29.4,5.6
2024-Q3,gaussian_naive_bayes,subindices_meteorologia,2024-09-09 22:00:00,2024-09-09 23:00:00,0,1,falso_positivo,693.0,108.83333333333331,2.5776552904968724,4.4,108.83333333333331,59.45,82.34666666666666,15.6,22.0,95.0,53.4,37.0,0.0,1018.0,56,6.1,18.6,7.1
2024-Q3,gaussian_naive_bayes,subindices_meteorologia,2024-09-09 23:00:00,2024-09-10 00:00:00,0,1,falso_positivo,717.0,85.33333333333333,2.601432607747314,4.84,85.33333333333333,59.44333333333333,82.35333333333332,15.508333333333333,24.2,80.0,53.4,37.1,0.0,1018.4,67,5.0,17.2,7.8
2024-Q3,gaussian_naive_bayes,subindices_meteorologia,2024-09-10 00:00:00,2024-09-10 01:00:00,0,1,falso_positivo,737.0,82.42666666666668,2.639282214799038,5.04,62.83333333333333,59.486666666666665,82.42666666666668,15.358333333333334,25.2,68.0,54.5,38.0,0.0,1018.1,65,4.2,17.2,6.5
2024-Q3,gaussian_naive_bayes,subindices_meteorologia,2024-09-10 01:00:00,2024-09-10 02:00:00,0,1,falso_positivo,749.0,82.57333333333332,2.686836849299921,4.78,44.16666666666666,59.59666666666666,82.57333333333332,15.216666666666669,23.9,64.0,55.9,38.8,0.0,1017.6,56,4.2,18.7,5.4
2024-Q3,gaussian_naive_bayes,subindices_meteorologia,2024-09-10 02:00:00,2024-09-10 03:00:00,0,1,falso_positivo,757.0,82.84,2.739243997525385,4.28,36.8,59.78666666666667,82.84,15.133333333333333,21.4,63.0,57.9,40.2,0.0,1017.2,55,4.7,18.4,7.2
2024-Q3,gaussian_naive_bayes,subindices_meteorologia,2024-09-10 03:00:00,2024-09-10 04:00:00,0,1,falso_positivo,765.0,83.22,2.7935921512406807,3.88,33.15,60.06,83.22,15.108333333333334,19.4,63.0,60.5,42.0,0.0,1016.9,68,5.1,15.5,8.2
2024-Q3,gaussian_naive_bayes,subindices_meteorologia,2024-09-10 04:00:00,2024-09-10 05:00:00,0,1,falso_positivo,780.0,83.55333333333333,2.8503665618182663,3.8,29.9,60.30666666666666,83.55333333333333,15.158333333333331,19.0,59.0,62.6,43.4,0.0,1016.8,70,5.2,14.9,7.0
2024-Q3,gaussian_naive_bayes,subindices_meteorologia,2024-09-10 05:00:00,2024-09-10 06:00:00,0,1,falso_positivo,794.0,83.82666666666665,2.9076262237683093,3.82,27.4,60.50333333333335,83.82666666666665,15.29166666666667,19.1,56.0,63.3,44.0,0.0,1017.0,71,5.3,15.3,6.6
2024-Q3,gaussian_naive_bayes,subindices_meteorologia,2024-09-10 06:00:00,2024-09-10 07:00:00,0,1,falso_positivo,787.0,84.08000000000001,2.9532398527793613,3.620000000000001,25.85,60.69333333333334,84.08000000000001,15.466666666666669,18.1,64.0,64.5,44.8,0.0,1017.3,75,5.7,14.8,5.8
2024-Q3,gaussian_naive_bayes,subindices_meteorologia,2024-09-10 07:00:00,2024-09-10 08:00:00,0,1,falso_positivo,747.0,84.43333333333334,2.967797393953101,2.92,26.450000000000003,60.95666666666668,84.43333333333334,15.633333333333336,14.6,92.0,69.8,48.5,0.0,1018.2,73,6.8,16.0,6.8
2024-Q3,gaussian_naive_bayes,subindices_meteorologia,2024-09-10 08:00:00,2024-09-10 09:00:00,0,1,falso_positivo,687.0,84.42666666666668,2.943534825330201,2.0,29.55,60.973333333333336,84.42666666666668,15.75,10.0,130.0,68.7,47.6,0.0,1018.8,67,8.1,18.5,5.2
2024-Q3,gaussian_naive_bayes,subindices_meteorologia,2024-09-10 09:00:00,2024-09-10 10:00:00,0,1,falso_positivo,623.0,83.02000000000001,2.882393152400493,1.26,33.9,59.98,83.02000000000001,15.575,6.3,151.0,82.4,56.9,0.0,1018.9,56,5.9,21.6,3.8
2024-Q3,gaussian_naive_bayes,subindices_meteorologia,2024-09-10 10:00:00,2024-09-10 11:00:00,0,1,falso_positivo,566.0,80.78666666666666,2.7897101402610165,1.04,38.55,58.39,80.78666666666666,15.275,5.2,156.0,67.3,46.4,0.0,1018.7,51,6.1,24.5,4.8
2024-Q3,gaussian_naive_bayes,subindices_meteorologia,2024-09-10 11:00:00,2024-09-10 12:00:00,0,1,falso_positivo,489.0,78.39333333333335,2.655780761462609,0.7400000000000001,51.83333333333333,56.67333333333333,78.39333333333335,14.8,3.7,163.0,59.1,40.9,0.0,1017.9,47,6.3,27.1,4.3
2024-Q3,gaussian_naive_bayes,subindices_meteorologia,2024-09-10 12:00:00,2024-09-10 13:00:00,0,1,falso_positivo,432.0,75.86000000000001,2.4869132838472274,0.54,70.16666666666666,54.85333333333334,75.86000000000001,14.208333333333334,2.7,169.0,52.5,36.3,0.0,1016.4,40,6.3,29.3,4.8
2024-Q3,gaussian_naive_bayes,subindices_meteorologia,2024-09-10 20:00:00,2024-09-10 21:00:00,0,1,falso_positivo,443.0,107.16666666666666,1.6668384643932146,2.76,107.16666666666666,45.51,63.03333333333333,10.675,13.8,105.0,44.1,30.3,0.0,1014.2,59,3.5,22.8,4.8
2024-Q3,gaussian_naive_bayes,subindices_meteorologia,2024-09-10 21:00:00,2024-09-10 22:00:00,0,1,falso_positivo,559.0,90.66666666666669,1.7357441592822502,4.64,90.66666666666669,45.24333333333333,62.64666666666666,10.491666666666667,23.2,76.0,44.5,30.6,0.0,1014.8,65,4.8,21.8,7.2
2024-Q3,gaussian_naive_bayes,subindices_meteorologia,2024-09-10 22:00:00,2024-09-10 23:00:00,0,1,falso_positivo,581.0,73.0,1.8119286247581556,5.04,73.0,44.98,62.273333333333326,10.416666666666666,25.2,73.0,45.5,31.4,0.0,1014.8,75,5.2,21.4,1.6
2024-Q3,gaussian_naive_bayes,subindices_meteorologia,2024-09-10 23:00:00,2024-09-11 00:00:00,0,1,falso_positivo,615.0,61.94666666666666,1.9017001286628843,5.6000000000000005,54.66666666666666,44.75666666666667,61.94666666666666,10.475,28.0,68.0,46.7,32.2,0.0,1015.1,69,5.7,20.4,8.0
2024-Q3,gaussian_naive_bayes,subindices_meteorologia,2024-09-11 00:00:00,2024-09-11 01:00:00,0,1,falso_positivo,660.0,61.66666666666666,2.0137931957006816,6.28,39.1,44.56666666666667,61.66666666666666,10.65,31.4,61.0,48.8,33.8,0.0,1015.6,61,6.3,19.6,6.9
2024-Q3,gaussian_naive_bayes,subindices_meteorologia,2024-09-11 09:00:00,2024-09-11 10:00:00,0,1,falso_positivo,519.0,54.34,3.073582193148944,1.96,20.35,39.27000000000001,54.34,12.366666666666667,9.8,128.0,32.2,22.5,0.0,1018.1,47,6.0,23.7,4.4
2024-Q3,gaussian_naive_bayes,subindices_meteorologia,2024-09-11 10:00:00,2024-09-11 11:00:00,0,1,falso_positivo,436.0,52.09333333333333,2.8935539339670275,1.5,25.0,37.63666666666668,52.09333333333333,12.275,7.5,129.0,18.3,12.7,0.0,1017.9,43,5.0,26.0,6.4
2024-Q3,gaussian_naive_bayes,subindices_meteorologia,2024-09-11 11:00:00,2024-09-11 12:00:00,0,1,falso_positivo,321.0,50.09333333333334,2.631032941467252,0.8400000000000001,30.200000000000003,36.18666666666666,50.09333333333334,12.050000000000002,4.2,130.0,15.6,10.9,0.0,1017.3,39,3.6,28.7,7.9
2024-Q3,gaussian_naive_bayes,subindices_meteorologia,2024-09-11 12:00:00,2024-09-11 13:00:00,0,1,falso_positivo,236.0,48.446666666666665,2.318045806231845,0.38,35.9,34.99333333333333,48.446666666666665,11.733333333333334,1.9,131.0,16.7,11.6,0.0,1016.2,28,2.5,30.7,9.7
2024-Q3,gaussian_naive_bayes,subindices_meteorologia,2024-09-11 13:00:00,2024-09-11 14:00:00,0,1,falso_positivo,206.0,46.93333333333333,1.992927386684988,0.2,46.0,33.89666666666667,46.93333333333333,11.41666666666667,1.0,130.0,16.7,11.6,0.0,1015.1,24,2.1,31.4,8.4
2024-Q3,gaussian_naive_bayes,subindices_meteorologia,2024-09-11 14:00:00,2024-09-11 15:00:00,0,1,falso_positivo,204.0,64.0,1.679455000077123,0.22,64.0,32.75333333333334,45.34666666666667,11.15,1.1,129.0,16.0,11.1,0.0,1014.0,23,2.2,31.6,7.8
2024-Q3,gaussian_naive_bayes,subindices_meteorologia,2024-09-11 15:00:00,2024-09-11 16:00:00,0,1,falso_positivo,216.0,75.33333333333333,1.3946124444442791,0.42,75.33333333333333,31.56,43.693333333333335,10.933333333333335,2.1,126.0,15.9,11.1,0.0,1013.4,22,2.3,31.5,9.8
2024-Q3,gaussian_naive_bayes,subindices_meteorologia,2024-09-11 16:00:00,2024-09-11 17:00:00,0,1,falso_positivo,243.0,77.5,1.1553835178224874,0.98,77.5,30.406666666666663,42.1,10.775,4.9,122.0,16.0,11.1,0.0,1013.4,22,2.6,30.8,11.8
2024-Q3,gaussian_naive_bayes,subindices_meteorologia,2024-09-11 17:00:00,2024-09-11 18:00:00,0,1,falso_positivo,283.0,75.66666666666666,1.0408641939224006,1.72,75.66666666666666,29.47,40.81333333333334,10.675,8.6,117.0,20.1,13.9,0.0,1013.4,27,3.0,28.7,11.6
2024-Q3,gaussian_naive_bayes,subindices_meteorologia,2024-09-11 18:00:00,2024-09-11 19:00:00,0,1,falso_positivo,311.0,72.83333333333333,0.980207772365151,2.22,72.83333333333333,28.683333333333334,39.73333333333333,10.616666666666667,11.1,112.0,23.4,16.2,0.0,1013.6,28,3.3,26.2,12.4
2024-Q3,gaussian_naive_bayes,subindices_meteorologia,2024-09-11 19:00:00,2024-09-11 20:00:00,0,1,falso_positivo,309.0,69.0,0.9743847558956552,2.1,69.0,27.96,38.75333333333333,10.575,10.5,107.0,23.8,16.5,0.0,1014.1,29,3.2,25.8,14.4
2024-Q3,gaussian_naive_bayes,subindices_meteorologia,2024-09-11 20:00:00,2024-09-11 21:00:00,0,1,falso_positivo,294.0,64.16666666666666,1.0025293354982188,1.74,64.16666666666666,27.243333333333336,37.78,10.525,8.7,102.0,22.6,15.7,0.0,1015.0,33,2.9,23.5,7.7
2024-Q3,gaussian_naive_bayes,subindices_meteorologia,2024-09-12 15:00:00,2024-09-12 16:00:00,0,1,falso_positivo,136.0,61.33333333333333,0.8171633112192644,0.3,61.33333333333333,15.45,21.453333333333333,6.366666666666667,1.5,122.0,13.3,9.3,0.0,1013.2,22,1.4,32.0,9.1
2024-Q3,gaussian_naive_bayes,subindices_meteorologia,2024-09-12 16:00:00,2024-09-12 17:00:00,0,1,falso_positivo,151.0,66.16666666666666,0.7307885669217413,0.82,66.16666666666666,15.333333333333336,21.3,6.266666666666668,4.1,113.0,12.5,8.8,0.0,1012.9,23,1.4,31.1,10.6
2024-Q3,gaussian_naive_bayes,subindices_meteorologia,2024-09-12 17:00:00,2024-09-12 18:00:00,0,1,falso_positivo,177.0,65.83333333333333,0.6735289049716979,1.56,65.83333333333333,15.123333333333331,21.013333333333332,6.141666666666668,7.8,101.0,13.8,9.6,0.0,1013.0,29,1.5,28.6,11.9
2024-Q3,gaussian_naive_bayes,subindices_meteorologia,2024-09-13 13:00:00,2024-09-13 14:00:00,0,1,falso_positivo,266.0,72.0,1.765829744374646,0.4,72.0,20.433333333333337,28.053333333333335,9.583333333333334,2.0,171.0,27.4,18.5,0.0,1015.1,28,3.8,30.6,8.7
2024-Q3,gaussian_naive_bayes,subindices_meteorologia,2024-09-13 19:00:00,2024-09-13 20:00:00,0,1,falso_positivo,371.0,100.5,1.200511895461081,1.7600000000000002,100.5,22.883333333333336,31.04,10.083333333333334,8.8,104.0,27.4,17.8,0.0,1013.0,33,2.3,24.3,10.2
2024-Q3,gaussian_naive_bayes,subindices_meteorologia,2024-09-13 20:00:00,2024-09-13 21:00:00,0,1,falso_positivo,359.0,86.66666666666667,1.2305974805534767,1.6,86.66666666666667,23.16333333333333,31.36,10.1,8.0,91.0,24.7,16.2,0.0,1014.2,39,2.2,22.3,7.1
2024-Q3,gaussian_naive_bayes,subindices_meteorologia,2024-09-14 22:00:00,2024-09-14 23:00:00,0,1,falso_positivo,408.0,108.83333333333331,1.4431375816900789,0.98,108.83333333333331,19.616666666666667,26.526666666666667,7.658333333333334,4.9,121.0,35.2,23.7,0.0,1019.9,69,2.7,19.5,6.9
2024-Q3,gaussian_naive_bayes,subindices_meteorologia,2024-09-14 23:00:00,2024-09-15 00:00:00,0,1,falso_positivo,400.0,97.5,1.4897217134460463,0.92,97.5,20.39666666666667,27.57333333333333,7.633333333333334,4.6,116.0,34.3,23.2,0.0,1020.3,75,2.5,18.6,6.1
2024-Q3,gaussian_naive_bayes,subindices_meteorologia,2024-09-15 00:00:00,2024-09-15 01:00:00,0,1,falso_positivo,401.0,86.66666666666667,1.524174560890564,0.86,86.66666666666667,21.25333333333333,28.72,7.591666666666668,4.3,113.0,34.8,23.5,0.0,1020.2,75,2.4,18.6,12.1
2024-Q3,gaussian_naive_bayes,subindices_meteorologia,2024-09-20 14:00:00,2024-09-20 15:00:00,0,1,falso_positivo,382.0,66.66666666666666,1.435373559730751,0.36,66.66666666666666,15.866666666666667,21.3,8.433333333333335,1.8,165.0,26.2,18.2,0.0,1011.2,32,3.9,32.1,12.5
2024-Q3,gaussian_naive_bayes,subindices_meteorologia,2024-09-20 15:00:00,2024-09-20 16:00:00,0,1,falso_positivo,376.0,86.0,1.4722526640375586,0.5,86.0,15.71,21.133333333333336,8.266666666666667,2.5,164.0,26.7,18.3,0.0,1010.4,32,3.9,32.2,14.2
2024-Q3,gaussian_naive_bayes,subindices_meteorologia,2024-09-20 21:00:00,2024-09-20 22:00:00,0,1,falso_positivo,282.0,102.83333333333331,1.3582185915099296,1.06,102.83333333333331,16.26,22.1,8.65,5.3,149.0,13.2,8.6,0.0,1017.1,88,2.4,19.5,17.9
2024-Q3,gaussian_naive_bayes,subindices_meteorologia,2024-09-20 22:00:00,2024-09-20 23:00:00,0,1,falso_positivo,293.0,98.33333333333331,1.315031219361168,1.2000000000000002,98.33333333333331,16.316666666666666,22.173333333333336,8.566666666666666,6.0,138.0,12.6,8.2,0.0,1017.9,81,2.5,19.2,18.3
2024-Q3,gaussian_naive_bayes,subindices_meteorologia,2024-09-20 23:00:00,2024-09-21 00:00:00,0,1,falso_positivo,309.0,91.33333333333331,1.2825193774064825,1.4,91.33333333333331,16.486666666666665,22.4,8.516666666666667,7.0,122.0,15.4,10.2,0.0,1017.8,78,2.6,19.4,12.8
2024-Q3,gaussian_naive_bayes,subindices_meteorologia,2024-09-21 20:00:00,2024-09-21 21:00:00,0,1,falso_positivo,453.0,114.16666666666666,1.6202543326372472,2.9800000000000004,114.16666666666666,24.133333333333336,33.42,12.166666666666666,14.9,104.0,37.8,26.3,0.0,1015.7,81,5.5,20.5,9.7
2024-Q3,gaussian_naive_bayes,subindices_meteorologia,2024-09-21 21:00:00,2024-09-21 22:00:00,0,1,falso_positivo,380.0,97.66666666666666,1.6056967914635074,1.16,97.66666666666666,24.65,34.186666666666675,12.15,5.8,93.0,28.7,20.1,0.0,1016.3,84,2.2,19.6,9.2
2024-Q3,gaussian_naive_bayes,subindices_meteorologia,2024-09-21 22:00:00,2024-09-21 23:00:00,0,1,falso_positivo,382.0,80.5,1.5959917640143475,1.2000000000000002,80.5,25.120000000000005,34.88666666666666,12.116666666666667,6.0,86.0,26.7,18.7,0.0,1016.8,86,2.1,19.4,7.4
2024-Q3,gaussian_naive_bayes,subindices_meteorologia,2024-09-22 14:00:00,2024-09-22 15:00:00,0,1,falso_positivo,386.0,67.5,1.6095788024431714,0.36,67.5,19.50666666666667,27.28,7.5583333333333345,1.8,166.0,15.7,10.8,0.0,1012.1,38,2.7,29.9,2.3
2024-Q3,gaussian_naive_bayes,subindices_meteorologia,2024-09-22 19:00:00,2024-09-22 20:00:00,0,1,falso_positivo,369.0,102.5,1.4722526640375586,1.4400000000000002,102.5,15.023333333333332,20.973333333333333,5.7,7.2,108.0,9.9,6.7,0.0,1013.5,74,1.6,21.4,10.3
2024-Q3,gaussian_naive_bayes,subindices_meteorologia,2024-09-22 20:00:00,2024-09-22 21:00:00,0,1,falso_positivo,377.0,91.5,1.4610918824710248,1.74,91.5,14.096666666666668,19.68,5.366666666666667,8.7,91.0,10.0,6.9,0.0,1014.5,80,1.5,20.5,5.3
2024-Q3,gaussian_naive_bayes,subindices_meteorologia,2024-09-23 14:00:00,2024-09-23 15:00:00,0,1,falso_positivo,356.0,74.5,1.53970260480922,0.2799999999999999,74.5,10.153333333333332,14.106666666666667,4.291666666666667,1.4,161.0,11.9,8.2,0.0,1012.9,34,4.1,31.4,9.0
2024-Q3,gaussian_naive_bayes,subindices_meteorologia,2024-09-23 19:00:00,2024-09-23 20:00:00,0,1,falso_positivo,333.0,106.5,1.3601595969997615,1.16,106.5,9.873333333333337,13.686666666666666,5.2250000000000005,5.8,125.0,10.8,7.3,0.0,1013.7,58,3.9,22.7,10.6
2024-Q3,gaussian_naive_bayes,subindices_meteorologia,2024-09-23 20:00:00,2024-09-23 21:00:00,0,1,falso_positivo,330.0,99.16666666666666,1.3349265256319456,1.26,99.16666666666666,9.926666666666666,13.753333333333334,5.391666666666667,6.3,109.0,11.6,7.9,0.0,1015.0,69,3.5,21.1,6.8
2024-Q3,gaussian_naive_bayes,subindices_meteorologia,2024-09-23 21:00:00,2024-09-23 22:00:00,0,1,falso_positivo,350.0,86.5,1.325706749555244,2.18,86.5,10.53,14.573333333333332,5.466666666666668,10.9,82.0,21.9,15.0,0.0,1015.5,78,2.0,19.7,7.0
2024-Q3,gaussian_naive_bayes,subindices_meteorologia,2024-09-24 12:00:00,2024-09-24 13:00:00,0,1,falso_positivo,366.0,65.33333333333333,1.6605301965512609,0.42,65.33333333333333,20.69,28.62,6.733333333333334,2.1,171.0,31.9,21.9,0.0,1015.3,41,3.1,30.3,8.0
2024-Q3,gaussian_naive_bayes,subindices_meteorologia,2024-09-24 19:00:00,2024-09-24 20:00:00,0,1,falso_positivo,244.0,102.83333333333331,1.1636327911542734,1.08,102.83333333333331,23.843333333333337,32.846666666666664,5.166666666666667,5.4,103.0,18.0,12.1,0.0,1014.3,78,0.8,21.5,10.2
2024-Q3,gaussian_naive_bayes,subindices_meteorologia,2024-09-24 20:00:00,2024-09-24 21:00:00,0,1,falso_positivo,239.0,88.83333333333333,1.102005866852108,1.32,88.83333333333333,24.073333333333338,33.15333333333333,4.941666666666667,6.6,87.0,18.5,12.5,0.0,1014.9,81,0.8,20.9,8.7
2024-Q3,gaussian_naive_bayes,subindices_meteorologia,2024-09-25 12:00:00,2024-09-25 13:00:00,0,1,falso_positivo,371.0,67.33333333333333,1.5101022710892822,0.44,67.33333333333333,21.820000000000004,30.06,5.925000000000002,2.2,185.0,25.1,17.4,0.0,1013.6,41,6.2,30.6,6.0
2024-Q3,gaussian_naive_bayes,subindices_meteorologia,2024-09-25 23:00:00,2024-09-26 00:00:00,0,1,falso_positivo,416.0,102.66666666666666,1.4101404883629352,2.94,102.66666666666666,23.49333333333333,32.46,8.633333333333335,14.7,91.0,28.2,19.3,0.0,1013.6,75,4.6,20.7,5.6
2024-Q3,gaussian_naive_bayes,subindices_meteorologia,2024-09-26 00:00:00,2024-09-26 01:00:00,0,1,falso_positivo,445.0,82.33333333333333,1.4538131118841546,3.28,82.33333333333333,23.58,32.57333333333333,8.966666666666669,16.4,79.0,28.6,19.7,0.0,1013.6,82,5.0,20.3,7.0
2024-Q3,gaussian_naive_bayes,subindices_meteorologia,2024-09-26 21:00:00,2024-09-26 22:00:00,0,1,falso_positivo,343.0,114.83333333333331,1.3276477550450758,2.64,114.83333333333331,25.593333333333334,34.99333333333333,11.391666666666666,13.2,97.0,28.2,18.9,0.0,1010.7,45,3.3,25.6,10.0
2024-Q3,gaussian_naive_bayes,subindices_meteorologia,2024-09-26 22:00:00,2024-09-26 23:00:00,0,1,falso_positivo,334.0,92.83333333333331,1.318427978968374,2.52,92.83333333333331,25.66333333333333,35.053333333333335,11.316666666666668,12.6,91.0,29.1,19.4,0.0,1010.9,55,3.2,23.1,7.6
2024-Q3,gaussian_naive_bayes,subindices_meteorologia,2024-09-26 23:00:00,2024-09-27 00:00:00,0,1,falso_positivo,322.0,71.33333333333333,1.30969345426413,2.3600000000000003,71.33333333333333,25.656666666666663,35.00666666666667,11.183333333333335,11.8,84.0,28.0,18.6,0.0,1011.6,61,3.0,21.9,6.4
2024-Q3,gaussian_naive_bayes,subindices_meteorologia,2024-09-27 12:00:00,2024-09-27 13:00:00,0,1,falso_positivo,442.0,56.66666666666666,1.6969240494856104,0.94,56.66666666666666,29.14333333333333,39.78,8.575000000000001,4.7,178.0,55.8,38.4,1.0,1013.6,55,5.5,26.4,16.5
2024-Q3,gaussian_naive_bayes,subindices_meteorologia,2024-09-27 13:00:00,2024-09-27 14:00:00,0,1,falso_positivo,405.0,78.66666666666666,1.730406394185212,0.98,78.66666666666666,29.506666666666668,40.29333333333334,8.341666666666667,4.9,169.0,50.6,34.8,0.1,1012.3,47,4.4,28.8,20.2
2024-Q3,gaussian_naive_bayes,subindices_meteorologia,2024-09-27 17:00:00,2024-09-27 18:00:00,0,1,falso_positivo,295.0,101.83333333333331,1.5173810416761522,1.12,101.83333333333331,27.993333333333336,38.220000000000006,7.516666666666667,5.6,96.0,9.3,5.9,0.1,1015.1,81,1.6,18.6,22.7
2024-Q3,gaussian_naive_bayes,subindices_meteorologia,2024-09-27 18:00:00,2024-09-27 19:00:00,0,1,falso_positivo,293.0,89.5,1.4149930020875152,1.04,89.5,27.31666666666667,37.31333333333334,7.375000000000001,5.2,83.0,8.1,5.3,0.0,1016.2,85,1.4,17.0,22.3
2024-Q3,gaussian_naive_bayes,subindices_meteorologia,2024-09-30 15:00:00,2024-09-30 16:00:00,0,1,falso_positivo,279.0,70.16666666666666,1.083566314698704,0.4,70.16666666666666,12.326666666666668,15.480000000000002,6.1000000000000005,2.0,153.0,20.2,13.0,0.0,1013.7,33,3.8,30.4,9.1
2024-Q3,gaussian_naive_bayes,subindices_meteorologia,2024-09-30 16:00:00,2024-09-30 17:00:00,0,1,falso_positivo,273.0,82.66666666666667,1.098123855872444,0.52,82.66666666666667,12.296666666666669,15.533333333333337,6.183333333333334,2.6,153.0,21.3,13.6,0.0,1014.2,66,4.0,27.1,18.2
2024-Q3,gaussian_naive_bayes,subindices_meteorologia,2024-09-30 17:00:00,2024-09-30 18:00:00,0,1,falso_positivo,266.0,91.5,1.092786090775406,0.7000000000000001,91.5,12.303333333333336,15.66,6.258333333333334,3.5,149.0,21.9,13.8,0.0,1014.3,69,4.3,24.6,17.8
2024-Q3,gaussian_naive_bayes,subindices_meteorologia,2024-09-30 19:00:00,2024-09-30 20:00:00,0,1,falso_positivo,256.0,100.33333333333331,1.0670677680351324,0.96,100.33333333333331,12.433333333333334,16.066666666666666,6.450000000000002,4.8,137.0,22.2,13.7,0.0,1014.6,77,4.5,21.1,13.3
2024-Q3,gaussian_naive_bayes,subindices_meteorologia,2024-09-30 20:00:00,2024-09-30 21:00:00,0,1,falso_positivo,252.0,99.16666666666666,1.0481429645092704,1.04,99.16666666666666,12.55,16.326666666666668,6.583333333333333,5.2,127.0,22.6,13.9,0.0,1015.3,83,4.4,20.1,4.5
2024-Q3,gaussian_naive_bayes,subindices_meteorologia,2024-09-30 21:00:00,2024-09-30 22:00:00,0,1,falso_positivo,254.0,93.0,1.0311591664732405,1.4400000000000002,93.0,12.746666666666666,16.62,6.716666666666668,7.2,106.0,18.8,11.5,0.0,1016.1,91,4.4,19.0,7.0
2024-Q3,gaussian_naive_bayes,poluentes_subindices_meteorologia,2024-07-03 16:00:00,2024-07-03 17:00:00,0,1,falso_positivo,247.0,69.0,1.1646032938991893,1.64,69.0,13.536666666666664,18.75333333333333,12.66666666666667,8.2,126.0,16.6,11.5,0.0,1016.1,37,5.2,24.1,12.3
2024-Q3,gaussian_naive_bayes,poluentes_subindices_meteorologia,2024-07-04 15:00:00,2024-07-04 16:00:00,0,1,falso_positivo,219.0,53.66666666666666,1.211187425655157,0.6400000000000001,53.66666666666666,18.00666666666667,25.06,12.316666666666668,3.2,137.0,24.6,17.1,0.0,1016.3,38,5.0,24.6,11.6
2024-Q3,gaussian_naive_bayes,poluentes_subindices_meteorologia,2024-07-04 16:00:00,2024-07-04 17:00:00,0,1,falso_positivo,248.0,65.5,1.10394687234194,1.6800000000000002,65.5,18.28666666666667,25.44666666666667,12.266666666666666,8.4,128.0,25.0,17.3,0.0,1016.3,47,4.6,23.6,5.4
2024-Q3,gaussian_naive_bayes,poluentes_subindices_meteorologia,2024-07-04 17:00:00,2024-07-04 18:00:00,0,1,falso_positivo,292.0,72.33333333333333,1.0282476582384923,3.16,72.33333333333333,18.576666666666668,25.82666666666667,12.2,15.8,115.0,26.1,17.8,0.0,1016.7,62,4.4,21.9,4.1
2024-Q3,gaussian_naive_bayes,poluentes_subindices_meteorologia,2024-07-17 16:00:00,2024-07-17 17:00:00,0,1,falso_positivo,263.0,80.16666666666667,0.9025675527718716,1.4400000000000002,80.16666666666667,13.73,18.76,11.191666666666668,7.2,163.0,29.7,20.6,0.0,1022.4,58,9.3,21.6,9.0
2024-Q3,gaussian_naive_bayes,poluentes_subindices_meteorologia,2024-07-17 17:00:00,2024-07-17 18:00:00,0,1,falso_positivo,288.0,93.0,0.9268301213947716,2.44,93.0,14.463333333333331,19.793333333333333,11.758333333333333,12.2,145.0,31.0,21.4,0.0,1022.3,66,9.2,20.1,5.6
2024-Q3,gaussian_naive_bayes,poluentes_subindices_meteorologia,2024-07-17 18:00:00,2024-07-17 19:00:00,0,1,falso_positivo,319.0,99.5,0.9700174935435332,3.48,99.5,15.22,20.860000000000003,12.308333333333332,17.4,124.0,32.4,22.4,0.0,1022.1,72,9.1,17.7,6.5
2024-Q3,gaussian_naive_bayes,poluentes_subindices_meteorologia,2024-07-17 19:00:00,2024-07-17 20:00:00,0,1,falso_positivo,357.0,98.5,1.0364969315702786,4.5200000000000005,98.5,16.0,21.96666666666667,12.85,22.6,103.0,33.5,23.3,0.0,1022.2,71,8.9,17.3,6.3
2024-Q3,gaussian_naive_bayes,poluentes_subindices_meteorologia,2024-07-18 11:00:00,2024-07-18 12:00:00,0,1,falso_positivo,454.0,49.71333333333334,3.3443524589805054,1.92,32.550000000000004,35.64000000000001,49.71333333333334,19.84166666666667,9.6,170.0,52.0,36.0,0.0,1024.9,69,13.9,19.8,1.1
2024-Q3,gaussian_naive_bayes,poluentes_subindices_meteorologia,2024-07-18 12:00:00,2024-07-18 13:00:00,0,1,falso_positivo,304.0,50.84,3.0119552688467786,0.76,44.16666666666666,36.473333333333336,50.84,20.26666666666667,3.8,176.0,43.3,29.5,0.0,1023.9,61,12.0,21.6,3.3
2024-Q3,gaussian_naive_bayes,poluentes_subindices_meteorologia,2024-07-18 13:00:00,2024-07-18 14:00:00,0,1,falso_positivo,246.0,72.66666666666666,2.647531488130824,0.4,72.66666666666666,37.06333333333334,51.61333333333333,20.466666666666665,2.0,171.0,37.7,25.4,0.0,1022.6,53,9.8,22.8,6.9
2024-Q3,gaussian_naive_bayes,poluentes_subindices_meteorologia,2024-07-18 17:00:00,2024-07-18 18:00:00,0,1,falso_positivo,204.0,107.16666666666666,1.2267154695738127,1.34,107.16666666666666,36.89333333333334,51.16666666666667,19.116666666666667,6.7,100.0,20.5,13.5,0.0,1023.0,91,3.2,17.1,16.5
2024-Q3,gaussian_naive_bayes,poluentes_subindices_meteorologia,2024-07-18 18:00:00,2024-07-18 19:00:00,0,1,falso_positivo,200.0,94.0,1.0088376033401727,1.7000000000000002,94.0,36.4,50.45333333333333,18.575,8.5,78.0,17.6,11.7,0.0,1023.4,99,2.6,15.4,14.8
2024-Q3,gaussian_naive_bayes,poluentes_subindices_meteorologia,2024-07-22 12:00:00,2024-07-22 13:00:00,0,1,falso_positivo,345.0,35.300000000000004,1.6954682953682365,1.52,35.300000000000004,17.723333333333336,24.14,12.966666666666669,7.6,201.0,49.2,34.3,0.0,1024.3,53,21.0,22.2,2.9
2024-Q3,gaussian_naive_bayes,poluentes_subindices_meteorologia,2024-07-23 00:00:00,2024-07-23 01:00:00,0,1,falso_positivo,719.0,115.0,2.2438023462457712,5.4,115.0,37.08333333333334,51.626666666666665,23.316666666666663,27.0,106.0,71.0,49.7,0.0,1024.8,83,8.2,13.9,1.3
2024-Q3,gaussian_naive_bayes,poluentes_subindices_meteorologia,2024-07-23 01:00:00,2024-07-23 02:00:00,0,1,falso_positivo,722.0,91.16666666666669,2.3918040148454605,5.1000000000000005,91.16666666666669,38.863333333333344,54.126666666666665,23.60833333333333,25.5,93.0,70.3,49.1,0.0,1024.4,85,8.0,12.7,1.8
2024-Q3,gaussian_naive_bayes,poluentes_subindices_meteorologia,2024-07-23 08:00:00,2024-07-23 09:00:00,0,1,falso_positivo,539.0,65.94,2.640252717543954,2.6,24.35,47.29333333333334,65.94,23.7,13.0,87.0,59.0,41.2,0.0,1025.8,94,7.5,10.7,2.6
2024-Q3,gaussian_naive_bayes,poluentes_subindices_meteorologia,2024-07-23 09:00:00,2024-07-23 10:00:00,0,1,falso_positivo,428.0,66.26,2.497588814041303,1.98,25.1,47.52666666666666,66.26,23.03333333333333,9.9,108.0,52.2,36.3,0.0,1026.4,83,6.0,13.8,0.7
2024-Q3,gaussian_naive_bayes,poluentes_subindices_meteorologia,2024-07-23 10:00:00,2024-07-23 11:00:00,0,1,falso_positivo,360.0,66.04666666666665,2.3248393254462565,1.5,26.8,47.38333333333333,66.04666666666665,22.1,7.5,112.0,38.1,26.4,0.0,1027.6,72,5.0,16.0,2.9
2024-Q3,gaussian_naive_bayes,poluentes_subindices_meteorologia,2024-07-23 11:00:00,2024-07-23 12:00:00,0,1,falso_positivo,267.0,65.30666666666666,2.110358218819823,0.86,29.5,46.86333333333334,65.30666666666666,20.808333333333334,4.3,118.0,28.1,19.4,0.0,1027.1,59,3.7,19.0,4.1
2024-Q3,gaussian_naive_bayes,poluentes_subindices_meteorologia,2024-07-23 12:00:00,2024-07-23 13:00:00,0,1,falso_positivo,202.0,64.08666666666667,1.8623947674937869,0.38,33.25,45.99666666666667,64.08666666666667,19.28333333333333,1.9,123.0,23.2,16.0,0.0,1026.1,46,2.7,21.0,4.1
2024-Q3,gaussian_naive_bayes,poluentes_subindices_meteorologia,2024-07-23 13:00:00,2024-07-23 14:00:00,0,1,falso_positivo,188.0,62.52,1.6056967914635074,0.2,38.05,44.876666666666665,62.52,17.75,1.0,129.0,21.8,15.0,0.0,1025.3,40,2.3,22.3,3.4
2024-Q3,gaussian_naive_bayes,poluentes_subindices_meteorologia,2024-07-23 14:00:00,2024-07-23 15:00:00,0,1,falso_positivo,203.0,60.766666666666666,1.3669531162141737,0.2,50.83333333333333,43.620000000000005,60.766666666666666,16.333333333333332,1.0,135.0,22.1,15.3,0.0,1024.1,39,2.3,23.0,4.7
2024-Q3,gaussian_naive_bayes,poluentes_subindices_meteorologia,2024-07-23 15:00:00,2024-07-23 16:00:00,0,1,falso_positivo,227.0,64.83333333333333,1.1713968131136012,0.42,64.83333333333333,42.38,59.04666666666667,15.058333333333335,2.1,137.0,24.0,16.6,0.0,1023.6,40,2.4,23.2,6.3
2024-Q3,gaussian_naive_bayes,poluentes_subindices_meteorologia,2024-07-23 16:00:00,2024-07-23 17:00:00,0,1,falso_positivo,260.0,72.66666666666666,1.0360116801978203,0.96,72.66666666666666,41.31,57.57333333333332,13.95,4.8,134.0,26.9,18.6,0.0,1023.5,46,2.6,22.5,8.5
2024-Q3,gaussian_naive_bayes,poluentes_subindices_meteorologia,2024-07-23 17:00:00,2024-07-23 18:00:00,0,1,falso_positivo,303.0,76.0,0.975355258640571,1.7000000000000002,76.0,40.443333333333335,56.373333333333335,13.041666666666666,8.5,128.0,30.3,20.9,0.0,1023.8,56,3.0,20.4,9.7
2024-Q3,gaussian_naive_bayes,poluentes_subindices_meteorologia,2024-07-23 18:00:00,2024-07-23 19:00:00,0,1,falso_positivo,340.0,77.5,0.9656502311914112,2.34,77.5,39.71,55.36,12.266666666666666,11.7,121.0,33.2,22.9,0.0,1023.8,62,3.1,17.4,13.2
2024-Q3,gaussian_naive_bayes,poluentes_subindices_meteorologia,2024-07-23 19:00:00,2024-07-23 20:00:00,0,1,falso_positivo,366.0,76.66666666666666,1.0136901170647528,2.8200000000000003,76.66666666666666,38.99333333333334,54.35333333333333,11.508333333333336,14.1,113.0,34.1,23.7,0.0,1023.8,68,2.8,16.2,11.5
2024-Q3,gaussian_naive_bayes,poluentes_subindices_meteorologia,2024-07-23 20:00:00,2024-07-23 21:00:00,0,1,falso_positivo,387.0,73.5,1.103461620969482,3.2,73.5,38.15333333333333,53.17999999999999,10.708333333333334,16.0,104.0,33.9,23.6,0.0,1024.1,69,2.2,15.5,10.7
2024-Q3,gaussian_naive_bayes,poluentes_subindices_meteorologia,2024-07-25 13:00:00,2024-07-25 14:00:00,0,1,falso_positivo,221.0,42.16666666666666,1.5989032722490957,0.5599999999999999,42.16666666666666,19.90666666666667,27.34,17.783333333333335,2.8,172.0,25.1,17.5,0.0,1021.7,44,10.6,23.8,5.4
2024-Q3,gaussian_naive_bayes,poluentes_subindices_meteorologia,2024-07-25 14:00:00,2024-07-25 15:00:00,0,1,falso_positivo,233.0,70.66666666666666,1.4717674126651006,0.54,70.66666666666666,20.426666666666662,28.08666666666667,18.09166666666667,2.7,189.0,26.4,18.4,0.0,1020.3,34,10.2,24.6,11.5
2024-Q3,gaussian_naive_bayes,poluentes_subindices_meteorologia,2024-07-26 10:00:00,2024-07-26 11:00:00,0,1,falso_positivo,596.0,52.78666666666667,3.150737161369765,3.4200000000000004,27.450000000000003,37.93333333333333,52.78666666666667,23.091666666666665,17.1,137.0,44.9,31.3,0.0,1022.8,61,11.3,19.4,7.4
2024-Q3,gaussian_naive_bayes,poluentes_subindices_meteorologia,2024-07-26 11:00:00,2024-07-26 12:00:00,0,1,falso_positivo,396.0,53.04666666666667,2.944020076702659,1.7600000000000002,32.75,38.11333333333333,53.04666666666667,23.008333333333336,8.8,149.0,30.3,21.2,0.0,1022.3,54,10.7,21.6,6.0
2024-Q3,gaussian_naive_bayes,poluentes_subindices_meteorologia,2024-07-26 12:00:00,2024-07-26 13:00:00,0,1,falso_positivo,251.0,53.21333333333333,2.656751264207526,0.54,39.1,38.23,53.21333333333333,22.933333333333337,2.7,159.0,27.1,18.9,0.0,1021.1,46,10.2,23.3,4.0
2024-Q3,gaussian_naive_bayes,poluentes_subindices_meteorologia,2024-07-26 13:00:00,2024-07-26 14:00:00,0,1,falso_positivo,211.0,61.33333333333333,2.341337872109829,0.16,61.33333333333333,38.306666666666665,53.32666666666667,22.883333333333336,0.8,169.0,27.4,19.2,0.0,1020.0,37,10.0,24.3,2.4
2024-Q3,gaussian_naive_bayes,poluentes_subindices_meteorologia,2024-07-26 22:00:00,2024-07-26 23:00:00,0,1,falso_positivo,419.0,109.66666666666666,1.4805019373693444,2.78,109.66666666666666,36.6,50.96666666666667,22.23333333333333,13.9,129.0,41.6,28.7,0.0,1020.9,60,8.6,15.6,9.1
2024-Q3,gaussian_naive_bayes,poluentes_subindices_meteorologia,2024-07-26 23:00:00,2024-07-27 00:00:00,0,1,falso_positivo,396.0,100.0,1.54698137539609,2.66,100.0,35.873333333333335,49.946666666666665,21.791666666666668,13.3,122.0,38.3,26.5,0.0,1021.3,68,7.7,14.5,7.7
2024-Q3,gaussian_naive_bayes,poluentes_subindices_meteorologia,2024-07-27 00:00:00,2024-07-27 01:00:00,0,1,falso_positivo,375.0,89.83333333333333,1.5814342228406075,2.5600000000000005,89.83333333333333,35.04333333333334,48.78,21.275,12.8,111.0,34.2,23.7,0.0,1021.3,61,6.8,15.8,6.1
2024-Q3,gaussian_naive_bayes,poluentes_subindices_meteorologia,2024-07-27 01:00:00,2024-07-27 02:00:00,0,1,falso_positivo,357.0,79.16666666666666,1.5775522118609435,2.44,79.16666666666666,34.14333333333334,47.52,20.7,12.2,95.0,31.0,21.5,0.0,1021.1,60,5.9,16.0,5.7
2024-Q3,gaussian_naive_bayes,poluentes_subindices_meteorologia,2024-07-27 02:00:00,2024-07-27 03:00:00,0,1,falso_positivo,341.0,67.0,1.543584615788884,2.3000000000000003,67.0,33.17333333333333,46.16,20.066666666666663,11.5,76.0,28.1,19.5,0.0,1020.8,68,4.9,14.3,7.6
2024-Q3,gaussian_naive_bayes,poluentes_subindices_meteorologia,2024-07-28 15:00:00,2024-07-28 16:00:00,0,1,falso_positivo,217.0,50.33333333333333,0.9248891159049396,0.78,50.33333333333333,15.976666666666668,22.046666666666667,10.716666666666669,3.9,173.0,25.4,17.5,0.0,1017.8,31,6.0,27.5,15.2
2024-Q3,gaussian_naive_bayes,poluentes_subindices_meteorologia,2024-07-28 16:00:00,2024-07-28 17:00:00,0,1,falso_positivo,280.0,72.0,0.8918920225777959,1.4400000000000002,72.0,16.73,23.066666666666663,10.95,7.2,179.0,35.3,24.1,0.0,1018.1,33,6.8,26.8,14.5
2024-Q3,gaussian_naive_bayes,poluentes_subindices_meteorologia,2024-07-28 23:00:00,2024-07-29 00:00:00,0,1,falso_positivo,731.0,105.16666666666666,2.032717999226544,6.300000000000001,105.16666666666666,25.180000000000007,34.586666666666666,13.85,31.5,95.0,66.4,45.6,0.0,1020.6,69,11.6,18.3,5.0
2024-Q3,gaussian_naive_bayes,poluentes_subindices_meteorologia,2024-07-29 08:00:00,2024-07-29 09:00:00,0,1,falso_positivo,604.0,52.46666666666666,2.7804903641843146,2.72,25.85,38.053333333333335,52.46666666666666,18.691666666666663,13.6,125.0,64.5,44.5,0.0,1021.2,77,11.9,17.1,6.8
2024-Q3,gaussian_naive_bayes,poluentes_subindices_meteorologia,2024-07-29 09:00:00,2024-07-29 10:00:00,0,1,falso_positivo,627.0,54.88000000000001,2.719833942627065,2.3000000000000003,31.700000000000003,39.79333333333334,54.88000000000001,20.008333333333336,11.5,174.0,82.4,57.0,0.0,1021.8,73,23.0,19.3,4.3
2024-Q3,gaussian_naive_bayes,poluentes_subindices_meteorologia,2024-07-29 10:00:00,2024-07-29 11:00:00,0,1,falso_positivo,550.0,56.86666666666666,2.622783668135466,1.82,38.55,41.23,56.86666666666666,21.241666666666667,9.1,183.0,68.9,47.6,0.0,1022.3,61,21.0,20.9,3.4
2024-Q3,gaussian_naive_bayes,poluentes_subindices_meteorologia,2024-07-29 11:00:00,2024-07-29 12:00:00,0,1,falso_positivo,442.0,61.16666666666666,2.475752502280693,1.14,61.16666666666666,42.50666666666667,58.63333333333334,22.34166666666667,5.7,196.0,57.0,39.5,0.0,1021.7,54,18.2,22.7,1.4
2024-Q3,gaussian_naive_bayes,poluentes_subindices_meteorologia,2024-07-29 19:00:00,2024-07-29 20:00:00,0,1,falso_positivo,277.0,107.33333333333331,1.0956975990101538,1.32,107.33333333333331,43.41000000000001,59.98,23.508333333333336,6.6,110.0,29.8,20.6,0.0,1022.4,84,4.3,16.3,15.3
2024-Q3,gaussian_naive_bayes,poluentes_subindices_meteorologia,2024-07-29 20:00:00,2024-07-29 21:00:00,0,1,falso_positivo,270.0,91.5,1.0554217350961403,1.08,91.5,42.49333333333333,58.75333333333335,22.95,5.4,105.0,28.6,19.8,0.0,1022.9,85,3.1,15.7,14.2
2024-Q3,gaussian_naive_bayes,poluentes_subindices_meteorologia,2024-07-29 21:00:00,2024-07-29 22:00:00,0,1,falso_positivo,248.0,74.16666666666666,1.0292181609834086,0.94,74.16666666666666,40.99333333333333,56.7,22.141666666666666,4.7,85.0,15.5,10.8,0.0,1023.4,89,1.6,15.3,14.3
2024-Q3,gaussian_naive_bayes,poluentes_subindices_meteorologia,2024-08-05 18:00:00,2024-08-05 19:00:00,0,1,falso_positivo,284.0,67.83333333333333,0.659941866542874,2.1,67.83333333333333,10.443333333333335,14.073333333333332,7.100000000000001,10.5,157.0,27.2,18.1,0.0,1019.4,46,3.6,22.4,8.3
2024-Q3,gaussian_naive_bayes,poluentes_subindices_meteorologia,2024-08-05 19:00:00,2024-08-05 20:00:00,0,1,falso_positivo,311.0,80.33333333333333,0.7375820861361533,2.2,80.33333333333333,11.026666666666667,14.873333333333337,7.183333333333334,11.0,158.0,30.5,20.3,0.0,1019.9,64,3.9,20.4,10.6
2024-Q3,gaussian_naive_bayes,poluentes_subindices_meteorologia,2024-08-05 20:00:00,2024-08-05 21:00:00,0,1,falso_positivo,329.0,90.5,0.8428816339595383,2.12,90.5,11.64,15.726666666666668,7.258333333333334,10.6,155.0,31.4,21.2,0.0,1020.5,82,4.1,18.9,7.9
2024-Q3,gaussian_naive_bayes,poluentes_subindices_meteorologia,2024-08-05 21:00:00,2024-08-05 22:00:00,0,1,falso_positivo,343.0,94.16666666666669,0.9569157064871672,2.68,94.16666666666669,12.053333333333333,16.313333333333333,7.275000000000001,13.4,126.0,27.2,18.6,0.0,1020.9,84,3.6,18.8,3.6
2024-Q3,gaussian_naive_bayes,poluentes_subindices_meteorologia,2024-08-05 22:00:00,2024-08-05 23:00:00,0,1,falso_positivo,345.0,95.33333333333331,1.0641562598003842,2.74,95.33333333333331,12.466666666666669,16.893333333333334,7.300000000000001,13.7,122.0,27.2,18.6,0.0,1021.3,91,3.7,17.1,5.6
2024-Q3,gaussian_naive_bayes,poluentes_subindices_meteorologia,2024-08-05 23:00:00,2024-08-06 00:00:00,0,1,falso_positivo,348.0,93.66666666666669,1.1602360315470674,2.8000000000000003,93.66666666666669,12.856666666666667,17.44,7.341666666666668,14.0,116.0,26.3,18.0,0.0,1021.5,85,3.8,16.8,5.6
2024-Q3,gaussian_naive_bayes,poluentes_subindices_meteorologia,2024-08-09 14:00:00,2024-08-09 15:00:00,0,1,falso_positivo,450.0,46.08,1.7299211428127543,2.52,27.4,34.61666666666667,46.08,13.683333333333335,12.6,96.0,53.9,37.6,0.3,1017.1,81,10.0,18.5,7.5
2024-Q3,gaussian_naive_bayes,poluentes_subindices_meteorologia,2024-08-09 15:00:00,2024-08-09 16:00:00,0,1,falso_positivo,439.0,47.39333333333333,1.7517574545733638,2.2,29.3,35.51666666666667,47.39333333333333,14.225,11.0,100.0,47.4,32.9,0.0,1016.2,78,9.3,18.8,5.7
2024-Q3,gaussian_naive_bayes,poluentes_subindices_meteorologia,2024-08-09 16:00:00,2024-08-09 17:00:00,0,1,falso_positivo,400.0,48.17333333333333,1.745934438103868,2.32,30.4,36.02,48.17333333333333,14.66666666666667,11.6,90.0,36.8,25.3,0.0,1015.9,76,8.2,18.9,5.3
2024-Q3,gaussian_naive_bayes,poluentes_subindices_meteorologia,2024-08-10 00:00:00,2024-08-10 01:00:00,0,1,falso_positivo,225.0,45.11333333333333,1.0384379370601104,1.3,21.05,33.083333333333336,45.11333333333333,15.525,6.5,51.0,15.1,10.2,5.2,1018.2,94,2.7,14.6,15.5
2024-Q3,gaussian_naive_bayes,poluentes_subindices_meteorologia,2024-08-11 14:00:00,2024-08-11 15:00:00,0,1,falso_positivo,268.0,42.02,1.3892746793472412,0.48,35.9,30.63666666666667,42.02,12.450000000000005,2.4,150.0,33.6,23.5,0.0,1017.8,49,8.5,17.6,4.4
2024-Q3,gaussian_naive_bayes,poluentes_subindices_meteorologia,2024-08-11 15:00:00,2024-08-11 16:00:00,0,1,falso_positivo,288.0,47.833333333333336,1.2766963609369864,0.82,47.833333333333336,31.11666666666667,42.78666666666666,12.925,4.1,152.0,36.3,25.4,0.0,1017.0,50,8.4,18.3,1.0
2024-Q3,gaussian_naive_bayes,poluentes_subindices_meteorologia,2024-08-11 16:00:00,2024-08-11 17:00:00,0,1,falso_positivo,319.0,64.66666666666666,1.1830428460525932,1.8,64.66666666666666,31.62333333333333,43.58,13.366666666666667,9.0,139.0,37.1,26.0,0.0,1016.6,50,8.1,18.5,4.5
2024-Q3,gaussian_naive_bayes,poluentes_subindices_meteorologia,2024-08-11 17:00:00,2024-08-11 18:00:00,0,1,falso_positivo,361.0,73.66666666666666,1.169455807623769,3.18,73.66666666666666,32.13333333333334,44.36666666666667,13.758333333333336,15.9,117.0,37.7,26.3,0.0,1016.9,59,7.7,17.5,5.4
2024-Q3,gaussian_naive_bayes,poluentes_subindices_meteorologia,2024-08-11 18:00:00,2024-08-11 19:00:00,0,1,falso_positivo,408.0,76.16666666666666,1.197115135853875,4.44,76.16666666666666,32.75333333333334,45.3,14.108333333333334,22.2,95.0,41.1,28.7,0.0,1017.3,56,7.5,15.1,10.1
2024-Q3,gaussian_naive_bayes,poluentes_subindices_meteorologia,2024-08-15 15:00:00,2024-08-15 16:00:00,0,1,falso_positivo,232.0,66.16666666666666,1.0102933574575468,0.4599999999999999,66.16666666666666,14.203333333333331,18.18,12.15,2.3,156.0,21.2,13.6,0.0,1018.7,46,6.8,25.2,1.1
2024-Q3,gaussian_naive_bayes,poluentes_subindices_meteorologia,2024-08-15 16:00:00,2024-08-15 17:00:00,0,1,falso_positivo,244.0,80.5,0.9865160402071048,1.16,80.5,14.483333333333334,18.58666666666667,12.391666666666667,5.8,145.0,20.9,13.1,0.0,1018.3,43,6.5,25.4,1.3
2024-Q3,gaussian_naive_bayes,poluentes_subindices_meteorologia,2024-08-15 17:00:00,2024-08-15 18:00:00,0,1,falso_positivo,263.0,89.33333333333333,0.9666207339363272,2.18,89.33333333333333,14.746666666666668,18.98,12.591666666666669,10.9,127.0,21.8,13.4,0.0,1018.6,70,6.4,23.2,4.1
2024-Q3,gaussian_naive_bayes,poluentes_subindices_meteorologia,2024-08-15 18:00:00,2024-08-15 19:00:00,0,1,falso_positivo,289.0,92.0,0.9680764880537012,3.16,92.0,15.043333333333337,19.44666666666667,12.733333333333334,15.8,110.0,23.9,15.1,0.0,1019.2,81,6.1,18.5,6.9
2024-Q3,gaussian_naive_bayes,poluentes_subindices_meteorologia,2024-08-16 12:00:00,2024-08-16 13:00:00,0,1,falso_positivo,275.0,36.75,2.0390262670684973,0.82,36.75,26.723333333333336,36.22666666666667,14.216666666666669,4.1,164.0,32.1,22.3,0.0,1020.8,55,10.1,24.4,2.2
2024-Q3,gaussian_naive_bayes,poluentes_subindices_meteorologia,2024-08-16 13:00:00,2024-08-16 14:00:00,0,1,falso_positivo,260.0,58.16666666666666,1.8623947674937869,0.52,58.16666666666666,27.130000000000003,36.84666666666666,14.366666666666667,2.6,184.0,33.3,23.2,0.0,1019.5,51,10.2,26.0,0.4
2024-Q3,gaussian_naive_bayes,poluentes_subindices_meteorologia,2024-08-16 22:00:00,2024-08-16 23:00:00,0,1,falso_positivo,539.0,107.16666666666666,1.6716909781177949,6.0,107.16666666666666,32.013333333333335,44.266666666666666,16.966666666666665,30.0,81.0,43.8,30.2,0.0,1019.6,73,8.0,19.9,4.1
2024-Q3,gaussian_naive_bayes,poluentes_subindices_meteorologia,2024-08-17 10:00:00,2024-08-17 11:00:00,0,1,falso_positivo,559.0,48.07333333333334,2.5956095912778183,2.4800000000000004,26.5,34.60666666666667,48.07333333333334,18.716666666666665,12.4,132.0,32.0,22.3,0.0,1021.9,57,7.9,22.3,5.9
2024-Q3,gaussian_naive_bayes,poluentes_subindices_meteorologia,2024-08-17 11:00:00,2024-08-17 12:00:00,0,1,falso_positivo,395.0,47.38666666666667,2.476237753653152,1.36,31.55,34.11333333333334,47.38666666666667,18.375,6.8,137.0,19.9,13.7,0.0,1020.9,49,6.3,24.9,5.7
2024-Q3,gaussian_naive_bayes,poluentes_subindices_meteorologia,2024-08-17 12:00:00,2024-08-17 13:00:00,0,1,falso_positivo,278.0,46.72666666666667,2.2928127348640293,0.52,37.15,33.65,46.72666666666667,17.941666666666666,2.6,140.0,18.2,12.4,0.0,1019.7,43,4.9,26.9,5.9
2024-Q3,gaussian_naive_bayes,poluentes_subindices_meteorologia,2024-08-17 13:00:00,2024-08-17 14:00:00,0,1,falso_positivo,251.0,50.66666666666666,2.089007158431671,0.16,50.66666666666666,33.29333333333334,46.21333333333334,17.416666666666668,0.8,141.0,22.6,15.5,0.0,1018.3,35,3.9,28.2,5.1
2024-Q3,gaussian_naive_bayes,poluentes_subindices_meteorologia,2024-08-17 14:00:00,2024-08-17 15:00:00,0,1,falso_positivo,272.0,69.83333333333333,1.8885983416065188,0.08,69.83333333333333,32.95333333333334,45.72666666666667,16.8,0.4,141.0,25.2,17.3,0.0,1017.5,28,3.1,28.9,1.8
2024-Q3,gaussian_naive_bayes,poluentes_subindices_meteorologia,2024-08-17 15:00:00,2024-08-17 16:00:00,0,1,falso_positivo,301.0,83.33333333333333,1.6877042734089087,0.4,83.33333333333333,32.53666666666666,45.14,16.133333333333336,2.0,138.0,25.7,17.8,0.0,1016.7,26,2.6,29.0,1.5
2024-Q3,gaussian_naive_bayes,poluentes_subindices_meteorologia,2024-08-17 16:00:00,2024-08-17 17:00:00,0,1,falso_positivo,331.0,88.0,1.4872954565837564,1.36,88.0,32.03,44.42666666666666,15.491666666666667,6.8,130.0,25.9,17.9,0.0,1016.9,28,2.7,28.4,3.3
2024-Q3,gaussian_naive_bayes,poluentes_subindices_meteorologia,2024-08-17 17:00:00,2024-08-17 18:00:00,0,1,falso_positivo,371.0,86.33333333333333,1.3383232852391516,2.72,86.33333333333333,31.563333333333333,43.78666666666668,14.916666666666666,13.6,119.0,28.3,19.7,0.0,1017.1,51,3.1,25.0,5.1
2024-Q3,gaussian_naive_bayes,poluentes_subindices_meteorologia,2024-08-17 18:00:00,2024-08-17 19:00:00,0,1,falso_positivo,404.0,82.16666666666667,1.2631093225081624,3.86,82.16666666666667,31.133333333333333,43.193333333333335,14.416666666666666,19.3,107.0,31.9,22.2,0.0,1017.4,51,3.5,20.6,9.4
2024-Q3,gaussian_naive_bayes,poluentes_subindices_meteorologia,2024-08-17 19:00:00,2024-08-17 20:00:00,0,1,falso_positivo,425.0,75.0,1.2776668636819024,4.5,75.0,30.736666666666668,42.64666666666667,13.983333333333334,22.5,94.0,32.7,22.8,0.0,1017.8,46,3.8,19.9,6.3
2024-Q3,gaussian_naive_bayes,poluentes_subindices_meteorologia,2024-08-18 15:00:00,2024-08-18 16:00:00,0,1,falso_positivo,277.0,58.33333333333333,1.5887129934274775,0.42,58.33333333333333,23.573333333333338,32.76,9.091666666666669,2.1,132.0,24.6,17.0,0.0,1017.1,28,3.7,28.2,7.1
2024-Q3,gaussian_naive_bayes,poluentes_subindices_meteorologia,2024-08-18 16:00:00,2024-08-18 17:00:00,0,1,falso_positivo,311.0,64.83333333333333,1.3921861875819892,1.2000000000000002,64.83333333333333,23.61,32.806666666666665,9.208333333333334,6.0,129.0,27.0,18.6,0.0,1016.7,30,4.1,27.8,6.0
2024-Q3,gaussian_naive_bayes,poluentes_subindices_meteorologia,2024-08-18 17:00:00,2024-08-18 18:00:00,0,1,falso_positivo,358.0,67.0,1.2592273115284984,2.24,67.0,23.673333333333336,32.873333333333335,9.325,11.2,121.0,30.2,20.7,0.0,1016.9,49,4.5,26.5,3.3
2024-Q3,gaussian_naive_bayes,poluentes_subindices_meteorologia,2024-08-18 18:00:00,2024-08-18 19:00:00,0,1,falso_positivo,395.0,67.5,1.197115135853875,3.04,67.5,23.683333333333337,32.873333333333335,9.441666666666668,15.2,112.0,32.2,22.2,0.0,1017.1,53,4.9,21.1,6.6
2024-Q3,gaussian_naive_bayes,poluentes_subindices_meteorologia,2024-08-19 14:00:00,2024-08-19 15:00:00,0,1,falso_positivo,256.0,46.0,1.412566745225225,0.4,46.0,21.576666666666668,29.846666666666664,11.025,2.0,171.0,25.3,17.5,0.0,1016.3,40,5.7,28.0,1.3
2024-Q3,gaussian_naive_bayes,poluentes_subindices_meteorologia,2024-08-19 15:00:00,2024-08-19 16:00:00,0,1,falso_positivo,289.0,70.0,1.332015017397198,0.7400000000000001,70.0,21.766666666666666,30.113333333333333,11.216666666666669,3.7,183.0,30.3,21.0,0.0,1015.6,36,6.0,28.3,2.7
2024-Q3,gaussian_naive_bayes,poluentes_subindices_meteorologia,2024-08-19 21:00:00,2024-08-19 22:00:00,1,0,falso_negativo,743.0,116.83333333333331,1.750786951828448,9.06,116.83333333333331,24.81,34.34,12.916666666666666,45.3,96.0,59.3,41.0,0.0,1017.5,85,11.6,17.7,4.7
2024-Q3,gaussian_naive_bayes,poluentes_subindices_meteorologia,2024-08-20 09:00:00,2024-08-20 10:00:00,0,1,falso_positivo,687.0,51.66,3.489927870717904,3.7,23.55,37.24,51.66,20.791666666666668,18.5,186.0,61.9,42.6,0.0,1021.0,57,15.2,20.9,1.3
2024-Q3,gaussian_naive_bayes,poluentes_subindices_meteorologia,2024-08-20 10:00:00,2024-08-20 11:00:00,0,1,falso_positivo,604.0,53.06,3.325427655454644,2.8600000000000003,32.0,38.24666666666666,53.06,21.433333333333334,14.3,200.0,61.9,42.8,0.0,1021.8,55,14.1,22.6,4.7
2024-Q3,gaussian_naive_bayes,poluentes_subindices_meteorologia,2024-08-20 11:00:00,2024-08-20 12:00:00,0,1,falso_positivo,489.0,54.41333333333333,3.102212024123965,1.72,45.333333333333336,39.21666666666667,54.41333333333333,21.991666666666664,8.6,218.0,55.1,38.2,0.0,1021.2,47,12.5,25.1,3.9
2024-Q3,gaussian_naive_bayes,poluentes_subindices_meteorologia,2024-08-20 20:00:00,2024-08-20 21:00:00,0,1,falso_positivo,391.0,112.16666666666666,1.4431375816900789,1.94,112.16666666666666,39.07666666666667,54.086666666666666,20.591666666666665,9.7,92.0,29.6,20.3,0.0,1020.6,85,2.6,16.7,8.7
2024-Q3,gaussian_naive_bayes,poluentes_subindices_meteorologia,2024-08-20 21:00:00,2024-08-20 22:00:00,0,1,falso_positivo,430.0,90.66666666666669,1.4751641722723066,2.14,90.66666666666669,38.11666666666667,52.74,19.85,10.7,91.0,30.5,20.8,0.0,1021.7,93,2.7,15.1,5.9
2024-Q3,gaussian_naive_bayes,poluentes_subindices_meteorologia,2024-08-20 22:00:00,2024-08-20 23:00:00,0,1,falso_positivo,424.0,71.0,1.5101022710892822,2.14,71.0,37.00666666666667,51.17999999999999,19.08333333333333,10.7,85.0,28.6,19.6,0.0,1022.2,91,2.9,15.7,6.2
2024-Q3,gaussian_naive_bayes,poluentes_subindices_meteorologia,2024-08-21 15:00:00,2024-08-21 16:00:00,0,1,falso_positivo,258.0,62.83333333333333,1.1607212829195257,0.26,62.83333333333333,22.10333333333333,30.12,4.775000000000001,1.3,126.0,23.9,16.0,0.0,1017.0,28,1.2,27.5,11.7
2024-Q3,gaussian_naive_bayes,poluentes_subindices_meteorologia,2024-08-21 16:00:00,2024-08-21 17:00:00,0,1,falso_positivo,261.0,68.0,1.1194749162605957,0.58,68.0,21.79,29.673333333333336,4.558333333333335,2.9,116.0,23.4,15.5,0.0,1016.5,28,1.1,27.5,8.8
2024-Q3,gaussian_naive_bayes,poluentes_subindices_meteorologia,2024-08-21 17:00:00,2024-08-21 18:00:00,0,1,falso_positivo,271.0,68.66666666666666,1.093271342147864,1.06,68.66666666666666,21.416666666666668,29.146666666666665,4.416666666666667,5.3,102.0,23.3,15.3,0.0,1016.4,42,1.2,25.0,5.7
2024-Q3,gaussian_naive_bayes,poluentes_subindices_meteorologia,2024-08-22 14:00:00,2024-08-22 15:00:00,0,1,falso_positivo,258.0,57.16666666666666,1.3640416079794253,0.22,57.16666666666666,16.193333333333335,22.21333333333333,7.641666666666668,1.1,166.0,20.5,14.3,0.0,1014.5,32,4.1,29.5,10.2
2024-Q3,gaussian_naive_bayes,poluentes_subindices_meteorologia,2024-08-22 15:00:00,2024-08-22 16:00:00,0,1,falso_positivo,264.0,76.66666666666666,1.283975131523856,0.44,76.66666666666666,16.096666666666668,22.126666666666665,7.866666666666668,2.2,163.0,21.0,14.7,0.0,1013.9,27,3.9,30.0,10.2
2024-Q3,gaussian_naive_bayes,poluentes_subindices_meteorologia,2024-08-22 19:00:00,2024-08-22 20:00:00,0,1,falso_positivo,383.0,102.66666666666666,1.1908068680119213,3.1,102.66666666666666,16.186666666666667,22.406666666666663,8.9,15.5,109.0,24.3,16.5,0.0,1014.2,47,4.8,21.8,8.5
2024-Q3,gaussian_naive_bayes,poluentes_subindices_meteorologia,2024-08-22 20:00:00,2024-08-22 21:00:00,0,1,falso_positivo,388.0,91.83333333333331,1.2403025080026366,3.38,91.83333333333331,16.266666666666666,22.520000000000003,9.1,16.9,90.0,23.1,15.8,0.0,1015.0,49,4.9,20.8,8.7
2024-Q3,gaussian_naive_bayes,poluentes_subindices_meteorologia,2024-08-23 16:00:00,2024-08-23 17:00:00,0,1,falso_positivo,237.0,53.0,0.8380291202349583,1.14,53.0,14.043333333333331,19.526666666666667,7.333333333333335,5.7,130.0,18.6,13.0,0.0,1009.6,27,2.2,29.8,16.0
2024-Q3,gaussian_naive_bayes,poluentes_subindices_meteorologia,2024-08-23 17:00:00,2024-08-23 18:00:00,0,1,falso_positivo,290.0,61.66666666666666,0.8346323606277524,2.02,61.66666666666666,14.1,19.58,7.158333333333334,10.1,124.0,25.3,17.0,0.0,1009.9,34,2.3,27.4,9.7
2024-Q3,gaussian_naive_bayes,poluentes_subindices_meteorologia,2024-08-23 18:00:00,2024-08-23 19:00:00,0,1,falso_positivo,331.0,67.66666666666666,0.868599956699812,2.6,67.66666666666666,14.253333333333334,19.74,6.966666666666668,13.0,119.0,29.5,19.3,0.0,1010.1,37,2.4,24.4,9.7
2024-Q3,gaussian_naive_bayes,poluentes_subindices_meteorologia,2024-08-23 19:00:00,2024-08-23 20:00:00,0,1,falso_positivo,351.0,70.5,0.9360498974714734,2.6,70.5,14.416666666666666,19.9,6.766666666666667,13.0,116.0,29.2,18.9,0.0,1010.4,36,2.4,24.4,12.6
2024-Q3,gaussian_naive_bayes,poluentes_subindices_meteorologia,2024-08-23 20:00:00,2024-08-23 21:00:00,0,1,falso_positivo,357.0,70.66666666666666,1.0229098931414546,2.26,70.66666666666666,14.576666666666668,20.03333333333333,6.550000000000002,11.3,113.0,27.9,17.8,0.0,1011.3,47,2.3,21.0,4.5
2024-Q3,gaussian_naive_bayes,poluentes_subindices_meteorologia,2024-08-30 13:00:00,2024-08-30 14:00:00,0,1,falso_positivo,234.0,65.5,1.6013295291113854,0.26,65.5,21.096666666666668,28.680000000000003,14.125000000000002,1.3,180.0,16.8,11.7,0.0,1021.1,31,6.1,26.6,3.6
2024-Q3,gaussian_naive_bayes,poluentes_subindices_meteorologia,2024-08-30 21:00:00,2024-08-30 22:00:00,0,1,falso_positivo,392.0,117.83333333333331,1.2538895464314606,4.0200000000000005,117.83333333333331,22.74666666666667,31.37333333333333,14.183333333333335,20.1,87.0,28.6,19.5,0.0,1020.0,48,5.3,17.1,7.7
2024-Q3,gaussian_naive_bayes,poluentes_subindices_meteorologia,2024-08-30 22:00:00,2024-08-30 23:00:00,0,1,falso_positivo,401.0,98.0,1.325221498182786,4.0600000000000005,98.0,22.840000000000003,31.5,14.066666666666668,20.3,79.0,27.8,19.0,0.0,1020.4,51,5.0,16.0,9.8
2024-Q3,gaussian_naive_bayes,poluentes_subindices_meteorologia,2024-08-31 12:00:00,2024-08-31 13:00:00,0,1,falso_positivo,253.0,57.66666666666666,1.4038322205209812,0.42,57.66666666666666,22.313333333333333,30.6,11.475,2.1,166.0,22.5,15.1,0.0,1022.0,40,3.6,26.0,6.1
2024-Q3,gaussian_naive_bayes,poluentes_subindices_meteorologia,2024-08-31 13:00:00,2024-08-31 14:00:00,0,1,falso_positivo,238.0,79.16666666666666,1.309208202891672,0.3,79.16666666666666,22.55,30.880000000000003,11.183333333333335,1.5,171.0,23.9,15.9,0.0,1020.6,32,2.6,27.2,2.7
2024-Q3,gaussian_naive_bayes,poluentes_subindices_meteorologia,2024-08-31 20:00:00,2024-08-31 21:00:00,0,1,falso_positivo,287.0,102.33333333333331,0.9549747009973352,2.5,102.33333333333331,22.41333333333333,30.453333333333337,8.500000000000002,12.5,99.0,24.8,16.9,0.0,1019.8,82,2.1,15.8,6.0
2024-Q3,gaussian_naive_bayes,poluentes_subindices_meteorologia,2024-08-31 21:00:00,2024-08-31 22:00:00,0,1,falso_positivo,289.0,88.16666666666667,0.979722520992693,2.66,88.16666666666667,22.37333333333333,30.41333333333334,8.200000000000001,13.3,86.0,27.4,18.9,0.0,1020.4,90,1.7,14.2,7.5
2024-Q3,gaussian_naive_bayes,poluentes_subindices_meteorologia,2024-09-01 12:00:00,2024-09-01 13:00:00,0,1,falso_positivo,226.0,38.3,1.2339942401606827,0.58,38.3,23.55333333333333,32.306666666666665,4.658333333333334,2.9,172.0,20.8,14.6,0.0,1018.1,37,6.1,28.2,6.8
2024-Q3,gaussian_naive_bayes,poluentes_subindices_meteorologia,2024-09-01 13:00:00,2024-09-01 14:00:00,0,1,falso_positivo,204.0,56.5,1.1723673158585173,0.38,56.5,23.410000000000004,32.153333333333336,4.908333333333334,1.9,178.0,19.6,13.6,0.0,1016.5,22,5.6,30.3,12.6
2024-Q3,gaussian_naive_bayes,poluentes_subindices_meteorologia,2024-09-01 14:00:00,2024-09-01 15:00:00,0,1,falso_positivo,194.0,77.66666666666666,1.1058878778317718,0.36,77.66666666666666,23.256666666666664,31.993333333333336,5.141666666666667,1.8,176.0,19.8,13.8,0.0,1015.4,22,4.8,30.5,16.2
2024-Q3,gaussian_naive_bayes,poluentes_subindices_meteorologia,2024-09-01 19:00:00,2024-09-01 20:00:00,0,1,falso_positivo,331.0,113.83333333333331,0.9375056515888476,3.92,113.83333333333331,23.023333333333333,31.926666666666662,6.558333333333334,19.6,107.0,24.9,17.3,0.0,1014.8,46,5.7,21.4,7.5
2024-Q3,gaussian_naive_bayes,poluentes_subindices_meteorologia,2024-09-01 20:00:00,2024-09-01 21:00:00,0,1,falso_positivo,364.0,98.33333333333331,1.0044703409880509,4.34,98.33333333333331,22.97666666666667,31.88666666666667,6.858333333333334,21.7,79.0,23.4,16.3,0.0,1015.3,48,5.7,20.2,7.7
2024-Q3,gaussian_naive_bayes,poluentes_subindices_meteorologia,2024-09-02 09:00:00,2024-09-02 10:00:00,0,1,falso_positivo,326.0,35.300000000000004,1.2218629558492329,1.8600000000000003,35.300000000000004,22.673333333333336,30.88666666666667,12.316666666666668,9.3,138.0,69.4,46.3,0.0,1017.4,60,8.3,21.1,5.5
2024-Q3,gaussian_naive_bayes,poluentes_subindices_meteorologia,2024-09-02 10:00:00,2024-09-02 11:00:00,0,1,falso_positivo,323.0,39.400000000000006,1.2170104421246528,1.5,39.400000000000006,24.043333333333333,32.693333333333335,12.5,7.5,145.0,68.2,45.9,0.0,1017.2,57,7.9,23.0,2.7
2024-Q3,gaussian_naive_bayes,poluentes_subindices_meteorologia,2024-09-02 11:00:00,2024-09-02 12:00:00,0,1,falso_positivo,319.0,53.33333333333333,1.2136136825174468,1.02,53.33333333333333,25.49333333333333,34.61333333333334,12.616666666666667,5.1,155.0,66.4,44.8,0.0,1016.5,52,7.4,25.0,4.4
2024-Q3,gaussian_naive_bayes,poluentes_subindices_meteorologia,2024-09-02 12:00:00,2024-09-02 13:00:00,0,1,falso_positivo,316.0,69.16666666666666,1.212643179772531,0.68,69.16666666666666,26.99666666666667,36.61333333333333,12.675,3.4,161.0,65.9,44.6,0.0,1015.7,45,6.8,26.8,8.4
2024-Q3,gaussian_naive_bayes,poluentes_subindices_meteorologia,2024-09-02 13:00:00,2024-09-02 14:00:00,0,1,falso_positivo,316.0,84.33333333333333,1.215069436634821,0.6000000000000001,84.33333333333333,28.523333333333337,38.64666666666667,12.733333333333334,3.0,163.0,65.4,44.1,0.0,1014.3,41,6.3,28.2,11.9
2024-Q3,gaussian_naive_bayes,poluentes_subindices_meteorologia,2024-09-02 17:00:00,2024-09-02 18:00:00,0,1,falso_positivo,275.0,105.0,1.201967649578455,1.14,105.0,32.653333333333336,43.97333333333333,12.65,5.7,112.0,41.8,27.3,0.0,1014.4,83,3.1,18.9,15.6
2024-Q3,gaussian_naive_bayes,poluentes_subindices_meteorologia,2024-09-02 18:00:00,2024-09-02 19:00:00,0,1,falso_positivo,257.0,96.0,1.1699410589962271,1.2800000000000002,96.0,32.99333333333333,44.34666666666666,12.383333333333333,6.4,91.0,35.3,23.0,0.0,1014.8,91,2.3,17.1,11.1
2024-Q3,gaussian_naive_bayes,poluentes_subindices_meteorologia,2024-09-02 19:00:00,2024-09-02 20:00:00,0,1,falso_positivo,246.0,83.16666666666667,1.1345177088067937,1.3,83.16666666666667,33.20333333333334,44.54666666666667,12.066666666666668,6.5,78.0,31.2,20.3,0.0,1015.3,95,1.9,16.3,8.4
2024-Q3,gaussian_naive_bayes,poluentes_subindices_meteorologia,2024-09-03 12:00:00,2024-09-03 13:00:00,0,1,falso_positivo,404.0,37.293333333333344,1.2810636232891084,0.9,23.4,27.75,37.293333333333344,4.983333333333334,4.5,141.0,64.7,44.1,0.0,1017.1,53,5.6,26.4,3.3
2024-Q3,gaussian_naive_bayes,poluentes_subindices_meteorologia,2024-09-03 13:00:00,2024-09-03 14:00:00,0,1,falso_positivo,428.0,37.74,1.3523955750404335,0.76,30.65,28.03666666666667,37.74,4.983333333333333,3.8,164.0,74.0,50.8,0.0,1015.8,45,6.3,28.3,5.2
2024-Q3,gaussian_naive_bayes,poluentes_subindices_meteorologia,2024-09-03 14:00:00,2024-09-03 15:00:00,0,1,falso_positivo,450.0,38.85,1.4285800405163391,0.68,38.85,28.51,38.44666666666667,5.058333333333335,3.4,183.0,76.8,52.7,0.0,1014.5,36,6.6,30.2,10.0
2024-Q3,gaussian_naive_bayes,poluentes_subindices_meteorologia,2024-09-03 15:00:00,2024-09-03 16:00:00,0,1,falso_positivo,468.0,63.16666666666666,1.5062202601096182,0.86,63.16666666666666,29.12333333333333,39.366666666666674,5.191666666666667,4.3,186.0,75.0,51.6,0.0,1013.9,33,6.6,30.3,14.0
2024-Q3,gaussian_naive_bayes,poluentes_subindices_meteorologia,2024-09-03 16:00:00,2024-09-03 17:00:00,0,1,falso_positivo,480.0,85.0,1.5814342228406075,1.46,85.0,29.840000000000003,40.42666666666666,5.3500000000000005,7.3,166.0,71.7,49.1,0.0,1014.2,41,6.0,28.7,17.0
2024-Q3,gaussian_naive_bayes,poluentes_subindices_meteorologia,2024-09-03 18:00:00,2024-09-03 19:00:00,0,1,falso_positivo,503.0,103.5,1.744478683986494,3.2200000000000006,103.5,31.506666666666668,42.84,5.691666666666667,16.1,100.0,60.3,41.0,0.0,1015.2,68,4.4,24.0,10.7
2024-Q3,gaussian_naive_bayes,poluentes_subindices_meteorologia,2024-09-03 19:00:00,2024-09-03 20:00:00,0,1,falso_positivo,524.0,98.16666666666666,1.8177516412276515,4.04,98.16666666666666,32.306666666666665,43.986666666666665,5.875,20.2,78.0,55.2,37.5,0.0,1015.6,75,4.1,21.6,7.1
2024-Q3,gaussian_naive_bayes,poluentes_subindices_meteorologia,2024-09-03 20:00:00,2024-09-03 21:00:00,0,1,falso_positivo,549.0,84.66666666666667,1.8881130902340608,4.84,84.66666666666667,33.17333333333334,45.23333333333333,6.066666666666666,24.2,60.0,54.1,37.0,0.0,1016.6,82,4.0,19.2,7.2
2024-Q3,gaussian_naive_bayes,poluentes_subindices_meteorologia,2024-09-04 08:00:00,2024-09-04 09:00:00,0,1,falso_positivo,815.0,68.34,3.270108998994432,3.7,13.1,49.53,68.34,10.758333333333333,18.5,105.0,82.9,57.9,0.0,1018.9,63,7.4,19.3,8.9
2024-Q3,gaussian_naive_bayes,poluentes_subindices_meteorologia,2024-09-04 09:00:00,2024-09-04 10:00:00,0,1,falso_positivo,697.0,71.21333333333334,3.2312888891977924,2.4600000000000004,17.95,51.58,71.21333333333334,11.083333333333334,12.3,119.0,97.1,67.3,0.0,1019.4,54,5.8,22.6,7.9
2024-Q3,gaussian_naive_bayes,poluentes_subindices_meteorologia,2024-09-04 10:00:00,2024-09-04 11:00:00,0,1,falso_positivo,590.0,72.31333333333333,3.12307783313966,1.82,23.15,52.34,72.31333333333333,11.216666666666669,9.1,124.0,65.9,45.5,0.0,1019.5,56,4.6,24.5,9.0
2024-Q3,gaussian_naive_bayes,poluentes_subindices_meteorologia,2024-09-04 11:00:00,2024-09-04 12:00:00,0,1,falso_positivo,443.0,72.10666666666665,2.9294625355289194,0.96,28.75,52.16666666666666,72.10666666666665,11.091666666666669,4.8,131.0,47.8,32.9,0.0,1018.7,45,2.9,27.2,10.4
2024-Q3,gaussian_naive_bayes,poluentes_subindices_meteorologia,2024-09-04 12:00:00,2024-09-04 13:00:00,0,1,falso_positivo,334.0,71.14666666666668,2.670823554008808,0.32,34.85,51.45666666666667,71.14666666666668,10.775,1.6,136.0,43.4,29.7,0.0,1017.8,37,1.8,29.2,11.5
2024-Q3,gaussian_naive_bayes,poluentes_subindices_meteorologia,2024-09-04 13:00:00,2024-09-04 14:00:00,0,1,falso_positivo,302.0,69.66666666666666,2.3884072552382545,0.12,44.5,50.39333333333333,69.66666666666666,10.391666666666667,0.6,139.0,42.1,28.6,0.0,1016.3,30,1.7,30.5,9.8
2024-Q3,gaussian_naive_bayes,poluentes_subindices_meteorologia,2024-09-04 14:00:00,2024-09-04 15:00:00,0,1,falso_positivo,308.0,68.0,2.1098729674473646,0.18,65.0,49.20333333333333,68.0,10.016666666666667,0.9,141.0,41.1,27.7,0.0,1015.0,23,2.1,31.3,7.2
2024-Q3,gaussian_naive_bayes,poluentes_subindices_meteorologia,2024-09-04 15:00:00,2024-09-04 16:00:00,0,1,falso_positivo,319.0,79.16666666666666,1.847837226320047,0.34,79.16666666666666,48.02666666666666,66.34,9.675,1.7,140.0,39.7,26.7,0.0,1014.5,23,2.5,30.9,7.7
2024-Q3,gaussian_naive_bayes,poluentes_subindices_meteorologia,2024-09-04 16:00:00,2024-09-04 17:00:00,0,1,falso_positivo,323.0,83.83333333333333,1.6090935510707134,0.66,83.83333333333333,46.91333333333334,64.77333333333334,9.408333333333331,3.3,133.0,38.3,25.6,0.0,1015.1,47,2.8,27.0,18.1
2024-Q3,gaussian_naive_bayes,poluentes_subindices_meteorologia,2024-09-04 17:00:00,2024-09-04 18:00:00,0,1,falso_positivo,332.0,84.33333333333333,1.4319768001235451,1.12,84.33333333333333,45.91666666666667,63.38000000000001,9.25,5.6,122.0,36.9,24.6,0.0,1015.4,53,3.2,24.3,17.3
2024-Q3,gaussian_naive_bayes,poluentes_subindices_meteorologia,2024-09-04 18:00:00,2024-09-04 19:00:00,0,1,falso_positivo,343.0,82.5,1.31211971112642,1.46,82.5,45.07333333333334,62.19333333333334,9.183333333333335,7.3,113.0,35.0,23.2,0.0,1015.4,58,3.6,22.6,16.5
2024-Q3,gaussian_naive_bayes,poluentes_subindices_meteorologia,2024-09-04 19:00:00,2024-09-04 20:00:00,0,1,falso_positivo,356.0,78.66666666666666,1.2699028417225744,1.6,78.66666666666666,44.36666666666667,61.19333333333334,9.175,8.0,108.0,34.0,22.5,0.0,1015.6,63,4.0,21.5,12.6
2024-Q3,gaussian_naive_bayes,poluentes_subindices_meteorologia,2024-09-04 20:00:00,2024-09-04 21:00:00,0,1,falso_positivo,372.0,73.33333333333333,1.2883423938759782,1.62,73.33333333333333,43.73666666666667,60.29333333333334,9.208333333333334,8.1,104.0,35.2,23.5,0.0,1016.3,51,4.4,21.0,12.1
2024-Q3,gaussian_naive_bayes,poluentes_subindices_meteorologia,2024-09-04 21:00:00,2024-09-04 22:00:00,0,1,falso_positivo,389.0,65.5,1.3305592632798238,1.96,65.5,43.35,59.71333333333334,9.225,9.8,92.0,33.2,22.0,0.0,1016.9,45,4.7,20.6,16.0
2024-Q3,gaussian_naive_bayes,poluentes_subindices_meteorologia,2024-09-04 22:00:00,2024-09-04 23:00:00,0,1,falso_positivo,410.0,59.120000000000005,1.3800549032705394,1.88,57.0,42.95333333333333,59.120000000000005,9.216666666666669,9.4,90.0,36.2,24.4,0.0,1017.5,51,4.8,20.5,16.7
2024-Q3,gaussian_naive_bayes,poluentes_subindices_meteorologia,2024-09-04 23:00:00,2024-09-05 00:00:00,0,1,falso_positivo,439.0,58.48,1.4382850679654988,1.7800000000000002,48.16666666666666,42.52666666666666,58.48,9.175,8.9,87.0,38.4,26.0,0.0,1017.5,55,5.0,20.1,15.2
2024-Q3,gaussian_naive_bayes,poluentes_subindices_meteorologia,2024-09-05 00:00:00,2024-09-05 01:00:00,0,1,falso_positivo,464.0,57.760000000000005,1.5067055114820762,1.66,39.95,42.03333333333335,57.760000000000005,9.116666666666667,8.3,83.0,39.6,27.0,0.0,1017.1,58,5.2,19.4,13.1
2024-Q3,gaussian_naive_bayes,poluentes_subindices_meteorologia,2024-09-05 01:00:00,2024-09-05 02:00:00,0,1,falso_positivo,480.0,56.94,1.5785227146058596,1.54,37.75,41.473333333333336,56.94,9.05,7.7,78.0,40.2,27.5,0.0,1017.0,62,5.3,18.4,9.6
2024-Q3,gaussian_naive_bayes,poluentes_subindices_meteorologia,2024-09-05 02:00:00,2024-09-05 03:00:00,0,1,falso_positivo,492.0,55.993333333333325,1.650825169102101,1.42,35.65,40.81333333333334,55.993333333333325,8.983333333333334,7.1,71.0,39.8,27.4,0.0,1016.6,66,5.4,17.7,9.7
2024-Q3,gaussian_naive_bayes,poluentes_subindices_meteorologia,2024-09-05 09:00:00,2024-09-05 10:00:00,0,1,falso_positivo,543.0,43.99333333333334,2.009911184721018,2.42,27.5,32.35,43.99333333333334,8.766666666666667,12.1,97.0,68.0,46.0,0.0,1017.1,50,7.2,22.8,8.7
2024-Q3,gaussian_naive_bayes,poluentes_subindices_meteorologia,2024-09-05 10:00:00,2024-09-05 11:00:00,0,1,falso_positivo,478.0,43.38666666666667,2.003117665506606,1.98,29.65,31.996666666666663,43.38666666666667,8.941666666666666,9.9,114.0,55.3,36.4,0.0,1019.0,58,6.7,23.9,16.2
2024-Q3,gaussian_naive_bayes,poluentes_subindices_meteorologia,2024-09-05 11:00:00,2024-09-05 12:00:00,0,1,falso_positivo,389.0,43.273333333333326,1.9487695117913104,1.4,33.2,31.97,43.273333333333326,9.2,7.0,137.0,47.0,31.2,0.0,1019.2,59,6.0,23.7,16.9
2024-Q3,gaussian_naive_bayes,poluentes_subindices_meteorologia,2024-09-05 12:00:00,2024-09-05 13:00:00,0,1,falso_positivo,321.0,43.21333333333334,1.8594832592590391,0.94,37.8,31.956666666666667,43.21333333333334,9.483333333333333,4.7,152.0,43.0,28.8,0.0,1018.8,59,5.2,24.0,16.9
2024-Q3,gaussian_naive_bayes,poluentes_subindices_meteorologia,2024-09-05 13:00:00,2024-09-05 14:00:00,0,1,falso_positivo,300.0,49.16666666666666,1.76000672790515,0.76,49.16666666666666,31.986666666666668,43.23333333333333,9.7,3.8,154.0,43.0,28.9,0.0,1017.9,58,4.3,24.5,16.2
2024-Q3,gaussian_naive_bayes,poluentes_subindices_meteorologia,2024-09-05 14:00:00,2024-09-05 15:00:00,0,1,falso_positivo,301.0,64.66666666666666,1.6590744424338868,0.7000000000000001,64.66666666666666,31.986666666666668,43.23333333333333,9.808333333333334,3.5,149.0,41.1,27.7,0.0,1016.8,59,3.4,24.5,17.5
2024-Q3,gaussian_naive_bayes,poluentes_subindices_meteorologia,2024-09-05 15:00:00,2024-09-05 16:00:00,0,1,falso_positivo,297.0,77.0,1.5455256212787158,0.78,77.0,31.906666666666663,43.126666666666665,9.825,3.9,139.0,37.3,25.1,0.0,1016.1,63,2.7,23.7,17.7
2024-Q3,gaussian_naive_bayes,poluentes_subindices_meteorologia,2024-09-05 16:00:00,2024-09-05 17:00:00,0,1,falso_positivo,278.0,83.83333333333333,1.4106257397353932,1.04,83.83333333333333,31.67,42.81333333333334,9.791666666666666,5.2,121.0,31.2,20.9,0.0,1016.3,70,2.4,21.9,18.8
2024-Q3,gaussian_naive_bayes,poluentes_subindices_meteorologia,2024-09-05 17:00:00,2024-09-05 18:00:00,0,1,falso_positivo,254.0,83.83333333333333,1.2703880930950322,1.4400000000000002,83.83333333333333,31.24000000000001,42.24,9.716666666666669,7.2,97.0,24.0,16.0,0.0,1017.1,77,2.3,20.1,18.9
2024-Q3,gaussian_naive_bayes,poluentes_subindices_meteorologia,2024-09-05 18:00:00,2024-09-05 19:00:00,0,1,falso_positivo,233.0,78.16666666666666,1.1515015068428236,1.66,78.16666666666666,30.62333333333333,41.42,9.6,8.3,80.0,16.5,10.9,0.0,1018.1,88,2.2,17.3,19.5
2024-Q3,gaussian_naive_bayes,poluentes_subindices_meteorologia,2024-09-07 15:00:00,2024-09-07 16:00:00,0,1,falso_positivo,378.0,44.0,1.4722526640375586,0.58,44.0,18.516666666666666,25.23333333333333,3.9166666666666674,2.9,129.0,47.0,32.1,0.0,1016.1,45,3.2,30.3,2.8
2024-Q3,gaussian_naive_bayes,poluentes_subindices_meteorologia,2024-09-07 16:00:00,2024-09-07 17:00:00,0,1,falso_positivo,379.0,54.5,1.501367746385038,1.32,54.5,19.403333333333336,26.5,4.158333333333334,6.6,116.0,44.7,30.4,0.0,1016.2,41,3.6,29.7,4.7
2024-Q3,gaussian_naive_bayes,poluentes_subindices_meteorologia,2024-09-08 11:00:00,2024-09-08 12:00:00,0,1,falso_positivo,599.0,39.900000000000006,2.5402909348176066,1.8,26.55,28.976666666666667,39.900000000000006,10.675,9.0,155.0,72.9,50.2,0.0,1021.7,54,8.7,27.8,4.6
2024-Q3,gaussian_naive_bayes,poluentes_subindices_meteorologia,2024-09-08 12:00:00,2024-09-08 13:00:00,0,1,falso_positivo,559.0,40.973333333333336,2.499529819531135,0.78,35.1,29.730000000000004,40.973333333333336,11.066666666666668,3.9,178.0,77.5,53.6,0.0,1020.9,46,9.2,29.7,5.6
2024-Q3,gaussian_naive_bayes,poluentes_subindices_meteorologia,2024-09-08 13:00:00,2024-09-08 14:00:00,0,1,falso_positivo,559.0,55.16666666666666,2.4577982014997475,0.42,55.16666666666666,30.65,42.26,11.466666666666669,2.1,193.0,82.4,56.9,0.0,1019.8,38,8.9,30.9,6.8
2024-Q3,gaussian_naive_bayes,poluentes_subindices_meteorologia,2024-09-08 20:00:00,2024-09-08 21:00:00,0,1,falso_positivo,640.0,119.5,2.3360001070127905,4.54,119.5,37.06666666666667,51.16,13.258333333333336,22.7,94.0,55.4,38.1,0.0,1019.0,60,6.4,23.2,10.7
2024-Q3,gaussian_naive_bayes,poluentes_subindices_meteorologia,2024-09-08 21:00:00,2024-09-08 22:00:00,0,1,falso_positivo,716.0,97.33333333333331,2.412184572488696,5.0,97.33333333333331,38.41333333333333,53.013333333333335,13.358333333333333,25.0,60.0,51.8,35.7,0.0,1019.3,65,6.3,22.0,8.4
2024-Q3,gaussian_naive_bayes,poluentes_subindices_meteorologia,2024-09-09 09:00:00,2024-09-09 10:00:00,0,1,falso_positivo,890.0,72.45333333333333,3.176455484110039,3.14,17.650000000000002,52.38666666666667,72.45333333333333,13.108333333333334,15.7,108.0,112.2,78.0,0.0,1021.0,52,8.0,23.8,6.0
2024-Q3,gaussian_naive_bayes,poluentes_subindices_meteorologia,2024-09-09 10:00:00,2024-09-09 11:00:00,0,1,falso_positivo,835.0,74.51333333333334,3.200232801360481,2.44,22.85,53.84666666666667,74.51333333333334,13.266666666666666,12.2,136.0,115.0,79.9,0.0,1020.7,54,9.7,25.5,7.4
2024-Q3,gaussian_naive_bayes,poluentes_subindices_meteorologia,2024-09-09 11:00:00,2024-09-09 12:00:00,0,1,falso_positivo,759.0,76.28666666666666,3.1861605115591987,1.46,30.15,55.10333333333333,76.28666666666666,13.541666666666666,7.3,175.0,110.6,76.8,0.0,1020.0,48,12.0,27.5,6.4
2024-Q3,gaussian_naive_bayes,poluentes_subindices_meteorologia,2024-09-09 12:00:00,2024-09-09 13:00:00,0,1,falso_positivo,701.0,77.66666666666666,3.142487888037979,0.7400000000000001,39.3,56.09,77.66666666666666,13.891666666666667,3.7,205.0,107.1,74.3,0.0,1018.9,40,13.4,29.4,5.6
2024-Q3,gaussian_naive_bayes,poluentes_subindices_meteorologia,2024-09-09 22:00:00,2024-09-09 23:00:00,0,1,falso_positivo,693.0,108.83333333333331,2.5776552904968724,4.4,108.83333333333331,59.45,82.34666666666666,15.6,22.0,95.0,53.4,37.0,0.0,1018.0,56,6.1,18.6,7.1
2024-Q3,gaussian_naive_bayes,poluentes_subindices_meteorologia,2024-09-09 23:00:00,2024-09-10 00:00:00,0,1,falso_positivo,717.0,85.33333333333333,2.601432607747314,4.84,85.33333333333333,59.44333333333333,82.35333333333332,15.508333333333333,24.2,80.0,53.4,37.1,0.0,1018.4,67,5.0,17.2,7.8
2024-Q3,gaussian_naive_bayes,poluentes_subindices_meteorologia,2024-09-10 00:00:00,2024-09-10 01:00:00,0,1,falso_positivo,737.0,82.42666666666668,2.639282214799038,5.04,62.83333333333333,59.486666666666665,82.42666666666668,15.358333333333334,25.2,68.0,54.5,38.0,0.0,1018.1,65,4.2,17.2,6.5
2024-Q3,gaussian_naive_bayes,poluentes_subindices_meteorologia,2024-09-10 01:00:00,2024-09-10 02:00:00,0,1,falso_positivo,749.0,82.57333333333332,2.686836849299921,4.78,44.16666666666666,59.59666666666666,82.57333333333332,15.216666666666669,23.9,64.0,55.9,38.8,0.0,1017.6,56,4.2,18.7,5.4
2024-Q3,gaussian_naive_bayes,poluentes_subindices_meteorologia,2024-09-10 02:00:00,2024-09-10 03:00:00,0,1,falso_positivo,757.0,82.84,2.739243997525385,4.28,36.8,59.78666666666667,82.84,15.133333333333333,21.4,63.0,57.9,40.2,0.0,1017.2,55,4.7,18.4,7.2
2024-Q3,gaussian_naive_bayes,poluentes_subindices_meteorologia,2024-09-10 03:00:00,2024-09-10 04:00:00,0,1,falso_positivo,765.0,83.22,2.7935921512406807,3.88,33.15,60.06,83.22,15.108333333333334,19.4,63.0,60.5,42.0,0.0,1016.9,68,5.1,15.5,8.2
2024-Q3,gaussian_naive_bayes,poluentes_subindices_meteorologia,2024-09-10 04:00:00,2024-09-10 05:00:00,0,1,falso_positivo,780.0,83.55333333333333,2.8503665618182663,3.8,29.9,60.30666666666666,83.55333333333333,15.158333333333331,19.0,59.0,62.6,43.4,0.0,1016.8,70,5.2,14.9,7.0
2024-Q3,gaussian_naive_bayes,poluentes_subindices_meteorologia,2024-09-10 05:00:00,2024-09-10 06:00:00,0,1,falso_positivo,794.0,83.82666666666665,2.9076262237683093,3.82,27.4,60.50333333333335,83.82666666666665,15.29166666666667,19.1,56.0,63.3,44.0,0.0,1017.0,71,5.3,15.3,6.6
2024-Q3,gaussian_naive_bayes,poluentes_subindices_meteorologia,2024-09-10 06:00:00,2024-09-10 07:00:00,0,1,falso_positivo,787.0,84.08000000000001,2.9532398527793613,3.620000000000001,25.85,60.69333333333334,84.08000000000001,15.466666666666669,18.1,64.0,64.5,44.8,0.0,1017.3,75,5.7,14.8,5.8
2024-Q3,gaussian_naive_bayes,poluentes_subindices_meteorologia,2024-09-10 07:00:00,2024-09-10 08:00:00,0,1,falso_positivo,747.0,84.43333333333334,2.967797393953101,2.92,26.450000000000003,60.95666666666668,84.43333333333334,15.633333333333336,14.6,92.0,69.8,48.5,0.0,1018.2,73,6.8,16.0,6.8
2024-Q3,gaussian_naive_bayes,poluentes_subindices_meteorologia,2024-09-10 08:00:00,2024-09-10 09:00:00,0,1,falso_positivo,687.0,84.42666666666668,2.943534825330201,2.0,29.55,60.973333333333336,84.42666666666668,15.75,10.0,130.0,68.7,47.6,0.0,1018.8,67,8.1,18.5,5.2
2024-Q3,gaussian_naive_bayes,poluentes_subindices_meteorologia,2024-09-10 09:00:00,2024-09-10 10:00:00,0,1,falso_positivo,623.0,83.02000000000001,2.882393152400493,1.26,33.9,59.98,83.02000000000001,15.575,6.3,151.0,82.4,56.9,0.0,1018.9,56,5.9,21.6,3.8
2024-Q3,gaussian_naive_bayes,poluentes_subindices_meteorologia,2024-09-10 10:00:00,2024-09-10 11:00:00,0,1,falso_positivo,566.0,80.78666666666666,2.7897101402610165,1.04,38.55,58.39,80.78666666666666,15.275,5.2,156.0,67.3,46.4,0.0,1018.7,51,6.1,24.5,4.8
2024-Q3,gaussian_naive_bayes,poluentes_subindices_meteorologia,2024-09-10 11:00:00,2024-09-10 12:00:00,0,1,falso_positivo,489.0,78.39333333333335,2.655780761462609,0.7400000000000001,51.83333333333333,56.67333333333333,78.39333333333335,14.8,3.7,163.0,59.1,40.9,0.0,1017.9,47,6.3,27.1,4.3
2024-Q3,gaussian_naive_bayes,poluentes_subindices_meteorologia,2024-09-10 12:00:00,2024-09-10 13:00:00,0,1,falso_positivo,432.0,75.86000000000001,2.4869132838472274,0.54,70.16666666666666,54.85333333333334,75.86000000000001,14.208333333333334,2.7,169.0,52.5,36.3,0.0,1016.4,40,6.3,29.3,4.8
2024-Q3,gaussian_naive_bayes,poluentes_subindices_meteorologia,2024-09-10 20:00:00,2024-09-10 21:00:00,0,1,falso_positivo,443.0,107.16666666666666,1.6668384643932146,2.76,107.16666666666666,45.51,63.03333333333333,10.675,13.8,105.0,44.1,30.3,0.0,1014.2,59,3.5,22.8,4.8
2024-Q3,gaussian_naive_bayes,poluentes_subindices_meteorologia,2024-09-10 21:00:00,2024-09-10 22:00:00,0,1,falso_positivo,559.0,90.66666666666669,1.7357441592822502,4.64,90.66666666666669,45.24333333333333,62.64666666666666,10.491666666666667,23.2,76.0,44.5,30.6,0.0,1014.8,65,4.8,21.8,7.2
2024-Q3,gaussian_naive_bayes,poluentes_subindices_meteorologia,2024-09-10 22:00:00,2024-09-10 23:00:00,0,1,falso_positivo,581.0,73.0,1.8119286247581556,5.04,73.0,44.98,62.273333333333326,10.416666666666666,25.2,73.0,45.5,31.4,0.0,1014.8,75,5.2,21.4,1.6
2024-Q3,gaussian_naive_bayes,poluentes_subindices_meteorologia,2024-09-11 09:00:00,2024-09-11 10:00:00,0,1,falso_positivo,519.0,54.34,3.073582193148944,1.96,20.35,39.27000000000001,54.34,12.366666666666667,9.8,128.0,32.2,22.5,0.0,1018.1,47,6.0,23.7,4.4
2024-Q3,gaussian_naive_bayes,poluentes_subindices_meteorologia,2024-09-11 10:00:00,2024-09-11 11:00:00,0,1,falso_positivo,436.0,52.09333333333333,2.8935539339670275,1.5,25.0,37.63666666666668,52.09333333333333,12.275,7.5,129.0,18.3,12.7,0.0,1017.9,43,5.0,26.0,6.4
2024-Q3,gaussian_naive_bayes,poluentes_subindices_meteorologia,2024-09-11 11:00:00,2024-09-11 12:00:00,0,1,falso_positivo,321.0,50.09333333333334,2.631032941467252,0.8400000000000001,30.200000000000003,36.18666666666666,50.09333333333334,12.050000000000002,4.2,130.0,15.6,10.9,0.0,1017.3,39,3.6,28.7,7.9
2024-Q3,gaussian_naive_bayes,poluentes_subindices_meteorologia,2024-09-11 12:00:00,2024-09-11 13:00:00,0,1,falso_positivo,236.0,48.446666666666665,2.318045806231845,0.38,35.9,34.99333333333333,48.446666666666665,11.733333333333334,1.9,131.0,16.7,11.6,0.0,1016.2,28,2.5,30.7,9.7
2024-Q3,gaussian_naive_bayes,poluentes_subindices_meteorologia,2024-09-11 13:00:00,2024-09-11 14:00:00,0,1,falso_positivo,206.0,46.93333333333333,1.992927386684988,0.2,46.0,33.89666666666667,46.93333333333333,11.41666666666667,1.0,130.0,16.7,11.6,0.0,1015.1,24,2.1,31.4,8.4
2024-Q3,gaussian_naive_bayes,poluentes_subindices_meteorologia,2024-09-11 14:00:00,2024-09-11 15:00:00,0,1,falso_positivo,204.0,64.0,1.679455000077123,0.22,64.0,32.75333333333334,45.34666666666667,11.15,1.1,129.0,16.0,11.1,0.0,1014.0,23,2.2,31.6,7.8
2024-Q3,gaussian_naive_bayes,poluentes_subindices_meteorologia,2024-09-11 15:00:00,2024-09-11 16:00:00,0,1,falso_positivo,216.0,75.33333333333333,1.3946124444442791,0.42,75.33333333333333,31.56,43.693333333333335,10.933333333333335,2.1,126.0,15.9,11.1,0.0,1013.4,22,2.3,31.5,9.8
2024-Q3,gaussian_naive_bayes,poluentes_subindices_meteorologia,2024-09-11 16:00:00,2024-09-11 17:00:00,0,1,falso_positivo,243.0,77.5,1.1553835178224874,0.98,77.5,30.406666666666663,42.1,10.775,4.9,122.0,16.0,11.1,0.0,1013.4,22,2.6,30.8,11.8
2024-Q3,gaussian_naive_bayes,poluentes_subindices_meteorologia,2024-09-11 17:00:00,2024-09-11 18:00:00,0,1,falso_positivo,283.0,75.66666666666666,1.0408641939224006,1.72,75.66666666666666,29.47,40.81333333333334,10.675,8.6,117.0,20.1,13.9,0.0,1013.4,27,3.0,28.7,11.6
2024-Q3,gaussian_naive_bayes,poluentes_subindices_meteorologia,2024-09-11 18:00:00,2024-09-11 19:00:00,0,1,falso_positivo,311.0,72.83333333333333,0.980207772365151,2.22,72.83333333333333,28.683333333333334,39.73333333333333,10.616666666666667,11.1,112.0,23.4,16.2,0.0,1013.6,28,3.3,26.2,12.4
2024-Q3,gaussian_naive_bayes,poluentes_subindices_meteorologia,2024-09-11 19:00:00,2024-09-11 20:00:00,0,1,falso_positivo,309.0,69.0,0.9743847558956552,2.1,69.0,27.96,38.75333333333333,10.575,10.5,107.0,23.8,16.5,0.0,1014.1,29,3.2,25.8,14.4
2024-Q3,gaussian_naive_bayes,poluentes_subindices_meteorologia,2024-09-11 20:00:00,2024-09-11 21:00:00,0,1,falso_positivo,294.0,64.16666666666666,1.0025293354982188,1.74,64.16666666666666,27.243333333333336,37.78,10.525,8.7,102.0,22.6,15.7,0.0,1015.0,33,2.9,23.5,7.7
2024-Q3,gaussian_naive_bayes,poluentes_subindices_meteorologia,2024-09-12 16:00:00,2024-09-12 17:00:00,0,1,falso_positivo,151.0,66.16666666666666,0.7307885669217413,0.82,66.16666666666666,15.333333333333336,21.3,6.266666666666668,4.1,113.0,12.5,8.8,0.0,1012.9,23,1.4,31.1,10.6
2024-Q3,gaussian_naive_bayes,poluentes_subindices_meteorologia,2024-09-13 11:00:00,2024-09-13 12:00:00,0,1,falso_positivo,378.0,32.7,2.056010065104527,1.04,32.7,19.540000000000003,26.9,9.175,5.2,171.0,42.7,28.8,0.0,1017.6,40,6.6,27.5,9.2
2024-Q3,gaussian_naive_bayes,poluentes_subindices_meteorologia,2024-09-13 12:00:00,2024-09-13 13:00:00,0,1,falso_positivo,297.0,43.5,1.9220806863061204,0.6000000000000001,43.5,20.063333333333336,27.58,9.408333333333331,3.0,174.0,34.5,23.3,0.0,1016.3,34,4.9,29.5,9.9
2024-Q3,gaussian_naive_bayes,poluentes_subindices_meteorologia,2024-09-13 13:00:00,2024-09-13 14:00:00,0,1,falso_positivo,266.0,72.0,1.765829744374646,0.4,72.0,20.433333333333337,28.053333333333335,9.583333333333334,2.0,171.0,27.4,18.5,0.0,1015.1,28,3.8,30.6,8.7
2024-Q3,gaussian_naive_bayes,poluentes_subindices_meteorologia,2024-09-13 19:00:00,2024-09-13 20:00:00,0,1,falso_positivo,371.0,100.5,1.200511895461081,1.7600000000000002,100.5,22.883333333333336,31.04,10.083333333333334,8.8,104.0,27.4,17.8,0.0,1013.0,33,2.3,24.3,10.2
2024-Q3,gaussian_naive_bayes,poluentes_subindices_meteorologia,2024-09-13 20:00:00,2024-09-13 21:00:00,0,1,falso_positivo,359.0,86.66666666666667,1.2305974805534767,1.6,86.66666666666667,23.16333333333333,31.36,10.1,8.0,91.0,24.7,16.2,0.0,1014.2,39,2.2,22.3,7.1
2024-Q3,gaussian_naive_bayes,poluentes_subindices_meteorologia,2024-09-14 12:00:00,2024-09-14 13:00:00,0,1,falso_positivo,304.0,39.55,1.0360116801978203,0.6400000000000001,39.55,15.016666666666666,20.08,6.491666666666667,3.2,173.0,33.4,22.6,0.0,1016.6,37,6.0,28.4,3.9
2024-Q3,gaussian_naive_bayes,poluentes_subindices_meteorologia,2024-09-14 13:00:00,2024-09-14 14:00:00,0,1,falso_positivo,300.0,61.0,1.084051566071162,0.54,61.0,15.243333333333332,20.4,6.625,2.7,182.0,34.2,23.3,0.0,1015.2,34,5.4,30.0,3.7
2024-Q3,gaussian_naive_bayes,poluentes_subindices_meteorologia,2024-09-14 22:00:00,2024-09-14 23:00:00,0,1,falso_positivo,408.0,108.83333333333331,1.4431375816900789,0.98,108.83333333333331,19.616666666666667,26.526666666666667,7.658333333333334,4.9,121.0,35.2,23.7,0.0,1019.9,69,2.7,19.5,6.9
2024-Q3,gaussian_naive_bayes,poluentes_subindices_meteorologia,2024-09-14 23:00:00,2024-09-15 00:00:00,0,1,falso_positivo,400.0,97.5,1.4897217134460463,0.92,97.5,20.39666666666667,27.57333333333333,7.633333333333334,4.6,116.0,34.3,23.2,0.0,1020.3,75,2.5,18.6,6.1
2024-Q3,gaussian_naive_bayes,poluentes_subindices_meteorologia,2024-09-15 00:00:00,2024-09-15 01:00:00,0,1,falso_positivo,401.0,86.66666666666667,1.524174560890564,0.86,86.66666666666667,21.25333333333333,28.72,7.591666666666668,4.3,113.0,34.8,23.5,0.0,1020.2,75,2.4,18.6,12.1
2024-Q3,gaussian_naive_bayes,poluentes_subindices_meteorologia,2024-09-15 01:00:00,2024-09-15 02:00:00,0,1,falso_positivo,416.0,77.5,1.5489223808859218,0.76,77.5,22.21,29.993333333333336,7.558333333333334,3.8,112.0,36.4,24.5,0.0,1020.2,83,2.3,17.7,13.8
2024-Q3,gaussian_naive_bayes,poluentes_subindices_meteorologia,2024-09-20 13:00:00,2024-09-20 14:00:00,0,1,falso_positivo,387.0,44.333333333333336,1.3844221656226612,0.38,44.333333333333336,16.016666666666666,21.44666666666667,8.65,1.9,162.0,25.7,17.9,0.0,1012.5,37,4.1,31.6,9.5
2024-Q3,gaussian_naive_bayes,poluentes_subindices_meteorologia,2024-09-20 14:00:00,2024-09-20 15:00:00,0,1,falso_positivo,382.0,66.66666666666666,1.435373559730751,0.36,66.66666666666666,15.866666666666667,21.3,8.433333333333335,1.8,165.0,26.2,18.2,0.0,1011.2,32,3.9,32.1,12.5
2024-Q3,gaussian_naive_bayes,poluentes_subindices_meteorologia,2024-09-20 15:00:00,2024-09-20 16:00:00,0,1,falso_positivo,376.0,86.0,1.4722526640375586,0.5,86.0,15.71,21.133333333333336,8.266666666666667,2.5,164.0,26.7,18.3,0.0,1010.4,32,3.9,32.2,14.2
2024-Q3,gaussian_naive_bayes,poluentes_subindices_meteorologia,2024-09-20 21:00:00,2024-09-20 22:00:00,0,1,falso_positivo,282.0,102.83333333333331,1.3582185915099296,1.06,102.83333333333331,16.26,22.1,8.65,5.3,149.0,13.2,8.6,0.0,1017.1,88,2.4,19.5,17.9
2024-Q3,gaussian_naive_bayes,poluentes_subindices_meteorologia,2024-09-20 22:00:00,2024-09-20 23:00:00,0,1,falso_positivo,293.0,98.33333333333331,1.315031219361168,1.2000000000000002,98.33333333333331,16.316666666666666,22.173333333333336,8.566666666666666,6.0,138.0,12.6,8.2,0.0,1017.9,81,2.5,19.2,18.3
2024-Q3,gaussian_naive_bayes,poluentes_subindices_meteorologia,2024-09-20 23:00:00,2024-09-21 00:00:00,0,1,falso_positivo,309.0,91.33333333333331,1.2825193774064825,1.4,91.33333333333331,16.486666666666665,22.4,8.516666666666667,7.0,122.0,15.4,10.2,0.0,1017.8,78,2.6,19.4,12.8
2024-Q3,gaussian_naive_bayes,poluentes_subindices_meteorologia,2024-09-21 11:00:00,2024-09-21 12:00:00,0,1,falso_positivo,420.0,39.95,1.52271880677319,1.4,39.95,20.50333333333333,27.973333333333336,10.683333333333335,7.0,164.0,40.6,28.4,0.0,1017.0,49,9.6,26.6,8.6
2024-Q3,gaussian_naive_bayes,poluentes_subindices_meteorologia,2024-09-21 12:00:00,2024-09-21 13:00:00,0,1,falso_positivo,417.0,59.33333333333333,1.547951878141006,0.7400000000000001,59.33333333333333,20.93,28.573333333333338,11.033333333333331,3.7,186.0,38.6,27.0,0.0,1016.1,47,8.6,27.3,7.6
2024-Q3,gaussian_naive_bayes,poluentes_subindices_meteorologia,2024-09-21 20:00:00,2024-09-21 21:00:00,0,1,falso_positivo,453.0,114.16666666666666,1.6202543326372472,2.9800000000000004,114.16666666666666,24.133333333333336,33.42,12.166666666666666,14.9,104.0,37.8,26.3,0.0,1015.7,81,5.5,20.5,9.7
2024-Q3,gaussian_naive_bayes,poluentes_subindices_meteorologia,2024-09-21 21:00:00,2024-09-21 22:00:00,0,1,falso_positivo,380.0,97.66666666666666,1.6056967914635074,1.16,97.66666666666666,24.65,34.186666666666675,12.15,5.8,93.0,28.7,20.1,0.0,1016.3,84,2.2,19.6,9.2
2024-Q3,gaussian_naive_bayes,poluentes_subindices_meteorologia,2024-09-21 22:00:00,2024-09-21 23:00:00,0,1,falso_positivo,382.0,80.5,1.5959917640143475,1.2000000000000002,80.5,25.120000000000005,34.88666666666666,12.116666666666667,6.0,86.0,26.7,18.7,0.0,1016.8,86,2.1,19.4,7.4
2024-Q3,gaussian_naive_bayes,poluentes_subindices_meteorologia,2024-09-22 14:00:00,2024-09-22 15:00:00,0,1,falso_positivo,386.0,67.5,1.6095788024431714,0.36,67.5,19.50666666666667,27.28,7.5583333333333345,1.8,166.0,15.7,10.8,0.0,1012.1,38,2.7,29.9,2.3
2024-Q3,gaussian_naive_bayes,poluentes_subindices_meteorologia,2024-09-22 19:00:00,2024-09-22 20:00:00,0,1,falso_positivo,369.0,102.5,1.4722526640375586,1.4400000000000002,102.5,15.023333333333332,20.973333333333333,5.7,7.2,108.0,9.9,6.7,0.0,1013.5,74,1.6,21.4,10.3
2024-Q3,gaussian_naive_bayes,poluentes_subindices_meteorologia,2024-09-22 20:00:00,2024-09-22 21:00:00,0,1,falso_positivo,377.0,91.5,1.4610918824710248,1.74,91.5,14.096666666666668,19.68,5.366666666666667,8.7,91.0,10.0,6.9,0.0,1014.5,80,1.5,20.5,5.3
2024-Q3,gaussian_naive_bayes,poluentes_subindices_meteorologia,2024-09-23 14:00:00,2024-09-23 15:00:00,0,1,falso_positivo,356.0,74.5,1.53970260480922,0.2799999999999999,74.5,10.153333333333332,14.106666666666667,4.291666666666667,1.4,161.0,11.9,8.2,0.0,1012.9,34,4.1,31.4,9.0
2024-Q3,gaussian_naive_bayes,poluentes_subindices_meteorologia,2024-09-23 19:00:00,2024-09-23 20:00:00,0,1,falso_positivo,333.0,106.5,1.3601595969997615,1.16,106.5,9.873333333333337,13.686666666666666,5.2250000000000005,5.8,125.0,10.8,7.3,0.0,1013.7,58,3.9,22.7,10.6
2024-Q3,gaussian_naive_bayes,poluentes_subindices_meteorologia,2024-09-23 20:00:00,2024-09-23 21:00:00,0,1,falso_positivo,330.0,99.16666666666666,1.3349265256319456,1.26,99.16666666666666,9.926666666666666,13.753333333333334,5.391666666666667,6.3,109.0,11.6,7.9,0.0,1015.0,69,3.5,21.1,6.8
2024-Q3,gaussian_naive_bayes,poluentes_subindices_meteorologia,2024-09-24 11:00:00,2024-09-24 12:00:00,0,1,falso_positivo,395.0,45.333333333333336,1.6959535467406943,0.6400000000000001,45.333333333333336,20.110000000000003,27.83333333333333,6.850000000000001,3.2,167.0,34.9,24.0,0.0,1016.5,49,4.5,28.5,7.6
2024-Q3,gaussian_naive_bayes,poluentes_subindices_meteorologia,2024-09-24 12:00:00,2024-09-24 13:00:00,0,1,falso_positivo,366.0,65.33333333333333,1.6605301965512609,0.42,65.33333333333333,20.69,28.62,6.733333333333334,2.1,171.0,31.9,21.9,0.0,1015.3,41,3.1,30.3,8.0
2024-Q3,gaussian_naive_bayes,poluentes_subindices_meteorologia,2024-09-24 19:00:00,2024-09-24 20:00:00,0,1,falso_positivo,244.0,102.83333333333331,1.1636327911542734,1.08,102.83333333333331,23.843333333333337,32.846666666666664,5.166666666666667,5.4,103.0,18.0,12.1,0.0,1014.3,78,0.8,21.5,10.2
2024-Q3,gaussian_naive_bayes,poluentes_subindices_meteorologia,2024-09-24 20:00:00,2024-09-24 21:00:00,0,1,falso_positivo,239.0,88.83333333333333,1.102005866852108,1.32,88.83333333333333,24.073333333333338,33.15333333333333,4.941666666666667,6.6,87.0,18.5,12.5,0.0,1014.9,81,0.8,20.9,8.7
2024-Q3,gaussian_naive_bayes,poluentes_subindices_meteorologia,2024-09-25 11:00:00,2024-09-25 12:00:00,0,1,falso_positivo,374.0,48.5,1.50816126559945,0.5599999999999999,48.5,22.046666666666667,30.36,5.666666666666668,2.8,170.0,23.3,16.3,0.0,1014.7,49,6.8,28.6,7.8
2024-Q3,gaussian_naive_bayes,poluentes_subindices_meteorologia,2024-09-25 12:00:00,2024-09-25 13:00:00,0,1,falso_positivo,371.0,67.33333333333333,1.5101022710892822,0.44,67.33333333333333,21.820000000000004,30.06,5.925000000000002,2.2,185.0,25.1,17.4,0.0,1013.6,41,6.2,30.6,6.0
2024-Q3,gaussian_naive_bayes,poluentes_subindices_meteorologia,2024-09-25 23:00:00,2024-09-26 00:00:00,0,1,falso_positivo,416.0,102.66666666666666,1.4101404883629352,2.94,102.66666666666666,23.49333333333333,32.46,8.633333333333335,14.7,91.0,28.2,19.3,0.0,1013.6,75,4.6,20.7,5.6
2024-Q3,gaussian_naive_bayes,poluentes_subindices_meteorologia,2024-09-26 00:00:00,2024-09-26 01:00:00,0,1,falso_positivo,445.0,82.33333333333333,1.4538131118841546,3.28,82.33333333333333,23.58,32.57333333333333,8.966666666666669,16.4,79.0,28.6,19.7,0.0,1013.6,82,5.0,20.3,7.0
2024-Q3,gaussian_naive_bayes,poluentes_subindices_meteorologia,2024-09-26 09:00:00,2024-09-26 10:00:00,0,1,falso_positivo,430.0,30.96666666666667,1.8245451604420635,1.4800000000000002,28.05,22.49333333333334,30.96666666666667,10.541666666666666,7.4,161.0,45.5,31.3,0.0,1014.8,53,11.7,24.8,7.8
2024-Q3,gaussian_naive_bayes,poluentes_subindices_meteorologia,2024-09-26 10:00:00,2024-09-26 11:00:00,0,1,falso_positivo,418.0,33.7,1.7988268377017895,1.26,33.7,23.26,32.01333333333334,10.816666666666668,6.3,179.0,45.4,31.3,0.0,1014.2,47,10.8,27.4,7.1
2024-Q3,gaussian_naive_bayes,poluentes_subindices_meteorologia,2024-09-26 11:00:00,2024-09-26 12:00:00,0,1,falso_positivo,402.0,43.16666666666666,1.761462482022524,0.94,43.16666666666666,23.94,32.940000000000005,11.041666666666666,4.7,204.0,43.7,30.2,0.0,1013.4,40,9.5,29.8,8.0
2024-Q3,gaussian_naive_bayes,poluentes_subindices_meteorologia,2024-09-26 21:00:00,2024-09-26 22:00:00,0,1,falso_positivo,343.0,114.83333333333331,1.3276477550450758,2.64,114.83333333333331,25.593333333333334,34.99333333333333,11.391666666666666,13.2,97.0,28.2,18.9,0.0,1010.7,45,3.3,25.6,10.0
2024-Q3,gaussian_naive_bayes,poluentes_subindices_meteorologia,2024-09-26 22:00:00,2024-09-26 23:00:00,0,1,falso_positivo,334.0,92.83333333333331,1.318427978968374,2.52,92.83333333333331,25.66333333333333,35.053333333333335,11.316666666666668,12.6,91.0,29.1,19.4,0.0,1010.9,55,3.2,23.1,7.6
2024-Q3,gaussian_naive_bayes,poluentes_subindices_meteorologia,2024-09-26 23:00:00,2024-09-27 00:00:00,0,1,falso_positivo,322.0,71.33333333333333,1.30969345426413,2.3600000000000003,71.33333333333333,25.656666666666663,35.00666666666667,11.183333333333335,11.8,84.0,28.0,18.6,0.0,1011.6,61,3.0,21.9,6.4
2024-Q3,gaussian_naive_bayes,poluentes_subindices_meteorologia,2024-09-27 09:00:00,2024-09-27 10:00:00,0,1,falso_positivo,525.0,37.41333333333334,1.421301269929469,1.5,28.0,27.46333333333333,37.41333333333334,9.3,7.5,146.0,62.6,43.7,0.4,1014.9,70,8.6,23.4,2.3
2024-Q3,gaussian_naive_bayes,poluentes_subindices_meteorologia,2024-09-27 10:00:00,2024-09-27 11:00:00,0,1,falso_positivo,504.0,38.313333333333325,1.530968080104976,1.32,32.7,28.093333333333334,38.313333333333325,9.05,6.6,157.0,64.3,44.8,0.2,1013.7,68,7.8,23.5,11.9
2024-Q3,gaussian_naive_bayes,poluentes_subindices_meteorologia,2024-09-27 11:00:00,2024-09-27 12:00:00,0,1,falso_positivo,475.0,39.120000000000005,1.627533103224117,1.08,38.45,28.66333333333333,39.120000000000005,8.808333333333335,5.4,172.0,60.8,42.3,0.0,1013.7,54,6.6,27.3,7.4
2024-Q3,gaussian_naive_bayes,poluentes_subindices_meteorologia,2024-09-27 12:00:00,2024-09-27 13:00:00,0,1,falso_positivo,442.0,56.66666666666666,1.6969240494856104,0.94,56.66666666666666,29.14333333333333,39.78,8.575000000000001,4.7,178.0,55.8,38.4,1.0,1013.6,55,5.5,26.4,16.5
2024-Q3,gaussian_naive_bayes,poluentes_subindices_meteorologia,2024-09-27 13:00:00,2024-09-27 14:00:00,0,1,falso_positivo,405.0,78.66666666666666,1.730406394185212,0.98,78.66666666666666,29.506666666666668,40.29333333333334,8.341666666666667,4.9,169.0,50.6,34.8,0.1,1012.3,47,4.4,28.8,20.2
2024-Q3,gaussian_naive_bayes,poluentes_subindices_meteorologia,2024-09-27 17:00:00,2024-09-27 18:00:00,0,1,falso_positivo,295.0,101.83333333333331,1.5173810416761522,1.12,101.83333333333331,27.993333333333336,38.220000000000006,7.516666666666667,5.6,96.0,9.3,5.9,0.1,1015.1,81,1.6,18.6,22.7
2024-Q3,gaussian_naive_bayes,poluentes_subindices_meteorologia,2024-09-27 18:00:00,2024-09-27 19:00:00,0,1,falso_positivo,293.0,89.5,1.4149930020875152,1.04,89.5,27.31666666666667,37.31333333333334,7.375000000000001,5.2,83.0,8.1,5.3,0.0,1016.2,85,1.4,17.0,22.3
2024-Q3,gaussian_naive_bayes,poluentes_subindices_meteorologia,2024-09-30 15:00:00,2024-09-30 16:00:00,0,1,falso_positivo,279.0,70.16666666666666,1.083566314698704,0.4,70.16666666666666,12.326666666666668,15.480000000000002,6.1000000000000005,2.0,153.0,20.2,13.0,0.0,1013.7,33,3.8,30.4,9.1
2024-Q3,gaussian_naive_bayes,poluentes_subindices_meteorologia,2024-09-30 16:00:00,2024-09-30 17:00:00,0,1,falso_positivo,273.0,82.66666666666667,1.098123855872444,0.52,82.66666666666667,12.296666666666669,15.533333333333337,6.183333333333334,2.6,153.0,21.3,13.6,0.0,1014.2,66,4.0,27.1,18.2
2024-Q3,gaussian_naive_bayes,poluentes_subindices_meteorologia,2024-09-30 17:00:00,2024-09-30 18:00:00,0,1,falso_positivo,266.0,91.5,1.092786090775406,0.7000000000000001,91.5,12.303333333333336,15.66,6.258333333333334,3.5,149.0,21.9,13.8,0.0,1014.3,69,4.3,24.6,17.8
2024-Q3,gaussian_naive_bayes,poluentes_subindices_meteorologia,2024-09-30 19:00:00,2024-09-30 20:00:00,0,1,falso_positivo,256.0,100.33333333333331,1.0670677680351324,0.96,100.33333333333331,12.433333333333334,16.066666666666666,6.450000000000002,4.8,137.0,22.2,13.7,0.0,1014.6,77,4.5,21.1,13.3
2024-Q3,gaussian_naive_bayes,poluentes_subindices_meteorologia,2024-09-30 20:00:00,2024-09-30 21:00:00,0,1,falso_positivo,252.0,99.16666666666666,1.0481429645092704,1.04,99.16666666666666,12.55,16.326666666666668,6.583333333333333,5.2,127.0,22.6,13.9,0.0,1015.3,83,4.4,20.1,4.5
2024-Q3,gaussian_naive_bayes,poluentes_subindices_meteorologia,2024-09-30 21:00:00,2024-09-30 22:00:00,0,1,falso_positivo,254.0,93.0,1.0311591664732405,1.4400000000000002,93.0,12.746666666666666,16.62,6.716666666666668,7.2,106.0,18.8,11.5,0.0,1016.1,91,4.4,19.0,7.0
2024-Q3,gaussian_naive_bayes,subindices_sem_iqar_meteorologia,2024-07-18 12:00:00,2024-07-18 13:00:00,0,1,falso_positivo,304.0,50.84,3.0119552688467786,0.76,44.16666666666666,36.473333333333336,50.84,20.26666666666667,3.8,176.0,43.3,29.5,0.0,1023.9,61,12.0,21.6,3.3
2024-Q3,gaussian_naive_bayes,subindices_sem_iqar_meteorologia,2024-07-18 13:00:00,2024-07-18 14:00:00,0,1,falso_positivo,246.0,72.66666666666666,2.647531488130824,0.4,72.66666666666666,37.06333333333334,51.61333333333333,20.466666666666665,2.0,171.0,37.7,25.4,0.0,1022.6,53,9.8,22.8,6.9
2024-Q3,gaussian_naive_bayes,subindices_sem_iqar_meteorologia,2024-07-18 17:00:00,2024-07-18 18:00:00,0,1,falso_positivo,204.0,107.16666666666666,1.2267154695738127,1.34,107.16666666666666,36.89333333333334,51.16666666666667,19.116666666666667,6.7,100.0,20.5,13.5,0.0,1023.0,91,3.2,17.1,16.5
2024-Q3,gaussian_naive_bayes,subindices_sem_iqar_meteorologia,2024-07-18 18:00:00,2024-07-18 19:00:00,0,1,falso_positivo,200.0,94.0,1.0088376033401727,1.7000000000000002,94.0,36.4,50.45333333333333,18.575,8.5,78.0,17.6,11.7,0.0,1023.4,99,2.6,15.4,14.8
2024-Q3,gaussian_naive_bayes,subindices_sem_iqar_meteorologia,2024-07-18 19:00:00,2024-07-18 20:00:00,0,1,falso_positivo,204.0,75.83333333333333,0.8875247602256738,1.98,75.83333333333333,35.82333333333334,49.62,18.008333333333333,9.9,61.0,16.2,10.8,0.0,1024.1,99,2.1,15.0,13.6
2024-Q3,gaussian_naive_bayes,subindices_sem_iqar_meteorologia,2024-07-22 13:00:00,2024-07-22 14:00:00,1,0,falso_negativo,352.0,63.0,1.664412207530925,1.1,63.0,19.166666666666668,26.19333333333333,14.425000000000002,5.5,232.0,55.4,38.5,0.0,1022.8,44,20.7,24.0,9.5
2024-Q3,gaussian_naive_bayes,subindices_sem_iqar_meteorologia,2024-07-23 00:00:00,2024-07-23 01:00:00,0,1,falso_positivo,719.0,115.0,2.2438023462457712,5.4,115.0,37.08333333333334,51.626666666666665,23.316666666666663,27.0,106.0,71.0,49.7,0.0,1024.8,83,8.2,13.9,1.3
2024-Q3,gaussian_naive_bayes,subindices_sem_iqar_meteorologia,2024-07-23 01:00:00,2024-07-23 02:00:00,0,1,falso_positivo,722.0,91.16666666666669,2.3918040148454605,5.1000000000000005,91.16666666666669,38.863333333333344,54.126666666666665,23.60833333333333,25.5,93.0,70.3,49.1,0.0,1024.4,85,8.0,12.7,1.8
2024-Q3,gaussian_naive_bayes,subindices_sem_iqar_meteorologia,2024-07-23 02:00:00,2024-07-23 03:00:00,0,1,falso_positivo,716.0,69.5,2.528159650506157,4.62,69.5,40.516666666666666,56.44,23.8,23.1,78.0,68.5,47.8,0.0,1024.2,90,7.8,10.8,5.0
2024-Q3,gaussian_naive_bayes,subindices_sem_iqar_meteorologia,2024-07-23 03:00:00,2024-07-23 04:00:00,0,1,falso_positivo,709.0,58.54666666666666,2.63637070656429,4.220000000000001,50.16666666666666,42.016666666666666,58.54666666666666,23.90833333333333,21.1,64.0,65.9,46.1,0.0,1024.1,84,7.5,12.5,3.3
2024-Q3,gaussian_naive_bayes,subindices_sem_iqar_meteorologia,2024-07-23 04:00:00,2024-07-23 05:00:00,0,1,falso_positivo,713.0,60.36,2.714010926157569,4.04,37.95,43.31,60.36,23.975,20.2,48.0,61.9,43.3,0.0,1024.0,86,7.1,12.2,2.3
2024-Q3,gaussian_naive_bayes,subindices_sem_iqar_meteorologia,2024-07-23 05:00:00,2024-07-23 06:00:00,0,1,falso_positivo,717.0,62.00666666666668,2.7479785222296287,3.92,33.1,44.48333333333333,62.00666666666668,24.0,19.6,33.0,60.1,42.0,0.0,1024.1,94,6.6,10.3,3.1
2024-Q3,gaussian_naive_bayes,subindices_sem_iqar_meteorologia,2024-07-23 06:00:00,2024-07-23 07:00:00,0,1,falso_positivo,695.0,63.513333333333335,2.7605950579135365,3.68,28.450000000000003,45.556666666666665,63.513333333333335,23.975,18.4,31.0,58.7,41.1,0.0,1024.6,94,6.4,10.3,2.1
2024-Q3,gaussian_naive_bayes,subindices_sem_iqar_meteorologia,2024-07-23 07:00:00,2024-07-23 08:00:00,0,1,falso_positivo,630.0,64.83333333333334,2.727597964586393,3.2,25.3,46.50000000000001,64.83333333333334,23.883333333333336,16.0,53.0,57.6,40.3,0.0,1025.1,95,6.8,9.9,1.5
2024-Q3,gaussian_naive_bayes,subindices_sem_iqar_meteorologia,2024-07-23 08:00:00,2024-07-23 09:00:00,0,1,falso_positivo,539.0,65.94,2.640252717543954,2.6,24.35,47.29333333333334,65.94,23.7,13.0,87.0,59.0,41.2,0.0,1025.8,94,7.5,10.7,2.6
2024-Q3,gaussian_naive_bayes,subindices_sem_iqar_meteorologia,2024-07-23 09:00:00,2024-07-23 10:00:00,0,1,falso_positivo,428.0,66.26,2.497588814041303,1.98,25.1,47.52666666666666,66.26,23.03333333333333,9.9,108.0,52.2,36.3,0.0,1026.4,83,6.0,13.8,0.7
2024-Q3,gaussian_naive_bayes,subindices_sem_iqar_meteorologia,2024-07-23 10:00:00,2024-07-23 11:00:00,0,1,falso_positivo,360.0,66.04666666666665,2.3248393254462565,1.5,26.8,47.38333333333333,66.04666666666665,22.1,7.5,112.0,38.1,26.4,0.0,1027.6,72,5.0,16.0,2.9
2024-Q3,gaussian_naive_bayes,subindices_sem_iqar_meteorologia,2024-07-23 11:00:00,2024-07-23 12:00:00,0,1,falso_positivo,267.0,65.30666666666666,2.110358218819823,0.86,29.5,46.86333333333334,65.30666666666666,20.808333333333334,4.3,118.0,28.1,19.4,0.0,1027.1,59,3.7,19.0,4.1
2024-Q3,gaussian_naive_bayes,subindices_sem_iqar_meteorologia,2024-07-23 12:00:00,2024-07-23 13:00:00,0,1,falso_positivo,202.0,64.08666666666667,1.8623947674937869,0.38,33.25,45.99666666666667,64.08666666666667,19.28333333333333,1.9,123.0,23.2,16.0,0.0,1026.1,46,2.7,21.0,4.1
2024-Q3,gaussian_naive_bayes,subindices_sem_iqar_meteorologia,2024-07-23 13:00:00,2024-07-23 14:00:00,0,1,falso_positivo,188.0,62.52,1.6056967914635074,0.2,38.05,44.876666666666665,62.52,17.75,1.0,129.0,21.8,15.0,0.0,1025.3,40,2.3,22.3,3.4
2024-Q3,gaussian_naive_bayes,subindices_sem_iqar_meteorologia,2024-07-23 14:00:00,2024-07-23 15:00:00,0,1,falso_positivo,203.0,60.766666666666666,1.3669531162141737,0.2,50.83333333333333,43.620000000000005,60.766666666666666,16.333333333333332,1.0,135.0,22.1,15.3,0.0,1024.1,39,2.3,23.0,4.7
2024-Q3,gaussian_naive_bayes,subindices_sem_iqar_meteorologia,2024-07-23 15:00:00,2024-07-23 16:00:00,0,1,falso_positivo,227.0,64.83333333333333,1.1713968131136012,0.42,64.83333333333333,42.38,59.04666666666667,15.058333333333335,2.1,137.0,24.0,16.6,0.0,1023.6,40,2.4,23.2,6.3
2024-Q3,gaussian_naive_bayes,subindices_sem_iqar_meteorologia,2024-07-23 16:00:00,2024-07-23 17:00:00,0,1,falso_positivo,260.0,72.66666666666666,1.0360116801978203,0.96,72.66666666666666,41.31,57.57333333333332,13.95,4.8,134.0,26.9,18.6,0.0,1023.5,46,2.6,22.5,8.5
2024-Q3,gaussian_naive_bayes,subindices_sem_iqar_meteorologia,2024-07-23 17:00:00,2024-07-23 18:00:00,0,1,falso_positivo,303.0,76.0,0.975355258640571,1.7000000000000002,76.0,40.443333333333335,56.373333333333335,13.041666666666666,8.5,128.0,30.3,20.9,0.0,1023.8,56,3.0,20.4,9.7
2024-Q3,gaussian_naive_bayes,subindices_sem_iqar_meteorologia,2024-07-23 18:00:00,2024-07-23 19:00:00,0,1,falso_positivo,340.0,77.5,0.9656502311914112,2.34,77.5,39.71,55.36,12.266666666666666,11.7,121.0,33.2,22.9,0.0,1023.8,62,3.1,17.4,13.2
2024-Q3,gaussian_naive_bayes,subindices_sem_iqar_meteorologia,2024-07-23 19:00:00,2024-07-23 20:00:00,0,1,falso_positivo,366.0,76.66666666666666,1.0136901170647528,2.8200000000000003,76.66666666666666,38.99333333333334,54.35333333333333,11.508333333333336,14.1,113.0,34.1,23.7,0.0,1023.8,68,2.8,16.2,11.5
2024-Q3,gaussian_naive_bayes,subindices_sem_iqar_meteorologia,2024-07-23 20:00:00,2024-07-23 21:00:00,0,1,falso_positivo,387.0,73.5,1.103461620969482,3.2,73.5,38.15333333333333,53.17999999999999,10.708333333333334,16.0,104.0,33.9,23.6,0.0,1024.1,69,2.2,15.5,10.7
2024-Q3,gaussian_naive_bayes,subindices_sem_iqar_meteorologia,2024-07-25 14:00:00,2024-07-25 15:00:00,0,1,falso_positivo,233.0,70.66666666666666,1.4717674126651006,0.54,70.66666666666666,20.426666666666662,28.08666666666667,18.09166666666667,2.7,189.0,26.4,18.4,0.0,1020.3,34,10.2,24.6,11.5
2024-Q3,gaussian_naive_bayes,subindices_sem_iqar_meteorologia,2024-07-26 10:00:00,2024-07-26 11:00:00,0,1,falso_positivo,596.0,52.78666666666667,3.150737161369765,3.4200000000000004,27.450000000000003,37.93333333333333,52.78666666666667,23.091666666666665,17.1,137.0,44.9,31.3,0.0,1022.8,61,11.3,19.4,7.4
2024-Q3,gaussian_naive_bayes,subindices_sem_iqar_meteorologia,2024-07-26 11:00:00,2024-07-26 12:00:00,0,1,falso_positivo,396.0,53.04666666666667,2.944020076702659,1.7600000000000002,32.75,38.11333333333333,53.04666666666667,23.008333333333336,8.8,149.0,30.3,21.2,0.0,1022.3,54,10.7,21.6,6.0
2024-Q3,gaussian_naive_bayes,subindices_sem_iqar_meteorologia,2024-07-26 12:00:00,2024-07-26 13:00:00,0,1,falso_positivo,251.0,53.21333333333333,2.656751264207526,0.54,39.1,38.23,53.21333333333333,22.933333333333337,2.7,159.0,27.1,18.9,0.0,1021.1,46,10.2,23.3,4.0
2024-Q3,gaussian_naive_bayes,subindices_sem_iqar_meteorologia,2024-07-26 13:00:00,2024-07-26 14:00:00,0,1,falso_positivo,211.0,61.33333333333333,2.341337872109829,0.16,61.33333333333333,38.306666666666665,53.32666666666667,22.883333333333336,0.8,169.0,27.4,19.2,0.0,1020.0,37,10.0,24.3,2.4
2024-Q3,gaussian_naive_bayes,subindices_sem_iqar_meteorologia,2024-07-26 22:00:00,2024-07-26 23:00:00,0,1,falso_positivo,419.0,109.66666666666666,1.4805019373693444,2.78,109.66666666666666,36.6,50.96666666666667,22.23333333333333,13.9,129.0,41.6,28.7,0.0,1020.9,60,8.6,15.6,9.1
2024-Q3,gaussian_naive_bayes,subindices_sem_iqar_meteorologia,2024-07-26 23:00:00,2024-07-27 00:00:00,0,1,falso_positivo,396.0,100.0,1.54698137539609,2.66,100.0,35.873333333333335,49.946666666666665,21.791666666666668,13.3,122.0,38.3,26.5,0.0,1021.3,68,7.7,14.5,7.7
2024-Q3,gaussian_naive_bayes,subindices_sem_iqar_meteorologia,2024-07-27 00:00:00,2024-07-27 01:00:00,0,1,falso_positivo,375.0,89.83333333333333,1.5814342228406075,2.5600000000000005,89.83333333333333,35.04333333333334,48.78,21.275,12.8,111.0,34.2,23.7,0.0,1021.3,61,6.8,15.8,6.1
2024-Q3,gaussian_naive_bayes,subindices_sem_iqar_meteorologia,2024-07-27 01:00:00,2024-07-27 02:00:00,0,1,falso_positivo,357.0,79.16666666666666,1.5775522118609435,2.44,79.16666666666666,34.14333333333334,47.52,20.7,12.2,95.0,31.0,21.5,0.0,1021.1,60,5.9,16.0,5.7
2024-Q3,gaussian_naive_bayes,subindices_sem_iqar_meteorologia,2024-07-27 02:00:00,2024-07-27 03:00:00,0,1,falso_positivo,341.0,67.0,1.543584615788884,2.3000000000000003,67.0,33.17333333333333,46.16,20.066666666666663,11.5,76.0,28.1,19.5,0.0,1020.8,68,4.9,14.3,7.6
2024-Q3,gaussian_naive_bayes,subindices_sem_iqar_meteorologia,2024-07-28 16:00:00,2024-07-28 17:00:00,0,1,falso_positivo,280.0,72.0,0.8918920225777959,1.4400000000000002,72.0,16.73,23.066666666666663,10.95,7.2,179.0,35.3,24.1,0.0,1018.1,33,6.8,26.8,14.5
2024-Q3,gaussian_naive_bayes,subindices_sem_iqar_meteorologia,2024-07-29 09:00:00,2024-07-29 10:00:00,0,1,falso_positivo,627.0,54.88000000000001,2.719833942627065,2.3000000000000003,31.700000000000003,39.79333333333334,54.88000000000001,20.008333333333336,11.5,174.0,82.4,57.0,0.0,1021.8,73,23.0,19.3,4.3
2024-Q3,gaussian_naive_bayes,subindices_sem_iqar_meteorologia,2024-07-29 10:00:00,2024-07-29 11:00:00,0,1,falso_positivo,550.0,56.86666666666666,2.622783668135466,1.82,38.55,41.23,56.86666666666666,21.241666666666667,9.1,183.0,68.9,47.6,0.0,1022.3,61,21.0,20.9,3.4
2024-Q3,gaussian_naive_bayes,subindices_sem_iqar_meteorologia,2024-07-29 11:00:00,2024-07-29 12:00:00,0,1,falso_positivo,442.0,61.16666666666666,2.475752502280693,1.14,61.16666666666666,42.50666666666667,58.63333333333334,22.34166666666667,5.7,196.0,57.0,39.5,0.0,1021.7,54,18.2,22.7,1.4
2024-Q3,gaussian_naive_bayes,subindices_sem_iqar_meteorologia,2024-07-29 19:00:00,2024-07-29 20:00:00,0,1,falso_positivo,277.0,107.33333333333331,1.0956975990101538,1.32,107.33333333333331,43.41000000000001,59.98,23.508333333333336,6.6,110.0,29.8,20.6,0.0,1022.4,84,4.3,16.3,15.3
2024-Q3,gaussian_naive_bayes,subindices_sem_iqar_meteorologia,2024-07-29 20:00:00,2024-07-29 21:00:00,0,1,falso_positivo,270.0,91.5,1.0554217350961403,1.08,91.5,42.49333333333333,58.75333333333335,22.95,5.4,105.0,28.6,19.8,0.0,1022.9,85,3.1,15.7,14.2
2024-Q3,gaussian_naive_bayes,subindices_sem_iqar_meteorologia,2024-07-29 21:00:00,2024-07-29 22:00:00,0,1,falso_positivo,248.0,74.16666666666666,1.0292181609834086,0.94,74.16666666666666,40.99333333333333,56.7,22.141666666666666,4.7,85.0,15.5,10.8,0.0,1023.4,89,1.6,15.3,14.3
2024-Q3,gaussian_naive_bayes,subindices_sem_iqar_meteorologia,2024-07-29 22:00:00,2024-07-29 23:00:00,0,1,falso_positivo,244.0,59.5,1.016116373927043,0.92,59.5,39.333333333333336,54.43333333333334,21.325,4.6,83.0,14.9,10.4,0.0,1024.8,87,1.6,15.5,10.8
2024-Q3,gaussian_naive_bayes,subindices_sem_iqar_meteorologia,2024-08-10 00:00:00,2024-08-10 01:00:00,0,1,falso_positivo,225.0,45.11333333333333,1.0384379370601104,1.3,21.05,33.083333333333336,45.11333333333333,15.525,6.5,51.0,15.1,10.2,5.2,1018.2,94,2.7,14.6,15.5
2024-Q3,gaussian_naive_bayes,subindices_sem_iqar_meteorologia,2024-08-10 01:00:00,2024-08-10 02:00:00,0,1,falso_positivo,194.0,43.86,0.9651649798189532,1.04,20.200000000000003,32.10666666666667,43.86,15.25,5.2,54.0,11.2,7.4,4.0,1018.3,92,2.3,13.4,14.8
2024-Q3,gaussian_naive_bayes,subindices_sem_iqar_meteorologia,2024-08-11 16:00:00,2024-08-11 17:00:00,0,1,falso_positivo,319.0,64.66666666666666,1.1830428460525932,1.8,64.66666666666666,31.62333333333333,43.58,13.366666666666667,9.0,139.0,37.1,26.0,0.0,1016.6,50,8.1,18.5,4.5
2024-Q3,gaussian_naive_bayes,subindices_sem_iqar_meteorologia,2024-08-11 17:00:00,2024-08-11 18:00:00,0,1,falso_positivo,361.0,73.66666666666666,1.169455807623769,3.18,73.66666666666666,32.13333333333334,44.36666666666667,13.758333333333336,15.9,117.0,37.7,26.3,0.0,1016.9,59,7.7,17.5,5.4
2024-Q3,gaussian_naive_bayes,subindices_sem_iqar_meteorologia,2024-08-11 18:00:00,2024-08-11 19:00:00,0,1,falso_positivo,408.0,76.16666666666666,1.197115135853875,4.44,76.16666666666666,32.75333333333334,45.3,14.108333333333334,22.2,95.0,41.1,28.7,0.0,1017.3,56,7.5,15.1,10.1
2024-Q3,gaussian_naive_bayes,subindices_sem_iqar_meteorologia,2024-08-15 16:00:00,2024-08-15 17:00:00,0,1,falso_positivo,244.0,80.5,0.9865160402071048,1.16,80.5,14.483333333333334,18.58666666666667,12.391666666666667,5.8,145.0,20.9,13.1,0.0,1018.3,43,6.5,25.4,1.3
2024-Q3,gaussian_naive_bayes,subindices_sem_iqar_meteorologia,2024-08-16 13:00:00,2024-08-16 14:00:00,0,1,falso_positivo,260.0,58.16666666666666,1.8623947674937869,0.52,58.16666666666666,27.130000000000003,36.84666666666666,14.366666666666667,2.6,184.0,33.3,23.2,0.0,1019.5,51,10.2,26.0,0.4
2024-Q3,gaussian_naive_bayes,subindices_sem_iqar_meteorologia,2024-08-16 22:00:00,2024-08-16 23:00:00,0,1,falso_positivo,539.0,107.16666666666666,1.6716909781177949,6.0,107.16666666666666,32.013333333333335,44.266666666666666,16.966666666666665,30.0,81.0,43.8,30.2,0.0,1019.6,73,8.0,19.9,4.1
2024-Q3,gaussian_naive_bayes,subindices_sem_iqar_meteorologia,2024-08-17 10:00:00,2024-08-17 11:00:00,0,1,falso_positivo,559.0,48.07333333333334,2.5956095912778183,2.4800000000000004,26.5,34.60666666666667,48.07333333333334,18.716666666666665,12.4,132.0,32.0,22.3,0.0,1021.9,57,7.9,22.3,5.9
2024-Q3,gaussian_naive_bayes,subindices_sem_iqar_meteorologia,2024-08-17 11:00:00,2024-08-17 12:00:00,0,1,falso_positivo,395.0,47.38666666666667,2.476237753653152,1.36,31.55,34.11333333333334,47.38666666666667,18.375,6.8,137.0,19.9,13.7,0.0,1020.9,49,6.3,24.9,5.7
2024-Q3,gaussian_naive_bayes,subindices_sem_iqar_meteorologia,2024-08-17 12:00:00,2024-08-17 13:00:00,0,1,falso_positivo,278.0,46.72666666666667,2.2928127348640293,0.52,37.15,33.65,46.72666666666667,17.941666666666666,2.6,140.0,18.2,12.4,0.0,1019.7,43,4.9,26.9,5.9
2024-Q3,gaussian_naive_bayes,subindices_sem_iqar_meteorologia,2024-08-17 13:00:00,2024-08-17 14:00:00,0,1,falso_positivo,251.0,50.66666666666666,2.089007158431671,0.16,50.66666666666666,33.29333333333334,46.21333333333334,17.416666666666668,0.8,141.0,22.6,15.5,0.0,1018.3,35,3.9,28.2,5.1
2024-Q3,gaussian_naive_bayes,subindices_sem_iqar_meteorologia,2024-08-17 14:00:00,2024-08-17 15:00:00,0,1,falso_positivo,272.0,69.83333333333333,1.8885983416065188,0.08,69.83333333333333,32.95333333333334,45.72666666666667,16.8,0.4,141.0,25.2,17.3,0.0,1017.5,28,3.1,28.9,1.8
2024-Q3,gaussian_naive_bayes,subindices_sem_iqar_meteorologia,2024-08-17 15:00:00,2024-08-17 16:00:00,0,1,falso_positivo,301.0,83.33333333333333,1.6877042734089087,0.4,83.33333333333333,32.53666666666666,45.14,16.133333333333336,2.0,138.0,25.7,17.8,0.0,1016.7,26,2.6,29.0,1.5
2024-Q3,gaussian_naive_bayes,subindices_sem_iqar_meteorologia,2024-08-17 16:00:00,2024-08-17 17:00:00,0,1,falso_positivo,331.0,88.0,1.4872954565837564,1.36,88.0,32.03,44.42666666666666,15.491666666666667,6.8,130.0,25.9,17.9,0.0,1016.9,28,2.7,28.4,3.3
2024-Q3,gaussian_naive_bayes,subindices_sem_iqar_meteorologia,2024-08-17 17:00:00,2024-08-17 18:00:00,0,1,falso_positivo,371.0,86.33333333333333,1.3383232852391516,2.72,86.33333333333333,31.563333333333333,43.78666666666668,14.916666666666666,13.6,119.0,28.3,19.7,0.0,1017.1,51,3.1,25.0,5.1
2024-Q3,gaussian_naive_bayes,subindices_sem_iqar_meteorologia,2024-08-17 18:00:00,2024-08-17 19:00:00,0,1,falso_positivo,404.0,82.16666666666667,1.2631093225081624,3.86,82.16666666666667,31.133333333333333,43.193333333333335,14.416666666666666,19.3,107.0,31.9,22.2,0.0,1017.4,51,3.5,20.6,9.4
2024-Q3,gaussian_naive_bayes,subindices_sem_iqar_meteorologia,2024-08-17 19:00:00,2024-08-17 20:00:00,0,1,falso_positivo,425.0,75.0,1.2776668636819024,4.5,75.0,30.736666666666668,42.64666666666667,13.983333333333334,22.5,94.0,32.7,22.8,0.0,1017.8,46,3.8,19.9,6.3
2024-Q3,gaussian_naive_bayes,subindices_sem_iqar_meteorologia,2024-08-18 15:00:00,2024-08-18 16:00:00,0,1,falso_positivo,277.0,58.33333333333333,1.5887129934274775,0.42,58.33333333333333,23.573333333333338,32.76,9.091666666666669,2.1,132.0,24.6,17.0,0.0,1017.1,28,3.7,28.2,7.1
2024-Q3,gaussian_naive_bayes,subindices_sem_iqar_meteorologia,2024-08-18 16:00:00,2024-08-18 17:00:00,0,1,falso_positivo,311.0,64.83333333333333,1.3921861875819892,1.2000000000000002,64.83333333333333,23.61,32.806666666666665,9.208333333333334,6.0,129.0,27.0,18.6,0.0,1016.7,30,4.1,27.8,6.0
2024-Q3,gaussian_naive_bayes,subindices_sem_iqar_meteorologia,2024-08-18 17:00:00,2024-08-18 18:00:00,0,1,falso_positivo,358.0,67.0,1.2592273115284984,2.24,67.0,23.673333333333336,32.873333333333335,9.325,11.2,121.0,30.2,20.7,0.0,1016.9,49,4.5,26.5,3.3
2024-Q3,gaussian_naive_bayes,subindices_sem_iqar_meteorologia,2024-08-19 15:00:00,2024-08-19 16:00:00,0,1,falso_positivo,289.0,70.0,1.332015017397198,0.7400000000000001,70.0,21.766666666666666,30.113333333333333,11.216666666666669,3.7,183.0,30.3,21.0,0.0,1015.6,36,6.0,28.3,2.7
2024-Q3,gaussian_naive_bayes,subindices_sem_iqar_meteorologia,2024-08-19 21:00:00,2024-08-19 22:00:00,1,0,falso_negativo,743.0,116.83333333333331,1.750786951828448,9.06,116.83333333333331,24.81,34.34,12.916666666666666,45.3,96.0,59.3,41.0,0.0,1017.5,85,11.6,17.7,4.7
2024-Q3,gaussian_naive_bayes,subindices_sem_iqar_meteorologia,2024-08-20 10:00:00,2024-08-20 11:00:00,0,1,falso_positivo,604.0,53.06,3.325427655454644,2.8600000000000003,32.0,38.24666666666666,53.06,21.433333333333334,14.3,200.0,61.9,42.8,0.0,1021.8,55,14.1,22.6,4.7
2024-Q3,gaussian_naive_bayes,subindices_sem_iqar_meteorologia,2024-08-20 11:00:00,2024-08-20 12:00:00,0,1,falso_positivo,489.0,54.41333333333333,3.102212024123965,1.72,45.333333333333336,39.21666666666667,54.41333333333333,21.991666666666664,8.6,218.0,55.1,38.2,0.0,1021.2,47,12.5,25.1,3.9
2024-Q3,gaussian_naive_bayes,subindices_sem_iqar_meteorologia,2024-08-20 20:00:00,2024-08-20 21:00:00,0,1,falso_positivo,391.0,112.16666666666666,1.4431375816900789,1.94,112.16666666666666,39.07666666666667,54.086666666666666,20.591666666666665,9.7,92.0,29.6,20.3,0.0,1020.6,85,2.6,16.7,8.7
2024-Q3,gaussian_naive_bayes,subindices_sem_iqar_meteorologia,2024-08-20 21:00:00,2024-08-20 22:00:00,0,1,falso_positivo,430.0,90.66666666666669,1.4751641722723066,2.14,90.66666666666669,38.11666666666667,52.74,19.85,10.7,91.0,30.5,20.8,0.0,1021.7,93,2.7,15.1,5.9
2024-Q3,gaussian_naive_bayes,subindices_sem_iqar_meteorologia,2024-08-20 22:00:00,2024-08-20 23:00:00,0,1,falso_positivo,424.0,71.0,1.5101022710892822,2.14,71.0,37.00666666666667,51.17999999999999,19.08333333333333,10.7,85.0,28.6,19.6,0.0,1022.2,91,2.9,15.7,6.2
2024-Q3,gaussian_naive_bayes,subindices_sem_iqar_meteorologia,2024-08-21 15:00:00,2024-08-21 16:00:00,0,1,falso_positivo,258.0,62.83333333333333,1.1607212829195257,0.26,62.83333333333333,22.10333333333333,30.12,4.775000000000001,1.3,126.0,23.9,16.0,0.0,1017.0,28,1.2,27.5,11.7
2024-Q3,gaussian_naive_bayes,subindices_sem_iqar_meteorologia,2024-08-21 16:00:00,2024-08-21 17:00:00,0,1,falso_positivo,261.0,68.0,1.1194749162605957,0.58,68.0,21.79,29.673333333333336,4.558333333333335,2.9,116.0,23.4,15.5,0.0,1016.5,28,1.1,27.5,8.8
2024-Q3,gaussian_naive_bayes,subindices_sem_iqar_meteorologia,2024-08-22 15:00:00,2024-08-22 16:00:00,0,1,falso_positivo,264.0,76.66666666666666,1.283975131523856,0.44,76.66666666666666,16.096666666666668,22.126666666666665,7.866666666666668,2.2,163.0,21.0,14.7,0.0,1013.9,27,3.9,30.0,10.2
2024-Q3,gaussian_naive_bayes,subindices_sem_iqar_meteorologia,2024-08-22 19:00:00,2024-08-22 20:00:00,0,1,falso_positivo,383.0,102.66666666666666,1.1908068680119213,3.1,102.66666666666666,16.186666666666667,22.406666666666663,8.9,15.5,109.0,24.3,16.5,0.0,1014.2,47,4.8,21.8,8.5
2024-Q3,gaussian_naive_bayes,subindices_sem_iqar_meteorologia,2024-08-22 20:00:00,2024-08-22 21:00:00,0,1,falso_positivo,388.0,91.83333333333331,1.2403025080026366,3.38,91.83333333333331,16.266666666666666,22.520000000000003,9.1,16.9,90.0,23.1,15.8,0.0,1015.0,49,4.9,20.8,8.7
2024-Q3,gaussian_naive_bayes,subindices_sem_iqar_meteorologia,2024-08-23 16:00:00,2024-08-23 17:00:00,0,1,falso_positivo,237.0,53.0,0.8380291202349583,1.14,53.0,14.043333333333331,19.526666666666667,7.333333333333335,5.7,130.0,18.6,13.0,0.0,1009.6,27,2.2,29.8,16.0
2024-Q3,gaussian_naive_bayes,subindices_sem_iqar_meteorologia,2024-08-23 19:00:00,2024-08-23 20:00:00,0,1,falso_positivo,351.0,70.5,0.9360498974714734,2.6,70.5,14.416666666666666,19.9,6.766666666666667,13.0,116.0,29.2,18.9,0.0,1010.4,36,2.4,24.4,12.6
2024-Q3,gaussian_naive_bayes,subindices_sem_iqar_meteorologia,2024-08-30 13:00:00,2024-08-30 14:00:00,0,1,falso_positivo,234.0,65.5,1.6013295291113854,0.26,65.5,21.096666666666668,28.680000000000003,14.125000000000002,1.3,180.0,16.8,11.7,0.0,1021.1,31,6.1,26.6,3.6
2024-Q3,gaussian_naive_bayes,subindices_sem_iqar_meteorologia,2024-08-30 21:00:00,2024-08-30 22:00:00,0,1,falso_positivo,392.0,117.83333333333331,1.2538895464314606,4.0200000000000005,117.83333333333331,22.74666666666667,31.37333333333333,14.183333333333335,20.1,87.0,28.6,19.5,0.0,1020.0,48,5.3,17.1,7.7
2024-Q3,gaussian_naive_bayes,subindices_sem_iqar_meteorologia,2024-08-30 22:00:00,2024-08-30 23:00:00,0,1,falso_positivo,401.0,98.0,1.325221498182786,4.0600000000000005,98.0,22.840000000000003,31.5,14.066666666666668,20.3,79.0,27.8,19.0,0.0,1020.4,51,5.0,16.0,9.8
2024-Q3,gaussian_naive_bayes,subindices_sem_iqar_meteorologia,2024-08-31 13:00:00,2024-08-31 14:00:00,0,1,falso_positivo,238.0,79.16666666666666,1.309208202891672,0.3,79.16666666666666,22.55,30.880000000000003,11.183333333333335,1.5,171.0,23.9,15.9,0.0,1020.6,32,2.6,27.2,2.7
2024-Q3,gaussian_naive_bayes,subindices_sem_iqar_meteorologia,2024-08-31 20:00:00,2024-08-31 21:00:00,0,1,falso_positivo,287.0,102.33333333333331,0.9549747009973352,2.5,102.33333333333331,22.41333333333333,30.453333333333337,8.500000000000002,12.5,99.0,24.8,16.9,0.0,1019.8,82,2.1,15.8,6.0
2024-Q3,gaussian_naive_bayes,subindices_sem_iqar_meteorologia,2024-09-01 13:00:00,2024-09-01 14:00:00,0,1,falso_positivo,204.0,56.5,1.1723673158585173,0.38,56.5,23.410000000000004,32.153333333333336,4.908333333333334,1.9,178.0,19.6,13.6,0.0,1016.5,22,5.6,30.3,12.6
2024-Q3,gaussian_naive_bayes,subindices_sem_iqar_meteorologia,2024-09-01 14:00:00,2024-09-01 15:00:00,0,1,falso_positivo,194.0,77.66666666666666,1.1058878778317718,0.36,77.66666666666666,23.256666666666664,31.993333333333336,5.141666666666667,1.8,176.0,19.8,13.8,0.0,1015.4,22,4.8,30.5,16.2
2024-Q3,gaussian_naive_bayes,subindices_sem_iqar_meteorologia,2024-09-01 19:00:00,2024-09-01 20:00:00,0,1,falso_positivo,331.0,113.83333333333331,0.9375056515888476,3.92,113.83333333333331,23.023333333333333,31.926666666666662,6.558333333333334,19.6,107.0,24.9,17.3,0.0,1014.8,46,5.7,21.4,7.5
2024-Q3,gaussian_naive_bayes,subindices_sem_iqar_meteorologia,2024-09-01 20:00:00,2024-09-01 21:00:00,0,1,falso_positivo,364.0,98.33333333333331,1.0044703409880509,4.34,98.33333333333331,22.97666666666667,31.88666666666667,6.858333333333334,21.7,79.0,23.4,16.3,0.0,1015.3,48,5.7,20.2,7.7
2024-Q3,gaussian_naive_bayes,subindices_sem_iqar_meteorologia,2024-09-02 12:00:00,2024-09-02 13:00:00,0,1,falso_positivo,316.0,69.16666666666666,1.212643179772531,0.68,69.16666666666666,26.99666666666667,36.61333333333333,12.675,3.4,161.0,65.9,44.6,0.0,1015.7,45,6.8,26.8,8.4
2024-Q3,gaussian_naive_bayes,subindices_sem_iqar_meteorologia,2024-09-02 13:00:00,2024-09-02 14:00:00,0,1,falso_positivo,316.0,84.33333333333333,1.215069436634821,0.6000000000000001,84.33333333333333,28.523333333333337,38.64666666666667,12.733333333333334,3.0,163.0,65.4,44.1,0.0,1014.3,41,6.3,28.2,11.9
2024-Q3,gaussian_naive_bayes,subindices_sem_iqar_meteorologia,2024-09-02 17:00:00,2024-09-02 18:00:00,0,1,falso_positivo,275.0,105.0,1.201967649578455,1.14,105.0,32.653333333333336,43.97333333333333,12.65,5.7,112.0,41.8,27.3,0.0,1014.4,83,3.1,18.9,15.6
2024-Q3,gaussian_naive_bayes,subindices_sem_iqar_meteorologia,2024-09-02 18:00:00,2024-09-02 19:00:00,0,1,falso_positivo,257.0,96.0,1.1699410589962271,1.2800000000000002,96.0,32.99333333333333,44.34666666666666,12.383333333333333,6.4,91.0,35.3,23.0,0.0,1014.8,91,2.3,17.1,11.1
2024-Q3,gaussian_naive_bayes,subindices_sem_iqar_meteorologia,2024-09-02 19:00:00,2024-09-02 20:00:00,0,1,falso_positivo,246.0,83.16666666666667,1.1345177088067937,1.3,83.16666666666667,33.20333333333334,44.54666666666667,12.066666666666668,6.5,78.0,31.2,20.3,0.0,1015.3,95,1.9,16.3,8.4
2024-Q3,gaussian_naive_bayes,subindices_sem_iqar_meteorologia,2024-09-02 20:00:00,2024-09-02 21:00:00,0,1,falso_positivo,238.0,67.83333333333333,1.09666810175507,1.26,67.83333333333333,33.36,44.67999999999999,11.733333333333334,6.3,69.0,28.1,18.3,0.0,1016.2,94,1.7,16.3,8.4
2024-Q3,gaussian_naive_bayes,subindices_sem_iqar_meteorologia,2024-09-03 14:00:00,2024-09-03 15:00:00,0,1,falso_positivo,450.0,38.85,1.4285800405163391,0.68,38.85,28.51,38.44666666666667,5.058333333333335,3.4,183.0,76.8,52.7,0.0,1014.5,36,6.6,30.2,10.0
2024-Q3,gaussian_naive_bayes,subindices_sem_iqar_meteorologia,2024-09-03 15:00:00,2024-09-03 16:00:00,0,1,falso_positivo,468.0,63.16666666666666,1.5062202601096182,0.86,63.16666666666666,29.12333333333333,39.366666666666674,5.191666666666667,4.3,186.0,75.0,51.6,0.0,1013.9,33,6.6,30.3,14.0
2024-Q3,gaussian_naive_bayes,subindices_sem_iqar_meteorologia,2024-09-03 16:00:00,2024-09-03 17:00:00,0,1,falso_positivo,480.0,85.0,1.5814342228406075,1.46,85.0,29.840000000000003,40.42666666666666,5.3500000000000005,7.3,166.0,71.7,49.1,0.0,1014.2,41,6.0,28.7,17.0
2024-Q3,gaussian_naive_bayes,subindices_sem_iqar_meteorologia,2024-09-03 18:00:00,2024-09-03 19:00:00,0,1,falso_positivo,503.0,103.5,1.744478683986494,3.2200000000000006,103.5,31.506666666666668,42.84,5.691666666666667,16.1,100.0,60.3,41.0,0.0,1015.2,68,4.4,24.0,10.7
2024-Q3,gaussian_naive_bayes,subindices_sem_iqar_meteorologia,2024-09-03 19:00:00,2024-09-03 20:00:00,0,1,falso_positivo,524.0,98.16666666666666,1.8177516412276515,4.04,98.16666666666666,32.306666666666665,43.986666666666665,5.875,20.2,78.0,55.2,37.5,0.0,1015.6,75,4.1,21.6,7.1
2024-Q3,gaussian_naive_bayes,subindices_sem_iqar_meteorologia,2024-09-03 20:00:00,2024-09-03 21:00:00,0,1,falso_positivo,549.0,84.66666666666667,1.8881130902340608,4.84,84.66666666666667,33.17333333333334,45.23333333333333,6.066666666666666,24.2,60.0,54.1,37.0,0.0,1016.6,82,4.0,19.2,7.2
2024-Q3,gaussian_naive_bayes,subindices_sem_iqar_meteorologia,2024-09-04 07:00:00,2024-09-04 08:00:00,0,1,falso_positivo,859.0,65.69333333333333,3.2317741405702507,5.34,9.15,47.656666666666666,65.69333333333333,10.291666666666666,26.7,55.0,78.2,54.7,0.0,1018.1,70,6.5,16.2,8.9
2024-Q3,gaussian_naive_bayes,subindices_sem_iqar_meteorologia,2024-09-04 08:00:00,2024-09-04 09:00:00,0,1,falso_positivo,815.0,68.34,3.270108998994432,3.7,13.1,49.53,68.34,10.758333333333333,18.5,105.0,82.9,57.9,0.0,1018.9,63,7.4,19.3,8.9
2024-Q3,gaussian_naive_bayes,subindices_sem_iqar_meteorologia,2024-09-04 09:00:00,2024-09-04 10:00:00,0,1,falso_positivo,697.0,71.21333333333334,3.2312888891977924,2.4600000000000004,17.95,51.58,71.21333333333334,11.083333333333334,12.3,119.0,97.1,67.3,0.0,1019.4,54,5.8,22.6,7.9
2024-Q3,gaussian_naive_bayes,subindices_sem_iqar_meteorologia,2024-09-04 10:00:00,2024-09-04 11:00:00,0,1,falso_positivo,590.0,72.31333333333333,3.12307783313966,1.82,23.15,52.34,72.31333333333333,11.216666666666669,9.1,124.0,65.9,45.5,0.0,1019.5,56,4.6,24.5,9.0
2024-Q3,gaussian_naive_bayes,subindices_sem_iqar_meteorologia,2024-09-04 11:00:00,2024-09-04 12:00:00,0,1,falso_positivo,443.0,72.10666666666665,2.9294625355289194,0.96,28.75,52.16666666666666,72.10666666666665,11.091666666666669,4.8,131.0,47.8,32.9,0.0,1018.7,45,2.9,27.2,10.4
2024-Q3,gaussian_naive_bayes,subindices_sem_iqar_meteorologia,2024-09-04 12:00:00,2024-09-04 13:00:00,0,1,falso_positivo,334.0,71.14666666666668,2.670823554008808,0.32,34.85,51.45666666666667,71.14666666666668,10.775,1.6,136.0,43.4,29.7,0.0,1017.8,37,1.8,29.2,11.5
2024-Q3,gaussian_naive_bayes,subindices_sem_iqar_meteorologia,2024-09-04 13:00:00,2024-09-04 14:00:00,0,1,falso_positivo,302.0,69.66666666666666,2.3884072552382545,0.12,44.5,50.39333333333333,69.66666666666666,10.391666666666667,0.6,139.0,42.1,28.6,0.0,1016.3,30,1.7,30.5,9.8
2024-Q3,gaussian_naive_bayes,subindices_sem_iqar_meteorologia,2024-09-04 14:00:00,2024-09-04 15:00:00,0,1,falso_positivo,308.0,68.0,2.1098729674473646,0.18,65.0,49.20333333333333,68.0,10.016666666666667,0.9,141.0,41.1,27.7,0.0,1015.0,23,2.1,31.3,7.2
2024-Q3,gaussian_naive_bayes,subindices_sem_iqar_meteorologia,2024-09-04 15:00:00,2024-09-04 16:00:00,0,1,falso_positivo,319.0,79.16666666666666,1.847837226320047,0.34,79.16666666666666,48.02666666666666,66.34,9.675,1.7,140.0,39.7,26.7,0.0,1014.5,23,2.5,30.9,7.7
2024-Q3,gaussian_naive_bayes,subindices_sem_iqar_meteorologia,2024-09-04 16:00:00,2024-09-04 17:00:00,0,1,falso_positivo,323.0,83.83333333333333,1.6090935510707134,0.66,83.83333333333333,46.91333333333334,64.77333333333334,9.408333333333331,3.3,133.0,38.3,25.6,0.0,1015.1,47,2.8,27.0,18.1
2024-Q3,gaussian_naive_bayes,subindices_sem_iqar_meteorologia,2024-09-04 17:00:00,2024-09-04 18:00:00,0,1,falso_positivo,332.0,84.33333333333333,1.4319768001235451,1.12,84.33333333333333,45.91666666666667,63.38000000000001,9.25,5.6,122.0,36.9,24.6,0.0,1015.4,53,3.2,24.3,17.3
2024-Q3,gaussian_naive_bayes,subindices_sem_iqar_meteorologia,2024-09-04 18:00:00,2024-09-04 19:00:00,0,1,falso_positivo,343.0,82.5,1.31211971112642,1.46,82.5,45.07333333333334,62.19333333333334,9.183333333333335,7.3,113.0,35.0,23.2,0.0,1015.4,58,3.6,22.6,16.5
2024-Q3,gaussian_naive_bayes,subindices_sem_iqar_meteorologia,2024-09-04 19:00:00,2024-09-04 20:00:00,0,1,falso_positivo,356.0,78.66666666666666,1.2699028417225744,1.6,78.66666666666666,44.36666666666667,61.19333333333334,9.175,8.0,108.0,34.0,22.5,0.0,1015.6,63,4.0,21.5,12.6
2024-Q3,gaussian_naive_bayes,subindices_sem_iqar_meteorologia,2024-09-04 20:00:00,2024-09-04 21:00:00,0,1,falso_positivo,372.0,73.33333333333333,1.2883423938759782,1.62,73.33333333333333,43.73666666666667,60.29333333333334,9.208333333333334,8.1,104.0,35.2,23.5,0.0,1016.3,51,4.4,21.0,12.1
2024-Q3,gaussian_naive_bayes,subindices_sem_iqar_meteorologia,2024-09-04 21:00:00,2024-09-04 22:00:00,0,1,falso_positivo,389.0,65.5,1.3305592632798238,1.96,65.5,43.35,59.71333333333334,9.225,9.8,92.0,33.2,22.0,0.0,1016.9,45,4.7,20.6,16.0
2024-Q3,gaussian_naive_bayes,subindices_sem_iqar_meteorologia,2024-09-04 22:00:00,2024-09-04 23:00:00,0,1,falso_positivo,410.0,59.120000000000005,1.3800549032705394,1.88,57.0,42.95333333333333,59.120000000000005,9.216666666666669,9.4,90.0,36.2,24.4,0.0,1017.5,51,4.8,20.5,16.7
2024-Q3,gaussian_naive_bayes,subindices_sem_iqar_meteorologia,2024-09-04 23:00:00,2024-09-05 00:00:00,0,1,falso_positivo,439.0,58.48,1.4382850679654988,1.7800000000000002,48.16666666666666,42.52666666666666,58.48,9.175,8.9,87.0,38.4,26.0,0.0,1017.5,55,5.0,20.1,15.2
2024-Q3,gaussian_naive_bayes,subindices_sem_iqar_meteorologia,2024-09-05 00:00:00,2024-09-05 01:00:00,0,1,falso_positivo,464.0,57.760000000000005,1.5067055114820762,1.66,39.95,42.03333333333335,57.760000000000005,9.116666666666667,8.3,83.0,39.6,27.0,0.0,1017.1,58,5.2,19.4,13.1
2024-Q3,gaussian_naive_bayes,subindices_sem_iqar_meteorologia,2024-09-05 01:00:00,2024-09-05 02:00:00,0,1,falso_positivo,480.0,56.94,1.5785227146058596,1.54,37.75,41.473333333333336,56.94,9.05,7.7,78.0,40.2,27.5,0.0,1017.0,62,5.3,18.4,9.6
2024-Q3,gaussian_naive_bayes,subindices_sem_iqar_meteorologia,2024-09-05 02:00:00,2024-09-05 03:00:00,0,1,falso_positivo,492.0,55.993333333333325,1.650825169102101,1.42,35.65,40.81333333333334,55.993333333333325,8.983333333333334,7.1,71.0,39.8,27.4,0.0,1016.6,66,5.4,17.7,9.7
2024-Q3,gaussian_naive_bayes,subindices_sem_iqar_meteorologia,2024-09-05 03:00:00,2024-09-05 04:00:00,0,1,falso_positivo,501.0,54.8,1.7211866181085105,1.36,33.550000000000004,39.98,54.8,8.925,6.8,66.0,39.0,26.8,0.0,1015.9,68,5.5,17.2,11.0
2024-Q3,gaussian_naive_bayes,subindices_sem_iqar_meteorologia,2024-09-05 04:00:00,2024-09-05 05:00:00,0,1,falso_positivo,505.0,53.31999999999999,1.7857250506454236,1.36,31.35,38.940000000000005,53.31999999999999,8.875000000000002,6.8,60.0,37.5,25.9,0.0,1015.6,70,5.5,16.7,9.7
2024-Q3,gaussian_naive_bayes,subindices_sem_iqar_meteorologia,2024-09-05 13:00:00,2024-09-05 14:00:00,0,1,falso_positivo,300.0,49.16666666666666,1.76000672790515,0.76,49.16666666666666,31.986666666666668,43.23333333333333,9.7,3.8,154.0,43.0,28.9,0.0,1017.9,58,4.3,24.5,16.2
2024-Q3,gaussian_naive_bayes,subindices_sem_iqar_meteorologia,2024-09-05 14:00:00,2024-09-05 15:00:00,0,1,falso_positivo,301.0,64.66666666666666,1.6590744424338868,0.7000000000000001,64.66666666666666,31.986666666666668,43.23333333333333,9.808333333333334,3.5,149.0,41.1,27.7,0.0,1016.8,59,3.4,24.5,17.5
2024-Q3,gaussian_naive_bayes,subindices_sem_iqar_meteorologia,2024-09-05 15:00:00,2024-09-05 16:00:00,0,1,falso_positivo,297.0,77.0,1.5455256212787158,0.78,77.0,31.906666666666663,43.126666666666665,9.825,3.9,139.0,37.3,25.1,0.0,1016.1,63,2.7,23.7,17.7
2024-Q3,gaussian_naive_bayes,subindices_sem_iqar_meteorologia,2024-09-05 16:00:00,2024-09-05 17:00:00,0,1,falso_positivo,278.0,83.83333333333333,1.4106257397353932,1.04,83.83333333333333,31.67,42.81333333333334,9.791666666666666,5.2,121.0,31.2,20.9,0.0,1016.3,70,2.4,21.9,18.8
2024-Q3,gaussian_naive_bayes,subindices_sem_iqar_meteorologia,2024-09-05 17:00:00,2024-09-05 18:00:00,0,1,falso_positivo,254.0,83.83333333333333,1.2703880930950322,1.4400000000000002,83.83333333333333,31.24000000000001,42.24,9.716666666666669,7.2,97.0,24.0,16.0,0.0,1017.1,77,2.3,20.1,18.9
2024-Q3,gaussian_naive_bayes,subindices_sem_iqar_meteorologia,2024-09-05 18:00:00,2024-09-05 19:00:00,0,1,falso_positivo,233.0,78.16666666666666,1.1515015068428236,1.66,78.16666666666666,30.62333333333333,41.42,9.6,8.3,80.0,16.5,10.9,0.0,1018.1,88,2.2,17.3,19.5
2024-Q3,gaussian_naive_bayes,subindices_sem_iqar_meteorologia,2024-09-08 13:00:00,2024-09-08 14:00:00,0,1,falso_positivo,559.0,55.16666666666666,2.4577982014997475,0.42,55.16666666666666,30.65,42.26,11.466666666666669,2.1,193.0,82.4,56.9,0.0,1019.8,38,8.9,30.9,6.8
2024-Q3,gaussian_naive_bayes,subindices_sem_iqar_meteorologia,2024-09-08 20:00:00,2024-09-08 21:00:00,0,1,falso_positivo,640.0,119.5,2.3360001070127905,4.54,119.5,37.06666666666667,51.16,13.258333333333336,22.7,94.0,55.4,38.1,0.0,1019.0,60,6.4,23.2,10.7
2024-Q3,gaussian_naive_bayes,subindices_sem_iqar_meteorologia,2024-09-08 21:00:00,2024-09-08 22:00:00,0,1,falso_positivo,716.0,97.33333333333331,2.412184572488696,5.0,97.33333333333331,38.41333333333333,53.013333333333335,13.358333333333333,25.0,60.0,51.8,35.7,0.0,1019.3,65,6.3,22.0,8.4
2024-Q3,gaussian_naive_bayes,subindices_sem_iqar_meteorologia,2024-09-08 22:00:00,2024-09-08 23:00:00,0,1,falso_positivo,734.0,72.5,2.487398535219685,5.18,72.5,39.70333333333333,54.78666666666667,13.45,25.9,54.0,53.2,36.7,0.0,1019.9,65,6.2,20.5,7.3
2024-Q3,gaussian_naive_bayes,subindices_sem_iqar_meteorologia,2024-09-08 23:00:00,2024-09-09 00:00:00,0,1,falso_positivo,759.0,56.493333333333325,2.566009257557881,5.4,46.5,40.94333333333334,56.493333333333325,13.541666666666666,27.0,46.0,53.6,37.0,0.0,1020.0,53,6.1,20.4,7.3
2024-Q3,gaussian_naive_bayes,subindices_sem_iqar_meteorologia,2024-09-09 00:00:00,2024-09-09 01:00:00,0,1,falso_positivo,778.0,58.14,2.651413499110488,5.48,34.65,42.13,58.14,13.625,27.4,39.0,53.2,36.9,0.0,1019.7,47,6.0,20.7,8.4
2024-Q3,gaussian_naive_bayes,subindices_sem_iqar_meteorologia,2024-09-09 01:00:00,2024-09-09 02:00:00,0,1,falso_positivo,785.0,59.72,2.739243997525385,5.24,28.55,43.266666666666666,59.72,13.691666666666668,26.2,35.0,52.6,36.6,0.0,1019.4,52,5.9,19.8,7.5
2024-Q3,gaussian_naive_bayes,subindices_sem_iqar_meteorologia,2024-09-09 02:00:00,2024-09-09 03:00:00,0,1,falso_positivo,786.0,61.21333333333334,2.8246482390779923,4.86,23.6,44.34666666666667,61.21333333333334,13.733333333333334,24.3,32.0,52.2,36.2,0.0,1019.2,57,5.7,18.8,6.8
2024-Q3,gaussian_naive_bayes,subindices_sem_iqar_meteorologia,2024-09-09 03:00:00,2024-09-09 04:00:00,0,1,falso_positivo,788.0,62.64666666666668,2.904714715533561,4.58,19.450000000000003,45.38333333333333,62.64666666666668,13.733333333333334,22.9,29.0,52.3,36.3,0.0,1018.8,61,5.4,18.2,7.2
2024-Q3,gaussian_naive_bayes,subindices_sem_iqar_meteorologia,2024-09-09 04:00:00,2024-09-09 05:00:00,0,1,falso_positivo,791.0,64.17333333333333,2.9779876727747188,4.6000000000000005,15.85,46.48,64.17333333333333,13.658333333333331,23.0,22.0,55.2,38.4,0.0,1018.7,66,4.6,17.3,8.1
2024-Q3,gaussian_naive_bayes,subindices_sem_iqar_meteorologia,2024-09-09 05:00:00,2024-09-09 06:00:00,0,1,falso_positivo,795.0,65.74666666666666,3.0163225311989,4.720000000000001,13.65,47.61,65.74666666666666,13.500000000000002,23.6,16.0,57.4,39.9,0.0,1018.7,69,3.7,16.7,8.0
2024-Q3,gaussian_naive_bayes,subindices_sem_iqar_meteorologia,2024-09-09 06:00:00,2024-09-09 07:00:00,0,1,falso_positivo,804.0,67.30666666666666,3.05029012727096,4.66,12.0,48.72666666666667,67.30666666666666,13.308333333333335,23.3,21.0,58.8,41.0,0.0,1019.1,72,3.6,16.1,8.3
2024-Q3,gaussian_naive_bayes,subindices_sem_iqar_meteorologia,2024-09-09 07:00:00,2024-09-09 08:00:00,0,1,falso_positivo,830.0,68.82,3.084742974715477,4.260000000000001,11.95,49.806666666666665,68.82,13.141666666666666,21.3,45.0,61.9,43.2,0.0,1019.8,66,4.8,18.4,4.3
2024-Q3,gaussian_naive_bayes,subindices_sem_iqar_meteorologia,2024-09-09 08:00:00,2024-09-09 09:00:00,0,1,falso_positivo,862.0,70.38666666666667,3.1255040900019493,3.66,14.0,50.92,70.38666666666667,13.041666666666666,18.3,80.0,68.2,47.7,0.0,1020.6,60,6.7,21.1,5.2
2024-Q3,gaussian_naive_bayes,subindices_sem_iqar_meteorologia,2024-09-09 09:00:00,2024-09-09 10:00:00,0,1,falso_positivo,890.0,72.45333333333333,3.176455484110039,3.14,17.650000000000002,52.38666666666667,72.45333333333333,13.108333333333334,15.7,108.0,112.2,78.0,0.0,1021.0,52,8.0,23.8,6.0
2024-Q3,gaussian_naive_bayes,subindices_sem_iqar_meteorologia,2024-09-09 10:00:00,2024-09-09 11:00:00,0,1,falso_positivo,835.0,74.51333333333334,3.200232801360481,2.44,22.85,53.84666666666667,74.51333333333334,13.266666666666666,12.2,136.0,115.0,79.9,0.0,1020.7,54,9.7,25.5,7.4
2024-Q3,gaussian_naive_bayes,subindices_sem_iqar_meteorologia,2024-09-09 11:00:00,2024-09-09 12:00:00,0,1,falso_positivo,759.0,76.28666666666666,3.1861605115591987,1.46,30.15,55.10333333333333,76.28666666666666,13.541666666666666,7.3,175.0,110.6,76.8,0.0,1020.0,48,12.0,27.5,6.4
2024-Q3,gaussian_naive_bayes,subindices_sem_iqar_meteorologia,2024-09-09 12:00:00,2024-09-09 13:00:00,0,1,falso_positivo,701.0,77.66666666666666,3.142487888037979,0.7400000000000001,39.3,56.09,77.66666666666666,13.891666666666667,3.7,205.0,107.1,74.3,0.0,1018.9,40,13.4,29.4,5.6
2024-Q3,gaussian_naive_bayes,subindices_sem_iqar_meteorologia,2024-09-09 22:00:00,2024-09-09 23:00:00,0,1,falso_positivo,693.0,108.83333333333331,2.5776552904968724,4.4,108.83333333333331,59.45,82.34666666666666,15.6,22.0,95.0,53.4,37.0,0.0,1018.0,56,6.1,18.6,7.1
2024-Q3,gaussian_naive_bayes,subindices_sem_iqar_meteorologia,2024-09-09 23:00:00,2024-09-10 00:00:00,0,1,falso_positivo,717.0,85.33333333333333,2.601432607747314,4.84,85.33333333333333,59.44333333333333,82.35333333333332,15.508333333333333,24.2,80.0,53.4,37.1,0.0,1018.4,67,5.0,17.2,7.8
2024-Q3,gaussian_naive_bayes,subindices_sem_iqar_meteorologia,2024-09-10 00:00:00,2024-09-10 01:00:00,0,1,falso_positivo,737.0,82.42666666666668,2.639282214799038,5.04,62.83333333333333,59.486666666666665,82.42666666666668,15.358333333333334,25.2,68.0,54.5,38.0,0.0,1018.1,65,4.2,17.2,6.5
2024-Q3,gaussian_naive_bayes,subindices_sem_iqar_meteorologia,2024-09-10 01:00:00,2024-09-10 02:00:00,0,1,falso_positivo,749.0,82.57333333333332,2.686836849299921,4.78,44.16666666666666,59.59666666666666,82.57333333333332,15.216666666666669,23.9,64.0,55.9,38.8,0.0,1017.6,56,4.2,18.7,5.4
2024-Q3,gaussian_naive_bayes,subindices_sem_iqar_meteorologia,2024-09-10 02:00:00,2024-09-10 03:00:00,0,1,falso_positivo,757.0,82.84,2.739243997525385,4.28,36.8,59.78666666666667,82.84,15.133333333333333,21.4,63.0,57.9,40.2,0.0,1017.2,55,4.7,18.4,7.2
2024-Q3,gaussian_naive_bayes,subindices_sem_iqar_meteorologia,2024-09-10 03:00:00,2024-09-10 04:00:00,0,1,falso_positivo,765.0,83.22,2.7935921512406807,3.88,33.15,60.06,83.22,15.108333333333334,19.4,63.0,60.5,42.0,0.0,1016.9,68,5.1,15.5,8.2
2024-Q3,gaussian_naive_bayes,subindices_sem_iqar_meteorologia,2024-09-10 04:00:00,2024-09-10 05:00:00,0,1,falso_positivo,780.0,83.55333333333333,2.8503665618182663,3.8,29.9,60.30666666666666,83.55333333333333,15.158333333333331,19.0,59.0,62.6,43.4,0.0,1016.8,70,5.2,14.9,7.0
2024-Q3,gaussian_naive_bayes,subindices_sem_iqar_meteorologia,2024-09-10 05:00:00,2024-09-10 06:00:00,0,1,falso_positivo,794.0,83.82666666666665,2.9076262237683093,3.82,27.4,60.50333333333335,83.82666666666665,15.29166666666667,19.1,56.0,63.3,44.0,0.0,1017.0,71,5.3,15.3,6.6
2024-Q3,gaussian_naive_bayes,subindices_sem_iqar_meteorologia,2024-09-10 06:00:00,2024-09-10 07:00:00,0,1,falso_positivo,787.0,84.08000000000001,2.9532398527793613,3.620000000000001,25.85,60.69333333333334,84.08000000000001,15.466666666666669,18.1,64.0,64.5,44.8,0.0,1017.3,75,5.7,14.8,5.8
2024-Q3,gaussian_naive_bayes,subindices_sem_iqar_meteorologia,2024-09-10 07:00:00,2024-09-10 08:00:00,0,1,falso_positivo,747.0,84.43333333333334,2.967797393953101,2.92,26.450000000000003,60.95666666666668,84.43333333333334,15.633333333333336,14.6,92.0,69.8,48.5,0.0,1018.2,73,6.8,16.0,6.8
2024-Q3,gaussian_naive_bayes,subindices_sem_iqar_meteorologia,2024-09-10 08:00:00,2024-09-10 09:00:00,0,1,falso_positivo,687.0,84.42666666666668,2.943534825330201,2.0,29.55,60.973333333333336,84.42666666666668,15.75,10.0,130.0,68.7,47.6,0.0,1018.8,67,8.1,18.5,5.2
2024-Q3,gaussian_naive_bayes,subindices_sem_iqar_meteorologia,2024-09-10 09:00:00,2024-09-10 10:00:00,0,1,falso_positivo,623.0,83.02000000000001,2.882393152400493,1.26,33.9,59.98,83.02000000000001,15.575,6.3,151.0,82.4,56.9,0.0,1018.9,56,5.9,21.6,3.8
2024-Q3,gaussian_naive_bayes,subindices_sem_iqar_meteorologia,2024-09-10 10:00:00,2024-09-10 11:00:00,0,1,falso_positivo,566.0,80.78666666666666,2.7897101402610165,1.04,38.55,58.39,80.78666666666666,15.275,5.2,156.0,67.3,46.4,0.0,1018.7,51,6.1,24.5,4.8
2024-Q3,gaussian_naive_bayes,subindices_sem_iqar_meteorologia,2024-09-10 11:00:00,2024-09-10 12:00:00,0,1,falso_positivo,489.0,78.39333333333335,2.655780761462609,0.7400000000000001,51.83333333333333,56.67333333333333,78.39333333333335,14.8,3.7,163.0,59.1,40.9,0.0,1017.9,47,6.3,27.1,4.3
2024-Q3,gaussian_naive_bayes,subindices_sem_iqar_meteorologia,2024-09-10 12:00:00,2024-09-10 13:00:00,0,1,falso_positivo,432.0,75.86000000000001,2.4869132838472274,0.54,70.16666666666666,54.85333333333334,75.86000000000001,14.208333333333334,2.7,169.0,52.5,36.3,0.0,1016.4,40,6.3,29.3,4.8
2024-Q3,gaussian_naive_bayes,subindices_sem_iqar_meteorologia,2024-09-10 20:00:00,2024-09-10 21:00:00,0,1,falso_positivo,443.0,107.16666666666666,1.6668384643932146,2.76,107.16666666666666,45.51,63.03333333333333,10.675,13.8,105.0,44.1,30.3,0.0,1014.2,59,3.5,22.8,4.8
2024-Q3,gaussian_naive_bayes,subindices_sem_iqar_meteorologia,2024-09-10 21:00:00,2024-09-10 22:00:00,0,1,falso_positivo,559.0,90.66666666666669,1.7357441592822502,4.64,90.66666666666669,45.24333333333333,62.64666666666666,10.491666666666667,23.2,76.0,44.5,30.6,0.0,1014.8,65,4.8,21.8,7.2
2024-Q3,gaussian_naive_bayes,subindices_sem_iqar_meteorologia,2024-09-10 22:00:00,2024-09-10 23:00:00,0,1,falso_positivo,581.0,73.0,1.8119286247581556,5.04,73.0,44.98,62.273333333333326,10.416666666666666,25.2,73.0,45.5,31.4,0.0,1014.8,75,5.2,21.4,1.6
2024-Q3,gaussian_naive_bayes,subindices_sem_iqar_meteorologia,2024-09-10 23:00:00,2024-09-11 00:00:00,0,1,falso_positivo,615.0,61.94666666666666,1.9017001286628843,5.6000000000000005,54.66666666666666,44.75666666666667,61.94666666666666,10.475,28.0,68.0,46.7,32.2,0.0,1015.1,69,5.7,20.4,8.0
2024-Q3,gaussian_naive_bayes,subindices_sem_iqar_meteorologia,2024-09-11 00:00:00,2024-09-11 01:00:00,0,1,falso_positivo,660.0,61.66666666666666,2.0137931957006816,6.28,39.1,44.56666666666667,61.66666666666666,10.65,31.4,61.0,48.8,33.8,0.0,1015.6,61,6.3,19.6,6.9
2024-Q3,gaussian_naive_bayes,subindices_sem_iqar_meteorologia,2024-09-11 08:00:00,2024-09-11 09:00:00,0,1,falso_positivo,736.0,56.63333333333334,3.174999729992665,4.0600000000000005,16.45,40.943333333333335,56.63333333333334,12.358333333333333,20.3,109.0,47.4,32.9,0.0,1017.6,56,8.6,20.7,7.0
2024-Q3,gaussian_naive_bayes,subindices_sem_iqar_meteorologia,2024-09-11 09:00:00,2024-09-11 10:00:00,0,1,falso_positivo,519.0,54.34,3.073582193148944,1.96,20.35,39.27000000000001,54.34,12.366666666666667,9.8,128.0,32.2,22.5,0.0,1018.1,47,6.0,23.7,4.4
2024-Q3,gaussian_naive_bayes,subindices_sem_iqar_meteorologia,2024-09-11 10:00:00,2024-09-11 11:00:00,0,1,falso_positivo,436.0,52.09333333333333,2.8935539339670275,1.5,25.0,37.63666666666668,52.09333333333333,12.275,7.5,129.0,18.3,12.7,0.0,1017.9,43,5.0,26.0,6.4
2024-Q3,gaussian_naive_bayes,subindices_sem_iqar_meteorologia,2024-09-11 11:00:00,2024-09-11 12:00:00,0,1,falso_positivo,321.0,50.09333333333334,2.631032941467252,0.8400000000000001,30.200000000000003,36.18666666666666,50.09333333333334,12.050000000000002,4.2,130.0,15.6,10.9,0.0,1017.3,39,3.6,28.7,7.9
2024-Q3,gaussian_naive_bayes,subindices_sem_iqar_meteorologia,2024-09-11 12:00:00,2024-09-11 13:00:00,0,1,falso_positivo,236.0,48.446666666666665,2.318045806231845,0.38,35.9,34.99333333333333,48.446666666666665,11.733333333333334,1.9,131.0,16.7,11.6,0.0,1016.2,28,2.5,30.7,9.7
2024-Q3,gaussian_naive_bayes,subindices_sem_iqar_meteorologia,2024-09-11 13:00:00,2024-09-11 14:00:00,0,1,falso_positivo,206.0,46.93333333333333,1.992927386684988,0.2,46.0,33.89666666666667,46.93333333333333,11.41666666666667,1.0,130.0,16.7,11.6,0.0,1015.1,24,2.1,31.4,8.4
2024-Q3,gaussian_naive_bayes,subindices_sem_iqar_meteorologia,2024-09-11 14:00:00,2024-09-11 15:00:00,0,1,falso_positivo,204.0,64.0,1.679455000077123,0.22,64.0,32.75333333333334,45.34666666666667,11.15,1.1,129.0,16.0,11.1,0.0,1014.0,23,2.2,31.6,7.8
2024-Q3,gaussian_naive_bayes,subindices_sem_iqar_meteorologia,2024-09-11 15:00:00,2024-09-11 16:00:00,0,1,falso_positivo,216.0,75.33333333333333,1.3946124444442791,0.42,75.33333333333333,31.56,43.693333333333335,10.933333333333335,2.1,126.0,15.9,11.1,0.0,1013.4,22,2.3,31.5,9.8
2024-Q3,gaussian_naive_bayes,subindices_sem_iqar_meteorologia,2024-09-11 16:00:00,2024-09-11 17:00:00,0,1,falso_positivo,243.0,77.5,1.1553835178224874,0.98,77.5,30.406666666666663,42.1,10.775,4.9,122.0,16.0,11.1,0.0,1013.4,22,2.6,30.8,11.8
2024-Q3,gaussian_naive_bayes,subindices_sem_iqar_meteorologia,2024-09-11 17:00:00,2024-09-11 18:00:00,0,1,falso_positivo,283.0,75.66666666666666,1.0408641939224006,1.72,75.66666666666666,29.47,40.81333333333334,10.675,8.6,117.0,20.1,13.9,0.0,1013.4,27,3.0,28.7,11.6
2024-Q3,gaussian_naive_bayes,subindices_sem_iqar_meteorologia,2024-09-11 18:00:00,2024-09-11 19:00:00,0,1,falso_positivo,311.0,72.83333333333333,0.980207772365151,2.22,72.83333333333333,28.683333333333334,39.73333333333333,10.616666666666667,11.1,112.0,23.4,16.2,0.0,1013.6,28,3.3,26.2,12.4
2024-Q3,gaussian_naive_bayes,subindices_sem_iqar_meteorologia,2024-09-11 19:00:00,2024-09-11 20:00:00,0,1,falso_positivo,309.0,69.0,0.9743847558956552,2.1,69.0,27.96,38.75333333333333,10.575,10.5,107.0,23.8,16.5,0.0,1014.1,29,3.2,25.8,14.4
2024-Q3,gaussian_naive_bayes,subindices_sem_iqar_meteorologia,2024-09-11 20:00:00,2024-09-11 21:00:00,0,1,falso_positivo,294.0,64.16666666666666,1.0025293354982188,1.74,64.16666666666666,27.243333333333336,37.78,10.525,8.7,102.0,22.6,15.7,0.0,1015.0,33,2.9,23.5,7.7
2024-Q3,gaussian_naive_bayes,subindices_sem_iqar_meteorologia,2024-09-12 14:00:00,2024-09-12 15:00:00,0,1,falso_positivo,137.0,49.0,0.9127578315934896,0.1399999999999999,49.0,15.536666666666664,21.573333333333338,6.441666666666667,0.7,127.0,14.6,10.2,0.0,1013.9,22,1.5,32.1,8.5
2024-Q3,gaussian_naive_bayes,subindices_sem_iqar_meteorologia,2024-09-12 15:00:00,2024-09-12 16:00:00,0,1,falso_positivo,136.0,61.33333333333333,0.8171633112192644,0.3,61.33333333333333,15.45,21.453333333333333,6.366666666666667,1.5,122.0,13.3,9.3,0.0,1013.2,22,1.4,32.0,9.1
2024-Q3,gaussian_naive_bayes,subindices_sem_iqar_meteorologia,2024-09-12 16:00:00,2024-09-12 17:00:00,0,1,falso_positivo,151.0,66.16666666666666,0.7307885669217413,0.82,66.16666666666666,15.333333333333336,21.3,6.266666666666668,4.1,113.0,12.5,8.8,0.0,1012.9,23,1.4,31.1,10.6
2024-Q3,gaussian_naive_bayes,subindices_sem_iqar_meteorologia,2024-09-12 17:00:00,2024-09-12 18:00:00,0,1,falso_positivo,177.0,65.83333333333333,0.6735289049716979,1.56,65.83333333333333,15.123333333333331,21.013333333333332,6.141666666666668,7.8,101.0,13.8,9.6,0.0,1013.0,29,1.5,28.6,11.9
2024-Q3,gaussian_naive_bayes,subindices_sem_iqar_meteorologia,2024-09-13 13:00:00,2024-09-13 14:00:00,0,1,falso_positivo,266.0,72.0,1.765829744374646,0.4,72.0,20.433333333333337,28.053333333333335,9.583333333333334,2.0,171.0,27.4,18.5,0.0,1015.1,28,3.8,30.6,8.7
2024-Q3,gaussian_naive_bayes,subindices_sem_iqar_meteorologia,2024-09-13 19:00:00,2024-09-13 20:00:00,0,1,falso_positivo,371.0,100.5,1.200511895461081,1.7600000000000002,100.5,22.883333333333336,31.04,10.083333333333334,8.8,104.0,27.4,17.8,0.0,1013.0,33,2.3,24.3,10.2
2024-Q3,gaussian_naive_bayes,subindices_sem_iqar_meteorologia,2024-09-13 20:00:00,2024-09-13 21:00:00,0,1,falso_positivo,359.0,86.66666666666667,1.2305974805534767,1.6,86.66666666666667,23.16333333333333,31.36,10.1,8.0,91.0,24.7,16.2,0.0,1014.2,39,2.2,22.3,7.1
2024-Q3,gaussian_naive_bayes,subindices_sem_iqar_meteorologia,2024-09-14 22:00:00,2024-09-14 23:00:00,0,1,falso_positivo,408.0,108.83333333333331,1.4431375816900789,0.98,108.83333333333331,19.616666666666667,26.526666666666667,7.658333333333334,4.9,121.0,35.2,23.7,0.0,1019.9,69,2.7,19.5,6.9
2024-Q3,gaussian_naive_bayes,subindices_sem_iqar_meteorologia,2024-09-14 23:00:00,2024-09-15 00:00:00,0,1,falso_positivo,400.0,97.5,1.4897217134460463,0.92,97.5,20.39666666666667,27.57333333333333,7.633333333333334,4.6,116.0,34.3,23.2,0.0,1020.3,75,2.5,18.6,6.1
2024-Q3,gaussian_naive_bayes,subindices_sem_iqar_meteorologia,2024-09-20 14:00:00,2024-09-20 15:00:00,0,1,falso_positivo,382.0,66.66666666666666,1.435373559730751,0.36,66.66666666666666,15.866666666666667,21.3,8.433333333333335,1.8,165.0,26.2,18.2,0.0,1011.2,32,3.9,32.1,12.5
2024-Q3,gaussian_naive_bayes,subindices_sem_iqar_meteorologia,2024-09-20 15:00:00,2024-09-20 16:00:00,0,1,falso_positivo,376.0,86.0,1.4722526640375586,0.5,86.0,15.71,21.133333333333336,8.266666666666667,2.5,164.0,26.7,18.3,0.0,1010.4,32,3.9,32.2,14.2
2024-Q3,gaussian_naive_bayes,subindices_sem_iqar_meteorologia,2024-09-20 21:00:00,2024-09-20 22:00:00,0,1,falso_positivo,282.0,102.83333333333331,1.3582185915099296,1.06,102.83333333333331,16.26,22.1,8.65,5.3,149.0,13.2,8.6,0.0,1017.1,88,2.4,19.5,17.9
2024-Q3,gaussian_naive_bayes,subindices_sem_iqar_meteorologia,2024-09-20 22:00:00,2024-09-20 23:00:00,0,1,falso_positivo,293.0,98.33333333333331,1.315031219361168,1.2000000000000002,98.33333333333331,16.316666666666666,22.173333333333336,8.566666666666666,6.0,138.0,12.6,8.2,0.0,1017.9,81,2.5,19.2,18.3
2024-Q3,gaussian_naive_bayes,subindices_sem_iqar_meteorologia,2024-09-21 20:00:00,2024-09-21 21:00:00,0,1,falso_positivo,453.0,114.16666666666666,1.6202543326372472,2.9800000000000004,114.16666666666666,24.133333333333336,33.42,12.166666666666666,14.9,104.0,37.8,26.3,0.0,1015.7,81,5.5,20.5,9.7
2024-Q3,gaussian_naive_bayes,subindices_sem_iqar_meteorologia,2024-09-21 21:00:00,2024-09-21 22:00:00,0,1,falso_positivo,380.0,97.66666666666666,1.6056967914635074,1.16,97.66666666666666,24.65,34.186666666666675,12.15,5.8,93.0,28.7,20.1,0.0,1016.3,84,2.2,19.6,9.2
2024-Q3,gaussian_naive_bayes,subindices_sem_iqar_meteorologia,2024-09-21 22:00:00,2024-09-21 23:00:00,0,1,falso_positivo,382.0,80.5,1.5959917640143475,1.2000000000000002,80.5,25.120000000000005,34.88666666666666,12.116666666666667,6.0,86.0,26.7,18.7,0.0,1016.8,86,2.1,19.4,7.4
2024-Q3,gaussian_naive_bayes,subindices_sem_iqar_meteorologia,2024-09-22 14:00:00,2024-09-22 15:00:00,0,1,falso_positivo,386.0,67.5,1.6095788024431714,0.36,67.5,19.50666666666667,27.28,7.5583333333333345,1.8,166.0,15.7,10.8,0.0,1012.1,38,2.7,29.9,2.3
2024-Q3,gaussian_naive_bayes,subindices_sem_iqar_meteorologia,2024-09-22 19:00:00,2024-09-22 20:00:00,0,1,falso_positivo,369.0,102.5,1.4722526640375586,1.4400000000000002,102.5,15.023333333333332,20.973333333333333,5.7,7.2,108.0,9.9,6.7,0.0,1013.5,74,1.6,21.4,10.3
2024-Q3,gaussian_naive_bayes,subindices_sem_iqar_meteorologia,2024-09-23 14:00:00,2024-09-23 15:00:00,0,1,falso_positivo,356.0,74.5,1.53970260480922,0.2799999999999999,74.5,10.153333333333332,14.106666666666667,4.291666666666667,1.4,161.0,11.9,8.2,0.0,1012.9,34,4.1,31.4,9.0
2024-Q3,gaussian_naive_bayes,subindices_sem_iqar_meteorologia,2024-09-23 19:00:00,2024-09-23 20:00:00,0,1,falso_positivo,333.0,106.5,1.3601595969997615,1.16,106.5,9.873333333333337,13.686666666666666,5.2250000000000005,5.8,125.0,10.8,7.3,0.0,1013.7,58,3.9,22.7,10.6
2024-Q3,gaussian_naive_bayes,subindices_sem_iqar_meteorologia,2024-09-23 20:00:00,2024-09-23 21:00:00,0,1,falso_positivo,330.0,99.16666666666666,1.3349265256319456,1.26,99.16666666666666,9.926666666666666,13.753333333333334,5.391666666666667,6.3,109.0,11.6,7.9,0.0,1015.0,69,3.5,21.1,6.8
2024-Q3,gaussian_naive_bayes,subindices_sem_iqar_meteorologia,2024-09-24 12:00:00,2024-09-24 13:00:00,0,1,falso_positivo,366.0,65.33333333333333,1.6605301965512609,0.42,65.33333333333333,20.69,28.62,6.733333333333334,2.1,171.0,31.9,21.9,0.0,1015.3,41,3.1,30.3,8.0
2024-Q3,gaussian_naive_bayes,subindices_sem_iqar_meteorologia,2024-09-24 19:00:00,2024-09-24 20:00:00,0,1,falso_positivo,244.0,102.83333333333331,1.1636327911542734,1.08,102.83333333333331,23.843333333333337,32.846666666666664,5.166666666666667,5.4,103.0,18.0,12.1,0.0,1014.3,78,0.8,21.5,10.2
2024-Q3,gaussian_naive_bayes,subindices_sem_iqar_meteorologia,2024-09-24 20:00:00,2024-09-24 21:00:00,0,1,falso_positivo,239.0,88.83333333333333,1.102005866852108,1.32,88.83333333333333,24.073333333333338,33.15333333333333,4.941666666666667,6.6,87.0,18.5,12.5,0.0,1014.9,81,0.8,20.9,8.7
2024-Q3,gaussian_naive_bayes,subindices_sem_iqar_meteorologia,2024-09-25 12:00:00,2024-09-25 13:00:00,0,1,falso_positivo,371.0,67.33333333333333,1.5101022710892822,0.44,67.33333333333333,21.820000000000004,30.06,5.925000000000002,2.2,185.0,25.1,17.4,0.0,1013.6,41,6.2,30.6,6.0
2024-Q3,gaussian_naive_bayes,subindices_sem_iqar_meteorologia,2024-09-25 23:00:00,2024-09-26 00:00:00,0,1,falso_positivo,416.0,102.66666666666666,1.4101404883629352,2.94,102.66666666666666,23.49333333333333,32.46,8.633333333333335,14.7,91.0,28.2,19.3,0.0,1013.6,75,4.6,20.7,5.6
2024-Q3,gaussian_naive_bayes,subindices_sem_iqar_meteorologia,2024-09-26 11:00:00,2024-09-26 12:00:00,0,1,falso_positivo,402.0,43.16666666666666,1.761462482022524,0.94,43.16666666666666,23.94,32.940000000000005,11.041666666666666,4.7,204.0,43.7,30.2,0.0,1013.4,40,9.5,29.8,8.0
2024-Q3,gaussian_naive_bayes,subindices_sem_iqar_meteorologia,2024-09-26 21:00:00,2024-09-26 22:00:00,0,1,falso_positivo,343.0,114.83333333333331,1.3276477550450758,2.64,114.83333333333331,25.593333333333334,34.99333333333333,11.391666666666666,13.2,97.0,28.2,18.9,0.0,1010.7,45,3.3,25.6,10.0
2024-Q3,gaussian_naive_bayes,subindices_sem_iqar_meteorologia,2024-09-26 22:00:00,2024-09-26 23:00:00,0,1,falso_positivo,334.0,92.83333333333331,1.318427978968374,2.52,92.83333333333331,25.66333333333333,35.053333333333335,11.316666666666668,12.6,91.0,29.1,19.4,0.0,1010.9,55,3.2,23.1,7.6
2024-Q3,gaussian_naive_bayes,subindices_sem_iqar_meteorologia,2024-09-26 23:00:00,2024-09-27 00:00:00,0,1,falso_positivo,322.0,71.33333333333333,1.30969345426413,2.3600000000000003,71.33333333333333,25.656666666666663,35.00666666666667,11.183333333333335,11.8,84.0,28.0,18.6,0.0,1011.6,61,3.0,21.9,6.4
2024-Q3,gaussian_naive_bayes,subindices_sem_iqar_meteorologia,2024-09-27 11:00:00,2024-09-27 12:00:00,0,1,falso_positivo,475.0,39.120000000000005,1.627533103224117,1.08,38.45,28.66333333333333,39.120000000000005,8.808333333333335,5.4,172.0,60.8,42.3,0.0,1013.7,54,6.6,27.3,7.4
2024-Q3,gaussian_naive_bayes,subindices_sem_iqar_meteorologia,2024-09-27 12:00:00,2024-09-27 13:00:00,0,1,falso_positivo,442.0,56.66666666666666,1.6969240494856104,0.94,56.66666666666666,29.14333333333333,39.78,8.575000000000001,4.7,178.0,55.8,38.4,1.0,1013.6,55,5.5,26.4,16.5
2024-Q3,gaussian_naive_bayes,subindices_sem_iqar_meteorologia,2024-09-27 13:00:00,2024-09-27 14:00:00,0,1,falso_positivo,405.0,78.66666666666666,1.730406394185212,0.98,78.66666666666666,29.506666666666668,40.29333333333334,8.341666666666667,4.9,169.0,50.6,34.8,0.1,1012.3,47,4.4,28.8,20.2
2024-Q3,gaussian_naive_bayes,subindices_sem_iqar_meteorologia,2024-09-27 17:00:00,2024-09-27 18:00:00,0,1,falso_positivo,295.0,101.83333333333331,1.5173810416761522,1.12,101.83333333333331,27.993333333333336,38.220000000000006,7.516666666666667,5.6,96.0,9.3,5.9,0.1,1015.1,81,1.6,18.6,22.7
2024-Q3,gaussian_naive_bayes,subindices_sem_iqar_meteorologia,2024-09-27 18:00:00,2024-09-27 19:00:00,0,1,falso_positivo,293.0,89.5,1.4149930020875152,1.04,89.5,27.31666666666667,37.31333333333334,7.375000000000001,5.2,83.0,8.1,5.3,0.0,1016.2,85,1.4,17.0,22.3
2024-Q3,gaussian_naive_bayes,subindices_sem_iqar_meteorologia,2024-09-30 15:00:00,2024-09-30 16:00:00,0,1,falso_positivo,279.0,70.16666666666666,1.083566314698704,0.4,70.16666666666666,12.326666666666668,15.480000000000002,6.1000000000000005,2.0,153.0,20.2,13.0,0.0,1013.7,33,3.8,30.4,9.1
2024-Q3,gaussian_naive_bayes,subindices_sem_iqar_meteorologia,2024-09-30 17:00:00,2024-09-30 18:00:00,0,1,falso_positivo,266.0,91.5,1.092786090775406,0.7000000000000001,91.5,12.303333333333336,15.66,6.258333333333334,3.5,149.0,21.9,13.8,0.0,1014.3,69,4.3,24.6,17.8
2024-Q3,gaussian_naive_bayes,subindices_sem_iqar_meteorologia,2024-09-30 19:00:00,2024-09-30 20:00:00,0,1,falso_positivo,256.0,100.33333333333331,1.0670677680351324,0.96,100.33333333333331,12.433333333333334,16.066666666666666,6.450000000000002,4.8,137.0,22.2,13.7,0.0,1014.6,77,4.5,21.1,13.3
2024-Q3,gaussian_naive_bayes,poluentes_subindices_sem_iqar_meteorologia,2024-07-03 15:00:00,2024-07-03 16:00:00,0,1,falso_positivo,224.0,59.0,1.31454596798871,0.66,59.0,13.243333333333334,18.34,12.533333333333331,3.3,137.0,16.8,11.6,0.0,1016.4,35,5.4,24.9,15.5
2024-Q3,gaussian_naive_bayes,poluentes_subindices_sem_iqar_meteorologia,2024-07-03 16:00:00,2024-07-03 17:00:00,0,1,falso_positivo,247.0,69.0,1.1646032938991893,1.64,69.0,13.536666666666664,18.75333333333333,12.66666666666667,8.2,126.0,16.6,11.5,0.0,1016.1,37,5.2,24.1,12.3
2024-Q3,gaussian_naive_bayes,poluentes_subindices_sem_iqar_meteorologia,2024-07-04 13:00:00,2024-07-04 14:00:00,0,1,falso_positivo,216.0,32.85,1.4276095377714229,0.52,32.85,17.44666666666667,24.273333333333333,12.366666666666667,2.6,138.0,27.8,19.3,0.0,1017.2,43,6.8,24.9,5.9
2024-Q3,gaussian_naive_bayes,poluentes_subindices_sem_iqar_meteorologia,2024-07-04 14:00:00,2024-07-04 15:00:00,0,1,falso_positivo,209.0,38.95,1.320368984458206,0.36,38.95,17.746666666666666,24.69333333333334,12.35,1.8,140.0,25.8,17.9,0.0,1016.5,38,5.8,25.1,11.1
2024-Q3,gaussian_naive_bayes,poluentes_subindices_sem_iqar_meteorologia,2024-07-04 15:00:00,2024-07-04 16:00:00,0,1,falso_positivo,219.0,53.66666666666666,1.211187425655157,0.6400000000000001,53.66666666666666,18.00666666666667,25.06,12.316666666666668,3.2,137.0,24.6,17.1,0.0,1016.3,38,5.0,24.6,11.6
2024-Q3,gaussian_naive_bayes,poluentes_subindices_sem_iqar_meteorologia,2024-07-04 16:00:00,2024-07-04 17:00:00,0,1,falso_positivo,248.0,65.5,1.10394687234194,1.6800000000000002,65.5,18.28666666666667,25.44666666666667,12.266666666666666,8.4,128.0,25.0,17.3,0.0,1016.3,47,4.6,23.6,5.4
2024-Q3,gaussian_naive_bayes,poluentes_subindices_sem_iqar_meteorologia,2024-07-17 15:00:00,2024-07-17 16:00:00,0,1,falso_positivo,244.0,60.33333333333333,0.8894657657155058,0.7400000000000001,60.33333333333333,13.043333333333337,17.779999999999998,10.6,3.7,172.0,27.0,18.6,0.0,1022.6,58,9.1,22.0,8.4
2024-Q3,gaussian_naive_bayes,poluentes_subindices_sem_iqar_meteorologia,2024-07-17 16:00:00,2024-07-17 17:00:00,0,1,falso_positivo,263.0,80.16666666666667,0.9025675527718716,1.4400000000000002,80.16666666666667,13.73,18.76,11.191666666666668,7.2,163.0,29.7,20.6,0.0,1022.4,58,9.3,21.6,9.0
2024-Q3,gaussian_naive_bayes,poluentes_subindices_sem_iqar_meteorologia,2024-07-17 17:00:00,2024-07-17 18:00:00,0,1,falso_positivo,288.0,93.0,0.9268301213947716,2.44,93.0,14.463333333333331,19.793333333333333,11.758333333333333,12.2,145.0,31.0,21.4,0.0,1022.3,66,9.2,20.1,5.6
2024-Q3,gaussian_naive_bayes,poluentes_subindices_sem_iqar_meteorologia,2024-07-17 18:00:00,2024-07-17 19:00:00,0,1,falso_positivo,319.0,99.5,0.9700174935435332,3.48,99.5,15.22,20.860000000000003,12.308333333333332,17.4,124.0,32.4,22.4,0.0,1022.1,72,9.1,17.7,6.5
2024-Q3,gaussian_naive_bayes,poluentes_subindices_sem_iqar_meteorologia,2024-07-18 10:00:00,2024-07-18 11:00:00,0,1,falso_positivo,649.0,48.14666666666667,3.592801161678999,3.48,24.4,34.51333333333334,48.14666666666667,19.291666666666668,17.4,157.0,70.5,49.1,0.0,1025.8,82,15.5,17.0,1.3
2024-Q3,gaussian_naive_bayes,poluentes_subindices_sem_iqar_meteorologia,2024-07-18 11:00:00,2024-07-18 12:00:00,0,1,falso_positivo,454.0,49.71333333333334,3.3443524589805054,1.92,32.550000000000004,35.64000000000001,49.71333333333334,19.84166666666667,9.6,170.0,52.0,36.0,0.0,1024.9,69,13.9,19.8,1.1
2024-Q3,gaussian_naive_bayes,poluentes_subindices_sem_iqar_meteorologia,2024-07-18 12:00:00,2024-07-18 13:00:00,0,1,falso_positivo,304.0,50.84,3.0119552688467786,0.76,44.16666666666666,36.473333333333336,50.84,20.26666666666667,3.8,176.0,43.3,29.5,0.0,1023.9,61,12.0,21.6,3.3
2024-Q3,gaussian_naive_bayes,poluentes_subindices_sem_iqar_meteorologia,2024-07-18 13:00:00,2024-07-18 14:00:00,0,1,falso_positivo,246.0,72.66666666666666,2.647531488130824,0.4,72.66666666666666,37.06333333333334,51.61333333333333,20.466666666666665,2.0,171.0,37.7,25.4,0.0,1022.6,53,9.8,22.8,6.9
2024-Q3,gaussian_naive_bayes,poluentes_subindices_sem_iqar_meteorologia,2024-07-18 17:00:00,2024-07-18 18:00:00,0,1,falso_positivo,204.0,107.16666666666666,1.2267154695738127,1.34,107.16666666666666,36.89333333333334,51.16666666666667,19.116666666666667,6.7,100.0,20.5,13.5,0.0,1023.0,91,3.2,17.1,16.5
2024-Q3,gaussian_naive_bayes,poluentes_subindices_sem_iqar_meteorologia,2024-07-18 18:00:00,2024-07-18 19:00:00,0,1,falso_positivo,200.0,94.0,1.0088376033401727,1.7000000000000002,94.0,36.4,50.45333333333333,18.575,8.5,78.0,17.6,11.7,0.0,1023.4,99,2.6,15.4,14.8
2024-Q3,gaussian_naive_bayes,poluentes_subindices_sem_iqar_meteorologia,2024-07-22 11:00:00,2024-07-22 12:00:00,0,1,falso_positivo,384.0,25.35,1.719245612618678,2.3800000000000003,25.35,16.486666666666668,22.38,11.5,11.9,168.0,43.7,30.5,0.0,1025.3,62,19.2,19.5,0.7
2024-Q3,gaussian_naive_bayes,poluentes_subindices_sem_iqar_meteorologia,2024-07-22 12:00:00,2024-07-22 13:00:00,0,1,falso_positivo,345.0,35.300000000000004,1.6954682953682365,1.52,35.300000000000004,17.723333333333336,24.14,12.966666666666669,7.6,201.0,49.2,34.3,0.0,1024.3,53,21.0,22.2,2.9
2024-Q3,gaussian_naive_bayes,poluentes_subindices_sem_iqar_meteorologia,2024-07-23 00:00:00,2024-07-23 01:00:00,0,1,falso_positivo,719.0,115.0,2.2438023462457712,5.4,115.0,37.08333333333334,51.626666666666665,23.316666666666663,27.0,106.0,71.0,49.7,0.0,1024.8,83,8.2,13.9,1.3
2024-Q3,gaussian_naive_bayes,poluentes_subindices_sem_iqar_meteorologia,2024-07-23 08:00:00,2024-07-23 09:00:00,0,1,falso_positivo,539.0,65.94,2.640252717543954,2.6,24.35,47.29333333333334,65.94,23.7,13.0,87.0,59.0,41.2,0.0,1025.8,94,7.5,10.7,2.6
2024-Q3,gaussian_naive_bayes,poluentes_subindices_sem_iqar_meteorologia,2024-07-23 09:00:00,2024-07-23 10:00:00,0,1,falso_positivo,428.0,66.26,2.497588814041303,1.98,25.1,47.52666666666666,66.26,23.03333333333333,9.9,108.0,52.2,36.3,0.0,1026.4,83,6.0,13.8,0.7
2024-Q3,gaussian_naive_bayes,poluentes_subindices_sem_iqar_meteorologia,2024-07-23 10:00:00,2024-07-23 11:00:00,0,1,falso_positivo,360.0,66.04666666666665,2.3248393254462565,1.5,26.8,47.38333333333333,66.04666666666665,22.1,7.5,112.0,38.1,26.4,0.0,1027.6,72,5.0,16.0,2.9
2024-Q3,gaussian_naive_bayes,poluentes_subindices_sem_iqar_meteorologia,2024-07-23 11:00:00,2024-07-23 12:00:00,0,1,falso_positivo,267.0,65.30666666666666,2.110358218819823,0.86,29.5,46.86333333333334,65.30666666666666,20.808333333333334,4.3,118.0,28.1,19.4,0.0,1027.1,59,3.7,19.0,4.1
2024-Q3,gaussian_naive_bayes,poluentes_subindices_sem_iqar_meteorologia,2024-07-23 12:00:00,2024-07-23 13:00:00,0,1,falso_positivo,202.0,64.08666666666667,1.8623947674937869,0.38,33.25,45.99666666666667,64.08666666666667,19.28333333333333,1.9,123.0,23.2,16.0,0.0,1026.1,46,2.7,21.0,4.1
2024-Q3,gaussian_naive_bayes,poluentes_subindices_sem_iqar_meteorologia,2024-07-23 13:00:00,2024-07-23 14:00:00,0,1,falso_positivo,188.0,62.52,1.6056967914635074,0.2,38.05,44.876666666666665,62.52,17.75,1.0,129.0,21.8,15.0,0.0,1025.3,40,2.3,22.3,3.4
2024-Q3,gaussian_naive_bayes,poluentes_subindices_sem_iqar_meteorologia,2024-07-23 14:00:00,2024-07-23 15:00:00,0,1,falso_positivo,203.0,60.766666666666666,1.3669531162141737,0.2,50.83333333333333,43.620000000000005,60.766666666666666,16.333333333333332,1.0,135.0,22.1,15.3,0.0,1024.1,39,2.3,23.0,4.7
2024-Q3,gaussian_naive_bayes,poluentes_subindices_sem_iqar_meteorologia,2024-07-23 15:00:00,2024-07-23 16:00:00,0,1,falso_positivo,227.0,64.83333333333333,1.1713968131136012,0.42,64.83333333333333,42.38,59.04666666666667,15.058333333333335,2.1,137.0,24.0,16.6,0.0,1023.6,40,2.4,23.2,6.3
2024-Q3,gaussian_naive_bayes,poluentes_subindices_sem_iqar_meteorologia,2024-07-23 16:00:00,2024-07-23 17:00:00,0,1,falso_positivo,260.0,72.66666666666666,1.0360116801978203,0.96,72.66666666666666,41.31,57.57333333333332,13.95,4.8,134.0,26.9,18.6,0.0,1023.5,46,2.6,22.5,8.5
2024-Q3,gaussian_naive_bayes,poluentes_subindices_sem_iqar_meteorologia,2024-07-23 17:00:00,2024-07-23 18:00:00,0,1,falso_positivo,303.0,76.0,0.975355258640571,1.7000000000000002,76.0,40.443333333333335,56.373333333333335,13.041666666666666,8.5,128.0,30.3,20.9,0.0,1023.8,56,3.0,20.4,9.7
2024-Q3,gaussian_naive_bayes,poluentes_subindices_sem_iqar_meteorologia,2024-07-23 18:00:00,2024-07-23 19:00:00,0,1,falso_positivo,340.0,77.5,0.9656502311914112,2.34,77.5,39.71,55.36,12.266666666666666,11.7,121.0,33.2,22.9,0.0,1023.8,62,3.1,17.4,13.2
2024-Q3,gaussian_naive_bayes,poluentes_subindices_sem_iqar_meteorologia,2024-07-23 19:00:00,2024-07-23 20:00:00,0,1,falso_positivo,366.0,76.66666666666666,1.0136901170647528,2.8200000000000003,76.66666666666666,38.99333333333334,54.35333333333333,11.508333333333336,14.1,113.0,34.1,23.7,0.0,1023.8,68,2.8,16.2,11.5
2024-Q3,gaussian_naive_bayes,poluentes_subindices_sem_iqar_meteorologia,2024-07-23 20:00:00,2024-07-23 21:00:00,0,1,falso_positivo,387.0,73.5,1.103461620969482,3.2,73.5,38.15333333333333,53.17999999999999,10.708333333333334,16.0,104.0,33.9,23.6,0.0,1024.1,69,2.2,15.5,10.7
2024-Q3,gaussian_naive_bayes,poluentes_subindices_sem_iqar_meteorologia,2024-07-25 13:00:00,2024-07-25 14:00:00,0,1,falso_positivo,221.0,42.16666666666666,1.5989032722490957,0.5599999999999999,42.16666666666666,19.90666666666667,27.34,17.783333333333335,2.8,172.0,25.1,17.5,0.0,1021.7,44,10.6,23.8,5.4
2024-Q3,gaussian_naive_bayes,poluentes_subindices_sem_iqar_meteorologia,2024-07-25 14:00:00,2024-07-25 15:00:00,0,1,falso_positivo,233.0,70.66666666666666,1.4717674126651006,0.54,70.66666666666666,20.426666666666662,28.08666666666667,18.09166666666667,2.7,189.0,26.4,18.4,0.0,1020.3,34,10.2,24.6,11.5
2024-Q3,gaussian_naive_bayes,poluentes_subindices_sem_iqar_meteorologia,2024-07-25 21:00:00,2024-07-25 22:00:00,1,0,falso_negativo,646.0,135.75,1.54698137539609,7.66,135.75,26.32,36.51333333333334,18.883333333333333,38.3,113.0,58.1,40.4,0.0,1020.4,83,12.7,15.5,7.5
2024-Q3,gaussian_naive_bayes,poluentes_subindices_sem_iqar_meteorologia,2024-07-26 10:00:00,2024-07-26 11:00:00,0,1,falso_positivo,596.0,52.78666666666667,3.150737161369765,3.4200000000000004,27.450000000000003,37.93333333333333,52.78666666666667,23.091666666666665,17.1,137.0,44.9,31.3,0.0,1022.8,61,11.3,19.4,7.4
2024-Q3,gaussian_naive_bayes,poluentes_subindices_sem_iqar_meteorologia,2024-07-26 11:00:00,2024-07-26 12:00:00,0,1,falso_positivo,396.0,53.04666666666667,2.944020076702659,1.7600000000000002,32.75,38.11333333333333,53.04666666666667,23.008333333333336,8.8,149.0,30.3,21.2,0.0,1022.3,54,10.7,21.6,6.0
2024-Q3,gaussian_naive_bayes,poluentes_subindices_sem_iqar_meteorologia,2024-07-26 12:00:00,2024-07-26 13:00:00,0,1,falso_positivo,251.0,53.21333333333333,2.656751264207526,0.54,39.1,38.23,53.21333333333333,22.933333333333337,2.7,159.0,27.1,18.9,0.0,1021.1,46,10.2,23.3,4.0
2024-Q3,gaussian_naive_bayes,poluentes_subindices_sem_iqar_meteorologia,2024-07-26 13:00:00,2024-07-26 14:00:00,0,1,falso_positivo,211.0,61.33333333333333,2.341337872109829,0.16,61.33333333333333,38.306666666666665,53.32666666666667,22.883333333333336,0.8,169.0,27.4,19.2,0.0,1020.0,37,10.0,24.3,2.4
2024-Q3,gaussian_naive_bayes,poluentes_subindices_sem_iqar_meteorologia,2024-07-26 22:00:00,2024-07-26 23:00:00,0,1,falso_positivo,419.0,109.66666666666666,1.4805019373693444,2.78,109.66666666666666,36.6,50.96666666666667,22.23333333333333,13.9,129.0,41.6,28.7,0.0,1020.9,60,8.6,15.6,9.1
2024-Q3,gaussian_naive_bayes,poluentes_subindices_sem_iqar_meteorologia,2024-07-26 23:00:00,2024-07-27 00:00:00,0,1,falso_positivo,396.0,100.0,1.54698137539609,2.66,100.0,35.873333333333335,49.946666666666665,21.791666666666668,13.3,122.0,38.3,26.5,0.0,1021.3,68,7.7,14.5,7.7
2024-Q3,gaussian_naive_bayes,poluentes_subindices_sem_iqar_meteorologia,2024-07-27 00:00:00,2024-07-27 01:00:00,0,1,falso_positivo,375.0,89.83333333333333,1.5814342228406075,2.5600000000000005,89.83333333333333,35.04333333333334,48.78,21.275,12.8,111.0,34.2,23.7,0.0,1021.3,61,6.8,15.8,6.1
2024-Q3,gaussian_naive_bayes,poluentes_subindices_sem_iqar_meteorologia,2024-07-27 01:00:00,2024-07-27 02:00:00,0,1,falso_positivo,357.0,79.16666666666666,1.5775522118609435,2.44,79.16666666666666,34.14333333333334,47.52,20.7,12.2,95.0,31.0,21.5,0.0,1021.1,60,5.9,16.0,5.7
2024-Q3,gaussian_naive_bayes,poluentes_subindices_sem_iqar_meteorologia,2024-07-27 02:00:00,2024-07-27 03:00:00,0,1,falso_positivo,341.0,67.0,1.543584615788884,2.3000000000000003,67.0,33.17333333333333,46.16,20.066666666666663,11.5,76.0,28.1,19.5,0.0,1020.8,68,4.9,14.3,7.6
2024-Q3,gaussian_naive_bayes,poluentes_subindices_sem_iqar_meteorologia,2024-07-28 15:00:00,2024-07-28 16:00:00,0,1,falso_positivo,217.0,50.33333333333333,0.9248891159049396,0.78,50.33333333333333,15.976666666666668,22.046666666666667,10.716666666666669,3.9,173.0,25.4,17.5,0.0,1017.8,31,6.0,27.5,15.2
2024-Q3,gaussian_naive_bayes,poluentes_subindices_sem_iqar_meteorologia,2024-07-28 16:00:00,2024-07-28 17:00:00,0,1,falso_positivo,280.0,72.0,0.8918920225777959,1.4400000000000002,72.0,16.73,23.066666666666663,10.95,7.2,179.0,35.3,24.1,0.0,1018.1,33,6.8,26.8,14.5
2024-Q3,gaussian_naive_bayes,poluentes_subindices_sem_iqar_meteorologia,2024-07-28 22:00:00,2024-07-28 23:00:00,1,0,falso_negativo,708.0,118.16666666666666,1.7832987937831335,5.98,118.16666666666666,23.75333333333333,32.63333333333333,13.366666666666667,29.9,120.0,64.7,44.4,0.0,1020.3,76,11.4,17.8,7.4
2024-Q3,gaussian_naive_bayes,poluentes_subindices_sem_iqar_meteorologia,2024-07-29 08:00:00,2024-07-29 09:00:00,0,1,falso_positivo,604.0,52.46666666666666,2.7804903641843146,2.72,25.85,38.053333333333335,52.46666666666666,18.691666666666663,13.6,125.0,64.5,44.5,0.0,1021.2,77,11.9,17.1,6.8
2024-Q3,gaussian_naive_bayes,poluentes_subindices_sem_iqar_meteorologia,2024-07-29 09:00:00,2024-07-29 10:00:00,0,1,falso_positivo,627.0,54.88000000000001,2.719833942627065,2.3000000000000003,31.700000000000003,39.79333333333334,54.88000000000001,20.008333333333336,11.5,174.0,82.4,57.0,0.0,1021.8,73,23.0,19.3,4.3
2024-Q3,gaussian_naive_bayes,poluentes_subindices_sem_iqar_meteorologia,2024-07-29 10:00:00,2024-07-29 11:00:00,0,1,falso_positivo,550.0,56.86666666666666,2.622783668135466,1.82,38.55,41.23,56.86666666666666,21.241666666666667,9.1,183.0,68.9,47.6,0.0,1022.3,61,21.0,20.9,3.4
2024-Q3,gaussian_naive_bayes,poluentes_subindices_sem_iqar_meteorologia,2024-07-29 11:00:00,2024-07-29 12:00:00,0,1,falso_positivo,442.0,61.16666666666666,2.475752502280693,1.14,61.16666666666666,42.50666666666667,58.63333333333334,22.34166666666667,5.7,196.0,57.0,39.5,0.0,1021.7,54,18.2,22.7,1.4
2024-Q3,gaussian_naive_bayes,poluentes_subindices_sem_iqar_meteorologia,2024-07-29 19:00:00,2024-07-29 20:00:00,0,1,falso_positivo,277.0,107.33333333333331,1.0956975990101538,1.32,107.33333333333331,43.41000000000001,59.98,23.508333333333336,6.6,110.0,29.8,20.6,0.0,1022.4,84,4.3,16.3,15.3
2024-Q3,gaussian_naive_bayes,poluentes_subindices_sem_iqar_meteorologia,2024-07-29 20:00:00,2024-07-29 21:00:00,0,1,falso_positivo,270.0,91.5,1.0554217350961403,1.08,91.5,42.49333333333333,58.75333333333335,22.95,5.4,105.0,28.6,19.8,0.0,1022.9,85,3.1,15.7,14.2
2024-Q3,gaussian_naive_bayes,poluentes_subindices_sem_iqar_meteorologia,2024-07-29 21:00:00,2024-07-29 22:00:00,0,1,falso_positivo,248.0,74.16666666666666,1.0292181609834086,0.94,74.16666666666666,40.99333333333333,56.7,22.141666666666666,4.7,85.0,15.5,10.8,0.0,1023.4,89,1.6,15.3,14.3
2024-Q3,gaussian_naive_bayes,poluentes_subindices_sem_iqar_meteorologia,2024-07-29 22:00:00,2024-07-29 23:00:00,0,1,falso_positivo,244.0,59.5,1.016116373927043,0.92,59.5,39.333333333333336,54.43333333333334,21.325,4.6,83.0,14.9,10.4,0.0,1024.8,87,1.6,15.5,10.8
2024-Q3,gaussian_naive_bayes,poluentes_subindices_sem_iqar_meteorologia,2024-08-05 18:00:00,2024-08-05 19:00:00,0,1,falso_positivo,284.0,67.83333333333333,0.659941866542874,2.1,67.83333333333333,10.443333333333335,14.073333333333332,7.100000000000001,10.5,157.0,27.2,18.1,0.0,1019.4,46,3.6,22.4,8.3
2024-Q3,gaussian_naive_bayes,poluentes_subindices_sem_iqar_meteorologia,2024-08-05 19:00:00,2024-08-05 20:00:00,0,1,falso_positivo,311.0,80.33333333333333,0.7375820861361533,2.2,80.33333333333333,11.026666666666667,14.873333333333337,7.183333333333334,11.0,158.0,30.5,20.3,0.0,1019.9,64,3.9,20.4,10.6
2024-Q3,gaussian_naive_bayes,poluentes_subindices_sem_iqar_meteorologia,2024-08-05 20:00:00,2024-08-05 21:00:00,0,1,falso_positivo,329.0,90.5,0.8428816339595383,2.12,90.5,11.64,15.726666666666668,7.258333333333334,10.6,155.0,31.4,21.2,0.0,1020.5,82,4.1,18.9,7.9
2024-Q3,gaussian_naive_bayes,poluentes_subindices_sem_iqar_meteorologia,2024-08-09 13:00:00,2024-08-09 14:00:00,0,1,falso_positivo,445.0,44.36,1.6940125412508624,3.04,25.700000000000003,33.406666666666666,44.36,13.058333333333335,15.2,85.0,57.2,39.9,0.7,1018.2,82,10.6,18.2,6.6
2024-Q3,gaussian_naive_bayes,poluentes_subindices_sem_iqar_meteorologia,2024-08-09 14:00:00,2024-08-09 15:00:00,0,1,falso_positivo,450.0,46.08,1.7299211428127543,2.52,27.4,34.61666666666667,46.08,13.683333333333335,12.6,96.0,53.9,37.6,0.3,1017.1,81,10.0,18.5,7.5
2024-Q3,gaussian_naive_bayes,poluentes_subindices_sem_iqar_meteorologia,2024-08-09 15:00:00,2024-08-09 16:00:00,0,1,falso_positivo,439.0,47.39333333333333,1.7517574545733638,2.2,29.3,35.51666666666667,47.39333333333333,14.225,11.0,100.0,47.4,32.9,0.0,1016.2,78,9.3,18.8,5.7
2024-Q3,gaussian_naive_bayes,poluentes_subindices_sem_iqar_meteorologia,2024-08-09 16:00:00,2024-08-09 17:00:00,0,1,falso_positivo,400.0,48.17333333333333,1.745934438103868,2.32,30.4,36.02,48.17333333333333,14.66666666666667,11.6,90.0,36.8,25.3,0.0,1015.9,76,8.2,18.9,5.3
2024-Q3,gaussian_naive_bayes,poluentes_subindices_sem_iqar_meteorologia,2024-08-09 17:00:00,2024-08-09 18:00:00,0,1,falso_positivo,345.0,48.67999999999999,1.6765434918423747,2.64,31.6,36.32,48.67999999999999,15.008333333333336,13.2,71.0,31.1,21.2,0.0,1016.2,78,7.0,18.6,5.3
2024-Q3,gaussian_naive_bayes,poluentes_subindices_sem_iqar_meteorologia,2024-08-10 00:00:00,2024-08-10 01:00:00,0,1,falso_positivo,225.0,45.11333333333333,1.0384379370601104,1.3,21.05,33.083333333333336,45.11333333333333,15.525,6.5,51.0,15.1,10.2,5.2,1018.2,94,2.7,14.6,15.5
2024-Q3,gaussian_naive_bayes,poluentes_subindices_sem_iqar_meteorologia,2024-08-11 13:00:00,2024-08-11 14:00:00,0,1,falso_positivo,258.0,41.306666666666665,1.512528527951572,0.54,29.05,30.196666666666665,41.306666666666665,11.983333333333334,2.7,138.0,31.1,21.7,0.0,1019.2,54,8.5,16.7,7.4
2024-Q3,gaussian_naive_bayes,poluentes_subindices_sem_iqar_meteorologia,2024-08-11 14:00:00,2024-08-11 15:00:00,0,1,falso_positivo,268.0,42.02,1.3892746793472412,0.48,35.9,30.63666666666667,42.02,12.450000000000005,2.4,150.0,33.6,23.5,0.0,1017.8,49,8.5,17.6,4.4
2024-Q3,gaussian_naive_bayes,poluentes_subindices_sem_iqar_meteorologia,2024-08-11 15:00:00,2024-08-11 16:00:00,0,1,falso_positivo,288.0,47.833333333333336,1.2766963609369864,0.82,47.833333333333336,31.11666666666667,42.78666666666666,12.925,4.1,152.0,36.3,25.4,0.0,1017.0,50,8.4,18.3,1.0
2024-Q3,gaussian_naive_bayes,poluentes_subindices_sem_iqar_meteorologia,2024-08-11 16:00:00,2024-08-11 17:00:00,0,1,falso_positivo,319.0,64.66666666666666,1.1830428460525932,1.8,64.66666666666666,31.62333333333333,43.58,13.366666666666667,9.0,139.0,37.1,26.0,0.0,1016.6,50,8.1,18.5,4.5
2024-Q3,gaussian_naive_bayes,poluentes_subindices_sem_iqar_meteorologia,2024-08-11 17:00:00,2024-08-11 18:00:00,0,1,falso_positivo,361.0,73.66666666666666,1.169455807623769,3.18,73.66666666666666,32.13333333333334,44.36666666666667,13.758333333333336,15.9,117.0,37.7,26.3,0.0,1016.9,59,7.7,17.5,5.4
2024-Q3,gaussian_naive_bayes,poluentes_subindices_sem_iqar_meteorologia,2024-08-11 18:00:00,2024-08-11 19:00:00,0,1,falso_positivo,408.0,76.16666666666666,1.197115135853875,4.44,76.16666666666666,32.75333333333334,45.3,14.108333333333334,22.2,95.0,41.1,28.7,0.0,1017.3,56,7.5,15.1,10.1
2024-Q3,gaussian_naive_bayes,poluentes_subindices_sem_iqar_meteorologia,2024-08-12 13:00:00,2024-08-12 14:00:00,0,1,falso_positivo,189.0,37.85,0.9273153727672296,0.4599999999999999,37.85,24.520000000000003,34.22,16.566666666666666,2.3,138.0,22.5,15.6,0.0,1018.9,44,6.4,18.2,18.6
2024-Q3,gaussian_naive_bayes,poluentes_subindices_sem_iqar_meteorologia,2024-08-12 14:00:00,2024-08-12 15:00:00,0,1,falso_positivo,186.0,47.5,0.8894657657155058,0.44,47.5,24.11,33.64000000000001,16.34166666666667,2.2,131.0,21.3,14.8,0.0,1018.0,43,5.8,18.7,19.2
2024-Q3,gaussian_naive_bayes,poluentes_subindices_sem_iqar_meteorologia,2024-08-12 15:00:00,2024-08-12 16:00:00,0,1,falso_positivo,184.0,58.5,0.8496751531739503,0.58,58.5,23.516666666666666,32.79333333333334,16.075,2.9,121.0,18.5,12.7,0.0,1017.8,41,5.2,18.9,18.9
2024-Q3,gaussian_naive_bayes,poluentes_subindices_sem_iqar_meteorologia,2024-08-15 15:00:00,2024-08-15 16:00:00,0,1,falso_positivo,232.0,66.16666666666666,1.0102933574575468,0.4599999999999999,66.16666666666666,14.203333333333331,18.18,12.15,2.3,156.0,21.2,13.6,0.0,1018.7,46,6.8,25.2,1.1
2024-Q3,gaussian_naive_bayes,poluentes_subindices_sem_iqar_meteorologia,2024-08-15 16:00:00,2024-08-15 17:00:00,0,1,falso_positivo,244.0,80.5,0.9865160402071048,1.16,80.5,14.483333333333334,18.58666666666667,12.391666666666667,5.8,145.0,20.9,13.1,0.0,1018.3,43,6.5,25.4,1.3
2024-Q3,gaussian_naive_bayes,poluentes_subindices_sem_iqar_meteorologia,2024-08-15 17:00:00,2024-08-15 18:00:00,0,1,falso_positivo,263.0,89.33333333333333,0.9666207339363272,2.18,89.33333333333333,14.746666666666668,18.98,12.591666666666669,10.9,127.0,21.8,13.4,0.0,1018.6,70,6.4,23.2,4.1
2024-Q3,gaussian_naive_bayes,poluentes_subindices_sem_iqar_meteorologia,2024-08-16 11:00:00,2024-08-16 12:00:00,0,1,falso_positivo,361.0,35.65333333333333,2.197218214489804,1.56,29.4,26.340000000000003,35.65333333333333,14.133333333333336,7.8,149.0,34.7,24.0,0.0,1022.0,65,10.4,22.1,4.0
2024-Q3,gaussian_naive_bayes,poluentes_subindices_sem_iqar_meteorologia,2024-08-16 12:00:00,2024-08-16 13:00:00,0,1,falso_positivo,275.0,36.75,2.0390262670684973,0.82,36.75,26.723333333333336,36.22666666666667,14.216666666666669,4.1,164.0,32.1,22.3,0.0,1020.8,55,10.1,24.4,2.2
2024-Q3,gaussian_naive_bayes,poluentes_subindices_sem_iqar_meteorologia,2024-08-16 13:00:00,2024-08-16 14:00:00,0,1,falso_positivo,260.0,58.16666666666666,1.8623947674937869,0.52,58.16666666666666,27.130000000000003,36.84666666666666,14.366666666666667,2.6,184.0,33.3,23.2,0.0,1019.5,51,10.2,26.0,0.4
2024-Q3,gaussian_naive_bayes,poluentes_subindices_sem_iqar_meteorologia,2024-08-16 22:00:00,2024-08-16 23:00:00,0,1,falso_positivo,539.0,107.16666666666666,1.6716909781177949,6.0,107.16666666666666,32.013333333333335,44.266666666666666,16.966666666666665,30.0,81.0,43.8,30.2,0.0,1019.6,73,8.0,19.9,4.1
2024-Q3,gaussian_naive_bayes,poluentes_subindices_sem_iqar_meteorologia,2024-08-17 10:00:00,2024-08-17 11:00:00,0,1,falso_positivo,559.0,48.07333333333334,2.5956095912778183,2.4800000000000004,26.5,34.60666666666667,48.07333333333334,18.716666666666665,12.4,132.0,32.0,22.3,0.0,1021.9,57,7.9,22.3,5.9
2024-Q3,gaussian_naive_bayes,poluentes_subindices_sem_iqar_meteorologia,2024-08-17 11:00:00,2024-08-17 12:00:00,0,1,falso_positivo,395.0,47.38666666666667,2.476237753653152,1.36,31.55,34.11333333333334,47.38666666666667,18.375,6.8,137.0,19.9,13.7,0.0,1020.9,49,6.3,24.9,5.7
2024-Q3,gaussian_naive_bayes,poluentes_subindices_sem_iqar_meteorologia,2024-08-17 12:00:00,2024-08-17 13:00:00,0,1,falso_positivo,278.0,46.72666666666667,2.2928127348640293,0.52,37.15,33.65,46.72666666666667,17.941666666666666,2.6,140.0,18.2,12.4,0.0,1019.7,43,4.9,26.9,5.9
2024-Q3,gaussian_naive_bayes,poluentes_subindices_sem_iqar_meteorologia,2024-08-17 13:00:00,2024-08-17 14:00:00,0,1,falso_positivo,251.0,50.66666666666666,2.089007158431671,0.16,50.66666666666666,33.29333333333334,46.21333333333334,17.416666666666668,0.8,141.0,22.6,15.5,0.0,1018.3,35,3.9,28.2,5.1
2024-Q3,gaussian_naive_bayes,poluentes_subindices_sem_iqar_meteorologia,2024-08-17 14:00:00,2024-08-17 15:00:00,0,1,falso_positivo,272.0,69.83333333333333,1.8885983416065188,0.08,69.83333333333333,32.95333333333334,45.72666666666667,16.8,0.4,141.0,25.2,17.3,0.0,1017.5,28,3.1,28.9,1.8
2024-Q3,gaussian_naive_bayes,poluentes_subindices_sem_iqar_meteorologia,2024-08-17 15:00:00,2024-08-17 16:00:00,0,1,falso_positivo,301.0,83.33333333333333,1.6877042734089087,0.4,83.33333333333333,32.53666666666666,45.14,16.133333333333336,2.0,138.0,25.7,17.8,0.0,1016.7,26,2.6,29.0,1.5
2024-Q3,gaussian_naive_bayes,poluentes_subindices_sem_iqar_meteorologia,2024-08-17 16:00:00,2024-08-17 17:00:00,0,1,falso_positivo,331.0,88.0,1.4872954565837564,1.36,88.0,32.03,44.42666666666666,15.491666666666667,6.8,130.0,25.9,17.9,0.0,1016.9,28,2.7,28.4,3.3
2024-Q3,gaussian_naive_bayes,poluentes_subindices_sem_iqar_meteorologia,2024-08-17 17:00:00,2024-08-17 18:00:00,0,1,falso_positivo,371.0,86.33333333333333,1.3383232852391516,2.72,86.33333333333333,31.563333333333333,43.78666666666668,14.916666666666666,13.6,119.0,28.3,19.7,0.0,1017.1,51,3.1,25.0,5.1
2024-Q3,gaussian_naive_bayes,poluentes_subindices_sem_iqar_meteorologia,2024-08-17 18:00:00,2024-08-17 19:00:00,0,1,falso_positivo,404.0,82.16666666666667,1.2631093225081624,3.86,82.16666666666667,31.133333333333333,43.193333333333335,14.416666666666666,19.3,107.0,31.9,22.2,0.0,1017.4,51,3.5,20.6,9.4
2024-Q3,gaussian_naive_bayes,poluentes_subindices_sem_iqar_meteorologia,2024-08-17 19:00:00,2024-08-17 20:00:00,0,1,falso_positivo,425.0,75.0,1.2776668636819024,4.5,75.0,30.736666666666668,42.64666666666667,13.983333333333334,22.5,94.0,32.7,22.8,0.0,1017.8,46,3.8,19.9,6.3
2024-Q3,gaussian_naive_bayes,poluentes_subindices_sem_iqar_meteorologia,2024-08-18 14:00:00,2024-08-18 15:00:00,0,1,falso_positivo,251.0,44.0,1.7769905259411798,0.1,44.0,23.61,32.81333333333333,9.000000000000002,0.5,128.0,23.9,16.5,0.0,1017.8,30,3.3,28.2,7.5
2024-Q3,gaussian_naive_bayes,poluentes_subindices_sem_iqar_meteorologia,2024-08-18 15:00:00,2024-08-18 16:00:00,0,1,falso_positivo,277.0,58.33333333333333,1.5887129934274775,0.42,58.33333333333333,23.573333333333338,32.76,9.091666666666669,2.1,132.0,24.6,17.0,0.0,1017.1,28,3.7,28.2,7.1
2024-Q3,gaussian_naive_bayes,poluentes_subindices_sem_iqar_meteorologia,2024-08-18 16:00:00,2024-08-18 17:00:00,0,1,falso_positivo,311.0,64.83333333333333,1.3921861875819892,1.2000000000000002,64.83333333333333,23.61,32.806666666666665,9.208333333333334,6.0,129.0,27.0,18.6,0.0,1016.7,30,4.1,27.8,6.0
2024-Q3,gaussian_naive_bayes,poluentes_subindices_sem_iqar_meteorologia,2024-08-18 17:00:00,2024-08-18 18:00:00,0,1,falso_positivo,358.0,67.0,1.2592273115284984,2.24,67.0,23.673333333333336,32.873333333333335,9.325,11.2,121.0,30.2,20.7,0.0,1016.9,49,4.5,26.5,3.3
2024-Q3,gaussian_naive_bayes,poluentes_subindices_sem_iqar_meteorologia,2024-08-18 18:00:00,2024-08-18 19:00:00,0,1,falso_positivo,395.0,67.5,1.197115135853875,3.04,67.5,23.683333333333337,32.873333333333335,9.441666666666668,15.2,112.0,32.2,22.2,0.0,1017.1,53,4.9,21.1,6.6
2024-Q3,gaussian_naive_bayes,poluentes_subindices_sem_iqar_meteorologia,2024-08-19 13:00:00,2024-08-19 14:00:00,0,1,falso_positivo,238.0,34.5,1.4960299812880002,0.34,34.5,21.53,29.78,10.825,1.7,150.0,23.5,16.2,0.0,1017.7,43,5.4,27.4,0.0
2024-Q3,gaussian_naive_bayes,poluentes_subindices_sem_iqar_meteorologia,2024-08-19 14:00:00,2024-08-19 15:00:00,0,1,falso_positivo,256.0,46.0,1.412566745225225,0.4,46.0,21.576666666666668,29.846666666666664,11.025,2.0,171.0,25.3,17.5,0.0,1016.3,40,5.7,28.0,1.3
2024-Q3,gaussian_naive_bayes,poluentes_subindices_sem_iqar_meteorologia,2024-08-19 15:00:00,2024-08-19 16:00:00,0,1,falso_positivo,289.0,70.0,1.332015017397198,0.7400000000000001,70.0,21.766666666666666,30.113333333333333,11.216666666666669,3.7,183.0,30.3,21.0,0.0,1015.6,36,6.0,28.3,2.7
2024-Q3,gaussian_naive_bayes,poluentes_subindices_sem_iqar_meteorologia,2024-08-19 21:00:00,2024-08-19 22:00:00,1,0,falso_negativo,743.0,116.83333333333331,1.750786951828448,9.06,116.83333333333331,24.81,34.34,12.916666666666666,45.3,96.0,59.3,41.0,0.0,1017.5,85,11.6,17.7,4.7
2024-Q3,gaussian_naive_bayes,poluentes_subindices_sem_iqar_meteorologia,2024-08-20 09:00:00,2024-08-20 10:00:00,0,1,falso_positivo,687.0,51.66,3.489927870717904,3.7,23.55,37.24,51.66,20.791666666666668,18.5,186.0,61.9,42.6,0.0,1021.0,57,15.2,20.9,1.3
2024-Q3,gaussian_naive_bayes,poluentes_subindices_sem_iqar_meteorologia,2024-08-20 10:00:00,2024-08-20 11:00:00,0,1,falso_positivo,604.0,53.06,3.325427655454644,2.8600000000000003,32.0,38.24666666666666,53.06,21.433333333333334,14.3,200.0,61.9,42.8,0.0,1021.8,55,14.1,22.6,4.7
2024-Q3,gaussian_naive_bayes,poluentes_subindices_sem_iqar_meteorologia,2024-08-20 11:00:00,2024-08-20 12:00:00,0,1,falso_positivo,489.0,54.41333333333333,3.102212024123965,1.72,45.333333333333336,39.21666666666667,54.41333333333333,21.991666666666664,8.6,218.0,55.1,38.2,0.0,1021.2,47,12.5,25.1,3.9
2024-Q3,gaussian_naive_bayes,poluentes_subindices_sem_iqar_meteorologia,2024-08-20 20:00:00,2024-08-20 21:00:00,0,1,falso_positivo,391.0,112.16666666666666,1.4431375816900789,1.94,112.16666666666666,39.07666666666667,54.086666666666666,20.591666666666665,9.7,92.0,29.6,20.3,0.0,1020.6,85,2.6,16.7,8.7
2024-Q3,gaussian_naive_bayes,poluentes_subindices_sem_iqar_meteorologia,2024-08-20 21:00:00,2024-08-20 22:00:00,0,1,falso_positivo,430.0,90.66666666666669,1.4751641722723066,2.14,90.66666666666669,38.11666666666667,52.74,19.85,10.7,91.0,30.5,20.8,0.0,1021.7,93,2.7,15.1,5.9
2024-Q3,gaussian_naive_bayes,poluentes_subindices_sem_iqar_meteorologia,2024-08-20 22:00:00,2024-08-20 23:00:00,0,1,falso_positivo,424.0,71.0,1.5101022710892822,2.14,71.0,37.00666666666667,51.17999999999999,19.08333333333333,10.7,85.0,28.6,19.6,0.0,1022.2,91,2.9,15.7,6.2
2024-Q3,gaussian_naive_bayes,poluentes_subindices_sem_iqar_meteorologia,2024-08-21 14:00:00,2024-08-21 15:00:00,0,1,falso_positivo,266.0,53.83333333333333,1.204879157813203,0.18,53.83333333333333,22.433333333333337,30.593333333333334,5.083333333333334,0.9,132.0,25.1,16.9,0.0,1018.4,36,1.4,26.6,11.8
2024-Q3,gaussian_naive_bayes,poluentes_subindices_sem_iqar_meteorologia,2024-08-21 15:00:00,2024-08-21 16:00:00,0,1,falso_positivo,258.0,62.83333333333333,1.1607212829195257,0.26,62.83333333333333,22.10333333333333,30.12,4.775000000000001,1.3,126.0,23.9,16.0,0.0,1017.0,28,1.2,27.5,11.7
2024-Q3,gaussian_naive_bayes,poluentes_subindices_sem_iqar_meteorologia,2024-08-21 16:00:00,2024-08-21 17:00:00,0,1,falso_positivo,261.0,68.0,1.1194749162605957,0.58,68.0,21.79,29.673333333333336,4.558333333333335,2.9,116.0,23.4,15.5,0.0,1016.5,28,1.1,27.5,8.8
2024-Q3,gaussian_naive_bayes,poluentes_subindices_sem_iqar_meteorologia,2024-08-21 17:00:00,2024-08-21 18:00:00,0,1,falso_positivo,271.0,68.66666666666666,1.093271342147864,1.06,68.66666666666666,21.416666666666668,29.146666666666665,4.416666666666667,5.3,102.0,23.3,15.3,0.0,1016.4,42,1.2,25.0,5.7
2024-Q3,gaussian_naive_bayes,poluentes_subindices_sem_iqar_meteorologia,2024-08-22 13:00:00,2024-08-22 14:00:00,0,1,falso_positivo,266.0,38.7,1.439740822082873,0.24,38.7,16.346666666666668,22.38666666666667,7.416666666666668,1.2,164.0,20.4,14.2,0.0,1015.6,38,4.4,28.5,9.0
2024-Q3,gaussian_naive_bayes,poluentes_subindices_sem_iqar_meteorologia,2024-08-22 14:00:00,2024-08-22 15:00:00,0,1,falso_positivo,258.0,57.16666666666666,1.3640416079794253,0.22,57.16666666666666,16.193333333333335,22.21333333333333,7.641666666666668,1.1,166.0,20.5,14.3,0.0,1014.5,32,4.1,29.5,10.2
2024-Q3,gaussian_naive_bayes,poluentes_subindices_sem_iqar_meteorologia,2024-08-22 15:00:00,2024-08-22 16:00:00,0,1,falso_positivo,264.0,76.66666666666666,1.283975131523856,0.44,76.66666666666666,16.096666666666668,22.126666666666665,7.866666666666668,2.2,163.0,21.0,14.7,0.0,1013.9,27,3.9,30.0,10.2
2024-Q3,gaussian_naive_bayes,poluentes_subindices_sem_iqar_meteorologia,2024-08-22 19:00:00,2024-08-22 20:00:00,0,1,falso_positivo,383.0,102.66666666666666,1.1908068680119213,3.1,102.66666666666666,16.186666666666667,22.406666666666663,8.9,15.5,109.0,24.3,16.5,0.0,1014.2,47,4.8,21.8,8.5
2024-Q3,gaussian_naive_bayes,poluentes_subindices_sem_iqar_meteorologia,2024-08-22 20:00:00,2024-08-22 21:00:00,0,1,falso_positivo,388.0,91.83333333333331,1.2403025080026366,3.38,91.83333333333331,16.266666666666666,22.520000000000003,9.1,16.9,90.0,23.1,15.8,0.0,1015.0,49,4.9,20.8,8.7
2024-Q3,gaussian_naive_bayes,poluentes_subindices_sem_iqar_meteorologia,2024-08-23 15:00:00,2024-08-23 16:00:00,0,1,falso_positivo,196.0,41.333333333333336,0.877334481404056,0.4599999999999999,41.333333333333336,14.146666666666668,19.666666666666668,7.491666666666667,2.3,132.0,16.4,11.5,0.0,1009.5,24,2.0,30.9,15.3
2024-Q3,gaussian_naive_bayes,poluentes_subindices_sem_iqar_meteorologia,2024-08-23 16:00:00,2024-08-23 17:00:00,0,1,falso_positivo,237.0,53.0,0.8380291202349583,1.14,53.0,14.043333333333331,19.526666666666667,7.333333333333335,5.7,130.0,18.6,13.0,0.0,1009.6,27,2.2,29.8,16.0
2024-Q3,gaussian_naive_bayes,poluentes_subindices_sem_iqar_meteorologia,2024-08-23 17:00:00,2024-08-23 18:00:00,0,1,falso_positivo,290.0,61.66666666666666,0.8346323606277524,2.02,61.66666666666666,14.1,19.58,7.158333333333334,10.1,124.0,25.3,17.0,0.0,1009.9,34,2.3,27.4,9.7
2024-Q3,gaussian_naive_bayes,poluentes_subindices_sem_iqar_meteorologia,2024-08-23 18:00:00,2024-08-23 19:00:00,0,1,falso_positivo,331.0,67.66666666666666,0.868599956699812,2.6,67.66666666666666,14.253333333333334,19.74,6.966666666666668,13.0,119.0,29.5,19.3,0.0,1010.1,37,2.4,24.4,9.7
2024-Q3,gaussian_naive_bayes,poluentes_subindices_sem_iqar_meteorologia,2024-08-23 19:00:00,2024-08-23 20:00:00,0,1,falso_positivo,351.0,70.5,0.9360498974714734,2.6,70.5,14.416666666666666,19.9,6.766666666666667,13.0,116.0,29.2,18.9,0.0,1010.4,36,2.4,24.4,12.6
2024-Q3,gaussian_naive_bayes,poluentes_subindices_sem_iqar_meteorologia,2024-08-30 12:00:00,2024-08-30 13:00:00,0,1,falso_positivo,238.0,38.650000000000006,1.8051351055437437,0.44,38.650000000000006,21.14333333333333,28.673333333333336,14.216666666666669,2.2,165.0,15.0,10.4,0.0,1022.5,40,6.2,25.4,2.5
2024-Q3,gaussian_naive_bayes,poluentes_subindices_sem_iqar_meteorologia,2024-08-30 13:00:00,2024-08-30 14:00:00,0,1,falso_positivo,234.0,65.5,1.6013295291113854,0.26,65.5,21.096666666666668,28.680000000000003,14.125000000000002,1.3,180.0,16.8,11.7,0.0,1021.1,31,6.1,26.6,3.6
2024-Q3,gaussian_naive_bayes,poluentes_subindices_sem_iqar_meteorologia,2024-08-30 21:00:00,2024-08-30 22:00:00,0,1,falso_positivo,392.0,117.83333333333331,1.2538895464314606,4.0200000000000005,117.83333333333331,22.74666666666667,31.37333333333333,14.183333333333335,20.1,87.0,28.6,19.5,0.0,1020.0,48,5.3,17.1,7.7
2024-Q3,gaussian_naive_bayes,poluentes_subindices_sem_iqar_meteorologia,2024-08-31 11:00:00,2024-08-31 12:00:00,0,1,falso_positivo,284.0,38.75,1.4984562381502904,0.78,38.75,22.063333333333333,30.28666666666667,11.691666666666668,3.9,158.0,22.6,15.3,0.0,1023.0,47,5.4,24.2,6.9
2024-Q3,gaussian_naive_bayes,poluentes_subindices_sem_iqar_meteorologia,2024-08-31 12:00:00,2024-08-31 13:00:00,0,1,falso_positivo,253.0,57.66666666666666,1.4038322205209812,0.42,57.66666666666666,22.313333333333333,30.6,11.475,2.1,166.0,22.5,15.1,0.0,1022.0,40,3.6,26.0,6.1
2024-Q3,gaussian_naive_bayes,poluentes_subindices_sem_iqar_meteorologia,2024-08-31 13:00:00,2024-08-31 14:00:00,0,1,falso_positivo,238.0,79.16666666666666,1.309208202891672,0.3,79.16666666666666,22.55,30.880000000000003,11.183333333333335,1.5,171.0,23.9,15.9,0.0,1020.6,32,2.6,27.2,2.7
2024-Q3,gaussian_naive_bayes,poluentes_subindices_sem_iqar_meteorologia,2024-08-31 20:00:00,2024-08-31 21:00:00,0,1,falso_positivo,287.0,102.33333333333331,0.9549747009973352,2.5,102.33333333333331,22.41333333333333,30.453333333333337,8.500000000000002,12.5,99.0,24.8,16.9,0.0,1019.8,82,2.1,15.8,6.0
2024-Q3,gaussian_naive_bayes,poluentes_subindices_sem_iqar_meteorologia,2024-09-01 11:00:00,2024-09-01 12:00:00,0,1,falso_positivo,269.0,32.34,1.2864013883861465,1.0,31.950000000000003,23.610000000000003,32.34,4.45,5.0,151.0,22.9,16.0,0.0,1019.4,47,6.0,25.3,8.0
2024-Q3,gaussian_naive_bayes,poluentes_subindices_sem_iqar_meteorologia,2024-09-01 12:00:00,2024-09-01 13:00:00,0,1,falso_positivo,226.0,38.3,1.2339942401606827,0.58,38.3,23.55333333333333,32.306666666666665,4.658333333333334,2.9,172.0,20.8,14.6,0.0,1018.1,37,6.1,28.2,6.8
2024-Q3,gaussian_naive_bayes,poluentes_subindices_sem_iqar_meteorologia,2024-09-01 13:00:00,2024-09-01 14:00:00,0,1,falso_positivo,204.0,56.5,1.1723673158585173,0.38,56.5,23.410000000000004,32.153333333333336,4.908333333333334,1.9,178.0,19.6,13.6,0.0,1016.5,22,5.6,30.3,12.6
2024-Q3,gaussian_naive_bayes,poluentes_subindices_sem_iqar_meteorologia,2024-09-01 14:00:00,2024-09-01 15:00:00,0,1,falso_positivo,194.0,77.66666666666666,1.1058878778317718,0.36,77.66666666666666,23.256666666666664,31.993333333333336,5.141666666666667,1.8,176.0,19.8,13.8,0.0,1015.4,22,4.8,30.5,16.2
2024-Q3,gaussian_naive_bayes,poluentes_subindices_sem_iqar_meteorologia,2024-09-01 19:00:00,2024-09-01 20:00:00,0,1,falso_positivo,331.0,113.83333333333331,0.9375056515888476,3.92,113.83333333333331,23.023333333333333,31.926666666666662,6.558333333333334,19.6,107.0,24.9,17.3,0.0,1014.8,46,5.7,21.4,7.5
2024-Q3,gaussian_naive_bayes,poluentes_subindices_sem_iqar_meteorologia,2024-09-01 20:00:00,2024-09-01 21:00:00,0,1,falso_positivo,364.0,98.33333333333331,1.0044703409880509,4.34,98.33333333333331,22.97666666666667,31.88666666666667,6.858333333333334,21.7,79.0,23.4,16.3,0.0,1015.3,48,5.7,20.2,7.7
2024-Q3,gaussian_naive_bayes,poluentes_subindices_sem_iqar_meteorologia,2024-09-02 08:00:00,2024-09-02 09:00:00,0,1,falso_positivo,297.0,31.700000000000003,1.229626977808561,1.7600000000000002,31.700000000000003,21.61,29.53333333333333,12.075,8.8,122.0,50.2,33.1,0.0,1017.3,69,7.1,18.8,6.8
2024-Q3,gaussian_naive_bayes,poluentes_subindices_sem_iqar_meteorologia,2024-09-02 09:00:00,2024-09-02 10:00:00,0,1,falso_positivo,326.0,35.300000000000004,1.2218629558492329,1.8600000000000003,35.300000000000004,22.673333333333336,30.88666666666667,12.316666666666668,9.3,138.0,69.4,46.3,0.0,1017.4,60,8.3,21.1,5.5
2024-Q3,gaussian_naive_bayes,poluentes_subindices_sem_iqar_meteorologia,2024-09-02 10:00:00,2024-09-02 11:00:00,0,1,falso_positivo,323.0,39.400000000000006,1.2170104421246528,1.5,39.400000000000006,24.043333333333333,32.693333333333335,12.5,7.5,145.0,68.2,45.9,0.0,1017.2,57,7.9,23.0,2.7
2024-Q3,gaussian_naive_bayes,poluentes_subindices_sem_iqar_meteorologia,2024-09-02 11:00:00,2024-09-02 12:00:00,0,1,falso_positivo,319.0,53.33333333333333,1.2136136825174468,1.02,53.33333333333333,25.49333333333333,34.61333333333334,12.616666666666667,5.1,155.0,66.4,44.8,0.0,1016.5,52,7.4,25.0,4.4
2024-Q3,gaussian_naive_bayes,poluentes_subindices_sem_iqar_meteorologia,2024-09-02 12:00:00,2024-09-02 13:00:00,0,1,falso_positivo,316.0,69.16666666666666,1.212643179772531,0.68,69.16666666666666,26.99666666666667,36.61333333333333,12.675,3.4,161.0,65.9,44.6,0.0,1015.7,45,6.8,26.8,8.4
2024-Q3,gaussian_naive_bayes,poluentes_subindices_sem_iqar_meteorologia,2024-09-02 13:00:00,2024-09-02 14:00:00,0,1,falso_positivo,316.0,84.33333333333333,1.215069436634821,0.6000000000000001,84.33333333333333,28.523333333333337,38.64666666666667,12.733333333333334,3.0,163.0,65.4,44.1,0.0,1014.3,41,6.3,28.2,11.9
2024-Q3,gaussian_naive_bayes,poluentes_subindices_sem_iqar_meteorologia,2024-09-02 17:00:00,2024-09-02 18:00:00,0,1,falso_positivo,275.0,105.0,1.201967649578455,1.14,105.0,32.653333333333336,43.97333333333333,12.65,5.7,112.0,41.8,27.3,0.0,1014.4,83,3.1,18.9,15.6
2024-Q3,gaussian_naive_bayes,poluentes_subindices_sem_iqar_meteorologia,2024-09-02 18:00:00,2024-09-02 19:00:00,0,1,falso_positivo,257.0,96.0,1.1699410589962271,1.2800000000000002,96.0,32.99333333333333,44.34666666666666,12.383333333333333,6.4,91.0,35.3,23.0,0.0,1014.8,91,2.3,17.1,11.1
2024-Q3,gaussian_naive_bayes,poluentes_subindices_sem_iqar_meteorologia,2024-09-02 19:00:00,2024-09-02 20:00:00,0,1,falso_positivo,246.0,83.16666666666667,1.1345177088067937,1.3,83.16666666666667,33.20333333333334,44.54666666666667,12.066666666666668,6.5,78.0,31.2,20.3,0.0,1015.3,95,1.9,16.3,8.4
2024-Q3,gaussian_naive_bayes,poluentes_subindices_sem_iqar_meteorologia,2024-09-03 11:00:00,2024-09-03 12:00:00,0,1,falso_positivo,373.0,37.32666666666667,1.216525190752195,1.06,17.55,27.790000000000006,37.32666666666667,5.083333333333334,5.3,110.0,53.0,36.0,0.0,1018.2,66,4.4,23.8,5.3
2024-Q3,gaussian_naive_bayes,poluentes_subindices_sem_iqar_meteorologia,2024-09-03 12:00:00,2024-09-03 13:00:00,0,1,falso_positivo,404.0,37.293333333333344,1.2810636232891084,0.9,23.4,27.75,37.293333333333344,4.983333333333334,4.5,141.0,64.7,44.1,0.0,1017.1,53,5.6,26.4,3.3
2024-Q3,gaussian_naive_bayes,poluentes_subindices_sem_iqar_meteorologia,2024-09-03 13:00:00,2024-09-03 14:00:00,0,1,falso_positivo,428.0,37.74,1.3523955750404335,0.76,30.65,28.03666666666667,37.74,4.983333333333333,3.8,164.0,74.0,50.8,0.0,1015.8,45,6.3,28.3,5.2
2024-Q3,gaussian_naive_bayes,poluentes_subindices_sem_iqar_meteorologia,2024-09-03 14:00:00,2024-09-03 15:00:00,0,1,falso_positivo,450.0,38.85,1.4285800405163391,0.68,38.85,28.51,38.44666666666667,5.058333333333335,3.4,183.0,76.8,52.7,0.0,1014.5,36,6.6,30.2,10.0
2024-Q3,gaussian_naive_bayes,poluentes_subindices_sem_iqar_meteorologia,2024-09-03 15:00:00,2024-09-03 16:00:00,0,1,falso_positivo,468.0,63.16666666666666,1.5062202601096182,0.86,63.16666666666666,29.12333333333333,39.366666666666674,5.191666666666667,4.3,186.0,75.0,51.6,0.0,1013.9,33,6.6,30.3,14.0
2024-Q3,gaussian_naive_bayes,poluentes_subindices_sem_iqar_meteorologia,2024-09-03 16:00:00,2024-09-03 17:00:00,0,1,falso_positivo,480.0,85.0,1.5814342228406075,1.46,85.0,29.840000000000003,40.42666666666666,5.3500000000000005,7.3,166.0,71.7,49.1,0.0,1014.2,41,6.0,28.7,17.0
2024-Q3,gaussian_naive_bayes,poluentes_subindices_sem_iqar_meteorologia,2024-09-03 18:00:00,2024-09-03 19:00:00,0,1,falso_positivo,503.0,103.5,1.744478683986494,3.2200000000000006,103.5,31.506666666666668,42.84,5.691666666666667,16.1,100.0,60.3,41.0,0.0,1015.2,68,4.4,24.0,10.7
2024-Q3,gaussian_naive_bayes,poluentes_subindices_sem_iqar_meteorologia,2024-09-03 19:00:00,2024-09-03 20:00:00,0,1,falso_positivo,524.0,98.16666666666666,1.8177516412276515,4.04,98.16666666666666,32.306666666666665,43.986666666666665,5.875,20.2,78.0,55.2,37.5,0.0,1015.6,75,4.1,21.6,7.1
2024-Q3,gaussian_naive_bayes,poluentes_subindices_sem_iqar_meteorologia,2024-09-04 08:00:00,2024-09-04 09:00:00,0,1,falso_positivo,815.0,68.34,3.270108998994432,3.7,13.1,49.53,68.34,10.758333333333333,18.5,105.0,82.9,57.9,0.0,1018.9,63,7.4,19.3,8.9
2024-Q3,gaussian_naive_bayes,poluentes_subindices_sem_iqar_meteorologia,2024-09-04 09:00:00,2024-09-04 10:00:00,0,1,falso_positivo,697.0,71.21333333333334,3.2312888891977924,2.4600000000000004,17.95,51.58,71.21333333333334,11.083333333333334,12.3,119.0,97.1,67.3,0.0,1019.4,54,5.8,22.6,7.9
2024-Q3,gaussian_naive_bayes,poluentes_subindices_sem_iqar_meteorologia,2024-09-04 10:00:00,2024-09-04 11:00:00,0,1,falso_positivo,590.0,72.31333333333333,3.12307783313966,1.82,23.15,52.34,72.31333333333333,11.216666666666669,9.1,124.0,65.9,45.5,0.0,1019.5,56,4.6,24.5,9.0
2024-Q3,gaussian_naive_bayes,poluentes_subindices_sem_iqar_meteorologia,2024-09-04 11:00:00,2024-09-04 12:00:00,0,1,falso_positivo,443.0,72.10666666666665,2.9294625355289194,0.96,28.75,52.16666666666666,72.10666666666665,11.091666666666669,4.8,131.0,47.8,32.9,0.0,1018.7,45,2.9,27.2,10.4
2024-Q3,gaussian_naive_bayes,poluentes_subindices_sem_iqar_meteorologia,2024-09-04 12:00:00,2024-09-04 13:00:00,0,1,falso_positivo,334.0,71.14666666666668,2.670823554008808,0.32,34.85,51.45666666666667,71.14666666666668,10.775,1.6,136.0,43.4,29.7,0.0,1017.8,37,1.8,29.2,11.5
2024-Q3,gaussian_naive_bayes,poluentes_subindices_sem_iqar_meteorologia,2024-09-04 13:00:00,2024-09-04 14:00:00,0,1,falso_positivo,302.0,69.66666666666666,2.3884072552382545,0.12,44.5,50.39333333333333,69.66666666666666,10.391666666666667,0.6,139.0,42.1,28.6,0.0,1016.3,30,1.7,30.5,9.8
2024-Q3,gaussian_naive_bayes,poluentes_subindices_sem_iqar_meteorologia,2024-09-04 14:00:00,2024-09-04 15:00:00,0,1,falso_positivo,308.0,68.0,2.1098729674473646,0.18,65.0,49.20333333333333,68.0,10.016666666666667,0.9,141.0,41.1,27.7,0.0,1015.0,23,2.1,31.3,7.2
2024-Q3,gaussian_naive_bayes,poluentes_subindices_sem_iqar_meteorologia,2024-09-04 15:00:00,2024-09-04 16:00:00,0,1,falso_positivo,319.0,79.16666666666666,1.847837226320047,0.34,79.16666666666666,48.02666666666666,66.34,9.675,1.7,140.0,39.7,26.7,0.0,1014.5,23,2.5,30.9,7.7
2024-Q3,gaussian_naive_bayes,poluentes_subindices_sem_iqar_meteorologia,2024-09-04 16:00:00,2024-09-04 17:00:00,0,1,falso_positivo,323.0,83.83333333333333,1.6090935510707134,0.66,83.83333333333333,46.91333333333334,64.77333333333334,9.408333333333331,3.3,133.0,38.3,25.6,0.0,1015.1,47,2.8,27.0,18.1
2024-Q3,gaussian_naive_bayes,poluentes_subindices_sem_iqar_meteorologia,2024-09-04 17:00:00,2024-09-04 18:00:00,0,1,falso_positivo,332.0,84.33333333333333,1.4319768001235451,1.12,84.33333333333333,45.91666666666667,63.38000000000001,9.25,5.6,122.0,36.9,24.6,0.0,1015.4,53,3.2,24.3,17.3
2024-Q3,gaussian_naive_bayes,poluentes_subindices_sem_iqar_meteorologia,2024-09-04 18:00:00,2024-09-04 19:00:00,0,1,falso_positivo,343.0,82.5,1.31211971112642,1.46,82.5,45.07333333333334,62.19333333333334,9.183333333333335,7.3,113.0,35.0,23.2,0.0,1015.4,58,3.6,22.6,16.5
2024-Q3,gaussian_naive_bayes,poluentes_subindices_sem_iqar_meteorologia,2024-09-04 19:00:00,2024-09-04 20:00:00,0,1,falso_positivo,356.0,78.66666666666666,1.2699028417225744,1.6,78.66666666666666,44.36666666666667,61.19333333333334,9.175,8.0,108.0,34.0,22.5,0.0,1015.6,63,4.0,21.5,12.6
2024-Q3,gaussian_naive_bayes,poluentes_subindices_sem_iqar_meteorologia,2024-09-04 20:00:00,2024-09-04 21:00:00,0,1,falso_positivo,372.0,73.33333333333333,1.2883423938759782,1.62,73.33333333333333,43.73666666666667,60.29333333333334,9.208333333333334,8.1,104.0,35.2,23.5,0.0,1016.3,51,4.4,21.0,12.1
2024-Q3,gaussian_naive_bayes,poluentes_subindices_sem_iqar_meteorologia,2024-09-04 21:00:00,2024-09-04 22:00:00,0,1,falso_positivo,389.0,65.5,1.3305592632798238,1.96,65.5,43.35,59.71333333333334,9.225,9.8,92.0,33.2,22.0,0.0,1016.9,45,4.7,20.6,16.0
2024-Q3,gaussian_naive_bayes,poluentes_subindices_sem_iqar_meteorologia,2024-09-04 22:00:00,2024-09-04 23:00:00,0,1,falso_positivo,410.0,59.120000000000005,1.3800549032705394,1.88,57.0,42.95333333333333,59.120000000000005,9.216666666666669,9.4,90.0,36.2,24.4,0.0,1017.5,51,4.8,20.5,16.7
2024-Q3,gaussian_naive_bayes,poluentes_subindices_sem_iqar_meteorologia,2024-09-04 23:00:00,2024-09-05 00:00:00,0,1,falso_positivo,439.0,58.48,1.4382850679654988,1.7800000000000002,48.16666666666666,42.52666666666666,58.48,9.175,8.9,87.0,38.4,26.0,0.0,1017.5,55,5.0,20.1,15.2
2024-Q3,gaussian_naive_bayes,poluentes_subindices_sem_iqar_meteorologia,2024-09-05 00:00:00,2024-09-05 01:00:00,0,1,falso_positivo,464.0,57.760000000000005,1.5067055114820762,1.66,39.95,42.03333333333335,57.760000000000005,9.116666666666667,8.3,83.0,39.6,27.0,0.0,1017.1,58,5.2,19.4,13.1
2024-Q3,gaussian_naive_bayes,poluentes_subindices_sem_iqar_meteorologia,2024-09-05 01:00:00,2024-09-05 02:00:00,0,1,falso_positivo,480.0,56.94,1.5785227146058596,1.54,37.75,41.473333333333336,56.94,9.05,7.7,78.0,40.2,27.5,0.0,1017.0,62,5.3,18.4,9.6
2024-Q3,gaussian_naive_bayes,poluentes_subindices_sem_iqar_meteorologia,2024-09-05 02:00:00,2024-09-05 03:00:00,0,1,falso_positivo,492.0,55.993333333333325,1.650825169102101,1.42,35.65,40.81333333333334,55.993333333333325,8.983333333333334,7.1,71.0,39.8,27.4,0.0,1016.6,66,5.4,17.7,9.7
2024-Q3,gaussian_naive_bayes,poluentes_subindices_sem_iqar_meteorologia,2024-09-05 03:00:00,2024-09-05 04:00:00,0,1,falso_positivo,501.0,54.8,1.7211866181085105,1.36,33.550000000000004,39.98,54.8,8.925,6.8,66.0,39.0,26.8,0.0,1015.9,68,5.5,17.2,11.0
2024-Q3,gaussian_naive_bayes,poluentes_subindices_sem_iqar_meteorologia,2024-09-05 09:00:00,2024-09-05 10:00:00,0,1,falso_positivo,543.0,43.99333333333334,2.009911184721018,2.42,27.5,32.35,43.99333333333334,8.766666666666667,12.1,97.0,68.0,46.0,0.0,1017.1,50,7.2,22.8,8.7
2024-Q3,gaussian_naive_bayes,poluentes_subindices_sem_iqar_meteorologia,2024-09-05 10:00:00,2024-09-05 11:00:00,0,1,falso_positivo,478.0,43.38666666666667,2.003117665506606,1.98,29.65,31.996666666666663,43.38666666666667,8.941666666666666,9.9,114.0,55.3,36.4,0.0,1019.0,58,6.7,23.9,16.2
2024-Q3,gaussian_naive_bayes,poluentes_subindices_sem_iqar_meteorologia,2024-09-05 11:00:00,2024-09-05 12:00:00,0,1,falso_positivo,389.0,43.273333333333326,1.9487695117913104,1.4,33.2,31.97,43.273333333333326,9.2,7.0,137.0,47.0,31.2,0.0,1019.2,59,6.0,23.7,16.9
2024-Q3,gaussian_naive_bayes,poluentes_subindices_sem_iqar_meteorologia,2024-09-05 12:00:00,2024-09-05 13:00:00,0,1,falso_positivo,321.0,43.21333333333334,1.8594832592590391,0.94,37.8,31.956666666666667,43.21333333333334,9.483333333333333,4.7,152.0,43.0,28.8,0.0,1018.8,59,5.2,24.0,16.9
2024-Q3,gaussian_naive_bayes,poluentes_subindices_sem_iqar_meteorologia,2024-09-05 13:00:00,2024-09-05 14:00:00,0,1,falso_positivo,300.0,49.16666666666666,1.76000672790515,0.76,49.16666666666666,31.986666666666668,43.23333333333333,9.7,3.8,154.0,43.0,28.9,0.0,1017.9,58,4.3,24.5,16.2
2024-Q3,gaussian_naive_bayes,poluentes_subindices_sem_iqar_meteorologia,2024-09-05 14:00:00,2024-09-05 15:00:00,0,1,falso_positivo,301.0,64.66666666666666,1.6590744424338868,0.7000000000000001,64.66666666666666,31.986666666666668,43.23333333333333,9.808333333333334,3.5,149.0,41.1,27.7,0.0,1016.8,59,3.4,24.5,17.5
2024-Q3,gaussian_naive_bayes,poluentes_subindices_sem_iqar_meteorologia,2024-09-05 15:00:00,2024-09-05 16:00:00,0,1,falso_positivo,297.0,77.0,1.5455256212787158,0.78,77.0,31.906666666666663,43.126666666666665,9.825,3.9,139.0,37.3,25.1,0.0,1016.1,63,2.7,23.7,17.7
2024-Q3,gaussian_naive_bayes,poluentes_subindices_sem_iqar_meteorologia,2024-09-05 16:00:00,2024-09-05 17:00:00,0,1,falso_positivo,278.0,83.83333333333333,1.4106257397353932,1.04,83.83333333333333,31.67,42.81333333333334,9.791666666666666,5.2,121.0,31.2,20.9,0.0,1016.3,70,2.4,21.9,18.8
2024-Q3,gaussian_naive_bayes,poluentes_subindices_sem_iqar_meteorologia,2024-09-05 17:00:00,2024-09-05 18:00:00,0,1,falso_positivo,254.0,83.83333333333333,1.2703880930950322,1.4400000000000002,83.83333333333333,31.24000000000001,42.24,9.716666666666669,7.2,97.0,24.0,16.0,0.0,1017.1,77,2.3,20.1,18.9
2024-Q3,gaussian_naive_bayes,poluentes_subindices_sem_iqar_meteorologia,2024-09-07 13:00:00,2024-09-07 14:00:00,0,1,falso_positivo,407.0,31.8,1.3907304334646151,0.5,31.8,16.529999999999998,22.4,3.475000000000001,2.5,134.0,54.8,37.6,0.0,1017.7,55,4.1,28.1,6.4
2024-Q3,gaussian_naive_bayes,poluentes_subindices_sem_iqar_meteorologia,2024-09-07 14:00:00,2024-09-07 15:00:00,0,1,falso_positivo,390.0,36.8,1.4368293138481247,0.38,36.8,17.596666666666668,23.91333333333333,3.708333333333334,1.9,134.0,51.0,34.9,0.0,1016.7,52,3.5,29.4,4.9
2024-Q3,gaussian_naive_bayes,poluentes_subindices_sem_iqar_meteorologia,2024-09-07 15:00:00,2024-09-07 16:00:00,0,1,falso_positivo,378.0,44.0,1.4722526640375586,0.58,44.0,18.516666666666666,25.23333333333333,3.9166666666666674,2.9,129.0,47.0,32.1,0.0,1016.1,45,3.2,30.3,2.8
2024-Q3,gaussian_naive_bayes,poluentes_subindices_sem_iqar_meteorologia,2024-09-07 16:00:00,2024-09-07 17:00:00,0,1,falso_positivo,379.0,54.5,1.501367746385038,1.32,54.5,19.403333333333336,26.5,4.158333333333334,6.6,116.0,44.7,30.4,0.0,1016.2,41,3.6,29.7,4.7
2024-Q3,gaussian_naive_bayes,poluentes_subindices_sem_iqar_meteorologia,2024-09-07 17:00:00,2024-09-07 18:00:00,0,1,falso_positivo,387.0,60.33333333333333,1.5173810416761522,2.3800000000000003,60.33333333333333,20.290000000000003,27.753333333333337,4.45,11.9,96.0,42.1,28.6,0.0,1016.2,54,4.3,28.2,1.9
2024-Q3,gaussian_naive_bayes,poluentes_subindices_sem_iqar_meteorologia,2024-09-08 11:00:00,2024-09-08 12:00:00,0,1,falso_positivo,599.0,39.900000000000006,2.5402909348176066,1.8,26.55,28.976666666666667,39.900000000000006,10.675,9.0,155.0,72.9,50.2,0.0,1021.7,54,8.7,27.8,4.6
2024-Q3,gaussian_naive_bayes,poluentes_subindices_sem_iqar_meteorologia,2024-09-08 12:00:00,2024-09-08 13:00:00,0,1,falso_positivo,559.0,40.973333333333336,2.499529819531135,0.78,35.1,29.730000000000004,40.973333333333336,11.066666666666668,3.9,178.0,77.5,53.6,0.0,1020.9,46,9.2,29.7,5.6
2024-Q3,gaussian_naive_bayes,poluentes_subindices_sem_iqar_meteorologia,2024-09-08 13:00:00,2024-09-08 14:00:00,0,1,falso_positivo,559.0,55.16666666666666,2.4577982014997475,0.42,55.16666666666666,30.65,42.26,11.466666666666669,2.1,193.0,82.4,56.9,0.0,1019.8,38,8.9,30.9,6.8
2024-Q3,gaussian_naive_bayes,poluentes_subindices_sem_iqar_meteorologia,2024-09-08 20:00:00,2024-09-08 21:00:00,0,1,falso_positivo,640.0,119.5,2.3360001070127905,4.54,119.5,37.06666666666667,51.16,13.258333333333336,22.7,94.0,55.4,38.1,0.0,1019.0,60,6.4,23.2,10.7
2024-Q3,gaussian_naive_bayes,poluentes_subindices_sem_iqar_meteorologia,2024-09-08 21:00:00,2024-09-08 22:00:00,0,1,falso_positivo,716.0,97.33333333333331,2.412184572488696,5.0,97.33333333333331,38.41333333333333,53.013333333333335,13.358333333333333,25.0,60.0,51.8,35.7,0.0,1019.3,65,6.3,22.0,8.4
2024-Q3,gaussian_naive_bayes,poluentes_subindices_sem_iqar_meteorologia,2024-09-09 09:00:00,2024-09-09 10:00:00,0,1,falso_positivo,890.0,72.45333333333333,3.176455484110039,3.14,17.650000000000002,52.38666666666667,72.45333333333333,13.108333333333334,15.7,108.0,112.2,78.0,0.0,1021.0,52,8.0,23.8,6.0
2024-Q3,gaussian_naive_bayes,poluentes_subindices_sem_iqar_meteorologia,2024-09-09 10:00:00,2024-09-09 11:00:00,0,1,falso_positivo,835.0,74.51333333333334,3.200232801360481,2.44,22.85,53.84666666666667,74.51333333333334,13.266666666666666,12.2,136.0,115.0,79.9,0.0,1020.7,54,9.7,25.5,7.4
2024-Q3,gaussian_naive_bayes,poluentes_subindices_sem_iqar_meteorologia,2024-09-09 11:00:00,2024-09-09 12:00:00,0,1,falso_positivo,759.0,76.28666666666666,3.1861605115591987,1.46,30.15,55.10333333333333,76.28666666666666,13.541666666666666,7.3,175.0,110.6,76.8,0.0,1020.0,48,12.0,27.5,6.4
2024-Q3,gaussian_naive_bayes,poluentes_subindices_sem_iqar_meteorologia,2024-09-09 12:00:00,2024-09-09 13:00:00,0,1,falso_positivo,701.0,77.66666666666666,3.142487888037979,0.7400000000000001,39.3,56.09,77.66666666666666,13.891666666666667,3.7,205.0,107.1,74.3,0.0,1018.9,40,13.4,29.4,5.6
2024-Q3,gaussian_naive_bayes,poluentes_subindices_sem_iqar_meteorologia,2024-09-09 22:00:00,2024-09-09 23:00:00,0,1,falso_positivo,693.0,108.83333333333331,2.5776552904968724,4.4,108.83333333333331,59.45,82.34666666666666,15.6,22.0,95.0,53.4,37.0,0.0,1018.0,56,6.1,18.6,7.1
2024-Q3,gaussian_naive_bayes,poluentes_subindices_sem_iqar_meteorologia,2024-09-09 23:00:00,2024-09-10 00:00:00,0,1,falso_positivo,717.0,85.33333333333333,2.601432607747314,4.84,85.33333333333333,59.44333333333333,82.35333333333332,15.508333333333333,24.2,80.0,53.4,37.1,0.0,1018.4,67,5.0,17.2,7.8
2024-Q3,gaussian_naive_bayes,poluentes_subindices_sem_iqar_meteorologia,2024-09-10 00:00:00,2024-09-10 01:00:00,0,1,falso_positivo,737.0,82.42666666666668,2.639282214799038,5.04,62.83333333333333,59.486666666666665,82.42666666666668,15.358333333333334,25.2,68.0,54.5,38.0,0.0,1018.1,65,4.2,17.2,6.5
2024-Q3,gaussian_naive_bayes,poluentes_subindices_sem_iqar_meteorologia,2024-09-10 01:00:00,2024-09-10 02:00:00,0,1,falso_positivo,749.0,82.57333333333332,2.686836849299921,4.78,44.16666666666666,59.59666666666666,82.57333333333332,15.216666666666669,23.9,64.0,55.9,38.8,0.0,1017.6,56,4.2,18.7,5.4
2024-Q3,gaussian_naive_bayes,poluentes_subindices_sem_iqar_meteorologia,2024-09-10 02:00:00,2024-09-10 03:00:00,0,1,falso_positivo,757.0,82.84,2.739243997525385,4.28,36.8,59.78666666666667,82.84,15.133333333333333,21.4,63.0,57.9,40.2,0.0,1017.2,55,4.7,18.4,7.2
2024-Q3,gaussian_naive_bayes,poluentes_subindices_sem_iqar_meteorologia,2024-09-10 03:00:00,2024-09-10 04:00:00,0,1,falso_positivo,765.0,83.22,2.7935921512406807,3.88,33.15,60.06,83.22,15.108333333333334,19.4,63.0,60.5,42.0,0.0,1016.9,68,5.1,15.5,8.2
2024-Q3,gaussian_naive_bayes,poluentes_subindices_sem_iqar_meteorologia,2024-09-10 04:00:00,2024-09-10 05:00:00,0,1,falso_positivo,780.0,83.55333333333333,2.8503665618182663,3.8,29.9,60.30666666666666,83.55333333333333,15.158333333333331,19.0,59.0,62.6,43.4,0.0,1016.8,70,5.2,14.9,7.0
2024-Q3,gaussian_naive_bayes,poluentes_subindices_sem_iqar_meteorologia,2024-09-10 05:00:00,2024-09-10 06:00:00,0,1,falso_positivo,794.0,83.82666666666665,2.9076262237683093,3.82,27.4,60.50333333333335,83.82666666666665,15.29166666666667,19.1,56.0,63.3,44.0,0.0,1017.0,71,5.3,15.3,6.6
2024-Q3,gaussian_naive_bayes,poluentes_subindices_sem_iqar_meteorologia,2024-09-10 06:00:00,2024-09-10 07:00:00,0,1,falso_positivo,787.0,84.08000000000001,2.9532398527793613,3.620000000000001,25.85,60.69333333333334,84.08000000000001,15.466666666666669,18.1,64.0,64.5,44.8,0.0,1017.3,75,5.7,14.8,5.8
2024-Q3,gaussian_naive_bayes,poluentes_subindices_sem_iqar_meteorologia,2024-09-10 07:00:00,2024-09-10 08:00:00,0,1,falso_positivo,747.0,84.43333333333334,2.967797393953101,2.92,26.450000000000003,60.95666666666668,84.43333333333334,15.633333333333336,14.6,92.0,69.8,48.5,0.0,1018.2,73,6.8,16.0,6.8
2024-Q3,gaussian_naive_bayes,poluentes_subindices_sem_iqar_meteorologia,2024-09-10 08:00:00,2024-09-10 09:00:00,0,1,falso_positivo,687.0,84.42666666666668,2.943534825330201,2.0,29.55,60.973333333333336,84.42666666666668,15.75,10.0,130.0,68.7,47.6,0.0,1018.8,67,8.1,18.5,5.2
2024-Q3,gaussian_naive_bayes,poluentes_subindices_sem_iqar_meteorologia,2024-09-10 09:00:00,2024-09-10 10:00:00,0,1,falso_positivo,623.0,83.02000000000001,2.882393152400493,1.26,33.9,59.98,83.02000000000001,15.575,6.3,151.0,82.4,56.9,0.0,1018.9,56,5.9,21.6,3.8
2024-Q3,gaussian_naive_bayes,poluentes_subindices_sem_iqar_meteorologia,2024-09-10 10:00:00,2024-09-10 11:00:00,0,1,falso_positivo,566.0,80.78666666666666,2.7897101402610165,1.04,38.55,58.39,80.78666666666666,15.275,5.2,156.0,67.3,46.4,0.0,1018.7,51,6.1,24.5,4.8
2024-Q3,gaussian_naive_bayes,poluentes_subindices_sem_iqar_meteorologia,2024-09-10 11:00:00,2024-09-10 12:00:00,0,1,falso_positivo,489.0,78.39333333333335,2.655780761462609,0.7400000000000001,51.83333333333333,56.67333333333333,78.39333333333335,14.8,3.7,163.0,59.1,40.9,0.0,1017.9,47,6.3,27.1,4.3
2024-Q3,gaussian_naive_bayes,poluentes_subindices_sem_iqar_meteorologia,2024-09-10 12:00:00,2024-09-10 13:00:00,0,1,falso_positivo,432.0,75.86000000000001,2.4869132838472274,0.54,70.16666666666666,54.85333333333334,75.86000000000001,14.208333333333334,2.7,169.0,52.5,36.3,0.0,1016.4,40,6.3,29.3,4.8
2024-Q3,gaussian_naive_bayes,poluentes_subindices_sem_iqar_meteorologia,2024-09-10 20:00:00,2024-09-10 21:00:00,0,1,falso_positivo,443.0,107.16666666666666,1.6668384643932146,2.76,107.16666666666666,45.51,63.03333333333333,10.675,13.8,105.0,44.1,30.3,0.0,1014.2,59,3.5,22.8,4.8
2024-Q3,gaussian_naive_bayes,poluentes_subindices_sem_iqar_meteorologia,2024-09-10 21:00:00,2024-09-10 22:00:00,0,1,falso_positivo,559.0,90.66666666666669,1.7357441592822502,4.64,90.66666666666669,45.24333333333333,62.64666666666666,10.491666666666667,23.2,76.0,44.5,30.6,0.0,1014.8,65,4.8,21.8,7.2
2024-Q3,gaussian_naive_bayes,poluentes_subindices_sem_iqar_meteorologia,2024-09-10 22:00:00,2024-09-10 23:00:00,0,1,falso_positivo,581.0,73.0,1.8119286247581556,5.04,73.0,44.98,62.273333333333326,10.416666666666666,25.2,73.0,45.5,31.4,0.0,1014.8,75,5.2,21.4,1.6
2024-Q3,gaussian_naive_bayes,poluentes_subindices_sem_iqar_meteorologia,2024-09-11 09:00:00,2024-09-11 10:00:00,0,1,falso_positivo,519.0,54.34,3.073582193148944,1.96,20.35,39.27000000000001,54.34,12.366666666666667,9.8,128.0,32.2,22.5,0.0,1018.1,47,6.0,23.7,4.4
2024-Q3,gaussian_naive_bayes,poluentes_subindices_sem_iqar_meteorologia,2024-09-11 10:00:00,2024-09-11 11:00:00,0,1,falso_positivo,436.0,52.09333333333333,2.8935539339670275,1.5,25.0,37.63666666666668,52.09333333333333,12.275,7.5,129.0,18.3,12.7,0.0,1017.9,43,5.0,26.0,6.4
2024-Q3,gaussian_naive_bayes,poluentes_subindices_sem_iqar_meteorologia,2024-09-11 11:00:00,2024-09-11 12:00:00,0,1,falso_positivo,321.0,50.09333333333334,2.631032941467252,0.8400000000000001,30.200000000000003,36.18666666666666,50.09333333333334,12.050000000000002,4.2,130.0,15.6,10.9,0.0,1017.3,39,3.6,28.7,7.9
2024-Q3,gaussian_naive_bayes,poluentes_subindices_sem_iqar_meteorologia,2024-09-11 12:00:00,2024-09-11 13:00:00,0,1,falso_positivo,236.0,48.446666666666665,2.318045806231845,0.38,35.9,34.99333333333333,48.446666666666665,11.733333333333334,1.9,131.0,16.7,11.6,0.0,1016.2,28,2.5,30.7,9.7
2024-Q3,gaussian_naive_bayes,poluentes_subindices_sem_iqar_meteorologia,2024-09-11 13:00:00,2024-09-11 14:00:00,0,1,falso_positivo,206.0,46.93333333333333,1.992927386684988,0.2,46.0,33.89666666666667,46.93333333333333,11.41666666666667,1.0,130.0,16.7,11.6,0.0,1015.1,24,2.1,31.4,8.4
2024-Q3,gaussian_naive_bayes,poluentes_subindices_sem_iqar_meteorologia,2024-09-11 14:00:00,2024-09-11 15:00:00,0,1,falso_positivo,204.0,64.0,1.679455000077123,0.22,64.0,32.75333333333334,45.34666666666667,11.15,1.1,129.0,16.0,11.1,0.0,1014.0,23,2.2,31.6,7.8
2024-Q3,gaussian_naive_bayes,poluentes_subindices_sem_iqar_meteorologia,2024-09-11 15:00:00,2024-09-11 16:00:00,0,1,falso_positivo,216.0,75.33333333333333,1.3946124444442791,0.42,75.33333333333333,31.56,43.693333333333335,10.933333333333335,2.1,126.0,15.9,11.1,0.0,1013.4,22,2.3,31.5,9.8
2024-Q3,gaussian_naive_bayes,poluentes_subindices_sem_iqar_meteorologia,2024-09-11 16:00:00,2024-09-11 17:00:00,0,1,falso_positivo,243.0,77.5,1.1553835178224874,0.98,77.5,30.406666666666663,42.1,10.775,4.9,122.0,16.0,11.1,0.0,1013.4,22,2.6,30.8,11.8
2024-Q3,gaussian_naive_bayes,poluentes_subindices_sem_iqar_meteorologia,2024-09-11 17:00:00,2024-09-11 18:00:00,0,1,falso_positivo,283.0,75.66666666666666,1.0408641939224006,1.72,75.66666666666666,29.47,40.81333333333334,10.675,8.6,117.0,20.1,13.9,0.0,1013.4,27,3.0,28.7,11.6
2024-Q3,gaussian_naive_bayes,poluentes_subindices_sem_iqar_meteorologia,2024-09-11 18:00:00,2024-09-11 19:00:00,0,1,falso_positivo,311.0,72.83333333333333,0.980207772365151,2.22,72.83333333333333,28.683333333333334,39.73333333333333,10.616666666666667,11.1,112.0,23.4,16.2,0.0,1013.6,28,3.3,26.2,12.4
2024-Q3,gaussian_naive_bayes,poluentes_subindices_sem_iqar_meteorologia,2024-09-11 19:00:00,2024-09-11 20:00:00,0,1,falso_positivo,309.0,69.0,0.9743847558956552,2.1,69.0,27.96,38.75333333333333,10.575,10.5,107.0,23.8,16.5,0.0,1014.1,29,3.2,25.8,14.4
2024-Q3,gaussian_naive_bayes,poluentes_subindices_sem_iqar_meteorologia,2024-09-11 20:00:00,2024-09-11 21:00:00,0,1,falso_positivo,294.0,64.16666666666666,1.0025293354982188,1.74,64.16666666666666,27.243333333333336,37.78,10.525,8.7,102.0,22.6,15.7,0.0,1015.0,33,2.9,23.5,7.7
2024-Q3,gaussian_naive_bayes,poluentes_subindices_sem_iqar_meteorologia,2024-09-12 15:00:00,2024-09-12 16:00:00,0,1,falso_positivo,136.0,61.33333333333333,0.8171633112192644,0.3,61.33333333333333,15.45,21.453333333333333,6.366666666666667,1.5,122.0,13.3,9.3,0.0,1013.2,22,1.4,32.0,9.1
2024-Q3,gaussian_naive_bayes,poluentes_subindices_sem_iqar_meteorologia,2024-09-12 16:00:00,2024-09-12 17:00:00,0,1,falso_positivo,151.0,66.16666666666666,0.7307885669217413,0.82,66.16666666666666,15.333333333333336,21.3,6.266666666666668,4.1,113.0,12.5,8.8,0.0,1012.9,23,1.4,31.1,10.6
2024-Q3,gaussian_naive_bayes,poluentes_subindices_sem_iqar_meteorologia,2024-09-13 09:00:00,2024-09-13 10:00:00,0,1,falso_positivo,563.0,24.75333333333333,2.1462668203817143,2.02,17.7,17.883333333333336,24.75333333333333,8.416666666666666,10.1,160.0,61.9,41.4,0.0,1018.5,45,10.2,22.9,6.6
2024-Q3,gaussian_naive_bayes,poluentes_subindices_sem_iqar_meteorologia,2024-09-13 10:00:00,2024-09-13 11:00:00,0,1,falso_positivo,485.0,25.973333333333336,2.1375322956774707,1.6,24.950000000000003,18.83,25.973333333333336,8.85,8.0,165.0,51.0,34.1,0.0,1018.6,45,8.7,25.2,7.3
2024-Q3,gaussian_naive_bayes,poluentes_subindices_sem_iqar_meteorologia,2024-09-13 11:00:00,2024-09-13 12:00:00,0,1,falso_positivo,378.0,32.7,2.056010065104527,1.04,32.7,19.540000000000003,26.9,9.175,5.2,171.0,42.7,28.8,0.0,1017.6,40,6.6,27.5,9.2
2024-Q3,gaussian_naive_bayes,poluentes_subindices_sem_iqar_meteorologia,2024-09-13 12:00:00,2024-09-13 13:00:00,0,1,falso_positivo,297.0,43.5,1.9220806863061204,0.6000000000000001,43.5,20.063333333333336,27.58,9.408333333333331,3.0,174.0,34.5,23.3,0.0,1016.3,34,4.9,29.5,9.9
2024-Q3,gaussian_naive_bayes,poluentes_subindices_sem_iqar_meteorologia,2024-09-13 13:00:00,2024-09-13 14:00:00,0,1,falso_positivo,266.0,72.0,1.765829744374646,0.4,72.0,20.433333333333337,28.053333333333335,9.583333333333334,2.0,171.0,27.4,18.5,0.0,1015.1,28,3.8,30.6,8.7
2024-Q3,gaussian_naive_bayes,poluentes_subindices_sem_iqar_meteorologia,2024-09-13 19:00:00,2024-09-13 20:00:00,0,1,falso_positivo,371.0,100.5,1.200511895461081,1.7600000000000002,100.5,22.883333333333336,31.04,10.083333333333334,8.8,104.0,27.4,17.8,0.0,1013.0,33,2.3,24.3,10.2
2024-Q3,gaussian_naive_bayes,poluentes_subindices_sem_iqar_meteorologia,2024-09-13 20:00:00,2024-09-13 21:00:00,0,1,falso_positivo,359.0,86.66666666666667,1.2305974805534767,1.6,86.66666666666667,23.16333333333333,31.36,10.1,8.0,91.0,24.7,16.2,0.0,1014.2,39,2.2,22.3,7.1
2024-Q3,gaussian_naive_bayes,poluentes_subindices_sem_iqar_meteorologia,2024-09-14 11:00:00,2024-09-14 12:00:00,0,1,falso_positivo,309.0,33.35,0.987486542952021,0.8800000000000001,33.35,15.053333333333336,20.12666666666667,6.400000000000001,4.4,154.0,33.9,22.7,0.0,1017.3,37,6.2,27.3,2.9
2024-Q3,gaussian_naive_bayes,poluentes_subindices_sem_iqar_meteorologia,2024-09-14 12:00:00,2024-09-14 13:00:00,0,1,falso_positivo,304.0,39.55,1.0360116801978203,0.6400000000000001,39.55,15.016666666666666,20.08,6.491666666666667,3.2,173.0,33.4,22.6,0.0,1016.6,37,6.0,28.4,3.9
2024-Q3,gaussian_naive_bayes,poluentes_subindices_sem_iqar_meteorologia,2024-09-14 13:00:00,2024-09-14 14:00:00,0,1,falso_positivo,300.0,61.0,1.084051566071162,0.54,61.0,15.243333333333332,20.4,6.625,2.7,182.0,34.2,23.3,0.0,1015.2,34,5.4,30.0,3.7
2024-Q3,gaussian_naive_bayes,poluentes_subindices_sem_iqar_meteorologia,2024-09-14 22:00:00,2024-09-14 23:00:00,0,1,falso_positivo,408.0,108.83333333333331,1.4431375816900789,0.98,108.83333333333331,19.616666666666667,26.526666666666667,7.658333333333334,4.9,121.0,35.2,23.7,0.0,1019.9,69,2.7,19.5,6.9
2024-Q3,gaussian_naive_bayes,poluentes_subindices_sem_iqar_meteorologia,2024-09-14 23:00:00,2024-09-15 00:00:00,0,1,falso_positivo,400.0,97.5,1.4897217134460463,0.92,97.5,20.39666666666667,27.57333333333333,7.633333333333334,4.6,116.0,34.3,23.2,0.0,1020.3,75,2.5,18.6,6.1
2024-Q3,gaussian_naive_bayes,poluentes_subindices_sem_iqar_meteorologia,2024-09-15 00:00:00,2024-09-15 01:00:00,0,1,falso_positivo,401.0,86.66666666666667,1.524174560890564,0.86,86.66666666666667,21.25333333333333,28.72,7.591666666666668,4.3,113.0,34.8,23.5,0.0,1020.2,75,2.4,18.6,12.1
2024-Q3,gaussian_naive_bayes,poluentes_subindices_sem_iqar_meteorologia,2024-09-20 12:00:00,2024-09-20 13:00:00,0,1,falso_positivo,391.0,34.800000000000004,1.32182473857558,0.48,34.800000000000004,16.11,21.513333333333332,8.891666666666667,2.4,154.0,25.8,18.0,0.0,1013.9,50,4.4,29.5,10.1
2024-Q3,gaussian_naive_bayes,poluentes_subindices_sem_iqar_meteorologia,2024-09-20 13:00:00,2024-09-20 14:00:00,0,1,falso_positivo,387.0,44.333333333333336,1.3844221656226612,0.38,44.333333333333336,16.016666666666666,21.44666666666667,8.65,1.9,162.0,25.7,17.9,0.0,1012.5,37,4.1,31.6,9.5
2024-Q3,gaussian_naive_bayes,poluentes_subindices_sem_iqar_meteorologia,2024-09-20 14:00:00,2024-09-20 15:00:00,0,1,falso_positivo,382.0,66.66666666666666,1.435373559730751,0.36,66.66666666666666,15.866666666666667,21.3,8.433333333333335,1.8,165.0,26.2,18.2,0.0,1011.2,32,3.9,32.1,12.5
2024-Q3,gaussian_naive_bayes,poluentes_subindices_sem_iqar_meteorologia,2024-09-20 15:00:00,2024-09-20 16:00:00,0,1,falso_positivo,376.0,86.0,1.4722526640375586,0.5,86.0,15.71,21.133333333333336,8.266666666666667,2.5,164.0,26.7,18.3,0.0,1010.4,32,3.9,32.2,14.2
2024-Q3,gaussian_naive_bayes,poluentes_subindices_sem_iqar_meteorologia,2024-09-20 21:00:00,2024-09-20 22:00:00,0,1,falso_positivo,282.0,102.83333333333331,1.3582185915099296,1.06,102.83333333333331,16.26,22.1,8.65,5.3,149.0,13.2,8.6,0.0,1017.1,88,2.4,19.5,17.9
2024-Q3,gaussian_naive_bayes,poluentes_subindices_sem_iqar_meteorologia,2024-09-20 22:00:00,2024-09-20 23:00:00,0,1,falso_positivo,293.0,98.33333333333331,1.315031219361168,1.2000000000000002,98.33333333333331,16.316666666666666,22.173333333333336,8.566666666666666,6.0,138.0,12.6,8.2,0.0,1017.9,81,2.5,19.2,18.3
2024-Q3,gaussian_naive_bayes,poluentes_subindices_sem_iqar_meteorologia,2024-09-21 10:00:00,2024-09-21 11:00:00,0,1,falso_positivo,421.0,35.6,1.4906922161909624,2.28,35.6,20.040000000000003,27.32,10.291666666666666,11.4,133.0,39.1,27.2,0.0,1017.2,54,10.7,24.9,7.8
2024-Q3,gaussian_naive_bayes,poluentes_subindices_sem_iqar_meteorologia,2024-09-21 11:00:00,2024-09-21 12:00:00,0,1,falso_positivo,420.0,39.95,1.52271880677319,1.4,39.95,20.50333333333333,27.973333333333336,10.683333333333335,7.0,164.0,40.6,28.4,0.0,1017.0,49,9.6,26.6,8.6
2024-Q3,gaussian_naive_bayes,poluentes_subindices_sem_iqar_meteorologia,2024-09-21 12:00:00,2024-09-21 13:00:00,0,1,falso_positivo,417.0,59.33333333333333,1.547951878141006,0.7400000000000001,59.33333333333333,20.93,28.573333333333338,11.033333333333331,3.7,186.0,38.6,27.0,0.0,1016.1,47,8.6,27.3,7.6
2024-Q3,gaussian_naive_bayes,poluentes_subindices_sem_iqar_meteorologia,2024-09-21 20:00:00,2024-09-21 21:00:00,0,1,falso_positivo,453.0,114.16666666666666,1.6202543326372472,2.9800000000000004,114.16666666666666,24.133333333333336,33.42,12.166666666666666,14.9,104.0,37.8,26.3,0.0,1015.7,81,5.5,20.5,9.7
2024-Q3,gaussian_naive_bayes,poluentes_subindices_sem_iqar_meteorologia,2024-09-21 21:00:00,2024-09-21 22:00:00,0,1,falso_positivo,380.0,97.66666666666666,1.6056967914635074,1.16,97.66666666666666,24.65,34.186666666666675,12.15,5.8,93.0,28.7,20.1,0.0,1016.3,84,2.2,19.6,9.2
2024-Q3,gaussian_naive_bayes,poluentes_subindices_sem_iqar_meteorologia,2024-09-21 22:00:00,2024-09-21 23:00:00,0,1,falso_positivo,382.0,80.5,1.5959917640143475,1.2000000000000002,80.5,25.120000000000005,34.88666666666666,12.116666666666667,6.0,86.0,26.7,18.7,0.0,1016.8,86,2.1,19.4,7.4
2024-Q3,gaussian_naive_bayes,poluentes_subindices_sem_iqar_meteorologia,2024-09-22 13:00:00,2024-09-22 14:00:00,0,1,falso_positivo,392.0,43.0,1.6314151142037812,0.34,43.0,20.226666666666667,28.293333333333337,7.941666666666667,1.7,164.0,15.0,10.4,0.0,1013.4,42,3.4,28.9,2.3
2024-Q3,gaussian_naive_bayes,poluentes_subindices_sem_iqar_meteorologia,2024-09-22 14:00:00,2024-09-22 15:00:00,0,1,falso_positivo,386.0,67.5,1.6095788024431714,0.36,67.5,19.50666666666667,27.28,7.5583333333333345,1.8,166.0,15.7,10.8,0.0,1012.1,38,2.7,29.9,2.3
2024-Q3,gaussian_naive_bayes,poluentes_subindices_sem_iqar_meteorologia,2024-09-22 19:00:00,2024-09-22 20:00:00,0,1,falso_positivo,369.0,102.5,1.4722526640375586,1.4400000000000002,102.5,15.023333333333332,20.973333333333333,5.7,7.2,108.0,9.9,6.7,0.0,1013.5,74,1.6,21.4,10.3
2024-Q3,gaussian_naive_bayes,poluentes_subindices_sem_iqar_meteorologia,2024-09-23 14:00:00,2024-09-23 15:00:00,0,1,falso_positivo,356.0,74.5,1.53970260480922,0.2799999999999999,74.5,10.153333333333332,14.106666666666667,4.291666666666667,1.4,161.0,11.9,8.2,0.0,1012.9,34,4.1,31.4,9.0
2024-Q3,gaussian_naive_bayes,poluentes_subindices_sem_iqar_meteorologia,2024-09-23 19:00:00,2024-09-23 20:00:00,0,1,falso_positivo,333.0,106.5,1.3601595969997615,1.16,106.5,9.873333333333337,13.686666666666666,5.2250000000000005,5.8,125.0,10.8,7.3,0.0,1013.7,58,3.9,22.7,10.6
2024-Q3,gaussian_naive_bayes,poluentes_subindices_sem_iqar_meteorologia,2024-09-24 09:00:00,2024-09-24 10:00:00,0,1,falso_positivo,450.0,31.15,1.7114815906593503,1.14,31.15,18.613333333333337,25.78,6.816666666666666,5.7,156.0,39.0,27.0,0.0,1017.3,66,7.3,23.8,8.9
2024-Q3,gaussian_naive_bayes,poluentes_subindices_sem_iqar_meteorologia,2024-09-24 10:00:00,2024-09-24 11:00:00,0,1,falso_positivo,427.0,36.15,1.7129373447767244,0.92,36.15,19.42666666666667,26.9,6.883333333333334,4.6,161.0,38.0,26.3,0.0,1017.2,58,6.1,26.2,7.1
2024-Q3,gaussian_naive_bayes,poluentes_subindices_sem_iqar_meteorologia,2024-09-24 11:00:00,2024-09-24 12:00:00,0,1,falso_positivo,395.0,45.333333333333336,1.6959535467406943,0.6400000000000001,45.333333333333336,20.110000000000003,27.83333333333333,6.850000000000001,3.2,167.0,34.9,24.0,0.0,1016.5,49,4.5,28.5,7.6
2024-Q3,gaussian_naive_bayes,poluentes_subindices_sem_iqar_meteorologia,2024-09-24 12:00:00,2024-09-24 13:00:00,0,1,falso_positivo,366.0,65.33333333333333,1.6605301965512609,0.42,65.33333333333333,20.69,28.62,6.733333333333334,2.1,171.0,31.9,21.9,0.0,1015.3,41,3.1,30.3,8.0
2024-Q3,gaussian_naive_bayes,poluentes_subindices_sem_iqar_meteorologia,2024-09-24 19:00:00,2024-09-24 20:00:00,0,1,falso_positivo,244.0,102.83333333333331,1.1636327911542734,1.08,102.83333333333331,23.843333333333337,32.846666666666664,5.166666666666667,5.4,103.0,18.0,12.1,0.0,1014.3,78,0.8,21.5,10.2
2024-Q3,gaussian_naive_bayes,poluentes_subindices_sem_iqar_meteorologia,2024-09-25 09:00:00,2024-09-25 10:00:00,0,1,falso_positivo,377.0,34.6,1.4693411558028104,0.8800000000000001,34.6,22.953333333333333,31.58666666666667,5.358333333333334,4.4,141.0,24.8,17.3,0.0,1015.7,61,7.9,23.9,8.7
2024-Q3,gaussian_naive_bayes,poluentes_subindices_sem_iqar_meteorologia,2024-09-25 10:00:00,2024-09-25 11:00:00,0,1,falso_positivo,376.0,38.15,1.4950594785430844,0.7400000000000001,38.15,22.433333333333337,30.87333333333333,5.475000000000001,3.7,153.0,22.4,15.6,0.0,1015.3,56,7.5,26.3,7.5
2024-Q3,gaussian_naive_bayes,poluentes_subindices_sem_iqar_meteorologia,2024-09-25 11:00:00,2024-09-25 12:00:00,0,1,falso_positivo,374.0,48.5,1.50816126559945,0.5599999999999999,48.5,22.046666666666667,30.36,5.666666666666668,2.8,170.0,23.3,16.3,0.0,1014.7,49,6.8,28.6,7.8
2024-Q3,gaussian_naive_bayes,poluentes_subindices_sem_iqar_meteorologia,2024-09-25 12:00:00,2024-09-25 13:00:00,0,1,falso_positivo,371.0,67.33333333333333,1.5101022710892822,0.44,67.33333333333333,21.820000000000004,30.06,5.925000000000002,2.2,185.0,25.1,17.4,0.0,1013.6,41,6.2,30.6,6.0
2024-Q3,gaussian_naive_bayes,poluentes_subindices_sem_iqar_meteorologia,2024-09-25 23:00:00,2024-09-26 00:00:00,0,1,falso_positivo,416.0,102.66666666666666,1.4101404883629352,2.94,102.66666666666666,23.49333333333333,32.46,8.633333333333335,14.7,91.0,28.2,19.3,0.0,1013.6,75,4.6,20.7,5.6
2024-Q3,gaussian_naive_bayes,poluentes_subindices_sem_iqar_meteorologia,2024-09-26 09:00:00,2024-09-26 10:00:00,0,1,falso_positivo,430.0,30.96666666666667,1.8245451604420635,1.4800000000000002,28.05,22.49333333333334,30.96666666666667,10.541666666666666,7.4,161.0,45.5,31.3,0.0,1014.8,53,11.7,24.8,7.8
2024-Q3,gaussian_naive_bayes,poluentes_subindices_sem_iqar_meteorologia,2024-09-26 10:00:00,2024-09-26 11:00:00,0,1,falso_positivo,418.0,33.7,1.7988268377017895,1.26,33.7,23.26,32.01333333333334,10.816666666666668,6.3,179.0,45.4,31.3,0.0,1014.2,47,10.8,27.4,7.1
2024-Q3,gaussian_naive_bayes,poluentes_subindices_sem_iqar_meteorologia,2024-09-26 11:00:00,2024-09-26 12:00:00,0,1,falso_positivo,402.0,43.16666666666666,1.761462482022524,0.94,43.16666666666666,23.94,32.940000000000005,11.041666666666666,4.7,204.0,43.7,30.2,0.0,1013.4,40,9.5,29.8,8.0
2024-Q3,gaussian_naive_bayes,poluentes_subindices_sem_iqar_meteorologia,2024-09-26 21:00:00,2024-09-26 22:00:00,0,1,falso_positivo,343.0,114.83333333333331,1.3276477550450758,2.64,114.83333333333331,25.593333333333334,34.99333333333333,11.391666666666666,13.2,97.0,28.2,18.9,0.0,1010.7,45,3.3,25.6,10.0
2024-Q3,gaussian_naive_bayes,poluentes_subindices_sem_iqar_meteorologia,2024-09-26 22:00:00,2024-09-26 23:00:00,0,1,falso_positivo,334.0,92.83333333333331,1.318427978968374,2.52,92.83333333333331,25.66333333333333,35.053333333333335,11.316666666666668,12.6,91.0,29.1,19.4,0.0,1010.9,55,3.2,23.1,7.6
2024-Q3,gaussian_naive_bayes,poluentes_subindices_sem_iqar_meteorologia,2024-09-26 23:00:00,2024-09-27 00:00:00,0,1,falso_positivo,322.0,71.33333333333333,1.30969345426413,2.3600000000000003,71.33333333333333,25.656666666666663,35.00666666666667,11.183333333333335,11.8,84.0,28.0,18.6,0.0,1011.6,61,3.0,21.9,6.4
2024-Q3,gaussian_naive_bayes,poluentes_subindices_sem_iqar_meteorologia,2024-09-27 08:00:00,2024-09-27 09:00:00,0,1,falso_positivo,438.0,36.586666666666666,1.309208202891672,1.72,24.15,26.89333333333333,36.586666666666666,9.558333333333335,8.6,104.0,47.3,32.8,0.0,1014.3,71,6.2,22.9,3.6
2024-Q3,gaussian_naive_bayes,poluentes_subindices_sem_iqar_meteorologia,2024-09-27 09:00:00,2024-09-27 10:00:00,0,1,falso_positivo,525.0,37.41333333333334,1.421301269929469,1.5,28.0,27.46333333333333,37.41333333333334,9.3,7.5,146.0,62.6,43.7,0.4,1014.9,70,8.6,23.4,2.3
2024-Q3,gaussian_naive_bayes,poluentes_subindices_sem_iqar_meteorologia,2024-09-27 10:00:00,2024-09-27 11:00:00,0,1,falso_positivo,504.0,38.313333333333325,1.530968080104976,1.32,32.7,28.093333333333334,38.313333333333325,9.05,6.6,157.0,64.3,44.8,0.2,1013.7,68,7.8,23.5,11.9
2024-Q3,gaussian_naive_bayes,poluentes_subindices_sem_iqar_meteorologia,2024-09-27 11:00:00,2024-09-27 12:00:00,0,1,falso_positivo,475.0,39.120000000000005,1.627533103224117,1.08,38.45,28.66333333333333,39.120000000000005,8.808333333333335,5.4,172.0,60.8,42.3,0.0,1013.7,54,6.6,27.3,7.4
2024-Q3,gaussian_naive_bayes,poluentes_subindices_sem_iqar_meteorologia,2024-09-27 12:00:00,2024-09-27 13:00:00,0,1,falso_positivo,442.0,56.66666666666666,1.6969240494856104,0.94,56.66666666666666,29.14333333333333,39.78,8.575000000000001,4.7,178.0,55.8,38.4,1.0,1013.6,55,5.5,26.4,16.5
2024-Q3,gaussian_naive_bayes,poluentes_subindices_sem_iqar_meteorologia,2024-09-27 13:00:00,2024-09-27 14:00:00,0,1,falso_positivo,405.0,78.66666666666666,1.730406394185212,0.98,78.66666666666666,29.506666666666668,40.29333333333334,8.341666666666667,4.9,169.0,50.6,34.8,0.1,1012.3,47,4.4,28.8,20.2
2024-Q3,gaussian_naive_bayes,poluentes_subindices_sem_iqar_meteorologia,2024-09-27 17:00:00,2024-09-27 18:00:00,0,1,falso_positivo,295.0,101.83333333333331,1.5173810416761522,1.12,101.83333333333331,27.993333333333336,38.220000000000006,7.516666666666667,5.6,96.0,9.3,5.9,0.1,1015.1,81,1.6,18.6,22.7
2024-Q3,gaussian_naive_bayes,poluentes_subindices_sem_iqar_meteorologia,2024-09-30 14:00:00,2024-09-30 15:00:00,0,1,falso_positivo,284.0,53.83333333333333,1.0491134672541864,0.34,53.83333333333333,12.390000000000002,15.493333333333334,6.008333333333334,1.7,149.0,18.5,12.2,0.0,1014.4,33,3.6,30.6,2.2
2024-Q3,gaussian_naive_bayes,poluentes_subindices_sem_iqar_meteorologia,2024-09-30 15:00:00,2024-09-30 16:00:00,0,1,falso_positivo,279.0,70.16666666666666,1.083566314698704,0.4,70.16666666666666,12.326666666666668,15.480000000000002,6.1000000000000005,2.0,153.0,20.2,13.0,0.0,1013.7,33,3.8,30.4,9.1
2024-Q3,gaussian_naive_bayes,poluentes_subindices_sem_iqar_meteorologia,2024-09-30 16:00:00,2024-09-30 17:00:00,0,1,falso_positivo,273.0,82.66666666666667,1.098123855872444,0.52,82.66666666666667,12.296666666666669,15.533333333333337,6.183333333333334,2.6,153.0,21.3,13.6,0.0,1014.2,66,4.0,27.1,18.2
2024-Q3,gaussian_naive_bayes,poluentes_subindices_sem_iqar_meteorologia,2024-09-30 17:00:00,2024-09-30 18:00:00,0,1,falso_positivo,266.0,91.5,1.092786090775406,0.7000000000000001,91.5,12.303333333333336,15.66,6.258333333333334,3.5,149.0,21.9,13.8,0.0,1014.3,69,4.3,24.6,17.8
2024-Q3,gaussian_naive_bayes,poluentes_subindices_sem_iqar_meteorologia,2024-09-30 19:00:00,2024-09-30 20:00:00,0,1,falso_positivo,256.0,100.33333333333331,1.0670677680351324,0.96,100.33333333333331,12.433333333333334,16.066666666666666,6.450000000000002,4.8,137.0,22.2,13.7,0.0,1014.6,77,4.5,21.1,13.3
2024-Q3,gaussian_naive_bayes,poluentes_subindices_sem_iqar_meteorologia,2024-09-30 20:00:00,2024-09-30 21:00:00,0,1,falso_positivo,252.0,99.16666666666666,1.0481429645092704,1.04,99.16666666666666,12.55,16.326666666666668,6.583333333333333,5.2,127.0,22.6,13.9,0.0,1015.3,83,4.4,20.1,4.5
2024-Q4,dummy_prior,referencia_independente_de_features,2024-10-01 16:00:00,2024-10-01 17:00:00,1,0,falso_negativo,285.0,92.66666666666669,1.1058878778317718,0.8400000000000001,92.66666666666669,15.046666666666669,19.91333333333333,8.325000000000001,4.2,158.0,20.5,14.3,0.0,1008.6,25,3.6,32.9,14.3
2024-Q4,dummy_prior,referencia_independente_de_features,2024-10-01 17:00:00,2024-10-01 18:00:00,1,0,falso_negativo,301.0,100.83333333333331,1.104432123714398,1.36,100.83333333333331,15.023333333333332,19.98,8.275,6.8,148.0,21.2,14.8,0.0,1008.5,30,3.7,31.6,9.0
2024-Q4,dummy_prior,referencia_independente_de_features,2024-10-01 18:00:00,2024-10-01 19:00:00,1,0,falso_negativo,317.0,105.0,1.1141371511635578,1.84,105.0,14.986666666666665,20.040000000000003,8.216666666666667,9.2,136.0,21.0,14.6,0.0,1008.9,34,3.8,28.7,7.1
2024-Q4,dummy_prior,referencia_independente_de_features,2024-10-02 13:00:00,2024-10-02 14:00:00,1,0,falso_negativo,330.0,99.0,1.54698137539609,0.66,99.0,19.016666666666666,26.4,10.441666666666668,3.3,223.0,38.2,25.8,0.0,1008.2,23,5.9,34.9,17.3
2024-Q4,dummy_prior,referencia_independente_de_features,2024-10-02 14:00:00,2024-10-02 15:00:00,1,0,falso_negativo,304.0,133.75,1.4581803742362769,0.5599999999999999,133.75,19.523333333333333,27.006666666666668,10.541666666666668,2.8,203.0,33.2,21.6,0.0,1006.8,22,4.3,35.7,15.1
2024-Q4,dummy_prior,referencia_independente_de_features,2024-10-02 15:00:00,2024-10-02 16:00:00,1,0,falso_negativo,288.0,167.5,1.3815106573879137,0.5599999999999999,167.5,19.876666666666665,27.380000000000003,10.525,2.8,185.0,29.9,19.0,0.0,1006.9,22,3.2,34.8,9.1
2024-Q4,dummy_prior,referencia_independente_de_features,2024-10-02 16:00:00,2024-10-02 17:00:00,1,0,falso_negativo,290.0,189.25,1.3305592632798238,0.8,189.25,20.20666666666667,27.706666666666667,10.466666666666669,4.0,177.0,30.4,19.2,0.0,1008.7,74,2.9,26.1,21.5
2024-Q4,dummy_prior,referencia_independente_de_features,2024-10-02 17:00:00,2024-10-02 18:00:00,1,0,falso_negativo,303.0,194.25,1.2800931205441923,1.16,194.25,20.586666666666662,28.1,10.408333333333331,5.8,172.0,32.6,20.7,0.0,1009.4,80,3.0,23.3,20.7
2024-Q4,dummy_prior,referencia_independente_de_features,2024-10-02 18:00:00,2024-10-02 19:00:00,1,0,falso_negativo,313.0,191.0,1.240787759375095,1.42,191.0,20.99666666666667,28.53333333333333,10.35,7.1,164.0,33.3,21.1,0.0,1009.8,76,3.1,22.2,18.5
2024-Q4,dummy_prior,referencia_independente_de_features,2024-10-02 19:00:00,2024-10-02 20:00:00,1,0,falso_negativo,316.0,176.25,1.2121579284000727,1.4400000000000002,176.25,21.383333333333336,28.940000000000005,10.291666666666668,7.2,151.0,33.2,21.0,0.0,1010.8,77,3.1,21.4,16.6
2024-Q4,dummy_prior,referencia_independente_de_features,2024-10-02 20:00:00,2024-10-02 21:00:00,1,0,falso_negativo,316.0,152.75,1.193718376246669,1.34,152.75,21.74666666666667,29.313333333333333,10.241666666666667,6.7,136.0,32.6,20.6,0.0,1013.1,78,3.2,20.4,2.5
2024-Q4,dummy_prior,referencia_independente_de_features,2024-10-02 21:00:00,2024-10-02 22:00:00,1,0,falso_negativo,282.0,124.25,1.1704263103686854,0.94,124.25,21.89333333333333,29.360000000000003,10.025,4.7,109.0,27.6,16.9,0.0,1013.9,82,2.7,19.5,7.1
2024-Q4,dummy_prior,referencia_independente_de_features,2024-10-16 14:00:00,2024-10-16 15:00:00,1,0,falso_negativo,273.0,96.16666666666666,0.9598272147219152,0.7000000000000001,96.16666666666666,15.563333333333336,19.573333333333338,10.533333333333331,3.5,201.0,39.2,26.4,0.1,1012.5,56,8.0,27.0,16.1
2024-Q4,dummy_prior,referencia_independente_de_features,2024-10-16 15:00:00,2024-10-16 16:00:00,1,0,falso_negativo,277.0,122.0,0.987486542952021,0.8,122.0,16.36,20.72666666666667,10.833333333333334,4.0,205.0,39.7,26.7,0.0,1012.3,61,7.6,25.4,14.8
2024-Q4,dummy_prior,referencia_independente_de_features,2024-10-16 16:00:00,2024-10-16 17:00:00,1,0,falso_negativo,280.0,151.25,1.012234362947379,0.94,151.25,17.17,21.933333333333337,11.075,4.7,205.0,42.0,28.3,0.0,1012.6,71,7.0,24.4,6.5
2024-Q4,dummy_prior,referencia_independente_de_features,2024-10-16 17:00:00,2024-10-16 18:00:00,1,0,falso_negativo,283.0,171.25,1.0364969315702786,1.12,171.25,17.970000000000002,23.14,11.25,5.6,201.0,42.3,28.5,1.4,1013.3,76,6.3,22.9,6.6
2024-Q4,dummy_prior,referencia_independente_de_features,2024-10-16 18:00:00,2024-10-16 19:00:00,1,0,falso_negativo,283.0,184.25,1.0568774892135144,1.3,184.25,18.74666666666667,24.333333333333336,11.383333333333333,6.5,190.0,40.6,27.4,0.0,1013.4,87,5.7,21.4,3.8
2024-Q4,dummy_prior,referencia_independente_de_features,2024-10-16 19:00:00,2024-10-16 20:00:00,1,0,falso_negativo,280.0,185.75,1.0704645276423383,1.46,185.75,19.44333333333334,25.413333333333338,11.508333333333336,7.3,167.0,37.4,25.1,0.0,1014.1,95,5.2,19.7,5.8
2024-Q4,dummy_prior,referencia_independente_de_features,2024-10-16 20:00:00,2024-10-16 21:00:00,1,0,falso_negativo,274.0,174.5,1.076287544111834,1.64,174.5,20.046666666666667,26.380000000000003,11.633333333333333,8.2,136.0,33.9,23.0,0.0,1014.4,95,4.7,19.7,5.1
2024-Q4,dummy_prior,referencia_independente_de_features,2024-10-16 21:00:00,2024-10-16 22:00:00,1,0,falso_negativo,231.0,155.75,1.0583332433308883,1.2800000000000002,155.75,20.363333333333333,26.9,11.775,6.4,118.0,23.6,15.9,0.0,1014.9,95,4.3,19.4,5.9
2024-Q4,dummy_prior,referencia_independente_de_features,2024-10-16 22:00:00,2024-10-16 23:00:00,1,0,falso_negativo,239.0,133.0,1.0418346966673164,1.4,133.0,20.65,27.37333333333333,11.933333333333335,7.0,110.0,21.5,14.5,0.4,1016.2,88,4.5,19.0,6.8
2024-Q4,dummy_prior,referencia_independente_de_features,2024-10-22 14:00:00,2024-10-22 15:00:00,1,0,falso_negativo,258.0,90.66666666666669,1.206334911930577,0.5,90.66666666666669,14.970000000000002,20.64666666666667,9.325,2.5,141.0,17.2,11.9,0.0,1014.6,50,3.3,30.1,5.1
2024-Q4,dummy_prior,referencia_independente_de_features,2024-10-22 15:00:00,2024-10-22 16:00:00,1,0,falso_negativo,248.0,102.33333333333331,1.1393702225313738,0.58,102.33333333333331,15.02,20.74,9.291666666666668,2.9,131.0,14.1,9.7,0.4,1014.9,61,2.5,26.9,10.5
2024-Q4,dummy_prior,referencia_independente_de_features,2024-10-22 16:00:00,2024-10-22 17:00:00,1,0,falso_negativo,247.0,103.66666666666666,1.081625309208872,0.76,103.66666666666666,15.079999999999998,20.846666666666668,9.275,3.8,129.0,14.3,9.8,1.9,1014.7,78,2.4,24.4,7.7
2024-Q4,dummy_prior,referencia_independente_de_features,2024-10-23 16:00:00,2024-10-23 17:00:00,1,0,falso_negativo,290.0,99.5,1.1786755837004712,0.92,99.5,16.356666666666666,22.78,9.116666666666667,4.6,137.0,22.9,15.9,0.0,1011.0,70,3.8,25.7,2.6
2024-Q4,dummy_prior,referencia_independente_de_features,2024-10-23 17:00:00,2024-10-23 18:00:00,1,0,falso_negativo,296.0,103.5,1.1733378186034331,1.34,103.5,16.6,23.133333333333336,9.2,6.7,125.0,23.1,16.1,0.0,1010.8,69,3.7,25.7,2.3
2024-Q4,dummy_prior,referencia_independente_de_features,2024-11-18 14:00:00,2024-11-18 15:00:00,1,0,falso_negativo,310.0,88.33333333333333,1.122386424495344,0.4,88.33333333333333,15.05,29.926666666666662,5.658333333333334,2.0,191.0,15.0,14.8,0.0,1010.5,43,4.5,29.4,6.6
2024-Q4,dummy_prior,referencia_independente_de_features,2024-11-18 15:00:00,2024-11-18 16:00:00,1,0,falso_negativo,319.0,112.33333333333331,1.1408259766487474,0.48,112.33333333333331,15.29,30.41333333333333,5.866666666666668,2.4,195.0,16.9,16.8,0.0,1010.0,45,4.4,28.8,8.6
2024-Q4,dummy_prior,referencia_independente_de_features,2024-11-18 16:00:00,2024-11-18 17:00:00,1,0,falso_negativo,323.0,133.5,1.1612065342919833,0.66,133.5,15.590000000000002,31.006666666666668,6.050000000000001,3.3,190.0,18.7,18.5,0.0,1009.9,65,4.1,26.8,11.7
2024-Q4,dummy_prior,referencia_independente_de_features,2024-11-18 17:00:00,2024-11-18 18:00:00,1,0,falso_negativo,326.0,148.0,1.1830428460525932,0.92,148.0,15.94,31.700000000000003,6.191666666666667,4.6,179.0,19.9,19.7,0.0,1009.9,74,3.7,24.9,11.9
2024-Q4,dummy_prior,referencia_independente_de_features,2024-11-18 18:00:00,2024-11-18 19:00:00,1,0,falso_negativo,333.0,155.25,1.207305414675493,1.2000000000000002,155.25,16.313333333333333,32.440000000000005,6.283333333333335,6.0,163.0,20.8,20.5,0.0,1010.3,80,3.2,23.8,9.7
2024-Q4,dummy_prior,referencia_independente_de_features,2024-11-18 19:00:00,2024-11-18 20:00:00,1,0,falso_negativo,348.0,152.25,1.237390999767889,1.5,152.25,16.666666666666668,33.14666666666667,6.316666666666667,7.5,141.0,21.4,21.1,0.0,1010.8,84,2.7,22.0,9.3
2024-Q4,dummy_prior,referencia_independente_de_features,2024-11-18 20:00:00,2024-11-18 21:00:00,1,0,falso_negativo,367.0,138.75,1.2742701040746964,1.82,138.75,16.97666666666667,33.76,6.275000000000001,9.1,115.0,22.2,21.9,0.0,1011.6,83,2.1,20.9,6.0
2024-Q4,dummy_prior,referencia_independente_de_features,2024-11-26 15:00:00,2024-11-26 16:00:00,1,0,falso_negativo,204.0,90.66666666666669,0.7375820861361533,0.5,90.66666666666669,8.94,17.42666666666667,6.025000000000001,2.5,160.0,8.4,8.3,0.0,1011.6,35,3.2,29.9,15.3
2024-Q4,dummy_prior,referencia_independente_de_features,2024-11-26 16:00:00,2024-11-26 17:00:00,1,0,falso_negativo,210.0,101.0,0.7327295724115733,0.9,101.0,9.07,17.69333333333333,6.108333333333334,4.5,149.0,9.9,9.7,0.0,1011.1,34,3.1,29.9,14.1
2024-Q4,dummy_prior,referencia_independente_de_features,2024-11-26 17:00:00,2024-11-26 18:00:00,1,0,falso_negativo,213.0,103.0,0.7317590696666573,1.4800000000000002,103.0,9.216666666666663,17.993333333333336,6.158333333333334,7.4,132.0,11.2,10.9,0.0,1010.7,38,3.0,29.2,10.8
2024-Q4,dummy_prior,referencia_independente_de_features,2024-11-27 14:00:00,2024-11-27 15:00:00,1,0,falso_negativo,167.0,90.66666666666669,0.8962592849299178,0.32,90.66666666666669,10.21,20.166666666666668,6.666666666666667,1.6,174.0,5.8,5.7,0.0,1010.0,36,2.7,31.5,11.0
2024-Q4,dummy_prior,referencia_independente_de_features,2024-11-27 15:00:00,2024-11-27 16:00:00,1,0,falso_negativo,184.0,107.66666666666666,0.8423963825870803,0.48,107.66666666666666,10.156666666666666,20.06,6.633333333333334,2.4,174.0,6.8,6.7,0.0,1009.3,37,2.8,31.3,12.0
2024-Q4,dummy_prior,referencia_independente_de_features,2024-11-27 16:00:00,2024-11-27 17:00:00,1,0,falso_negativo,225.0,116.83333333333331,0.8074582837701046,0.98,116.83333333333331,10.080000000000002,19.913333333333338,6.608333333333334,4.9,162.0,7.6,7.5,0.0,1009.1,38,2.8,30.8,12.2
2024-Q4,dummy_prior,referencia_independente_de_features,2024-11-27 17:00:00,2024-11-27 18:00:00,1,0,falso_negativo,280.0,118.66666666666666,0.8040615241628987,1.6800000000000002,118.66666666666666,10.016666666666667,19.793333333333333,6.591666666666668,8.4,143.0,9.3,9.1,0.0,1009.1,41,2.8,29.8,10.7
2024-Q4,dummy_prior,referencia_independente_de_features,2024-11-27 18:00:00,2024-11-27 19:00:00,1,0,falso_negativo,317.0,116.33333333333331,0.8346323606277524,2.26,116.33333333333331,9.96,19.686666666666667,6.575,11.3,126.0,11.3,11.1,0.0,1009.3,52,2.8,27.8,7.6
2024-Q4,dummy_prior,referencia_independente_de_features,2024-11-27 19:00:00,2024-11-27 20:00:00,1,0,falso_negativo,320.0,110.0,0.8889805143430479,2.64,110.0,9.880000000000004,19.53333333333333,6.550000000000001,13.2,113.0,13.1,12.9,0.0,1009.9,63,2.9,25.8,5.1
2024-Q4,dummy_prior,referencia_independente_de_features,2024-11-30 14:00:00,2024-11-30 15:00:00,1,0,falso_negativo,406.0,87.66666666666667,1.6862485192915346,0.68,87.66666666666667,22.11,44.03333333333333,9.4,3.4,158.0,28.7,28.5,0.5,1013.1,76,1.7,25.3,10.8
2024-Q4,dummy_prior,referencia_independente_de_features,2024-11-30 15:00:00,2024-11-30 16:00:00,1,0,falso_negativo,381.0,102.83333333333331,1.6319003655762392,0.7000000000000001,102.83333333333331,22.5,44.806666666666665,9.25,3.5,151.0,22.4,22.3,0.1,1012.4,74,1.5,26.0,12.1
2024-Q4,dummy_prior,referencia_independente_de_features,2024-11-30 16:00:00,2024-11-30 17:00:00,1,0,falso_negativo,352.0,109.5,1.5867719879376454,0.7400000000000001,109.5,22.813333333333336,45.42666666666666,9.083333333333334,3.7,140.0,19.8,19.7,0.2,1011.9,77,1.3,24.9,13.8
2024-Q4,dummy_prior,referencia_independente_de_features,2024-11-30 17:00:00,2024-11-30 18:00:00,1,0,falso_negativo,320.0,106.66666666666666,1.541158358926594,0.8400000000000001,106.66666666666666,23.023333333333337,45.83999999999999,8.916666666666666,4.2,125.0,16.5,16.4,0.0,1012.1,83,1.2,23.6,14.4
2024-Q4,persistencia_iqar_atual,referencia_independente_de_features,2024-10-01 16:00:00,2024-10-01 17:00:00,1,0,falso_negativo,285.0,92.66666666666669,1.1058878778317718,0.8400000000000001,92.66666666666669,15.046666666666669,19.91333333333333,8.325000000000001,4.2,158.0,20.5,14.3,0.0,1008.6,25,3.6,32.9,14.3
2024-Q4,persistencia_iqar_atual,referencia_independente_de_features,2024-10-01 19:00:00,2024-10-01 20:00:00,0,1,falso_positivo,332.0,104.33333333333331,1.1354882115517095,2.26,104.33333333333331,14.966666666666669,20.120000000000005,8.158333333333333,11.3,124.0,21.6,14.9,0.0,1009.5,31,3.8,28.4,3.1
2024-Q4,persistencia_iqar_atual,referencia_independente_de_features,2024-10-02 13:00:00,2024-10-02 14:00:00,1,0,falso_negativo,330.0,99.0,1.54698137539609,0.66,99.0,19.016666666666666,26.4,10.441666666666668,3.3,223.0,38.2,25.8,0.0,1008.2,23,5.9,34.9,17.3
2024-Q4,persistencia_iqar_atual,referencia_independente_de_features,2024-10-02 22:00:00,2024-10-02 23:00:00,0,1,falso_positivo,281.0,105.83333333333331,1.1592655288021514,0.94,105.83333333333331,21.973333333333336,29.313333333333333,9.8,4.7,101.0,26.5,16.2,0.0,1016.0,88,2.7,18.5,9.2
2024-Q4,persistencia_iqar_atual,referencia_independente_de_features,2024-10-16 14:00:00,2024-10-16 15:00:00,1,0,falso_negativo,273.0,96.16666666666666,0.9598272147219152,0.7000000000000001,96.16666666666666,15.563333333333336,19.573333333333338,10.533333333333331,3.5,201.0,39.2,26.4,0.1,1012.5,56,8.0,27.0,16.1
2024-Q4,persistencia_iqar_atual,referencia_independente_de_features,2024-10-16 23:00:00,2024-10-17 00:00:00,0,1,falso_positivo,250.0,111.0,1.0287329096109503,1.56,111.0,21.00666666666667,27.946666666666665,12.116666666666667,7.8,99.0,23.1,15.8,0.0,1016.4,96,4.9,17.6,4.4
2024-Q4,persistencia_iqar_atual,referencia_independente_de_features,2024-10-22 14:00:00,2024-10-22 15:00:00,1,0,falso_negativo,258.0,90.66666666666669,1.206334911930577,0.5,90.66666666666669,14.970000000000002,20.64666666666667,9.325,2.5,141.0,17.2,11.9,0.0,1014.6,50,3.3,30.1,5.1
2024-Q4,persistencia_iqar_atual,referencia_independente_de_features,2024-10-22 17:00:00,2024-10-22 18:00:00,0,1,falso_positivo,251.0,100.83333333333331,1.0510544727440183,1.02,100.83333333333331,15.203333333333331,21.040000000000003,9.3,5.1,131.0,15.8,10.8,0.0,1014.7,82,2.7,24.9,11.0
2024-Q4,persistencia_iqar_atual,referencia_independente_de_features,2024-10-23 16:00:00,2024-10-23 17:00:00,1,0,falso_negativo,290.0,99.5,1.1786755837004712,0.92,99.5,16.356666666666666,22.78,9.116666666666667,4.6,137.0,22.9,15.9,0.0,1011.0,70,3.8,25.7,2.6
2024-Q4,persistencia_iqar_atual,referencia_independente_de_features,2024-10-23 18:00:00,2024-10-23 19:00:00,0,1,falso_positivo,302.0,102.0,1.169455807623769,1.66,102.0,16.733333333333334,23.326666666666668,9.250000000000002,8.3,113.0,20.6,14.3,0.0,1011.2,82,3.5,24.8,3.1
2024-Q4,persistencia_iqar_atual,referencia_independente_de_features,2024-11-18 14:00:00,2024-11-18 15:00:00,1,0,falso_negativo,310.0,88.33333333333333,1.122386424495344,0.4,88.33333333333333,15.05,29.926666666666662,5.658333333333334,2.0,191.0,15.0,14.8,0.0,1010.5,43,4.5,29.4,6.6
2024-Q4,persistencia_iqar_atual,referencia_independente_de_features,2024-11-18 21:00:00,2024-11-18 22:00:00,0,1,falso_positivo,386.0,116.16666666666666,1.3160017221060838,2.6,116.16666666666666,17.376666666666665,34.526666666666664,6.208333333333333,13.0,83.0,28.6,27.9,0.0,1012.7,86,1.6,19.9,2.9
2024-Q4,persistencia_iqar_atual,referencia_independente_de_features,2024-11-26 15:00:00,2024-11-26 16:00:00,1,0,falso_negativo,204.0,90.66666666666669,0.7375820861361533,0.5,90.66666666666669,8.94,17.42666666666667,6.025000000000001,2.5,160.0,8.4,8.3,0.0,1011.6,35,3.2,29.9,15.3
2024-Q4,persistencia_iqar_atual,referencia_independente_de_features,2024-11-26 18:00:00,2024-11-26 19:00:00,0,1,falso_positivo,224.0,100.83333333333331,0.7448608567230232,2.1,100.83333333333331,9.38,18.34,6.191666666666667,10.5,116.0,13.0,12.7,0.0,1011.0,58,3.0,26.2,4.2
2024-Q4,persistencia_iqar_atual,referencia_independente_de_features,2024-11-27 14:00:00,2024-11-27 15:00:00,1,0,falso_negativo,167.0,90.66666666666669,0.8962592849299178,0.32,90.66666666666669,10.21,20.166666666666668,6.666666666666667,1.6,174.0,5.8,5.7,0.0,1010.0,36,2.7,31.5,11.0
2024-Q4,persistencia_iqar_atual,referencia_independente_de_features,2024-11-27 20:00:00,2024-11-27 21:00:00,0,1,falso_positivo,305.0,100.16666666666666,0.9520631927625872,2.9000000000000004,100.16666666666666,9.756666666666668,19.293333333333333,6.508333333333334,14.5,101.0,13.4,13.2,0.0,1010.5,61,3.0,25.5,1.7
2024-Q4,persistencia_iqar_atual,referencia_independente_de_features,2024-11-30 14:00:00,2024-11-30 15:00:00,1,0,falso_negativo,406.0,87.66666666666667,1.6862485192915346,0.68,87.66666666666667,22.11,44.03333333333333,9.4,3.4,158.0,28.7,28.5,0.5,1013.1,76,1.7,25.3,10.8
2024-Q4,persistencia_iqar_atual,referencia_independente_de_features,2024-11-30 18:00:00,2024-11-30 19:00:00,0,1,falso_positivo,293.0,100.66666666666666,1.4819576914867183,0.9,100.66666666666666,23.120000000000005,46.02,8.741666666666667,4.5,112.0,14.5,14.3,0.0,1012.7,88,1.1,22.3,12.4
2024-Q4,gaussian_naive_bayes,poluentes_brutos_meteorologia,2024-10-01 11:00:00,2024-10-01 12:00:00,0,1,falso_positivo,288.0,31.55,1.195659381736501,0.48,31.55,15.07,19.70666666666667,8.541666666666668,2.4,128.0,18.7,13.0,0.0,1014.0,41,3.2,30.0,10.9
2024-Q4,gaussian_naive_bayes,poluentes_brutos_meteorologia,2024-10-01 12:00:00,2024-10-01 13:00:00,0,1,falso_positivo,281.0,36.15,1.1777050809555552,0.34,36.15,15.12,19.793333333333333,8.483333333333334,1.7,143.0,17.5,12.2,0.0,1012.5,32,2.7,32.2,9.7
2024-Q4,gaussian_naive_bayes,poluentes_brutos_meteorologia,2024-10-01 13:00:00,2024-10-01 14:00:00,0,1,falso_positivo,276.0,44.833333333333336,1.1553835178224874,0.3,44.833333333333336,15.12,19.820000000000004,8.433333333333335,1.5,153.0,17.2,12.0,0.0,1010.8,26,2.8,33.4,9.2
2024-Q4,gaussian_naive_bayes,poluentes_brutos_meteorologia,2024-10-01 14:00:00,2024-10-01 15:00:00,0,1,falso_positivo,273.0,63.33333333333333,1.1320914519445036,0.32,63.33333333333333,15.103333333333332,19.840000000000003,8.391666666666667,1.6,161.0,18.0,12.5,0.0,1009.6,25,3.1,33.2,9.1
2024-Q4,gaussian_naive_bayes,poluentes_brutos_meteorologia,2024-10-01 15:00:00,2024-10-01 16:00:00,0,1,falso_positivo,275.0,80.0,1.1136518997910998,0.48,80.0,15.073333333333332,19.866666666666667,8.358333333333334,2.4,163.0,19.3,13.4,0.0,1008.9,24,3.4,33.8,11.9
2024-Q4,gaussian_naive_bayes,poluentes_brutos_meteorologia,2024-10-01 19:00:00,2024-10-01 20:00:00,0,1,falso_positivo,332.0,104.33333333333331,1.1354882115517095,2.26,104.33333333333331,14.966666666666669,20.120000000000005,8.158333333333333,11.3,124.0,21.6,14.9,0.0,1009.5,31,3.8,28.4,3.1
2024-Q4,gaussian_naive_bayes,poluentes_brutos_meteorologia,2024-10-02 09:00:00,2024-10-02 10:00:00,0,1,falso_positivo,407.0,23.046666666666667,1.863365270238703,1.4400000000000002,20.3,16.53666666666667,23.046666666666667,8.958333333333334,7.2,152.0,32.1,22.5,0.0,1012.4,43,9.5,26.8,4.7
2024-Q4,gaussian_naive_bayes,poluentes_brutos_meteorologia,2024-10-02 10:00:00,2024-10-02 11:00:00,0,1,falso_positivo,394.0,27.8,1.7876660561352555,1.26,27.8,17.043333333333333,23.75333333333333,9.375000000000002,6.3,177.0,33.8,23.4,0.0,1011.8,42,9.0,29.1,7.8
2024-Q4,gaussian_naive_bayes,poluentes_brutos_meteorologia,2024-10-02 11:00:00,2024-10-02 12:00:00,0,1,falso_positivo,375.0,36.95,1.7129373447767244,1.02,36.95,17.62,24.54,9.8,5.1,210.0,36.0,24.8,0.0,1010.5,31,8.3,32.1,12.7
2024-Q4,gaussian_naive_bayes,poluentes_brutos_meteorologia,2024-10-02 12:00:00,2024-10-02 13:00:00,0,1,falso_positivo,354.0,64.5,1.633356119693613,0.82,64.5,18.316666666666663,25.48,10.183333333333334,4.1,230.0,38.4,26.3,0.0,1009.3,24,7.3,34.0,15.7
2024-Q4,gaussian_naive_bayes,poluentes_brutos_meteorologia,2024-10-02 20:00:00,2024-10-02 21:00:00,1,0,falso_negativo,316.0,152.75,1.193718376246669,1.34,152.75,21.74666666666667,29.313333333333333,10.241666666666667,6.7,136.0,32.6,20.6,0.0,1013.1,78,3.2,20.4,2.5
2024-Q4,gaussian_naive_bayes,poluentes_brutos_meteorologia,2024-10-02 21:00:00,2024-10-02 22:00:00,1,0,falso_negativo,282.0,124.25,1.1704263103686854,0.94,124.25,21.89333333333333,29.360000000000003,10.025,4.7,109.0,27.6,16.9,0.0,1013.9,82,2.7,19.5,7.1
2024-Q4,gaussian_naive_bayes,poluentes_brutos_meteorologia,2024-10-03 09:00:00,2024-10-03 10:00:00,0,1,falso_positivo,334.0,32.74,1.1364587142966256,0.82,30.1,25.093333333333337,32.74,7.458333333333335,4.1,88.0,58.9,39.7,0.0,1017.6,72,2.8,22.3,12.7
2024-Q4,gaussian_naive_bayes,poluentes_brutos_meteorologia,2024-10-03 10:00:00,2024-10-03 11:00:00,0,1,falso_positivo,339.0,34.02,1.1646032938991893,0.78,31.200000000000003,26.053333333333335,34.02,6.925000000000001,3.9,93.0,62.6,42.6,0.1,1018.2,65,2.6,23.9,10.4
2024-Q4,gaussian_naive_bayes,poluentes_brutos_meteorologia,2024-10-03 11:00:00,2024-10-03 12:00:00,0,1,falso_positivo,343.0,34.973333333333336,1.194688878991585,0.7200000000000001,32.7,26.776666666666667,34.973333333333336,6.425000000000002,3.6,99.0,57.7,39.1,0.0,1017.9,63,2.3,24.3,11.2
2024-Q4,gaussian_naive_bayes,poluentes_brutos_meteorologia,2024-10-03 12:00:00,2024-10-03 13:00:00,0,1,falso_positivo,329.0,35.32,1.2189514476144847,0.66,34.2,27.05666666666667,35.32,5.983333333333334,3.3,100.0,46.8,31.5,0.3,1017.7,67,2.0,24.3,14.6
2024-Q4,gaussian_naive_bayes,poluentes_brutos_meteorologia,2024-10-08 10:00:00,2024-10-08 11:00:00,0,1,falso_positivo,237.0,26.75,0.7089522551611315,0.82,26.75,10.633333333333333,12.573333333333334,8.050000000000002,4.1,111.0,36.2,23.9,0.0,1013.8,64,11.5,23.2,8.3
2024-Q4,gaussian_naive_bayes,poluentes_brutos_meteorologia,2024-10-08 11:00:00,2024-10-08 12:00:00,0,1,falso_positivo,259.0,30.700000000000003,0.7637856602488851,0.6400000000000001,30.700000000000003,11.646666666666668,13.980000000000002,8.641666666666667,3.2,132.0,40.7,27.2,0.0,1012.7,56,10.9,26.1,6.5
2024-Q4,gaussian_naive_bayes,poluentes_brutos_meteorologia,2024-10-08 12:00:00,2024-10-08 13:00:00,0,1,falso_positivo,270.0,35.65,0.8215305735713866,0.52,35.65,12.656666666666666,15.373333333333331,9.208333333333334,2.6,146.0,40.3,26.8,0.0,1011.8,53,10.1,27.6,4.0
2024-Q4,gaussian_naive_bayes,poluentes_brutos_meteorologia,2024-10-08 13:00:00,2024-10-08 14:00:00,0,1,falso_positivo,260.0,43.16666666666666,0.87151146493456,0.48,43.16666666666666,13.523333333333335,16.553333333333335,9.708333333333334,2.4,148.0,36.1,23.6,0.0,1010.5,48,9.0,30.0,1.2
2024-Q4,gaussian_naive_bayes,poluentes_brutos_meteorologia,2024-10-08 14:00:00,2024-10-08 15:00:00,0,1,falso_positivo,239.0,59.66666666666666,0.9064495637515356,0.48,59.66666666666666,14.240000000000002,17.493333333333332,10.125000000000002,2.4,144.0,31.8,20.1,0.0,1009.5,44,7.8,31.5,8.9
2024-Q4,gaussian_naive_bayes,poluentes_brutos_meteorologia,2024-10-08 15:00:00,2024-10-08 16:00:00,0,1,falso_positivo,218.0,72.83333333333333,0.9239186131600235,0.5,72.83333333333333,14.9,18.32,10.483333333333334,2.5,139.0,30.3,18.5,0.0,1009.8,67,7.0,27.4,19.9
2024-Q4,gaussian_naive_bayes,poluentes_brutos_meteorologia,2024-10-08 16:00:00,2024-10-08 17:00:00,0,1,falso_positivo,198.0,81.5,0.9229481104151076,0.5599999999999999,81.5,15.5,19.040000000000003,10.841666666666669,2.8,133.0,28.8,16.9,0.0,1010.5,73,6.9,24.3,21.3
2024-Q4,gaussian_naive_bayes,poluentes_brutos_meteorologia,2024-10-11 14:00:00,2024-10-11 15:00:00,0,1,falso_positivo,339.0,33.4,1.2519485409416289,0.48,33.4,14.783333333333337,20.46,5.925000000000001,2.4,130.0,25.4,17.8,5.5,1010.0,76,2.9,24.7,7.3
2024-Q4,gaussian_naive_bayes,poluentes_brutos_meteorologia,2024-10-11 15:00:00,2024-10-11 16:00:00,0,1,falso_positivo,335.0,38.15,1.2800931205441923,0.58,38.15,14.876666666666669,20.633333333333336,5.983333333333334,2.9,134.0,27.1,18.8,2.6,1009.3,90,3.0,23.1,1.0
2024-Q4,gaussian_naive_bayes,poluentes_brutos_meteorologia,2024-10-11 16:00:00,2024-10-11 17:00:00,0,1,falso_positivo,335.0,46.5,1.2893128966208942,0.78,46.5,15.066666666666666,20.933333333333337,6.050000000000001,3.9,133.0,29.0,20.0,0.0,1008.8,80,3.1,24.3,6.1
2024-Q4,gaussian_naive_bayes,poluentes_brutos_meteorologia,2024-10-11 18:00:00,2024-10-11 19:00:00,0,1,falso_positivo,345.0,67.5,1.317942727595916,1.2800000000000002,67.5,15.720000000000002,21.866666666666667,6.191666666666667,6.4,118.0,29.8,20.5,4.3,1010.7,95,3.3,20.7,17.5
2024-Q4,gaussian_naive_bayes,poluentes_brutos_meteorologia,2024-10-12 12:00:00,2024-10-12 13:00:00,0,1,falso_positivo,464.0,47.16666666666666,1.9225659376785784,0.52,47.16666666666666,20.043333333333333,27.946666666666665,6.616666666666667,2.6,145.0,15.7,10.9,0.0,1015.7,52,3.7,26.5,17.8
2024-Q4,gaussian_naive_bayes,poluentes_brutos_meteorologia,2024-10-12 13:00:00,2024-10-12 14:00:00,0,1,falso_positivo,446.0,60.33333333333333,1.9201396808162885,0.44,60.33333333333333,19.74,27.51333333333334,6.666666666666668,2.2,146.0,15.5,10.7,0.0,1015.1,47,3.4,27.3,19.1
2024-Q4,gaussian_naive_bayes,poluentes_brutos_meteorologia,2024-10-12 14:00:00,2024-10-12 15:00:00,0,1,falso_positivo,431.0,72.66666666666666,1.9041263855251749,0.44,72.66666666666666,19.38666666666667,27.006666666666668,6.691666666666667,2.2,143.0,14.8,10.2,0.0,1014.5,48,3.2,27.3,16.6
2024-Q4,gaussian_naive_bayes,poluentes_brutos_meteorologia,2024-10-15 15:00:00,2024-10-15 16:00:00,0,1,falso_positivo,186.0,43.833333333333336,0.6837191837933156,0.32,43.833333333333336,11.29,13.3,4.750000000000001,1.6,131.0,15.8,9.4,0.0,1014.1,45,4.0,28.4,6.5
2024-Q4,gaussian_naive_bayes,poluentes_brutos_meteorologia,2024-10-16 10:00:00,2024-10-16 11:00:00,0,1,falso_positivo,241.0,26.65,0.8093992892599365,1.12,26.65,12.58,15.40666666666667,8.941666666666668,5.6,138.0,25.2,16.5,0.0,1015.6,59,9.2,26.0,8.5
2024-Q4,gaussian_naive_bayes,poluentes_brutos_meteorologia,2024-10-16 11:00:00,2024-10-16 12:00:00,0,1,falso_positivo,252.0,32.65,0.8521014100362402,0.82,32.65,13.13,16.173333333333332,9.366666666666667,4.1,161.0,29.0,19.2,1.2,1015.2,63,8.9,25.3,14.4
2024-Q4,gaussian_naive_bayes,poluentes_brutos_meteorologia,2024-10-16 12:00:00,2024-10-16 13:00:00,0,1,falso_positivo,262.0,40.16666666666666,0.8928625253227118,0.6400000000000001,40.16666666666666,13.88,17.213333333333335,9.791666666666666,3.2,181.0,34.9,23.3,3.5,1014.8,67,8.6,25.2,3.1
2024-Q4,gaussian_naive_bayes,poluentes_brutos_meteorologia,2024-10-16 13:00:00,2024-10-16 14:00:00,0,1,falso_positivo,268.0,67.83333333333333,0.9287711268846034,0.6200000000000001,67.83333333333333,14.720000000000002,18.38,10.183333333333334,3.1,193.0,38.0,25.4,4.9,1014.2,75,8.3,24.1,5.6
2024-Q4,gaussian_naive_bayes,poluentes_brutos_meteorologia,2024-10-16 20:00:00,2024-10-16 21:00:00,1,0,falso_negativo,274.0,174.5,1.076287544111834,1.64,174.5,20.046666666666667,26.380000000000003,11.633333333333333,8.2,136.0,33.9,23.0,0.0,1014.4,95,4.7,19.7,5.1
2024-Q4,gaussian_naive_bayes,poluentes_brutos_meteorologia,2024-10-16 21:00:00,2024-10-16 22:00:00,1,0,falso_negativo,231.0,155.75,1.0583332433308883,1.2800000000000002,155.75,20.363333333333333,26.9,11.775,6.4,118.0,23.6,15.9,0.0,1014.9,95,4.3,19.4,5.9
2024-Q4,gaussian_naive_bayes,poluentes_brutos_meteorologia,2024-10-16 22:00:00,2024-10-16 23:00:00,1,0,falso_negativo,239.0,133.0,1.0418346966673164,1.4,133.0,20.65,27.37333333333333,11.933333333333335,7.0,110.0,21.5,14.5,0.4,1016.2,88,4.5,19.0,6.8
2024-Q4,gaussian_naive_bayes,poluentes_brutos_meteorologia,2024-10-17 12:00:00,2024-10-17 13:00:00,0,1,falso_positivo,256.0,36.65,0.9816635264825252,0.36,36.65,22.89666666666667,31.200000000000003,9.966666666666669,1.8,142.0,16.2,11.0,0.0,1014.6,53,2.9,27.7,9.0
2024-Q4,gaussian_naive_bayes,poluentes_brutos_meteorologia,2024-10-17 13:00:00,2024-10-17 14:00:00,0,1,falso_positivo,251.0,46.833333333333336,0.9700174935435332,0.34,46.833333333333336,22.23,30.32,9.508333333333336,1.7,147.0,18.0,12.2,0.0,1013.6,48,2.8,28.9,12.8
2024-Q4,gaussian_naive_bayes,poluentes_brutos_meteorologia,2024-10-17 14:00:00,2024-10-17 15:00:00,0,1,falso_positivo,242.0,65.5,0.9583714606045411,0.38,65.5,21.546666666666667,29.4,9.083333333333334,1.9,150.0,18.7,12.6,0.0,1012.7,49,2.9,28.4,13.3
2024-Q4,gaussian_naive_bayes,poluentes_brutos_meteorologia,2024-10-17 15:00:00,2024-10-17 16:00:00,0,1,falso_positivo,227.0,81.0,0.9491516845278392,0.42,81.0,20.833333333333336,28.433333333333334,8.683333333333334,2.1,147.0,18.3,12.2,0.0,1012.7,69,2.8,25.8,16.4
2024-Q4,gaussian_naive_bayes,poluentes_brutos_meteorologia,2024-10-22 08:00:00,2024-10-22 09:00:00,0,1,falso_positivo,366.0,17.2,1.2689323389776586,2.4000000000000004,16.85,12.62,17.2,7.941666666666667,12.0,121.0,40.0,27.9,0.0,1019.7,80,11.6,21.6,4.4
2024-Q4,gaussian_naive_bayes,poluentes_brutos_meteorologia,2024-10-22 09:00:00,2024-10-22 10:00:00,0,1,falso_positivo,314.0,21.950000000000003,1.305326191912008,1.1800000000000002,21.950000000000003,13.276666666666667,18.126666666666665,8.441666666666666,5.9,148.0,26.3,18.3,0.0,1019.3,68,12.2,24.3,7.9
2024-Q4,gaussian_naive_bayes,poluentes_brutos_meteorologia,2024-10-22 10:00:00,2024-10-22 11:00:00,0,1,falso_positivo,307.0,27.85,1.3281330064175338,1.0,27.85,13.753333333333334,18.820000000000004,8.841666666666667,5.0,154.0,22.8,15.9,0.0,1018.9,68,10.5,25.6,8.5
2024-Q4,gaussian_naive_bayes,poluentes_brutos_meteorologia,2024-10-22 11:00:00,2024-10-22 12:00:00,0,1,falso_positivo,297.0,34.5,1.333470771514572,0.7400000000000001,34.5,14.146666666666668,19.40666666666667,9.108333333333334,3.7,161.0,21.5,15.0,0.0,1018.1,62,8.1,27.3,9.6
2024-Q4,gaussian_naive_bayes,poluentes_brutos_meteorologia,2024-10-22 12:00:00,2024-10-22 13:00:00,0,1,falso_positivo,286.0,45.833333333333336,1.315516470733626,0.5599999999999999,45.833333333333336,14.516666666666666,19.960000000000004,9.258333333333336,2.8,163.0,21.5,15.0,0.0,1017.2,58,6.0,28.4,7.6
2024-Q4,gaussian_naive_bayes,poluentes_brutos_meteorologia,2024-10-22 13:00:00,2024-10-22 14:00:00,0,1,falso_positivo,272.0,70.16666666666666,1.2703880930950322,0.5,70.16666666666666,14.823333333333336,20.42,9.325,2.5,155.0,20.5,14.3,0.0,1016.1,54,4.5,29.3,6.1
2024-Q4,gaussian_naive_bayes,poluentes_brutos_meteorologia,2024-10-22 15:00:00,2024-10-22 16:00:00,1,0,falso_negativo,248.0,102.33333333333331,1.1393702225313738,0.58,102.33333333333331,15.02,20.74,9.291666666666668,2.9,131.0,14.1,9.7,0.4,1014.9,61,2.5,26.9,10.5
2024-Q4,gaussian_naive_bayes,poluentes_brutos_meteorologia,2024-10-22 16:00:00,2024-10-22 17:00:00,1,0,falso_negativo,247.0,103.66666666666666,1.081625309208872,0.76,103.66666666666666,15.079999999999998,20.846666666666668,9.275,3.8,129.0,14.3,9.8,1.9,1014.7,78,2.4,24.4,7.7
2024-Q4,gaussian_naive_bayes,poluentes_brutos_meteorologia,2024-10-23 10:00:00,2024-10-23 11:00:00,0,1,falso_positivo,310.0,23.1,1.301444180932344,1.34,23.1,14.426666666666666,20.06,8.383333333333335,6.7,122.0,24.9,17.3,0.3,1015.1,72,8.7,26.5,2.3
2024-Q4,gaussian_naive_bayes,poluentes_brutos_meteorologia,2024-10-23 11:00:00,2024-10-23 12:00:00,0,1,falso_positivo,315.0,29.05,1.3033851864221762,0.9,29.05,14.673333333333332,20.406666666666663,8.4,4.5,151.0,28.9,20.2,0.2,1014.4,71,8.3,26.5,9.3
2024-Q4,gaussian_naive_bayes,poluentes_brutos_meteorologia,2024-10-23 12:00:00,2024-10-23 13:00:00,0,1,falso_positivo,315.0,36.35,1.2965916672077642,0.6000000000000001,36.35,15.023333333333332,20.9,8.533333333333333,3.0,170.0,32.0,22.4,0.4,1014.5,74,7.6,24.8,11.2
2024-Q4,gaussian_naive_bayes,poluentes_brutos_meteorologia,2024-10-23 13:00:00,2024-10-23 14:00:00,0,1,falso_positivo,307.0,53.33333333333333,1.2757258581920703,0.5,53.33333333333333,15.373333333333331,21.39333333333333,8.700000000000001,2.5,170.0,31.0,21.7,0.1,1013.7,73,6.5,24.8,7.7
2024-Q4,gaussian_naive_bayes,poluentes_brutos_meteorologia,2024-10-23 14:00:00,2024-10-23 15:00:00,0,1,falso_positivo,296.0,76.0,1.2432140162373848,0.5,76.0,15.733333333333334,21.9,8.858333333333334,2.5,159.0,28.0,19.5,0.0,1012.5,70,5.2,26.0,1.2
2024-Q4,gaussian_naive_bayes,poluentes_brutos_meteorologia,2024-10-23 15:00:00,2024-10-23 16:00:00,0,1,falso_positivo,289.0,92.0,1.208275917420409,0.6200000000000001,92.0,16.070000000000004,22.37333333333333,9.000000000000002,3.1,147.0,24.2,16.8,0.0,1011.8,70,4.2,25.9,3.8
2024-Q4,gaussian_naive_bayes,poluentes_brutos_meteorologia,2024-10-23 17:00:00,2024-10-23 18:00:00,1,0,falso_negativo,296.0,103.5,1.1733378186034331,1.34,103.5,16.6,23.133333333333336,9.2,6.7,125.0,23.1,16.1,0.0,1010.8,69,3.7,25.7,2.3
2024-Q4,gaussian_naive_bayes,poluentes_brutos_meteorologia,2024-10-24 14:00:00,2024-10-24 15:00:00,0,1,falso_positivo,266.0,36.5,1.0670677680351324,0.3,36.5,9.866666666666667,13.786666666666669,5.8500000000000005,1.5,120.0,10.3,7.2,0.0,1006.2,52,2.2,30.0,21.6
2024-Q4,gaussian_naive_bayes,poluentes_brutos_meteorologia,2024-10-24 15:00:00,2024-10-24 16:00:00,0,1,falso_positivo,271.0,40.333333333333336,1.0529954782338504,0.44,40.333333333333336,9.38,13.113333333333332,5.691666666666667,2.2,118.0,9.6,6.7,0.2,1005.2,51,2.3,29.6,20.4
2024-Q4,gaussian_naive_bayes,poluentes_brutos_meteorologia,2024-10-25 15:00:00,2024-10-25 16:00:00,0,1,falso_positivo,357.0,35.95,1.1612065342919833,0.7000000000000001,35.95,5.946666666666667,8.326666666666666,5.583333333333333,3.5,120.0,15.1,10.6,0.0,1008.1,58,2.5,27.2,24.3
2024-Q4,gaussian_naive_bayes,poluentes_brutos_meteorologia,2024-10-26 10:00:00,2024-10-26 11:00:00,0,1,falso_positivo,347.0,22.35,1.2611683170183303,1.2400000000000002,22.35,13.496666666666668,18.89333333333333,7.808333333333334,6.2,111.0,29.4,20.5,0.2,1013.1,60,6.1,28.2,20.2
2024-Q4,gaussian_naive_bayes,poluentes_brutos_meteorologia,2024-10-26 11:00:00,2024-10-26 12:00:00,0,1,falso_positivo,368.0,27.35,1.297076918580222,1.02,27.35,14.35,20.08666666666667,8.116666666666667,5.1,135.0,32.0,22.4,0.2,1012.8,58,6.0,29.0,20.5
2024-Q4,gaussian_naive_bayes,poluentes_brutos_meteorologia,2024-10-26 12:00:00,2024-10-26 13:00:00,0,1,falso_positivo,366.0,33.25,1.32667725230016,0.8400000000000001,33.25,15.15,21.200000000000003,8.391666666666667,4.2,150.0,32.1,22.4,0.1,1012.5,57,5.6,29.3,21.7
2024-Q4,gaussian_naive_bayes,poluentes_brutos_meteorologia,2024-10-26 13:00:00,2024-10-26 14:00:00,0,1,falso_positivo,320.0,39.1,1.325706749555244,0.7000000000000001,39.1,15.75,22.020000000000003,8.600000000000001,3.5,147.0,27.0,18.6,0.2,1012.6,64,4.8,27.7,13.2
2024-Q4,gaussian_naive_bayes,poluentes_brutos_meteorologia,2024-10-26 14:00:00,2024-10-26 15:00:00,0,1,falso_positivo,253.0,53.5,1.2864013883861465,0.6000000000000001,53.5,16.073333333333334,22.453333333333333,8.700000000000001,3.0,133.0,21.5,14.8,1.6,1013.4,80,3.6,23.6,20.7
2024-Q4,gaussian_naive_bayes,poluentes_brutos_meteorologia,2024-11-02 09:00:00,2024-11-02 10:00:00,0,1,falso_positivo,208.0,30.0,0.7055554955539255,0.6400000000000001,30.0,12.39,16.466666666666665,10.008333333333336,3.2,122.0,34.1,23.2,0.0,1017.1,66,9.7,23.8,9.0
2024-Q4,gaussian_naive_bayes,poluentes_brutos_meteorologia,2024-11-02 10:00:00,2024-11-02 11:00:00,0,1,falso_positivo,204.0,32.65,0.7361263320187793,0.52,32.65,13.063333333333336,17.38,10.35,2.6,123.0,28.8,19.4,0.0,1017.1,56,8.2,26.5,8.7
2024-Q4,gaussian_naive_bayes,poluentes_brutos_meteorologia,2024-11-02 11:00:00,2024-11-02 12:00:00,0,1,falso_positivo,197.0,35.5,0.7618446547590529,0.38,35.5,13.636666666666668,18.16,10.566666666666668,1.9,124.0,24.9,16.7,0.0,1016.5,49,6.2,27.8,7.4
2024-Q4,gaussian_naive_bayes,poluentes_brutos_meteorologia,2024-11-02 12:00:00,2024-11-02 13:00:00,0,1,falso_positivo,190.0,38.75,0.7764021959327928,0.2799999999999999,38.75,14.166666666666666,18.88,10.683333333333335,1.4,125.0,23.4,15.6,0.0,1015.6,44,4.7,28.6,5.4
2024-Q4,gaussian_naive_bayes,poluentes_brutos_meteorologia,2024-11-02 13:00:00,2024-11-02 14:00:00,0,1,falso_positivo,181.0,47.66666666666666,0.7754316931878769,0.3,47.66666666666666,14.606666666666667,19.486666666666668,10.783333333333331,1.5,124.0,21.0,13.9,0.0,1014.7,43,4.3,28.5,6.7
2024-Q4,gaussian_naive_bayes,poluentes_brutos_meteorologia,2024-11-05 23:00:00,2024-11-06 00:00:00,0,1,falso_positivo,323.0,27.950000000000003,1.191777370756837,2.76,27.950000000000003,9.116666666666667,12.68,6.275,13.8,37.0,15.4,10.8,5.6,1016.8,98,4.8,19.8,6.5
2024-Q4,gaussian_naive_bayes,poluentes_brutos_meteorologia,2024-11-06 14:00:00,2024-11-06 15:00:00,0,1,falso_positivo,198.0,29.05,0.8482193990565763,0.36,29.05,8.23,11.44,6.891666666666667,1.8,91.0,7.0,4.8,8.2,1013.4,83,1.7,22.6,6.7
2024-Q4,gaussian_naive_bayes,poluentes_brutos_meteorologia,2024-11-08 13:00:00,2024-11-08 14:00:00,0,1,falso_positivo,302.0,19.8,0.9248891159049396,1.42,19.8,6.663333333333333,9.446666666666667,5.166666666666667,7.1,71.0,12.2,8.4,6.0,1008.6,91,4.2,21.4,19.0
2024-Q4,gaussian_naive_bayes,poluentes_brutos_meteorologia,2024-11-11 12:00:00,2024-11-11 13:00:00,0,1,falso_positivo,200.0,28.0,0.7186572826102915,0.44,28.0,5.676666666666668,7.473333333333334,2.741666666666667,2.2,142.0,13.6,9.5,0.0,1011.2,49,4.5,27.4,17.2
2024-Q4,gaussian_naive_bayes,poluentes_brutos_meteorologia,2024-11-11 13:00:00,2024-11-11 14:00:00,0,1,falso_positivo,199.0,34.75,0.7463166108403971,0.38,34.75,5.883333333333334,7.813333333333334,3.066666666666668,1.9,149.0,15.1,10.4,0.0,1010.2,47,4.5,27.7,19.1
2024-Q4,gaussian_naive_bayes,poluentes_brutos_meteorologia,2024-11-11 14:00:00,2024-11-11 15:00:00,0,1,falso_positivo,202.0,44.66666666666666,0.768152922601007,0.34,44.66666666666666,6.103333333333334,8.153333333333334,3.366666666666668,1.7,149.0,15.3,10.3,0.0,1009.2,45,4.3,28.0,20.1
2024-Q4,gaussian_naive_bayes,poluentes_brutos_meteorologia,2024-11-11 15:00:00,2024-11-11 16:00:00,0,1,falso_positivo,224.0,63.83333333333333,0.7924154912239068,0.38,63.83333333333333,6.3133333333333335,8.46,3.6666666666666674,1.9,147.0,14.8,9.7,0.0,1008.6,45,4.3,27.8,20.3
2024-Q4,gaussian_naive_bayes,poluentes_brutos_meteorologia,2024-11-11 16:00:00,2024-11-11 17:00:00,0,1,falso_positivo,291.0,78.16666666666666,0.8399701257247904,0.5599999999999999,78.16666666666666,6.486666666666668,8.713333333333333,3.991666666666667,2.8,143.0,14.2,9.2,0.0,1008.2,47,4.5,27.6,17.5
2024-Q4,gaussian_naive_bayes,poluentes_brutos_meteorologia,2024-11-11 17:00:00,2024-11-11 18:00:00,0,1,falso_positivo,377.0,87.66666666666667,0.9229481104151076,0.8400000000000001,87.66666666666667,6.73,9.033333333333331,4.3500000000000005,4.2,136.0,14.0,8.9,0.0,1008.2,54,4.8,26.7,12.8
2024-Q4,gaussian_naive_bayes,poluentes_brutos_meteorologia,2024-11-12 09:00:00,2024-11-12 10:00:00,0,1,falso_positivo,299.0,30.65,1.1888658625220891,1.22,30.65,13.92,19.08666666666667,10.500000000000002,6.1,146.0,9.3,9.3,0.0,1010.4,65,7.5,25.2,2.8
2024-Q4,gaussian_naive_bayes,poluentes_brutos_meteorologia,2024-11-12 10:00:00,2024-11-12 11:00:00,0,1,falso_positivo,267.0,35.2,1.1505310040979075,1.04,35.2,13.933333333333335,19.25333333333333,10.741666666666667,5.2,151.0,7.5,7.5,0.0,1009.8,53,6.6,27.4,4.2
2024-Q4,gaussian_naive_bayes,poluentes_brutos_meteorologia,2024-11-12 11:00:00,2024-11-12 12:00:00,0,1,falso_positivo,223.0,40.66666666666666,1.107828883321604,0.78,40.66666666666666,13.856666666666667,19.28666666666667,10.841666666666669,3.9,158.0,7.7,7.5,0.0,1008.9,41,5.4,29.2,8.0
2024-Q4,gaussian_naive_bayes,poluentes_brutos_meteorologia,2024-11-12 12:00:00,2024-11-12 13:00:00,0,1,falso_positivo,188.0,58.5,1.0539659809787665,0.58,58.5,13.753333333333334,19.28666666666667,10.825,2.9,159.0,10.5,9.5,0.0,1007.9,36,4.3,30.6,9.3
2024-Q4,gaussian_naive_bayes,poluentes_brutos_meteorologia,2024-11-12 13:00:00,2024-11-12 14:00:00,0,1,falso_positivo,171.0,75.66666666666666,0.9933095594215168,0.48,75.66666666666666,13.720000000000002,19.38666666666667,10.741666666666667,2.4,149.0,14.1,11.9,0.0,1007.4,35,3.5,30.8,11.4
2024-Q4,gaussian_naive_bayes,poluentes_brutos_meteorologia,2024-11-18 11:00:00,2024-11-18 12:00:00,0,1,falso_positivo,286.0,30.9,1.0690087735249645,0.5599999999999999,30.9,14.580000000000002,28.986666666666665,5.075,2.8,153.0,9.6,9.6,0.0,1013.3,56,4.9,27.1,4.9
2024-Q4,gaussian_naive_bayes,poluentes_brutos_meteorologia,2024-11-18 12:00:00,2024-11-18 13:00:00,0,1,falso_positivo,291.0,38.05,1.089874582540658,0.4599999999999999,38.05,14.770000000000003,29.36666666666667,5.250000000000001,2.3,169.0,11.4,11.3,0.1,1012.4,49,4.6,28.2,6.9
2024-Q4,gaussian_naive_bayes,poluentes_brutos_meteorologia,2024-11-18 13:00:00,2024-11-18 14:00:00,0,1,falso_positivo,300.0,60.5,1.1068583805766878,0.42,60.5,14.970000000000002,29.76666666666667,5.45,2.1,181.0,13.1,13.0,0.0,1011.5,44,4.5,28.9,7.3
2024-Q4,gaussian_naive_bayes,poluentes_brutos_meteorologia,2024-11-18 19:00:00,2024-11-18 20:00:00,1,0,falso_negativo,348.0,152.25,1.237390999767889,1.5,152.25,16.666666666666668,33.14666666666667,6.316666666666667,7.5,141.0,21.4,21.1,0.0,1010.8,84,2.7,22.0,9.3
2024-Q4,gaussian_naive_bayes,poluentes_brutos_meteorologia,2024-11-18 20:00:00,2024-11-18 21:00:00,1,0,falso_negativo,367.0,138.75,1.2742701040746964,1.82,138.75,16.97666666666667,33.76,6.275000000000001,9.1,115.0,22.2,21.9,0.0,1011.6,83,2.1,20.9,6.0
2024-Q4,gaussian_naive_bayes,poluentes_brutos_meteorologia,2024-11-19 10:00:00,2024-11-19 11:00:00,0,1,falso_positivo,257.0,42.96666666666667,1.229626977808561,0.66,32.15,21.71333333333333,42.96666666666667,5.825,3.3,141.0,15.5,15.4,0.0,1014.7,55,3.9,26.0,1.3
2024-Q4,gaussian_naive_bayes,poluentes_brutos_meteorologia,2024-11-19 11:00:00,2024-11-19 12:00:00,0,1,falso_positivo,241.0,43.266666666666666,1.184498600169967,0.48,37.55,21.866666666666667,43.266666666666666,5.691666666666667,2.4,147.0,14.2,14.1,0.0,1014.0,49,3.3,27.2,4.1
2024-Q4,gaussian_naive_bayes,poluentes_brutos_meteorologia,2024-11-19 12:00:00,2024-11-19 13:00:00,0,1,falso_positivo,227.0,50.33333333333333,1.1325767033169618,0.34,50.33333333333333,21.94,43.406666666666666,5.541666666666668,1.7,151.0,13.6,13.4,0.0,1013.3,48,2.8,28.2,5.8
2024-Q4,gaussian_naive_bayes,poluentes_brutos_meteorologia,2024-11-19 13:00:00,2024-11-19 14:00:00,0,1,falso_positivo,213.0,68.16666666666666,1.0670677680351324,0.3,68.16666666666666,21.933333333333337,43.38666666666667,5.375000000000001,1.5,150.0,12.9,12.7,0.0,1012.8,50,2.5,28.6,7.6
2024-Q4,gaussian_naive_bayes,poluentes_brutos_meteorologia,2024-11-19 14:00:00,2024-11-19 15:00:00,0,1,falso_positivo,200.0,83.66666666666667,0.9937948107939748,0.3,83.66666666666667,21.846666666666668,43.21333333333333,5.191666666666667,1.5,147.0,12.4,12.2,0.0,1012.5,56,2.3,27.7,12.5
2024-Q4,gaussian_naive_bayes,poluentes_brutos_meteorologia,2024-11-26 11:00:00,2024-11-26 12:00:00,0,1,falso_positivo,172.0,30.85,0.767667671228549,0.58,30.85,8.536666666666667,16.573333333333334,5.500000000000001,2.9,140.0,6.6,6.6,0.0,1015.3,42,4.6,28.5,9.1
2024-Q4,gaussian_naive_bayes,poluentes_brutos_meteorologia,2024-11-26 12:00:00,2024-11-26 13:00:00,0,1,falso_positivo,158.0,36.75,0.7662119171111751,0.44,36.75,8.636666666666667,16.78,5.658333333333334,2.2,150.0,6.7,6.7,0.0,1014.2,36,3.7,29.5,11.1
2024-Q4,gaussian_naive_bayes,poluentes_brutos_meteorologia,2024-11-26 13:00:00,2024-11-26 14:00:00,0,1,falso_positivo,167.0,51.0,0.7555363869170991,0.36,51.0,8.736666666666668,16.993333333333336,5.791666666666668,1.8,157.0,7.2,7.2,0.0,1013.5,35,3.4,30.0,15.0
2024-Q4,gaussian_naive_bayes,poluentes_brutos_meteorologia,2024-11-26 14:00:00,2024-11-26 15:00:00,0,1,falso_positivo,187.0,72.83333333333333,0.7443756053505652,0.34,72.83333333333333,8.836666666666666,17.20666666666667,5.916666666666667,1.7,161.0,7.8,7.7,0.0,1012.7,37,3.3,29.2,16.2
2024-Q4,gaussian_naive_bayes,poluentes_brutos_meteorologia,2024-11-27 11:00:00,2024-11-27 12:00:00,0,1,falso_positivo,208.0,36.45,1.0350411774529045,0.5,36.45,10.420000000000002,20.58666666666667,6.858333333333334,2.5,151.0,3.5,3.4,0.0,1012.4,36,3.5,30.8,10.9
2024-Q4,gaussian_naive_bayes,poluentes_brutos_meteorologia,2024-11-27 12:00:00,2024-11-27 13:00:00,0,1,falso_positivo,175.0,47.833333333333336,1.0034998382431348,0.44,47.833333333333336,10.34666666666667,20.44,6.783333333333334,2.2,160.0,4.5,4.5,0.0,1011.6,37,2.8,31.1,13.2
2024-Q4,gaussian_naive_bayes,poluentes_brutos_meteorologia,2024-11-27 13:00:00,2024-11-27 14:00:00,0,1,falso_positivo,164.0,69.33333333333333,0.9540041982524192,0.36,69.33333333333333,10.276666666666666,20.3,6.716666666666668,1.8,168.0,5.1,5.1,0.0,1010.7,36,2.6,31.4,10.5
2024-Q4,gaussian_naive_bayes,poluentes_brutos_meteorologia,2024-11-27 19:00:00,2024-11-27 20:00:00,1,0,falso_negativo,320.0,110.0,0.8889805143430479,2.64,110.0,9.880000000000004,19.53333333333333,6.550000000000001,13.2,113.0,13.1,12.9,0.0,1009.9,63,2.9,25.8,5.1
2024-Q4,gaussian_naive_bayes,poluentes_brutos_meteorologia,2024-11-28 09:00:00,2024-11-28 10:00:00,0,1,falso_positivo,212.0,26.950000000000003,0.9384761543337634,0.86,26.950000000000003,6.490000000000001,12.820000000000002,6.575,4.3,142.0,4.0,4.0,0.0,1011.4,45,4.5,29.4,10.8
2024-Q4,gaussian_naive_bayes,poluentes_brutos_meteorologia,2024-11-28 10:00:00,2024-11-28 11:00:00,0,1,falso_positivo,191.0,31.6,0.9268301213947716,0.7200000000000001,31.6,6.476666666666667,12.793333333333331,6.508333333333334,3.6,139.0,2.8,2.8,0.2,1010.5,41,3.7,30.3,17.2
2024-Q4,gaussian_naive_bayes,poluentes_brutos_meteorologia,2024-11-28 11:00:00,2024-11-28 12:00:00,0,1,falso_positivo,173.0,36.2,0.9079053178689096,0.52,36.2,6.433333333333334,12.713333333333336,6.441666666666667,2.6,135.0,2.2,2.2,0.3,1010.0,43,2.7,30.7,16.8
2024-Q4,gaussian_naive_bayes,poluentes_brutos_meteorologia,2024-11-28 12:00:00,2024-11-28 13:00:00,0,1,falso_positivo,163.0,43.16666666666666,0.8734524704243921,0.38,43.16666666666666,6.37,12.586666666666668,6.366666666666668,1.9,134.0,2.6,2.6,0.0,1009.6,42,1.9,31.5,15.8
2024-Q4,gaussian_naive_bayes,poluentes_brutos_meteorologia,2024-11-28 13:00:00,2024-11-28 14:00:00,0,1,falso_positivo,156.0,60.0,0.8195895680815545,0.3,60.0,6.326666666666666,12.5,6.291666666666667,1.5,138.0,3.8,3.8,0.0,1008.8,41,1.7,32.3,13.8
2024-Q4,gaussian_naive_bayes,poluentes_brutos_meteorologia,2024-11-28 14:00:00,2024-11-28 15:00:00,0,1,falso_positivo,156.0,76.66666666666666,0.757477392406931,0.2799999999999999,76.66666666666666,6.303333333333335,12.46,6.2250000000000005,1.4,145.0,5.1,5.1,0.0,1008.6,40,1.9,32.3,12.6
2024-Q4,gaussian_naive_bayes,poluentes_brutos_meteorologia,2024-11-28 15:00:00,2024-11-28 16:00:00,0,1,falso_positivo,182.0,89.0,0.7147752716306275,0.42,89.0,6.280000000000001,12.413333333333334,6.166666666666667,2.1,148.0,6.1,6.0,0.0,1008.1,41,2.1,32.4,4.4
2024-Q4,gaussian_naive_bayes,poluentes_brutos_meteorologia,2024-11-28 16:00:00,2024-11-28 17:00:00,0,1,falso_positivo,257.0,94.16666666666669,0.7230245449624134,0.82,94.16666666666669,6.276666666666667,12.406666666666668,6.125,4.1,144.0,7.5,7.4,9.3,1009.7,79,2.3,25.4,18.8
2024-Q4,gaussian_naive_bayes,poluentes_brutos_meteorologia,2024-11-28 17:00:00,2024-11-28 18:00:00,0,1,falso_positivo,358.0,93.16666666666669,0.7938712453412807,1.38,93.16666666666669,6.376666666666666,12.56,6.108333333333334,6.9,136.0,12.3,11.4,6.7,1010.7,94,2.6,23.2,1.9
2024-Q4,gaussian_naive_bayes,poluentes_brutos_meteorologia,2024-11-28 19:00:00,2024-11-28 20:00:00,0,1,falso_positivo,455.0,88.33333333333333,1.0476577131368126,2.0,88.33333333333333,6.613333333333333,12.89333333333333,6.150000000000001,10.0,118.0,16.6,15.4,4.9,1012.6,95,3.3,21.5,8.8
2024-Q4,gaussian_naive_bayes,poluentes_brutos_meteorologia,2024-11-30 09:00:00,2024-11-30 10:00:00,0,1,falso_positivo,414.0,36.486666666666665,2.089977661176587,1.7800000000000002,19.15,18.30666666666667,36.486666666666665,9.308333333333335,8.9,142.0,36.7,36.3,0.0,1014.2,79,8.6,25.2,5.9
2024-Q4,gaussian_naive_bayes,poluentes_brutos_meteorologia,2024-11-30 10:00:00,2024-11-30 11:00:00,0,1,falso_positivo,415.0,38.36,1.9875896215879496,1.5,25.950000000000003,19.25,38.36,9.566666666666668,7.5,148.0,36.4,36.2,0.1,1013.8,70,6.9,26.5,5.8
2024-Q4,gaussian_naive_bayes,poluentes_brutos_meteorologia,2024-11-30 11:00:00,2024-11-30 12:00:00,0,1,falso_positivo,433.0,39.96666666666667,1.8963623635658464,1.1,33.2,20.056666666666665,39.96666666666667,9.658333333333331,5.5,156.0,31.9,31.8,0.2,1013.4,67,4.5,27.3,6.1
2024-Q4,gaussian_naive_bayes,poluentes_brutos_meteorologia,2024-11-30 12:00:00,2024-11-30 13:00:00,0,1,falso_positivo,441.0,42.16666666666666,1.8187221439725676,0.8,42.16666666666666,20.87333333333333,41.58666666666667,9.625000000000002,4.0,161.0,32.4,32.2,0.1,1012.9,64,2.7,28.0,7.4
2024-Q4,gaussian_naive_bayes,poluentes_brutos_meteorologia,2024-11-30 13:00:00,2024-11-30 14:00:00,0,1,falso_positivo,428.0,66.33333333333333,1.749331197711074,0.7000000000000001,66.33333333333333,21.5,42.82666666666667,9.525,3.5,161.0,28.0,27.8,0.3,1013.0,66,1.9,26.7,10.0
2024-Q4,gaussian_naive_bayes,poluentes_brutos_meteorologia,2024-11-30 17:00:00,2024-11-30 18:00:00,1,0,falso_negativo,320.0,106.66666666666666,1.541158358926594,0.8400000000000001,106.66666666666666,23.023333333333337,45.83999999999999,8.916666666666666,4.2,125.0,16.5,16.4,0.0,1012.1,83,1.2,23.6,14.4
2024-Q4,gaussian_naive_bayes,poluentes_brutos_meteorologia,2024-12-02 14:00:00,2024-12-02 15:00:00,0,1,falso_positivo,242.0,54.33333333333333,0.9379909029613054,0.2799999999999999,54.33333333333333,5.440000000000001,10.2,2.758333333333334,1.4,131.0,3.0,3.0,5.2,1009.5,79,1.7,25.0,11.1
2024-Q4,gaussian_naive_bayes,poluentes_brutos_meteorologia,2024-12-03 10:00:00,2024-12-03 11:00:00,0,1,falso_positivo,294.0,15.613333333333332,1.2252597154564389,1.92,11.15,7.83,15.613333333333332,4.466666666666668,9.6,43.0,9.2,9.0,4.9,1011.6,97,2.7,21.3,7.4
2024-Q4,gaussian_naive_bayes,poluentes_brutos_meteorologia,2024-12-07 14:00:00,2024-12-07 15:00:00,0,1,falso_positivo,158.0,60.33333333333333,0.7526248786823512,0.34,60.33333333333333,8.023333333333333,16.0,6.1000000000000005,1.7,138.0,2.8,2.8,0.0,1010.2,41,1.8,31.0,16.1
2024-Q4,gaussian_naive_bayes,poluentes_brutos_meteorologia,2024-12-07 15:00:00,2024-12-07 16:00:00,0,1,falso_positivo,170.0,73.5,0.7230245449624134,0.52,73.5,8.110000000000001,16.166666666666668,6.158333333333334,2.6,140.0,4.0,3.9,0.0,1010.1,42,2.0,30.6,13.3
2024-Q4,gaussian_naive_bayes,poluentes_brutos_meteorologia,2024-12-07 16:00:00,2024-12-07 17:00:00,0,1,falso_positivo,216.0,78.16666666666666,0.7191425339827494,0.8800000000000001,78.16666666666666,8.250000000000002,16.42666666666667,6.208333333333333,4.4,128.0,5.8,5.5,0.0,1009.8,44,2.0,30.2,12.8
2024-Q4,gaussian_naive_bayes,poluentes_brutos_meteorologia,2024-12-09 11:00:00,2024-12-09 12:00:00,0,1,falso_positivo,346.0,30.85,1.103461620969482,1.0,30.85,9.063333333333333,17.966666666666665,8.183333333333335,5.0,138.0,18.0,17.9,0.0,1013.9,68,5.2,26.1,5.4
2024-Q4,gaussian_naive_bayes,poluentes_brutos_meteorologia,2024-12-09 12:00:00,2024-12-09 13:00:00,0,1,falso_positivo,364.0,36.25,1.1505310040979075,0.82,36.25,9.126666666666669,18.1,8.075000000000001,4.1,150.0,18.3,18.1,0.0,1013.3,63,4.2,27.8,7.8
2024-Q4,gaussian_naive_bayes,poluentes_brutos_meteorologia,2024-12-09 13:00:00,2024-12-09 14:00:00,0,1,falso_positivo,368.0,46.0,1.205364409185661,0.7000000000000001,46.0,9.17,18.2,7.9333333333333345,3.5,149.0,17.5,17.4,0.9,1013.4,73,3.6,25.6,11.4
2024-Q4,gaussian_naive_bayes,poluentes_brutos_meteorologia,2024-12-10 15:00:00,2024-12-10 16:00:00,0,1,falso_positivo,293.0,43.16666666666666,1.114622402536016,1.26,43.16666666666666,7.0200000000000005,13.94,4.433333333333335,6.3,90.0,11.2,10.8,4.2,1009.2,86,3.2,22.9,20.8
2024-Q4,gaussian_naive_bayes,poluentes_brutos_meteorologia,2024-12-16 14:00:00,2024-12-16 15:00:00,0,1,falso_positivo,164.0,56.66666666666666,0.8084287865150206,0.38,56.66666666666666,7.45,14.786666666666669,4.3500000000000005,1.9,146.0,7.9,7.9,0.0,1010.4,45,2.4,28.1,20.5
2024-Q4,gaussian_naive_bayes,poluentes_brutos_meteorologia,2024-12-16 15:00:00,2024-12-16 16:00:00,0,1,falso_positivo,163.0,69.5,0.7720349335806709,0.4599999999999999,69.5,7.48,14.846666666666668,4.416666666666667,2.3,146.0,7.5,7.5,0.0,1009.7,40,2.5,27.9,19.7
2024-Q4,gaussian_naive_bayes,poluentes_brutos_meteorologia,2024-12-16 16:00:00,2024-12-16 17:00:00,0,1,falso_positivo,176.0,78.0,0.7400083429984433,0.58,78.0,7.486666666666666,14.846666666666668,4.450000000000001,2.9,137.0,7.0,6.8,0.0,1009.1,40,2.4,27.8,16.6
2024-Q4,gaussian_naive_bayes,poluentes_brutos_meteorologia,2024-12-19 14:00:00,2024-12-19 15:00:00,0,1,falso_positivo,172.0,35.550000000000004,0.6007411991029985,0.2,35.550000000000004,5.606666666666667,9.2,2.283333333333334,1.0,131.0,8.6,7.7,0.0,1012.8,38,2.1,30.0,11.8
2024-Q4,gaussian_naive_bayes,poluentes_brutos_meteorologia,2024-12-19 15:00:00,2024-12-19 16:00:00,0,1,falso_positivo,173.0,41.16666666666666,0.6225775108636084,0.3,41.16666666666666,5.656666666666667,9.34,2.408333333333334,1.5,131.0,9.4,8.4,0.0,1011.8,37,2.2,30.0,6.1
2024-Q4,gaussian_naive_bayes,poluentes_brutos_meteorologia,2024-12-21 14:00:00,2024-12-21 15:00:00,0,1,falso_positivo,220.0,38.900000000000006,0.980693023737609,0.58,38.900000000000006,8.583333333333334,16.94666666666667,5.083333333333335,2.9,125.0,10.6,10.4,7.2,1012.2,88,3.2,21.9,13.9
2024-Q4,gaussian_naive_bayes,poluentes_brutos_meteorologia,2024-12-22 12:00:00,2024-12-22 13:00:00,0,1,falso_positivo,268.0,33.5,1.1461637417457855,0.48,33.5,9.27,18.25333333333333,6.333333333333333,2.4,150.0,18.3,17.9,0.0,1012.9,63,4.0,27.4,10.9
2024-Q4,gaussian_naive_bayes,poluentes_brutos_meteorologia,2024-12-22 13:00:00,2024-12-22 14:00:00,0,1,falso_positivo,280.0,39.95,1.10879938606652,0.5,39.95,9.596666666666666,18.88,6.375000000000001,2.5,146.0,19.3,18.9,5.6,1013.7,88,3.4,22.4,10.3
2024-Q4,gaussian_naive_bayes,poluentes_brutos_meteorologia,2024-12-22 17:00:00,2024-12-22 18:00:00,0,1,falso_positivo,329.0,82.0,1.1282094409648398,1.04,82.0,10.386666666666668,20.366666666666667,6.15,5.2,118.0,14.8,14.3,4.8,1012.3,83,1.8,22.9,7.3
2024-Q4,gaussian_naive_bayes,poluentes_brutos_meteorologia,2024-12-22 22:00:00,2024-12-22 23:00:00,0,1,falso_positivo,305.0,48.5,1.2495222840793383,1.46,48.5,10.343333333333334,20.25333333333333,5.891666666666668,7.3,92.0,11.7,11.4,4.8,1015.6,98,2.0,18.9,2.4
2024-Q4,gaussian_naive_bayes,poluentes_brutos_meteorologia,2024-12-30 13:00:00,2024-12-30 14:00:00,0,1,falso_positivo,174.0,27.85,0.6381055547822642,0.24,27.85,6.323333333333334,9.793333333333337,2.033333333333334,1.2,84.0,6.2,5.0,5.0,1014.4,84,0.8,21.1,13.5
2024-Q4,gaussian_naive_bayes,subindices_meteorologia,2024-10-01 14:00:00,2024-10-01 15:00:00,0,1,falso_positivo,273.0,63.33333333333333,1.1320914519445036,0.32,63.33333333333333,15.103333333333332,19.840000000000003,8.391666666666667,1.6,161.0,18.0,12.5,0.0,1009.6,25,3.1,33.2,9.1
2024-Q4,gaussian_naive_bayes,subindices_meteorologia,2024-10-01 15:00:00,2024-10-01 16:00:00,0,1,falso_positivo,275.0,80.0,1.1136518997910998,0.48,80.0,15.073333333333332,19.866666666666667,8.358333333333334,2.4,163.0,19.3,13.4,0.0,1008.9,24,3.4,33.8,11.9
2024-Q4,gaussian_naive_bayes,subindices_meteorologia,2024-10-01 19:00:00,2024-10-01 20:00:00,0,1,falso_positivo,332.0,104.33333333333331,1.1354882115517095,2.26,104.33333333333331,14.966666666666669,20.120000000000005,8.158333333333333,11.3,124.0,21.6,14.9,0.0,1009.5,31,3.8,28.4,3.1
2024-Q4,gaussian_naive_bayes,subindices_meteorologia,2024-10-01 20:00:00,2024-10-01 21:00:00,0,1,falso_positivo,348.0,99.0,1.1680000535063952,2.68,99.0,14.936666666666666,20.19333333333333,8.108333333333333,13.4,111.0,21.7,15.0,0.0,1010.5,55,3.8,24.9,6.7
2024-Q4,gaussian_naive_bayes,subindices_meteorologia,2024-10-01 21:00:00,2024-10-01 22:00:00,0,1,falso_positivo,466.0,86.0,1.2601978142734145,5.32,86.0,15.083333333333336,20.506666666666664,8.183333333333335,26.6,75.0,23.2,16.2,0.0,1011.2,55,5.3,24.1,7.7
2024-Q4,gaussian_naive_bayes,subindices_meteorologia,2024-10-02 12:00:00,2024-10-02 13:00:00,0,1,falso_positivo,354.0,64.5,1.633356119693613,0.82,64.5,18.316666666666663,25.48,10.183333333333334,4.1,230.0,38.4,26.3,0.0,1009.3,24,7.3,34.0,15.7
2024-Q4,gaussian_naive_bayes,subindices_meteorologia,2024-10-02 22:00:00,2024-10-02 23:00:00,0,1,falso_positivo,281.0,105.83333333333331,1.1592655288021514,0.94,105.83333333333331,21.973333333333336,29.313333333333333,9.8,4.7,101.0,26.5,16.2,0.0,1016.0,88,2.7,18.5,9.2
2024-Q4,gaussian_naive_bayes,subindices_meteorologia,2024-10-02 23:00:00,2024-10-03 00:00:00,0,1,falso_positivo,281.0,90.0,1.1558687691949454,0.94,90.0,22.00333333333333,29.23333333333333,9.55,4.7,90.0,25.1,15.7,0.0,1016.3,89,2.6,18.2,8.8
2024-Q4,gaussian_naive_bayes,subindices_meteorologia,2024-10-08 15:00:00,2024-10-08 16:00:00,0,1,falso_positivo,218.0,72.83333333333333,0.9239186131600235,0.5,72.83333333333333,14.9,18.32,10.483333333333334,2.5,139.0,30.3,18.5,0.0,1009.8,67,7.0,27.4,19.9
2024-Q4,gaussian_naive_bayes,subindices_meteorologia,2024-10-08 16:00:00,2024-10-08 17:00:00,0,1,falso_positivo,198.0,81.5,0.9229481104151076,0.5599999999999999,81.5,15.5,19.040000000000003,10.841666666666669,2.8,133.0,28.8,16.9,0.0,1010.5,73,6.9,24.3,21.3
2024-Q4,gaussian_naive_bayes,subindices_meteorologia,2024-10-08 17:00:00,2024-10-08 18:00:00,0,1,falso_positivo,178.0,86.5,0.9020823013994136,0.6400000000000001,86.5,15.933333333333335,19.520000000000003,11.216666666666669,3.2,126.0,23.9,13.2,0.0,1011.3,80,7.1,22.0,18.2
2024-Q4,gaussian_naive_bayes,subindices_meteorologia,2024-10-08 18:00:00,2024-10-08 19:00:00,0,1,falso_positivo,166.0,87.66666666666667,0.8676294539548961,0.76,87.66666666666667,16.276666666666667,19.886666666666667,11.608333333333334,3.8,118.0,21.4,11.4,0.0,1011.8,80,7.3,20.3,16.8
2024-Q4,gaussian_naive_bayes,subindices_meteorologia,2024-10-08 19:00:00,2024-10-08 20:00:00,0,1,falso_positivo,164.0,84.16666666666667,0.8215305735713866,0.9,84.16666666666667,16.583333333333336,20.206666666666663,11.991666666666667,4.5,111.0,20.5,10.8,0.0,1012.9,88,7.2,18.5,13.9
2024-Q4,gaussian_naive_bayes,subindices_meteorologia,2024-10-11 14:00:00,2024-10-11 15:00:00,0,1,falso_positivo,339.0,33.4,1.2519485409416289,0.48,33.4,14.783333333333337,20.46,5.925000000000001,2.4,130.0,25.4,17.8,5.5,1010.0,76,2.9,24.7,7.3
2024-Q4,gaussian_naive_bayes,subindices_meteorologia,2024-10-11 18:00:00,2024-10-11 19:00:00,0,1,falso_positivo,345.0,67.5,1.317942727595916,1.2800000000000002,67.5,15.720000000000002,21.866666666666667,6.191666666666667,6.4,118.0,29.8,20.5,4.3,1010.7,95,3.3,20.7,17.5
2024-Q4,gaussian_naive_bayes,subindices_meteorologia,2024-10-12 14:00:00,2024-10-12 15:00:00,0,1,falso_positivo,431.0,72.66666666666666,1.9041263855251749,0.44,72.66666666666666,19.38666666666667,27.006666666666668,6.691666666666667,2.2,143.0,14.8,10.2,0.0,1014.5,48,3.2,27.3,16.6
2024-Q4,gaussian_naive_bayes,subindices_meteorologia,2024-10-12 15:00:00,2024-10-12 16:00:00,0,1,falso_positivo,422.0,81.83333333333333,1.8691882867081988,0.48,81.83333333333333,18.94,26.380000000000003,6.683333333333334,2.4,137.0,13.7,9.4,0.1,1015.0,64,2.9,24.8,17.1
2024-Q4,gaussian_naive_bayes,subindices_meteorologia,2024-10-12 16:00:00,2024-10-12 17:00:00,0,1,falso_positivo,421.0,86.16666666666667,1.8153253843653612,0.5599999999999999,86.16666666666667,18.406666666666663,25.633333333333333,6.633333333333334,2.8,128.0,13.0,8.8,0.2,1015.7,78,2.5,22.3,22.7
2024-Q4,gaussian_naive_bayes,subindices_meteorologia,2024-10-12 17:00:00,2024-10-12 18:00:00,0,1,falso_positivo,425.0,86.0,1.75758047104286,0.66,86.0,17.783333333333335,24.766666666666666,6.525000000000001,3.3,115.0,11.6,7.8,0.0,1016.6,83,2.0,20.6,24.1
2024-Q4,gaussian_naive_bayes,subindices_meteorologia,2024-10-12 18:00:00,2024-10-12 19:00:00,0,1,falso_positivo,423.0,82.66666666666667,1.7095405851695185,0.7400000000000001,82.66666666666667,17.136666666666667,23.86,6.391666666666668,3.7,105.0,10.4,6.9,0.0,1017.6,83,1.7,19.7,22.3
2024-Q4,gaussian_naive_bayes,subindices_meteorologia,2024-10-16 13:00:00,2024-10-16 14:00:00,0,1,falso_positivo,268.0,67.83333333333333,0.9287711268846034,0.6200000000000001,67.83333333333333,14.720000000000002,18.38,10.183333333333334,3.1,193.0,38.0,25.4,4.9,1014.2,75,8.3,24.1,5.6
2024-Q4,gaussian_naive_bayes,subindices_meteorologia,2024-10-16 23:00:00,2024-10-17 00:00:00,0,1,falso_positivo,250.0,111.0,1.0287329096109503,1.56,111.0,21.00666666666667,27.946666666666665,12.116666666666667,7.8,99.0,23.1,15.8,0.0,1016.4,96,4.9,17.6,4.4
2024-Q4,gaussian_naive_bayes,subindices_meteorologia,2024-10-17 00:00:00,2024-10-17 01:00:00,0,1,falso_positivo,260.0,91.5,1.0190278821617906,1.72,91.5,21.450000000000003,28.626666666666665,12.308333333333335,8.6,88.0,24.7,17.1,0.0,1015.8,97,5.1,17.6,4.6
2024-Q4,gaussian_naive_bayes,subindices_meteorologia,2024-10-17 14:00:00,2024-10-17 15:00:00,0,1,falso_positivo,242.0,65.5,0.9583714606045411,0.38,65.5,21.546666666666667,29.4,9.083333333333334,1.9,150.0,18.7,12.6,0.0,1012.7,49,2.9,28.4,13.3
2024-Q4,gaussian_naive_bayes,subindices_meteorologia,2024-10-17 15:00:00,2024-10-17 16:00:00,0,1,falso_positivo,227.0,81.0,0.9491516845278392,0.42,81.0,20.833333333333336,28.433333333333334,8.683333333333334,2.1,147.0,18.3,12.2,0.0,1012.7,69,2.8,25.8,16.4
2024-Q4,gaussian_naive_bayes,subindices_meteorologia,2024-10-17 16:00:00,2024-10-17 17:00:00,0,1,falso_positivo,202.0,90.16666666666669,0.9399319084511374,0.48,90.16666666666669,19.99666666666667,27.28666666666667,8.3,2.4,134.0,16.9,11.1,0.0,1012.6,72,2.4,24.5,18.9
2024-Q4,gaussian_naive_bayes,subindices_meteorologia,2024-10-17 17:00:00,2024-10-17 18:00:00,0,1,falso_positivo,171.0,89.33333333333333,0.9015970500269558,0.5599999999999999,89.33333333333333,19.063333333333333,26.0,7.9333333333333345,2.8,115.0,14.3,9.2,0.0,1012.9,80,1.9,22.1,20.9
2024-Q4,gaussian_naive_bayes,subindices_meteorologia,2024-10-17 18:00:00,2024-10-17 19:00:00,0,1,falso_positivo,147.0,84.83333333333333,0.8501604045464082,0.58,84.83333333333333,18.09333333333333,24.64,7.575,2.9,99.0,11.5,7.0,0.0,1013.7,83,1.4,19.8,20.8
2024-Q4,gaussian_naive_bayes,subindices_meteorologia,2024-10-22 17:00:00,2024-10-22 18:00:00,0,1,falso_positivo,251.0,100.83333333333331,1.0510544727440183,1.02,100.83333333333331,15.203333333333331,21.040000000000003,9.3,5.1,131.0,15.8,10.8,0.0,1014.7,82,2.7,24.9,11.0
2024-Q4,gaussian_naive_bayes,subindices_meteorologia,2024-10-22 18:00:00,2024-10-22 19:00:00,0,1,falso_positivo,256.0,96.5,1.0263066527486606,1.26,96.5,15.35666666666667,21.28,9.358333333333334,6.3,128.0,16.6,11.4,0.0,1015.2,86,2.9,23.6,9.1
2024-Q4,gaussian_naive_bayes,subindices_meteorologia,2024-10-22 19:00:00,2024-10-22 20:00:00,0,1,falso_positivo,261.0,89.16666666666667,1.0088376033401727,1.4400000000000002,89.16666666666667,15.516666666666666,21.520000000000003,9.433333333333335,7.2,117.0,16.2,11.2,0.0,1015.8,92,2.9,22.1,4.5
2024-Q4,gaussian_naive_bayes,subindices_meteorologia,2024-10-23 15:00:00,2024-10-23 16:00:00,0,1,falso_positivo,289.0,92.0,1.208275917420409,0.6200000000000001,92.0,16.070000000000004,22.37333333333333,9.000000000000002,3.1,147.0,24.2,16.8,0.0,1011.8,70,4.2,25.9,3.8
2024-Q4,gaussian_naive_bayes,subindices_meteorologia,2024-10-23 18:00:00,2024-10-23 19:00:00,0,1,falso_positivo,302.0,102.0,1.169455807623769,1.66,102.0,16.733333333333334,23.326666666666668,9.250000000000002,8.3,113.0,20.6,14.3,0.0,1011.2,82,3.5,24.8,3.1
2024-Q4,gaussian_naive_bayes,subindices_meteorologia,2024-10-23 19:00:00,2024-10-23 20:00:00,0,1,falso_positivo,306.0,93.5,1.1650885452716475,1.7600000000000002,93.5,16.68,23.260000000000005,9.266666666666667,8.8,100.0,14.6,10.2,0.0,1011.7,84,3.1,23.3,4.3
2024-Q4,gaussian_naive_bayes,subindices_meteorologia,2024-11-06 14:00:00,2024-11-06 15:00:00,0,1,falso_positivo,198.0,29.05,0.8482193990565763,0.36,29.05,8.23,11.44,6.891666666666667,1.8,91.0,7.0,4.8,8.2,1013.4,83,1.7,22.6,6.7
2024-Q4,gaussian_naive_bayes,subindices_meteorologia,2024-11-08 13:00:00,2024-11-08 14:00:00,0,1,falso_positivo,302.0,19.8,0.9248891159049396,1.42,19.8,6.663333333333333,9.446666666666667,5.166666666666667,7.1,71.0,12.2,8.4,6.0,1008.6,91,4.2,21.4,19.0
2024-Q4,gaussian_naive_bayes,subindices_meteorologia,2024-11-11 16:00:00,2024-11-11 17:00:00,0,1,falso_positivo,291.0,78.16666666666666,0.8399701257247904,0.5599999999999999,78.16666666666666,6.486666666666668,8.713333333333333,3.991666666666667,2.8,143.0,14.2,9.2,0.0,1008.2,47,4.5,27.6,17.5
2024-Q4,gaussian_naive_bayes,subindices_meteorologia,2024-11-11 17:00:00,2024-11-11 18:00:00,0,1,falso_positivo,377.0,87.66666666666667,0.9229481104151076,0.8400000000000001,87.66666666666667,6.73,9.033333333333331,4.3500000000000005,4.2,136.0,14.0,8.9,0.0,1008.2,54,4.8,26.7,12.8
2024-Q4,gaussian_naive_bayes,subindices_meteorologia,2024-11-11 18:00:00,2024-11-11 19:00:00,0,1,falso_positivo,422.0,92.66666666666669,1.027277155493577,1.16,92.66666666666669,7.050000000000001,9.446666666666664,4.7250000000000005,5.8,127.0,15.4,9.7,0.0,1008.7,67,5.0,24.0,6.4
2024-Q4,gaussian_naive_bayes,subindices_meteorologia,2024-11-11 19:00:00,2024-11-11 20:00:00,0,1,falso_positivo,382.0,91.0,1.114622402536016,1.54,91.0,7.466666666666668,9.986666666666668,5.116666666666667,7.7,113.0,17.5,11.2,0.0,1009.5,78,5.2,21.3,9.6
2024-Q4,gaussian_naive_bayes,subindices_meteorologia,2024-11-12 13:00:00,2024-11-12 14:00:00,0,1,falso_positivo,171.0,75.66666666666666,0.9933095594215168,0.48,75.66666666666666,13.720000000000002,19.38666666666667,10.741666666666667,2.4,149.0,14.1,11.9,0.0,1007.4,35,3.5,30.8,11.4
2024-Q4,gaussian_naive_bayes,subindices_meteorologia,2024-11-12 14:00:00,2024-11-12 15:00:00,0,1,falso_positivo,164.0,89.0,0.9297416296295196,0.44,89.0,13.670000000000002,19.473333333333336,10.616666666666667,2.2,132.0,13.8,11.6,0.3,1008.9,78,2.8,23.9,18.9
2024-Q4,gaussian_naive_bayes,subindices_meteorologia,2024-11-12 15:00:00,2024-11-12 16:00:00,0,1,falso_positivo,160.0,95.0,0.8622916888578581,0.44,95.0,13.643333333333334,19.58666666666667,10.45,2.2,116.0,14.0,11.4,0.1,1009.0,74,2.3,24.2,19.9
2024-Q4,gaussian_naive_bayes,subindices_meteorologia,2024-11-12 16:00:00,2024-11-12 17:00:00,0,1,falso_positivo,159.0,92.16666666666669,0.7914449884789907,0.52,92.16666666666669,13.663333333333336,19.74666666666667,10.233333333333333,2.6,102.0,14.8,11.6,0.0,1009.6,80,1.9,21.8,19.4
2024-Q4,gaussian_naive_bayes,subindices_meteorologia,2024-11-12 17:00:00,2024-11-12 18:00:00,0,1,falso_positivo,160.0,82.5,0.7239950477073294,0.6400000000000001,82.5,13.663333333333336,19.88,9.966666666666669,3.2,88.0,14.0,10.9,0.0,1009.3,82,1.6,20.9,19.5
2024-Q4,gaussian_naive_bayes,subindices_meteorologia,2024-11-18 21:00:00,2024-11-18 22:00:00,0,1,falso_positivo,386.0,116.16666666666666,1.3160017221060838,2.6,116.16666666666666,17.376666666666665,34.526666666666664,6.208333333333333,13.0,83.0,28.6,27.9,0.0,1012.7,86,1.6,19.9,2.9
2024-Q4,gaussian_naive_bayes,subindices_meteorologia,2024-11-18 22:00:00,2024-11-18 23:00:00,0,1,falso_positivo,410.0,96.33333333333331,1.3645268593518836,3.02,96.33333333333331,17.813333333333333,35.36666666666667,6.133333333333336,15.1,72.0,31.8,31.2,0.0,1014.0,87,1.3,19.3,3.4
2024-Q4,gaussian_naive_bayes,subindices_meteorologia,2024-11-19 13:00:00,2024-11-19 14:00:00,0,1,falso_positivo,213.0,68.16666666666666,1.0670677680351324,0.3,68.16666666666666,21.933333333333337,43.38666666666667,5.375000000000001,1.5,150.0,12.9,12.7,0.0,1012.8,50,2.5,28.6,7.6
2024-Q4,gaussian_naive_bayes,subindices_meteorologia,2024-11-19 14:00:00,2024-11-19 15:00:00,0,1,falso_positivo,200.0,83.66666666666667,0.9937948107939748,0.3,83.66666666666667,21.846666666666668,43.21333333333333,5.191666666666667,1.5,147.0,12.4,12.2,0.0,1012.5,56,2.3,27.7,12.5
2024-Q4,gaussian_naive_bayes,subindices_meteorologia,2024-11-19 15:00:00,2024-11-19 16:00:00,0,1,falso_positivo,193.0,93.83333333333331,0.9263448700223136,0.34,93.83333333333331,21.683333333333337,42.88,5.000000000000001,1.7,140.0,12.0,11.8,0.0,1012.4,65,2.1,25.6,16.1
2024-Q4,gaussian_naive_bayes,subindices_meteorologia,2024-11-19 16:00:00,2024-11-19 17:00:00,0,1,falso_positivo,194.0,96.66666666666666,0.87393772179685,0.4,96.66666666666666,21.44,42.38666666666666,4.800000000000001,2.0,128.0,11.4,11.1,0.0,1012.3,69,1.7,24.4,16.8
2024-Q4,gaussian_naive_bayes,subindices_meteorologia,2024-11-19 17:00:00,2024-11-19 18:00:00,0,1,falso_positivo,200.0,92.66666666666669,0.8370586174900424,0.48,92.66666666666669,21.12333333333333,41.74,4.6000000000000005,2.4,112.0,10.4,10.0,0.0,1012.2,74,1.3,22.6,14.2
2024-Q4,gaussian_naive_bayes,subindices_meteorologia,2024-11-19 18:00:00,2024-11-19 19:00:00,0,1,falso_positivo,209.0,85.33333333333333,0.8137665516120585,0.6200000000000001,85.33333333333333,20.74666666666667,40.98,4.416666666666668,3.1,97.0,9.5,9.1,0.0,1012.6,79,1.0,20.9,13.7
2024-Q4,gaussian_naive_bayes,subindices_meteorologia,2024-11-26 14:00:00,2024-11-26 15:00:00,0,1,falso_positivo,187.0,72.83333333333333,0.7443756053505652,0.34,72.83333333333333,8.836666666666666,17.20666666666667,5.916666666666667,1.7,161.0,7.8,7.7,0.0,1012.7,37,3.3,29.2,16.2
2024-Q4,gaussian_naive_bayes,subindices_meteorologia,2024-11-26 18:00:00,2024-11-26 19:00:00,0,1,falso_positivo,224.0,100.83333333333331,0.7448608567230232,2.1,100.83333333333331,9.38,18.34,6.191666666666667,10.5,116.0,13.0,12.7,0.0,1011.0,58,3.0,26.2,4.2
2024-Q4,gaussian_naive_bayes,subindices_meteorologia,2024-11-26 19:00:00,2024-11-26 20:00:00,0,1,falso_positivo,255.0,94.5,0.7851367206370369,2.8600000000000003,94.5,9.606666666666667,18.813333333333333,6.250000000000001,14.3,102.0,15.5,15.2,0.0,1011.5,66,3.2,23.7,1.8
2024-Q4,gaussian_naive_bayes,subindices_meteorologia,2024-11-27 13:00:00,2024-11-27 14:00:00,0,1,falso_positivo,164.0,69.33333333333333,0.9540041982524192,0.36,69.33333333333333,10.276666666666666,20.3,6.716666666666668,1.8,168.0,5.1,5.1,0.0,1010.7,36,2.6,31.4,10.5
2024-Q4,gaussian_naive_bayes,subindices_meteorologia,2024-11-27 20:00:00,2024-11-27 21:00:00,0,1,falso_positivo,305.0,100.16666666666666,0.9520631927625872,2.9000000000000004,100.16666666666666,9.756666666666668,19.293333333333333,6.508333333333334,14.5,101.0,13.4,13.2,0.0,1010.5,61,3.0,25.5,1.7
2024-Q4,gaussian_naive_bayes,subindices_meteorologia,2024-11-27 21:00:00,2024-11-27 22:00:00,0,1,falso_positivo,289.0,86.66666666666667,1.0127196143198367,4.12,86.66666666666667,9.423333333333334,18.64666666666667,6.5,20.6,87.0,10.2,10.1,0.0,1010.8,66,3.4,24.1,3.2
2024-Q4,gaussian_naive_bayes,subindices_meteorologia,2024-11-28 14:00:00,2024-11-28 15:00:00,0,1,falso_positivo,156.0,76.66666666666666,0.757477392406931,0.2799999999999999,76.66666666666666,6.303333333333335,12.46,6.2250000000000005,1.4,145.0,5.1,5.1,0.0,1008.6,40,1.9,32.3,12.6
2024-Q4,gaussian_naive_bayes,subindices_meteorologia,2024-11-28 15:00:00,2024-11-28 16:00:00,0,1,falso_positivo,182.0,89.0,0.7147752716306275,0.42,89.0,6.280000000000001,12.413333333333334,6.166666666666667,2.1,148.0,6.1,6.0,0.0,1008.1,41,2.1,32.4,4.4
2024-Q4,gaussian_naive_bayes,subindices_meteorologia,2024-11-28 16:00:00,2024-11-28 17:00:00,0,1,falso_positivo,257.0,94.16666666666669,0.7230245449624134,0.82,94.16666666666669,6.276666666666667,12.406666666666668,6.125,4.1,144.0,7.5,7.4,9.3,1009.7,79,2.3,25.4,18.8
2024-Q4,gaussian_naive_bayes,subindices_meteorologia,2024-11-28 17:00:00,2024-11-28 18:00:00,0,1,falso_positivo,358.0,93.16666666666669,0.7938712453412807,1.38,93.16666666666669,6.376666666666666,12.56,6.108333333333334,6.9,136.0,12.3,11.4,6.7,1010.7,94,2.6,23.2,1.9
2024-Q4,gaussian_naive_bayes,subindices_meteorologia,2024-11-28 18:00:00,2024-11-28 19:00:00,0,1,falso_positivo,432.0,91.16666666666669,0.9108168261036576,1.82,91.16666666666669,6.496666666666667,12.726666666666668,6.116666666666667,9.1,127.0,14.9,13.6,0.5,1011.8,95,2.9,23.5,4.2
2024-Q4,gaussian_naive_bayes,subindices_meteorologia,2024-11-28 19:00:00,2024-11-28 20:00:00,0,1,falso_positivo,455.0,88.33333333333333,1.0476577131368126,2.0,88.33333333333333,6.613333333333333,12.89333333333333,6.150000000000001,10.0,118.0,16.6,15.4,4.9,1012.6,95,3.3,21.5,8.8
2024-Q4,gaussian_naive_bayes,subindices_meteorologia,2024-11-30 13:00:00,2024-11-30 14:00:00,0,1,falso_positivo,428.0,66.33333333333333,1.749331197711074,0.7000000000000001,66.33333333333333,21.5,42.82666666666667,9.525,3.5,161.0,28.0,27.8,0.3,1013.0,66,1.9,26.7,10.0
2024-Q4,gaussian_naive_bayes,subindices_meteorologia,2024-11-30 18:00:00,2024-11-30 19:00:00,0,1,falso_positivo,293.0,100.66666666666666,1.4819576914867183,0.9,100.66666666666666,23.120000000000005,46.02,8.741666666666667,4.5,112.0,14.5,14.3,0.0,1012.7,88,1.1,22.3,12.4
2024-Q4,gaussian_naive_bayes,subindices_meteorologia,2024-11-30 19:00:00,2024-11-30 20:00:00,0,1,falso_positivo,275.0,91.83333333333331,1.405287974638355,0.94,91.83333333333331,23.136666666666667,46.040000000000006,8.55,4.7,103.0,14.1,13.9,0.0,1013.6,92,1.1,21.3,10.4
2024-Q4,gaussian_naive_bayes,subindices_meteorologia,2024-11-30 20:00:00,2024-11-30 21:00:00,0,1,falso_positivo,262.0,80.83333333333333,1.318427978968374,0.96,80.83333333333333,23.083333333333336,45.92666666666666,8.341666666666667,4.8,95.0,14.3,14.0,0.0,1014.3,93,1.2,20.9,7.5
2024-Q4,gaussian_naive_bayes,subindices_meteorologia,2024-12-02 14:00:00,2024-12-02 15:00:00,0,1,falso_positivo,242.0,54.33333333333333,0.9379909029613054,0.2799999999999999,54.33333333333333,5.440000000000001,10.2,2.758333333333334,1.4,131.0,3.0,3.0,5.2,1009.5,79,1.7,25.0,11.1
2024-Q4,gaussian_naive_bayes,subindices_meteorologia,2024-12-07 15:00:00,2024-12-07 16:00:00,0,1,falso_positivo,170.0,73.5,0.7230245449624134,0.52,73.5,8.110000000000001,16.166666666666668,6.158333333333334,2.6,140.0,4.0,3.9,0.0,1010.1,42,2.0,30.6,13.3
2024-Q4,gaussian_naive_bayes,subindices_meteorologia,2024-12-07 16:00:00,2024-12-07 17:00:00,0,1,falso_positivo,216.0,78.16666666666666,0.7191425339827494,0.8800000000000001,78.16666666666666,8.250000000000002,16.42666666666667,6.208333333333333,4.4,128.0,5.8,5.5,0.0,1009.8,44,2.0,30.2,12.8
2024-Q4,gaussian_naive_bayes,subindices_meteorologia,2024-12-07 17:00:00,2024-12-07 18:00:00,0,1,falso_positivo,281.0,75.33333333333333,0.7516543759374351,1.4,75.33333333333333,8.506666666666666,16.853333333333335,6.241666666666667,7.0,109.0,9.8,8.5,0.0,1010.1,51,2.0,29.6,7.4
2024-Q4,gaussian_naive_bayes,subindices_meteorologia,2024-12-16 16:00:00,2024-12-16 17:00:00,0,1,falso_positivo,176.0,78.0,0.7400083429984433,0.58,78.0,7.486666666666666,14.846666666666668,4.450000000000001,2.9,137.0,7.0,6.8,0.0,1009.1,40,2.4,27.8,16.6
2024-Q4,gaussian_naive_bayes,subindices_meteorologia,2024-12-16 17:00:00,2024-12-16 18:00:00,0,1,falso_positivo,197.0,82.0,0.7191425339827494,0.76,82.0,7.5,14.813333333333333,4.441666666666667,3.8,122.0,7.9,6.9,0.0,1009.4,44,2.2,26.9,14.8
2024-Q4,gaussian_naive_bayes,subindices_meteorologia,2024-12-16 18:00:00,2024-12-16 19:00:00,0,1,falso_positivo,212.0,81.5,0.7133195175132534,1.04,81.5,7.5133333333333345,14.76,4.391666666666668,5.2,105.0,8.4,7.1,0.0,1009.8,51,2.0,25.6,12.4
2024-Q4,gaussian_naive_bayes,subindices_meteorologia,2024-12-21 14:00:00,2024-12-21 15:00:00,0,1,falso_positivo,220.0,38.900000000000006,0.980693023737609,0.58,38.900000000000006,8.583333333333334,16.94666666666667,5.083333333333335,2.9,125.0,10.6,10.4,7.2,1012.2,88,3.2,21.9,13.9
2024-Q4,gaussian_naive_bayes,subindices_meteorologia,2024-12-22 13:00:00,2024-12-22 14:00:00,0,1,falso_positivo,280.0,39.95,1.10879938606652,0.5,39.95,9.596666666666666,18.88,6.375000000000001,2.5,146.0,19.3,18.9,5.6,1013.7,88,3.4,22.4,10.3
2024-Q4,gaussian_naive_bayes,subindices_meteorologia,2024-12-22 16:00:00,2024-12-22 17:00:00,0,1,falso_positivo,321.0,79.66666666666666,1.097153353127528,0.8800000000000001,79.66666666666666,10.296666666666669,20.206666666666663,6.183333333333334,4.4,121.0,17.2,16.6,0.1,1011.8,75,2.0,25.0,9.3
2024-Q4,gaussian_naive_bayes,subindices_meteorologia,2024-12-22 17:00:00,2024-12-22 18:00:00,0,1,falso_positivo,329.0,82.0,1.1282094409648398,1.04,82.0,10.386666666666668,20.366666666666667,6.15,5.2,118.0,14.8,14.3,4.8,1012.3,83,1.8,22.9,7.3
2024-Q4,gaussian_naive_bayes,poluentes_subindices_meteorologia,2024-10-01 14:00:00,2024-10-01 15:00:00,0,1,falso_positivo,273.0,63.33333333333333,1.1320914519445036,0.32,63.33333333333333,15.103333333333332,19.840000000000003,8.391666666666667,1.6,161.0,18.0,12.5,0.0,1009.6,25,3.1,33.2,9.1
2024-Q4,gaussian_naive_bayes,poluentes_subindices_meteorologia,2024-10-01 15:00:00,2024-10-01 16:00:00,0,1,falso_positivo,275.0,80.0,1.1136518997910998,0.48,80.0,15.073333333333332,19.866666666666667,8.358333333333334,2.4,163.0,19.3,13.4,0.0,1008.9,24,3.4,33.8,11.9
2024-Q4,gaussian_naive_bayes,poluentes_subindices_meteorologia,2024-10-01 19:00:00,2024-10-01 20:00:00,0,1,falso_positivo,332.0,104.33333333333331,1.1354882115517095,2.26,104.33333333333331,14.966666666666669,20.120000000000005,8.158333333333333,11.3,124.0,21.6,14.9,0.0,1009.5,31,3.8,28.4,3.1
2024-Q4,gaussian_naive_bayes,poluentes_subindices_meteorologia,2024-10-01 20:00:00,2024-10-01 21:00:00,0,1,falso_positivo,348.0,99.0,1.1680000535063952,2.68,99.0,14.936666666666666,20.19333333333333,8.108333333333333,13.4,111.0,21.7,15.0,0.0,1010.5,55,3.8,24.9,6.7
2024-Q4,gaussian_naive_bayes,poluentes_subindices_meteorologia,2024-10-02 10:00:00,2024-10-02 11:00:00,0,1,falso_positivo,394.0,27.8,1.7876660561352555,1.26,27.8,17.043333333333333,23.75333333333333,9.375000000000002,6.3,177.0,33.8,23.4,0.0,1011.8,42,9.0,29.1,7.8
2024-Q4,gaussian_naive_bayes,poluentes_subindices_meteorologia,2024-10-02 11:00:00,2024-10-02 12:00:00,0,1,falso_positivo,375.0,36.95,1.7129373447767244,1.02,36.95,17.62,24.54,9.8,5.1,210.0,36.0,24.8,0.0,1010.5,31,8.3,32.1,12.7
2024-Q4,gaussian_naive_bayes,poluentes_subindices_meteorologia,2024-10-02 12:00:00,2024-10-02 13:00:00,0,1,falso_positivo,354.0,64.5,1.633356119693613,0.82,64.5,18.316666666666663,25.48,10.183333333333334,4.1,230.0,38.4,26.3,0.0,1009.3,24,7.3,34.0,15.7
2024-Q4,gaussian_naive_bayes,poluentes_subindices_meteorologia,2024-10-02 22:00:00,2024-10-02 23:00:00,0,1,falso_positivo,281.0,105.83333333333331,1.1592655288021514,0.94,105.83333333333331,21.973333333333336,29.313333333333333,9.8,4.7,101.0,26.5,16.2,0.0,1016.0,88,2.7,18.5,9.2
2024-Q4,gaussian_naive_bayes,poluentes_subindices_meteorologia,2024-10-02 23:00:00,2024-10-03 00:00:00,0,1,falso_positivo,281.0,90.0,1.1558687691949454,0.94,90.0,22.00333333333333,29.23333333333333,9.55,4.7,90.0,25.1,15.7,0.0,1016.3,89,2.6,18.2,8.8
2024-Q4,gaussian_naive_bayes,poluentes_subindices_meteorologia,2024-10-08 14:00:00,2024-10-08 15:00:00,0,1,falso_positivo,239.0,59.66666666666666,0.9064495637515356,0.48,59.66666666666666,14.240000000000002,17.493333333333332,10.125000000000002,2.4,144.0,31.8,20.1,0.0,1009.5,44,7.8,31.5,8.9
2024-Q4,gaussian_naive_bayes,poluentes_subindices_meteorologia,2024-10-08 15:00:00,2024-10-08 16:00:00,0,1,falso_positivo,218.0,72.83333333333333,0.9239186131600235,0.5,72.83333333333333,14.9,18.32,10.483333333333334,2.5,139.0,30.3,18.5,0.0,1009.8,67,7.0,27.4,19.9
2024-Q4,gaussian_naive_bayes,poluentes_subindices_meteorologia,2024-10-08 16:00:00,2024-10-08 17:00:00,0,1,falso_positivo,198.0,81.5,0.9229481104151076,0.5599999999999999,81.5,15.5,19.040000000000003,10.841666666666669,2.8,133.0,28.8,16.9,0.0,1010.5,73,6.9,24.3,21.3
2024-Q4,gaussian_naive_bayes,poluentes_subindices_meteorologia,2024-10-08 17:00:00,2024-10-08 18:00:00,0,1,falso_positivo,178.0,86.5,0.9020823013994136,0.6400000000000001,86.5,15.933333333333335,19.520000000000003,11.216666666666669,3.2,126.0,23.9,13.2,0.0,1011.3,80,7.1,22.0,18.2
2024-Q4,gaussian_naive_bayes,poluentes_subindices_meteorologia,2024-10-08 18:00:00,2024-10-08 19:00:00,0,1,falso_positivo,166.0,87.66666666666667,0.8676294539548961,0.76,87.66666666666667,16.276666666666667,19.886666666666667,11.608333333333334,3.8,118.0,21.4,11.4,0.0,1011.8,80,7.3,20.3,16.8
2024-Q4,gaussian_naive_bayes,poluentes_subindices_meteorologia,2024-10-08 19:00:00,2024-10-08 20:00:00,0,1,falso_positivo,164.0,84.16666666666667,0.8215305735713866,0.9,84.16666666666667,16.583333333333336,20.206666666666663,11.991666666666667,4.5,111.0,20.5,10.8,0.0,1012.9,88,7.2,18.5,13.9
2024-Q4,gaussian_naive_bayes,poluentes_subindices_meteorologia,2024-10-11 14:00:00,2024-10-11 15:00:00,0,1,falso_positivo,339.0,33.4,1.2519485409416289,0.48,33.4,14.783333333333337,20.46,5.925000000000001,2.4,130.0,25.4,17.8,5.5,1010.0,76,2.9,24.7,7.3
2024-Q4,gaussian_naive_bayes,poluentes_subindices_meteorologia,2024-10-11 18:00:00,2024-10-11 19:00:00,0,1,falso_positivo,345.0,67.5,1.317942727595916,1.2800000000000002,67.5,15.720000000000002,21.866666666666667,6.191666666666667,6.4,118.0,29.8,20.5,4.3,1010.7,95,3.3,20.7,17.5
2024-Q4,gaussian_naive_bayes,poluentes_subindices_meteorologia,2024-10-12 14:00:00,2024-10-12 15:00:00,0,1,falso_positivo,431.0,72.66666666666666,1.9041263855251749,0.44,72.66666666666666,19.38666666666667,27.006666666666668,6.691666666666667,2.2,143.0,14.8,10.2,0.0,1014.5,48,3.2,27.3,16.6
2024-Q4,gaussian_naive_bayes,poluentes_subindices_meteorologia,2024-10-12 15:00:00,2024-10-12 16:00:00,0,1,falso_positivo,422.0,81.83333333333333,1.8691882867081988,0.48,81.83333333333333,18.94,26.380000000000003,6.683333333333334,2.4,137.0,13.7,9.4,0.1,1015.0,64,2.9,24.8,17.1
2024-Q4,gaussian_naive_bayes,poluentes_subindices_meteorologia,2024-10-12 16:00:00,2024-10-12 17:00:00,0,1,falso_positivo,421.0,86.16666666666667,1.8153253843653612,0.5599999999999999,86.16666666666667,18.406666666666663,25.633333333333333,6.633333333333334,2.8,128.0,13.0,8.8,0.2,1015.7,78,2.5,22.3,22.7
2024-Q4,gaussian_naive_bayes,poluentes_subindices_meteorologia,2024-10-12 17:00:00,2024-10-12 18:00:00,0,1,falso_positivo,425.0,86.0,1.75758047104286,0.66,86.0,17.783333333333335,24.766666666666666,6.525000000000001,3.3,115.0,11.6,7.8,0.0,1016.6,83,2.0,20.6,24.1
2024-Q4,gaussian_naive_bayes,poluentes_subindices_meteorologia,2024-10-16 12:00:00,2024-10-16 13:00:00,0,1,falso_positivo,262.0,40.16666666666666,0.8928625253227118,0.6400000000000001,40.16666666666666,13.88,17.213333333333335,9.791666666666666,3.2,181.0,34.9,23.3,3.5,1014.8,67,8.6,25.2,3.1
2024-Q4,gaussian_naive_bayes,poluentes_subindices_meteorologia,2024-10-16 13:00:00,2024-10-16 14:00:00,0,1,falso_positivo,268.0,67.83333333333333,0.9287711268846034,0.6200000000000001,67.83333333333333,14.720000000000002,18.38,10.183333333333334,3.1,193.0,38.0,25.4,4.9,1014.2,75,8.3,24.1,5.6
2024-Q4,gaussian_naive_bayes,poluentes_subindices_meteorologia,2024-10-16 23:00:00,2024-10-17 00:00:00,0,1,falso_positivo,250.0,111.0,1.0287329096109503,1.56,111.0,21.00666666666667,27.946666666666665,12.116666666666667,7.8,99.0,23.1,15.8,0.0,1016.4,96,4.9,17.6,4.4
2024-Q4,gaussian_naive_bayes,poluentes_subindices_meteorologia,2024-10-17 00:00:00,2024-10-17 01:00:00,0,1,falso_positivo,260.0,91.5,1.0190278821617906,1.72,91.5,21.450000000000003,28.626666666666665,12.308333333333335,8.6,88.0,24.7,17.1,0.0,1015.8,97,5.1,17.6,4.6
2024-Q4,gaussian_naive_bayes,poluentes_subindices_meteorologia,2024-10-17 14:00:00,2024-10-17 15:00:00,0,1,falso_positivo,242.0,65.5,0.9583714606045411,0.38,65.5,21.546666666666667,29.4,9.083333333333334,1.9,150.0,18.7,12.6,0.0,1012.7,49,2.9,28.4,13.3
2024-Q4,gaussian_naive_bayes,poluentes_subindices_meteorologia,2024-10-17 15:00:00,2024-10-17 16:00:00,0,1,falso_positivo,227.0,81.0,0.9491516845278392,0.42,81.0,20.833333333333336,28.433333333333334,8.683333333333334,2.1,147.0,18.3,12.2,0.0,1012.7,69,2.8,25.8,16.4
2024-Q4,gaussian_naive_bayes,poluentes_subindices_meteorologia,2024-10-17 16:00:00,2024-10-17 17:00:00,0,1,falso_positivo,202.0,90.16666666666669,0.9399319084511374,0.48,90.16666666666669,19.99666666666667,27.28666666666667,8.3,2.4,134.0,16.9,11.1,0.0,1012.6,72,2.4,24.5,18.9
2024-Q4,gaussian_naive_bayes,poluentes_subindices_meteorologia,2024-10-17 17:00:00,2024-10-17 18:00:00,0,1,falso_positivo,171.0,89.33333333333333,0.9015970500269558,0.5599999999999999,89.33333333333333,19.063333333333333,26.0,7.9333333333333345,2.8,115.0,14.3,9.2,0.0,1012.9,80,1.9,22.1,20.9
2024-Q4,gaussian_naive_bayes,poluentes_subindices_meteorologia,2024-10-22 13:00:00,2024-10-22 14:00:00,0,1,falso_positivo,272.0,70.16666666666666,1.2703880930950322,0.5,70.16666666666666,14.823333333333336,20.42,9.325,2.5,155.0,20.5,14.3,0.0,1016.1,54,4.5,29.3,6.1
2024-Q4,gaussian_naive_bayes,poluentes_subindices_meteorologia,2024-10-22 17:00:00,2024-10-22 18:00:00,0,1,falso_positivo,251.0,100.83333333333331,1.0510544727440183,1.02,100.83333333333331,15.203333333333331,21.040000000000003,9.3,5.1,131.0,15.8,10.8,0.0,1014.7,82,2.7,24.9,11.0
2024-Q4,gaussian_naive_bayes,poluentes_subindices_meteorologia,2024-10-22 18:00:00,2024-10-22 19:00:00,0,1,falso_positivo,256.0,96.5,1.0263066527486606,1.26,96.5,15.35666666666667,21.28,9.358333333333334,6.3,128.0,16.6,11.4,0.0,1015.2,86,2.9,23.6,9.1
2024-Q4,gaussian_naive_bayes,poluentes_subindices_meteorologia,2024-10-22 19:00:00,2024-10-22 20:00:00,0,1,falso_positivo,261.0,89.16666666666667,1.0088376033401727,1.4400000000000002,89.16666666666667,15.516666666666666,21.520000000000003,9.433333333333335,7.2,117.0,16.2,11.2,0.0,1015.8,92,2.9,22.1,4.5
2024-Q4,gaussian_naive_bayes,poluentes_subindices_meteorologia,2024-10-23 14:00:00,2024-10-23 15:00:00,0,1,falso_positivo,296.0,76.0,1.2432140162373848,0.5,76.0,15.733333333333334,21.9,8.858333333333334,2.5,159.0,28.0,19.5,0.0,1012.5,70,5.2,26.0,1.2
2024-Q4,gaussian_naive_bayes,poluentes_subindices_meteorologia,2024-10-23 15:00:00,2024-10-23 16:00:00,0,1,falso_positivo,289.0,92.0,1.208275917420409,0.6200000000000001,92.0,16.070000000000004,22.37333333333333,9.000000000000002,3.1,147.0,24.2,16.8,0.0,1011.8,70,4.2,25.9,3.8
2024-Q4,gaussian_naive_bayes,poluentes_subindices_meteorologia,2024-10-23 18:00:00,2024-10-23 19:00:00,0,1,falso_positivo,302.0,102.0,1.169455807623769,1.66,102.0,16.733333333333334,23.326666666666668,9.250000000000002,8.3,113.0,20.6,14.3,0.0,1011.2,82,3.5,24.8,3.1
2024-Q4,gaussian_naive_bayes,poluentes_subindices_meteorologia,2024-10-23 19:00:00,2024-10-23 20:00:00,0,1,falso_positivo,306.0,93.5,1.1650885452716475,1.7600000000000002,93.5,16.68,23.260000000000005,9.266666666666667,8.8,100.0,14.6,10.2,0.0,1011.7,84,3.1,23.3,4.3
2024-Q4,gaussian_naive_bayes,poluentes_subindices_meteorologia,2024-11-06 14:00:00,2024-11-06 15:00:00,0,1,falso_positivo,198.0,29.05,0.8482193990565763,0.36,29.05,8.23,11.44,6.891666666666667,1.8,91.0,7.0,4.8,8.2,1013.4,83,1.7,22.6,6.7
2024-Q4,gaussian_naive_bayes,poluentes_subindices_meteorologia,2024-11-11 16:00:00,2024-11-11 17:00:00,0,1,falso_positivo,291.0,78.16666666666666,0.8399701257247904,0.5599999999999999,78.16666666666666,6.486666666666668,8.713333333333333,3.991666666666667,2.8,143.0,14.2,9.2,0.0,1008.2,47,4.5,27.6,17.5
2024-Q4,gaussian_naive_bayes,poluentes_subindices_meteorologia,2024-11-11 17:00:00,2024-11-11 18:00:00,0,1,falso_positivo,377.0,87.66666666666667,0.9229481104151076,0.8400000000000001,87.66666666666667,6.73,9.033333333333331,4.3500000000000005,4.2,136.0,14.0,8.9,0.0,1008.2,54,4.8,26.7,12.8
2024-Q4,gaussian_naive_bayes,poluentes_subindices_meteorologia,2024-11-11 18:00:00,2024-11-11 19:00:00,0,1,falso_positivo,422.0,92.66666666666669,1.027277155493577,1.16,92.66666666666669,7.050000000000001,9.446666666666664,4.7250000000000005,5.8,127.0,15.4,9.7,0.0,1008.7,67,5.0,24.0,6.4
2024-Q4,gaussian_naive_bayes,poluentes_subindices_meteorologia,2024-11-11 19:00:00,2024-11-11 20:00:00,0,1,falso_positivo,382.0,91.0,1.114622402536016,1.54,91.0,7.466666666666668,9.986666666666668,5.116666666666667,7.7,113.0,17.5,11.2,0.0,1009.5,78,5.2,21.3,9.6
2024-Q4,gaussian_naive_bayes,poluentes_subindices_meteorologia,2024-11-12 12:00:00,2024-11-12 13:00:00,0,1,falso_positivo,188.0,58.5,1.0539659809787665,0.58,58.5,13.753333333333334,19.28666666666667,10.825,2.9,159.0,10.5,9.5,0.0,1007.9,36,4.3,30.6,9.3
2024-Q4,gaussian_naive_bayes,poluentes_subindices_meteorologia,2024-11-12 13:00:00,2024-11-12 14:00:00,0,1,falso_positivo,171.0,75.66666666666666,0.9933095594215168,0.48,75.66666666666666,13.720000000000002,19.38666666666667,10.741666666666667,2.4,149.0,14.1,11.9,0.0,1007.4,35,3.5,30.8,11.4
2024-Q4,gaussian_naive_bayes,poluentes_subindices_meteorologia,2024-11-12 14:00:00,2024-11-12 15:00:00,0,1,falso_positivo,164.0,89.0,0.9297416296295196,0.44,89.0,13.670000000000002,19.473333333333336,10.616666666666667,2.2,132.0,13.8,11.6,0.3,1008.9,78,2.8,23.9,18.9
2024-Q4,gaussian_naive_bayes,poluentes_subindices_meteorologia,2024-11-12 15:00:00,2024-11-12 16:00:00,0,1,falso_positivo,160.0,95.0,0.8622916888578581,0.44,95.0,13.643333333333334,19.58666666666667,10.45,2.2,116.0,14.0,11.4,0.1,1009.0,74,2.3,24.2,19.9
2024-Q4,gaussian_naive_bayes,poluentes_subindices_meteorologia,2024-11-12 16:00:00,2024-11-12 17:00:00,0,1,falso_positivo,159.0,92.16666666666669,0.7914449884789907,0.52,92.16666666666669,13.663333333333336,19.74666666666667,10.233333333333333,2.6,102.0,14.8,11.6,0.0,1009.6,80,1.9,21.8,19.4
2024-Q4,gaussian_naive_bayes,poluentes_subindices_meteorologia,2024-11-18 13:00:00,2024-11-18 14:00:00,0,1,falso_positivo,300.0,60.5,1.1068583805766878,0.42,60.5,14.970000000000002,29.76666666666667,5.45,2.1,181.0,13.1,13.0,0.0,1011.5,44,4.5,28.9,7.3
2024-Q4,gaussian_naive_bayes,poluentes_subindices_meteorologia,2024-11-18 21:00:00,2024-11-18 22:00:00,0,1,falso_positivo,386.0,116.16666666666666,1.3160017221060838,2.6,116.16666666666666,17.376666666666665,34.526666666666664,6.208333333333333,13.0,83.0,28.6,27.9,0.0,1012.7,86,1.6,19.9,2.9
2024-Q4,gaussian_naive_bayes,poluentes_subindices_meteorologia,2024-11-18 22:00:00,2024-11-18 23:00:00,0,1,falso_positivo,410.0,96.33333333333331,1.3645268593518836,3.02,96.33333333333331,17.813333333333333,35.36666666666667,6.133333333333336,15.1,72.0,31.8,31.2,0.0,1014.0,87,1.3,19.3,3.4
2024-Q4,gaussian_naive_bayes,poluentes_subindices_meteorologia,2024-11-19 13:00:00,2024-11-19 14:00:00,0,1,falso_positivo,213.0,68.16666666666666,1.0670677680351324,0.3,68.16666666666666,21.933333333333337,43.38666666666667,5.375000000000001,1.5,150.0,12.9,12.7,0.0,1012.8,50,2.5,28.6,7.6
2024-Q4,gaussian_naive_bayes,poluentes_subindices_meteorologia,2024-11-19 14:00:00,2024-11-19 15:00:00,0,1,falso_positivo,200.0,83.66666666666667,0.9937948107939748,0.3,83.66666666666667,21.846666666666668,43.21333333333333,5.191666666666667,1.5,147.0,12.4,12.2,0.0,1012.5,56,2.3,27.7,12.5
2024-Q4,gaussian_naive_bayes,poluentes_subindices_meteorologia,2024-11-19 15:00:00,2024-11-19 16:00:00,0,1,falso_positivo,193.0,93.83333333333331,0.9263448700223136,0.34,93.83333333333331,21.683333333333337,42.88,5.000000000000001,1.7,140.0,12.0,11.8,0.0,1012.4,65,2.1,25.6,16.1
2024-Q4,gaussian_naive_bayes,poluentes_subindices_meteorologia,2024-11-19 16:00:00,2024-11-19 17:00:00,0,1,falso_positivo,194.0,96.66666666666666,0.87393772179685,0.4,96.66666666666666,21.44,42.38666666666666,4.800000000000001,2.0,128.0,11.4,11.1,0.0,1012.3,69,1.7,24.4,16.8
2024-Q4,gaussian_naive_bayes,poluentes_subindices_meteorologia,2024-11-19 17:00:00,2024-11-19 18:00:00,0,1,falso_positivo,200.0,92.66666666666669,0.8370586174900424,0.48,92.66666666666669,21.12333333333333,41.74,4.6000000000000005,2.4,112.0,10.4,10.0,0.0,1012.2,74,1.3,22.6,14.2
2024-Q4,gaussian_naive_bayes,poluentes_subindices_meteorologia,2024-11-19 18:00:00,2024-11-19 19:00:00,0,1,falso_positivo,209.0,85.33333333333333,0.8137665516120585,0.6200000000000001,85.33333333333333,20.74666666666667,40.98,4.416666666666668,3.1,97.0,9.5,9.1,0.0,1012.6,79,1.0,20.9,13.7
2024-Q4,gaussian_naive_bayes,poluentes_subindices_meteorologia,2024-11-26 14:00:00,2024-11-26 15:00:00,0,1,falso_positivo,187.0,72.83333333333333,0.7443756053505652,0.34,72.83333333333333,8.836666666666666,17.20666666666667,5.916666666666667,1.7,161.0,7.8,7.7,0.0,1012.7,37,3.3,29.2,16.2
2024-Q4,gaussian_naive_bayes,poluentes_subindices_meteorologia,2024-11-26 18:00:00,2024-11-26 19:00:00,0,1,falso_positivo,224.0,100.83333333333331,0.7448608567230232,2.1,100.83333333333331,9.38,18.34,6.191666666666667,10.5,116.0,13.0,12.7,0.0,1011.0,58,3.0,26.2,4.2
2024-Q4,gaussian_naive_bayes,poluentes_subindices_meteorologia,2024-11-26 19:00:00,2024-11-26 20:00:00,0,1,falso_positivo,255.0,94.5,0.7851367206370369,2.8600000000000003,94.5,9.606666666666667,18.813333333333333,6.250000000000001,14.3,102.0,15.5,15.2,0.0,1011.5,66,3.2,23.7,1.8
2024-Q4,gaussian_naive_bayes,poluentes_subindices_meteorologia,2024-11-27 13:00:00,2024-11-27 14:00:00,0,1,falso_positivo,164.0,69.33333333333333,0.9540041982524192,0.36,69.33333333333333,10.276666666666666,20.3,6.716666666666668,1.8,168.0,5.1,5.1,0.0,1010.7,36,2.6,31.4,10.5
2024-Q4,gaussian_naive_bayes,poluentes_subindices_meteorologia,2024-11-27 20:00:00,2024-11-27 21:00:00,0,1,falso_positivo,305.0,100.16666666666666,0.9520631927625872,2.9000000000000004,100.16666666666666,9.756666666666668,19.293333333333333,6.508333333333334,14.5,101.0,13.4,13.2,0.0,1010.5,61,3.0,25.5,1.7
2024-Q4,gaussian_naive_bayes,poluentes_subindices_meteorologia,2024-11-28 14:00:00,2024-11-28 15:00:00,0,1,falso_positivo,156.0,76.66666666666666,0.757477392406931,0.2799999999999999,76.66666666666666,6.303333333333335,12.46,6.2250000000000005,1.4,145.0,5.1,5.1,0.0,1008.6,40,1.9,32.3,12.6
2024-Q4,gaussian_naive_bayes,poluentes_subindices_meteorologia,2024-11-28 15:00:00,2024-11-28 16:00:00,0,1,falso_positivo,182.0,89.0,0.7147752716306275,0.42,89.0,6.280000000000001,12.413333333333334,6.166666666666667,2.1,148.0,6.1,6.0,0.0,1008.1,41,2.1,32.4,4.4
2024-Q4,gaussian_naive_bayes,poluentes_subindices_meteorologia,2024-11-28 16:00:00,2024-11-28 17:00:00,0,1,falso_positivo,257.0,94.16666666666669,0.7230245449624134,0.82,94.16666666666669,6.276666666666667,12.406666666666668,6.125,4.1,144.0,7.5,7.4,9.3,1009.7,79,2.3,25.4,18.8
2024-Q4,gaussian_naive_bayes,poluentes_subindices_meteorologia,2024-11-28 17:00:00,2024-11-28 18:00:00,0,1,falso_positivo,358.0,93.16666666666669,0.7938712453412807,1.38,93.16666666666669,6.376666666666666,12.56,6.108333333333334,6.9,136.0,12.3,11.4,6.7,1010.7,94,2.6,23.2,1.9
2024-Q4,gaussian_naive_bayes,poluentes_subindices_meteorologia,2024-11-28 18:00:00,2024-11-28 19:00:00,0,1,falso_positivo,432.0,91.16666666666669,0.9108168261036576,1.82,91.16666666666669,6.496666666666667,12.726666666666668,6.116666666666667,9.1,127.0,14.9,13.6,0.5,1011.8,95,2.9,23.5,4.2
2024-Q4,gaussian_naive_bayes,poluentes_subindices_meteorologia,2024-11-28 19:00:00,2024-11-28 20:00:00,0,1,falso_positivo,455.0,88.33333333333333,1.0476577131368126,2.0,88.33333333333333,6.613333333333333,12.89333333333333,6.150000000000001,10.0,118.0,16.6,15.4,4.9,1012.6,95,3.3,21.5,8.8
2024-Q4,gaussian_naive_bayes,poluentes_subindices_meteorologia,2024-11-30 10:00:00,2024-11-30 11:00:00,0,1,falso_positivo,415.0,38.36,1.9875896215879496,1.5,25.950000000000003,19.25,38.36,9.566666666666668,7.5,148.0,36.4,36.2,0.1,1013.8,70,6.9,26.5,5.8
2024-Q4,gaussian_naive_bayes,poluentes_subindices_meteorologia,2024-11-30 11:00:00,2024-11-30 12:00:00,0,1,falso_positivo,433.0,39.96666666666667,1.8963623635658464,1.1,33.2,20.056666666666665,39.96666666666667,9.658333333333331,5.5,156.0,31.9,31.8,0.2,1013.4,67,4.5,27.3,6.1
2024-Q4,gaussian_naive_bayes,poluentes_subindices_meteorologia,2024-11-30 12:00:00,2024-11-30 13:00:00,0,1,falso_positivo,441.0,42.16666666666666,1.8187221439725676,0.8,42.16666666666666,20.87333333333333,41.58666666666667,9.625000000000002,4.0,161.0,32.4,32.2,0.1,1012.9,64,2.7,28.0,7.4
2024-Q4,gaussian_naive_bayes,poluentes_subindices_meteorologia,2024-11-30 13:00:00,2024-11-30 14:00:00,0,1,falso_positivo,428.0,66.33333333333333,1.749331197711074,0.7000000000000001,66.33333333333333,21.5,42.82666666666667,9.525,3.5,161.0,28.0,27.8,0.3,1013.0,66,1.9,26.7,10.0
2024-Q4,gaussian_naive_bayes,poluentes_subindices_meteorologia,2024-11-30 18:00:00,2024-11-30 19:00:00,0,1,falso_positivo,293.0,100.66666666666666,1.4819576914867183,0.9,100.66666666666666,23.120000000000005,46.02,8.741666666666667,4.5,112.0,14.5,14.3,0.0,1012.7,88,1.1,22.3,12.4
2024-Q4,gaussian_naive_bayes,poluentes_subindices_meteorologia,2024-11-30 19:00:00,2024-11-30 20:00:00,0,1,falso_positivo,275.0,91.83333333333331,1.405287974638355,0.94,91.83333333333331,23.136666666666667,46.040000000000006,8.55,4.7,103.0,14.1,13.9,0.0,1013.6,92,1.1,21.3,10.4
2024-Q4,gaussian_naive_bayes,poluentes_subindices_meteorologia,2024-11-30 20:00:00,2024-11-30 21:00:00,0,1,falso_positivo,262.0,80.83333333333333,1.318427978968374,0.96,80.83333333333333,23.083333333333336,45.92666666666666,8.341666666666667,4.8,95.0,14.3,14.0,0.0,1014.3,93,1.2,20.9,7.5
2024-Q4,gaussian_naive_bayes,poluentes_subindices_meteorologia,2024-12-02 14:00:00,2024-12-02 15:00:00,0,1,falso_positivo,242.0,54.33333333333333,0.9379909029613054,0.2799999999999999,54.33333333333333,5.440000000000001,10.2,2.758333333333334,1.4,131.0,3.0,3.0,5.2,1009.5,79,1.7,25.0,11.1
2024-Q4,gaussian_naive_bayes,poluentes_subindices_meteorologia,2024-12-07 15:00:00,2024-12-07 16:00:00,0,1,falso_positivo,170.0,73.5,0.7230245449624134,0.52,73.5,8.110000000000001,16.166666666666668,6.158333333333334,2.6,140.0,4.0,3.9,0.0,1010.1,42,2.0,30.6,13.3
2024-Q4,gaussian_naive_bayes,poluentes_subindices_meteorologia,2024-12-07 16:00:00,2024-12-07 17:00:00,0,1,falso_positivo,216.0,78.16666666666666,0.7191425339827494,0.8800000000000001,78.16666666666666,8.250000000000002,16.42666666666667,6.208333333333333,4.4,128.0,5.8,5.5,0.0,1009.8,44,2.0,30.2,12.8
2024-Q4,gaussian_naive_bayes,poluentes_subindices_meteorologia,2024-12-16 16:00:00,2024-12-16 17:00:00,0,1,falso_positivo,176.0,78.0,0.7400083429984433,0.58,78.0,7.486666666666666,14.846666666666668,4.450000000000001,2.9,137.0,7.0,6.8,0.0,1009.1,40,2.4,27.8,16.6
2024-Q4,gaussian_naive_bayes,poluentes_subindices_meteorologia,2024-12-16 17:00:00,2024-12-16 18:00:00,0,1,falso_positivo,197.0,82.0,0.7191425339827494,0.76,82.0,7.5,14.813333333333333,4.441666666666667,3.8,122.0,7.9,6.9,0.0,1009.4,44,2.2,26.9,14.8
2024-Q4,gaussian_naive_bayes,poluentes_subindices_meteorologia,2024-12-21 14:00:00,2024-12-21 15:00:00,0,1,falso_positivo,220.0,38.900000000000006,0.980693023737609,0.58,38.900000000000006,8.583333333333334,16.94666666666667,5.083333333333335,2.9,125.0,10.6,10.4,7.2,1012.2,88,3.2,21.9,13.9
2024-Q4,gaussian_naive_bayes,poluentes_subindices_meteorologia,2024-12-22 13:00:00,2024-12-22 14:00:00,0,1,falso_positivo,280.0,39.95,1.10879938606652,0.5,39.95,9.596666666666666,18.88,6.375000000000001,2.5,146.0,19.3,18.9,5.6,1013.7,88,3.4,22.4,10.3
2024-Q4,gaussian_naive_bayes,poluentes_subindices_meteorologia,2024-12-22 16:00:00,2024-12-22 17:00:00,0,1,falso_positivo,321.0,79.66666666666666,1.097153353127528,0.8800000000000001,79.66666666666666,10.296666666666669,20.206666666666663,6.183333333333334,4.4,121.0,17.2,16.6,0.1,1011.8,75,2.0,25.0,9.3
2024-Q4,gaussian_naive_bayes,poluentes_subindices_meteorologia,2024-12-22 17:00:00,2024-12-22 18:00:00,0,1,falso_positivo,329.0,82.0,1.1282094409648398,1.04,82.0,10.386666666666668,20.366666666666667,6.15,5.2,118.0,14.8,14.3,4.8,1012.3,83,1.8,22.9,7.3
2024-Q4,gaussian_naive_bayes,subindices_sem_iqar_meteorologia,2024-10-01 13:00:00,2024-10-01 14:00:00,0,1,falso_positivo,276.0,44.833333333333336,1.1553835178224874,0.3,44.833333333333336,15.12,19.820000000000004,8.433333333333335,1.5,153.0,17.2,12.0,0.0,1010.8,26,2.8,33.4,9.2
2024-Q4,gaussian_naive_bayes,subindices_sem_iqar_meteorologia,2024-10-01 14:00:00,2024-10-01 15:00:00,0,1,falso_positivo,273.0,63.33333333333333,1.1320914519445036,0.32,63.33333333333333,15.103333333333332,19.840000000000003,8.391666666666667,1.6,161.0,18.0,12.5,0.0,1009.6,25,3.1,33.2,9.1
2024-Q4,gaussian_naive_bayes,subindices_sem_iqar_meteorologia,2024-10-01 15:00:00,2024-10-01 16:00:00,0,1,falso_positivo,275.0,80.0,1.1136518997910998,0.48,80.0,15.073333333333332,19.866666666666667,8.358333333333334,2.4,163.0,19.3,13.4,0.0,1008.9,24,3.4,33.8,11.9
2024-Q4,gaussian_naive_bayes,subindices_sem_iqar_meteorologia,2024-10-01 19:00:00,2024-10-01 20:00:00,0,1,falso_positivo,332.0,104.33333333333331,1.1354882115517095,2.26,104.33333333333331,14.966666666666669,20.120000000000005,8.158333333333333,11.3,124.0,21.6,14.9,0.0,1009.5,31,3.8,28.4,3.1
2024-Q4,gaussian_naive_bayes,subindices_sem_iqar_meteorologia,2024-10-01 20:00:00,2024-10-01 21:00:00,0,1,falso_positivo,348.0,99.0,1.1680000535063952,2.68,99.0,14.936666666666666,20.19333333333333,8.108333333333333,13.4,111.0,21.7,15.0,0.0,1010.5,55,3.8,24.9,6.7
2024-Q4,gaussian_naive_bayes,subindices_sem_iqar_meteorologia,2024-10-02 11:00:00,2024-10-02 12:00:00,0,1,falso_positivo,375.0,36.95,1.7129373447767244,1.02,36.95,17.62,24.54,9.8,5.1,210.0,36.0,24.8,0.0,1010.5,31,8.3,32.1,12.7
2024-Q4,gaussian_naive_bayes,subindices_sem_iqar_meteorologia,2024-10-02 12:00:00,2024-10-02 13:00:00,0,1,falso_positivo,354.0,64.5,1.633356119693613,0.82,64.5,18.316666666666663,25.48,10.183333333333334,4.1,230.0,38.4,26.3,0.0,1009.3,24,7.3,34.0,15.7
2024-Q4,gaussian_naive_bayes,subindices_sem_iqar_meteorologia,2024-10-02 22:00:00,2024-10-02 23:00:00,0,1,falso_positivo,281.0,105.83333333333331,1.1592655288021514,0.94,105.83333333333331,21.973333333333336,29.313333333333333,9.8,4.7,101.0,26.5,16.2,0.0,1016.0,88,2.7,18.5,9.2
2024-Q4,gaussian_naive_bayes,subindices_sem_iqar_meteorologia,2024-10-11 14:00:00,2024-10-11 15:00:00,0,1,falso_positivo,339.0,33.4,1.2519485409416289,0.48,33.4,14.783333333333337,20.46,5.925000000000001,2.4,130.0,25.4,17.8,5.5,1010.0,76,2.9,24.7,7.3
2024-Q4,gaussian_naive_bayes,subindices_sem_iqar_meteorologia,2024-10-11 18:00:00,2024-10-11 19:00:00,0,1,falso_positivo,345.0,67.5,1.317942727595916,1.2800000000000002,67.5,15.720000000000002,21.866666666666667,6.191666666666667,6.4,118.0,29.8,20.5,4.3,1010.7,95,3.3,20.7,17.5
2024-Q4,gaussian_naive_bayes,subindices_sem_iqar_meteorologia,2024-10-12 14:00:00,2024-10-12 15:00:00,0,1,falso_positivo,431.0,72.66666666666666,1.9041263855251749,0.44,72.66666666666666,19.38666666666667,27.006666666666668,6.691666666666667,2.2,143.0,14.8,10.2,0.0,1014.5,48,3.2,27.3,16.6
2024-Q4,gaussian_naive_bayes,subindices_sem_iqar_meteorologia,2024-10-12 15:00:00,2024-10-12 16:00:00,0,1,falso_positivo,422.0,81.83333333333333,1.8691882867081988,0.48,81.83333333333333,18.94,26.380000000000003,6.683333333333334,2.4,137.0,13.7,9.4,0.1,1015.0,64,2.9,24.8,17.1
2024-Q4,gaussian_naive_bayes,subindices_sem_iqar_meteorologia,2024-10-16 13:00:00,2024-10-16 14:00:00,0,1,falso_positivo,268.0,67.83333333333333,0.9287711268846034,0.6200000000000001,67.83333333333333,14.720000000000002,18.38,10.183333333333334,3.1,193.0,38.0,25.4,4.9,1014.2,75,8.3,24.1,5.6
2024-Q4,gaussian_naive_bayes,subindices_sem_iqar_meteorologia,2024-10-16 23:00:00,2024-10-17 00:00:00,0,1,falso_positivo,250.0,111.0,1.0287329096109503,1.56,111.0,21.00666666666667,27.946666666666665,12.116666666666667,7.8,99.0,23.1,15.8,0.0,1016.4,96,4.9,17.6,4.4
2024-Q4,gaussian_naive_bayes,subindices_sem_iqar_meteorologia,2024-10-17 14:00:00,2024-10-17 15:00:00,0,1,falso_positivo,242.0,65.5,0.9583714606045411,0.38,65.5,21.546666666666667,29.4,9.083333333333334,1.9,150.0,18.7,12.6,0.0,1012.7,49,2.9,28.4,13.3
2024-Q4,gaussian_naive_bayes,subindices_sem_iqar_meteorologia,2024-10-17 15:00:00,2024-10-17 16:00:00,0,1,falso_positivo,227.0,81.0,0.9491516845278392,0.42,81.0,20.833333333333336,28.433333333333334,8.683333333333334,2.1,147.0,18.3,12.2,0.0,1012.7,69,2.8,25.8,16.4
2024-Q4,gaussian_naive_bayes,subindices_sem_iqar_meteorologia,2024-10-17 16:00:00,2024-10-17 17:00:00,0,1,falso_positivo,202.0,90.16666666666669,0.9399319084511374,0.48,90.16666666666669,19.99666666666667,27.28666666666667,8.3,2.4,134.0,16.9,11.1,0.0,1012.6,72,2.4,24.5,18.9
2024-Q4,gaussian_naive_bayes,subindices_sem_iqar_meteorologia,2024-10-17 17:00:00,2024-10-17 18:00:00,0,1,falso_positivo,171.0,89.33333333333333,0.9015970500269558,0.5599999999999999,89.33333333333333,19.063333333333333,26.0,7.9333333333333345,2.8,115.0,14.3,9.2,0.0,1012.9,80,1.9,22.1,20.9
2024-Q4,gaussian_naive_bayes,subindices_sem_iqar_meteorologia,2024-10-22 17:00:00,2024-10-22 18:00:00,0,1,falso_positivo,251.0,100.83333333333331,1.0510544727440183,1.02,100.83333333333331,15.203333333333331,21.040000000000003,9.3,5.1,131.0,15.8,10.8,0.0,1014.7,82,2.7,24.9,11.0
2024-Q4,gaussian_naive_bayes,subindices_sem_iqar_meteorologia,2024-10-22 18:00:00,2024-10-22 19:00:00,0,1,falso_positivo,256.0,96.5,1.0263066527486606,1.26,96.5,15.35666666666667,21.28,9.358333333333334,6.3,128.0,16.6,11.4,0.0,1015.2,86,2.9,23.6,9.1
2024-Q4,gaussian_naive_bayes,subindices_sem_iqar_meteorologia,2024-10-23 15:00:00,2024-10-23 16:00:00,0,1,falso_positivo,289.0,92.0,1.208275917420409,0.6200000000000001,92.0,16.070000000000004,22.37333333333333,9.000000000000002,3.1,147.0,24.2,16.8,0.0,1011.8,70,4.2,25.9,3.8
2024-Q4,gaussian_naive_bayes,subindices_sem_iqar_meteorologia,2024-10-23 18:00:00,2024-10-23 19:00:00,0,1,falso_positivo,302.0,102.0,1.169455807623769,1.66,102.0,16.733333333333334,23.326666666666668,9.250000000000002,8.3,113.0,20.6,14.3,0.0,1011.2,82,3.5,24.8,3.1
2024-Q4,gaussian_naive_bayes,subindices_sem_iqar_meteorologia,2024-10-23 19:00:00,2024-10-23 20:00:00,0,1,falso_positivo,306.0,93.5,1.1650885452716475,1.7600000000000002,93.5,16.68,23.260000000000005,9.266666666666667,8.8,100.0,14.6,10.2,0.0,1011.7,84,3.1,23.3,4.3
2024-Q4,gaussian_naive_bayes,subindices_sem_iqar_meteorologia,2024-11-05 23:00:00,2024-11-06 00:00:00,0,1,falso_positivo,323.0,27.950000000000003,1.191777370756837,2.76,27.950000000000003,9.116666666666667,12.68,6.275,13.8,37.0,15.4,10.8,5.6,1016.8,98,4.8,19.8,6.5
2024-Q4,gaussian_naive_bayes,subindices_sem_iqar_meteorologia,2024-11-06 14:00:00,2024-11-06 15:00:00,0,1,falso_positivo,198.0,29.05,0.8482193990565763,0.36,29.05,8.23,11.44,6.891666666666667,1.8,91.0,7.0,4.8,8.2,1013.4,83,1.7,22.6,6.7
2024-Q4,gaussian_naive_bayes,subindices_sem_iqar_meteorologia,2024-11-08 13:00:00,2024-11-08 14:00:00,0,1,falso_positivo,302.0,19.8,0.9248891159049396,1.42,19.8,6.663333333333333,9.446666666666667,5.166666666666667,7.1,71.0,12.2,8.4,6.0,1008.6,91,4.2,21.4,19.0
2024-Q4,gaussian_naive_bayes,subindices_sem_iqar_meteorologia,2024-11-11 17:00:00,2024-11-11 18:00:00,0,1,falso_positivo,377.0,87.66666666666667,0.9229481104151076,0.8400000000000001,87.66666666666667,6.73,9.033333333333331,4.3500000000000005,4.2,136.0,14.0,8.9,0.0,1008.2,54,4.8,26.7,12.8
2024-Q4,gaussian_naive_bayes,subindices_sem_iqar_meteorologia,2024-11-11 18:00:00,2024-11-11 19:00:00,0,1,falso_positivo,422.0,92.66666666666669,1.027277155493577,1.16,92.66666666666669,7.050000000000001,9.446666666666664,4.7250000000000005,5.8,127.0,15.4,9.7,0.0,1008.7,67,5.0,24.0,6.4
2024-Q4,gaussian_naive_bayes,subindices_sem_iqar_meteorologia,2024-11-12 12:00:00,2024-11-12 13:00:00,0,1,falso_positivo,188.0,58.5,1.0539659809787665,0.58,58.5,13.753333333333334,19.28666666666667,10.825,2.9,159.0,10.5,9.5,0.0,1007.9,36,4.3,30.6,9.3
2024-Q4,gaussian_naive_bayes,subindices_sem_iqar_meteorologia,2024-11-12 13:00:00,2024-11-12 14:00:00,0,1,falso_positivo,171.0,75.66666666666666,0.9933095594215168,0.48,75.66666666666666,13.720000000000002,19.38666666666667,10.741666666666667,2.4,149.0,14.1,11.9,0.0,1007.4,35,3.5,30.8,11.4
2024-Q4,gaussian_naive_bayes,subindices_sem_iqar_meteorologia,2024-11-12 14:00:00,2024-11-12 15:00:00,0,1,falso_positivo,164.0,89.0,0.9297416296295196,0.44,89.0,13.670000000000002,19.473333333333336,10.616666666666667,2.2,132.0,13.8,11.6,0.3,1008.9,78,2.8,23.9,18.9
2024-Q4,gaussian_naive_bayes,subindices_sem_iqar_meteorologia,2024-11-12 15:00:00,2024-11-12 16:00:00,0,1,falso_positivo,160.0,95.0,0.8622916888578581,0.44,95.0,13.643333333333334,19.58666666666667,10.45,2.2,116.0,14.0,11.4,0.1,1009.0,74,2.3,24.2,19.9
2024-Q4,gaussian_naive_bayes,subindices_sem_iqar_meteorologia,2024-11-12 16:00:00,2024-11-12 17:00:00,0,1,falso_positivo,159.0,92.16666666666669,0.7914449884789907,0.52,92.16666666666669,13.663333333333336,19.74666666666667,10.233333333333333,2.6,102.0,14.8,11.6,0.0,1009.6,80,1.9,21.8,19.4
2024-Q4,gaussian_naive_bayes,subindices_sem_iqar_meteorologia,2024-11-18 21:00:00,2024-11-18 22:00:00,0,1,falso_positivo,386.0,116.16666666666666,1.3160017221060838,2.6,116.16666666666666,17.376666666666665,34.526666666666664,6.208333333333333,13.0,83.0,28.6,27.9,0.0,1012.7,86,1.6,19.9,2.9
2024-Q4,gaussian_naive_bayes,subindices_sem_iqar_meteorologia,2024-11-18 22:00:00,2024-11-18 23:00:00,0,1,falso_positivo,410.0,96.33333333333331,1.3645268593518836,3.02,96.33333333333331,17.813333333333333,35.36666666666667,6.133333333333336,15.1,72.0,31.8,31.2,0.0,1014.0,87,1.3,19.3,3.4
2024-Q4,gaussian_naive_bayes,subindices_sem_iqar_meteorologia,2024-11-19 13:00:00,2024-11-19 14:00:00,0,1,falso_positivo,213.0,68.16666666666666,1.0670677680351324,0.3,68.16666666666666,21.933333333333337,43.38666666666667,5.375000000000001,1.5,150.0,12.9,12.7,0.0,1012.8,50,2.5,28.6,7.6
2024-Q4,gaussian_naive_bayes,subindices_sem_iqar_meteorologia,2024-11-19 14:00:00,2024-11-19 15:00:00,0,1,falso_positivo,200.0,83.66666666666667,0.9937948107939748,0.3,83.66666666666667,21.846666666666668,43.21333333333333,5.191666666666667,1.5,147.0,12.4,12.2,0.0,1012.5,56,2.3,27.7,12.5
2024-Q4,gaussian_naive_bayes,subindices_sem_iqar_meteorologia,2024-11-19 15:00:00,2024-11-19 16:00:00,0,1,falso_positivo,193.0,93.83333333333331,0.9263448700223136,0.34,93.83333333333331,21.683333333333337,42.88,5.000000000000001,1.7,140.0,12.0,11.8,0.0,1012.4,65,2.1,25.6,16.1
2024-Q4,gaussian_naive_bayes,subindices_sem_iqar_meteorologia,2024-11-19 16:00:00,2024-11-19 17:00:00,0,1,falso_positivo,194.0,96.66666666666666,0.87393772179685,0.4,96.66666666666666,21.44,42.38666666666666,4.800000000000001,2.0,128.0,11.4,11.1,0.0,1012.3,69,1.7,24.4,16.8
2024-Q4,gaussian_naive_bayes,subindices_sem_iqar_meteorologia,2024-11-19 17:00:00,2024-11-19 18:00:00,0,1,falso_positivo,200.0,92.66666666666669,0.8370586174900424,0.48,92.66666666666669,21.12333333333333,41.74,4.6000000000000005,2.4,112.0,10.4,10.0,0.0,1012.2,74,1.3,22.6,14.2
2024-Q4,gaussian_naive_bayes,subindices_sem_iqar_meteorologia,2024-11-19 18:00:00,2024-11-19 19:00:00,0,1,falso_positivo,209.0,85.33333333333333,0.8137665516120585,0.6200000000000001,85.33333333333333,20.74666666666667,40.98,4.416666666666668,3.1,97.0,9.5,9.1,0.0,1012.6,79,1.0,20.9,13.7
2024-Q4,gaussian_naive_bayes,subindices_sem_iqar_meteorologia,2024-11-26 14:00:00,2024-11-26 15:00:00,0,1,falso_positivo,187.0,72.83333333333333,0.7443756053505652,0.34,72.83333333333333,8.836666666666666,17.20666666666667,5.916666666666667,1.7,161.0,7.8,7.7,0.0,1012.7,37,3.3,29.2,16.2
2024-Q4,gaussian_naive_bayes,subindices_sem_iqar_meteorologia,2024-11-26 18:00:00,2024-11-26 19:00:00,0,1,falso_positivo,224.0,100.83333333333331,0.7448608567230232,2.1,100.83333333333331,9.38,18.34,6.191666666666667,10.5,116.0,13.0,12.7,0.0,1011.0,58,3.0,26.2,4.2
2024-Q4,gaussian_naive_bayes,subindices_sem_iqar_meteorologia,2024-11-26 19:00:00,2024-11-26 20:00:00,0,1,falso_positivo,255.0,94.5,0.7851367206370369,2.8600000000000003,94.5,9.606666666666667,18.813333333333333,6.250000000000001,14.3,102.0,15.5,15.2,0.0,1011.5,66,3.2,23.7,1.8
2024-Q4,gaussian_naive_bayes,subindices_sem_iqar_meteorologia,2024-11-27 13:00:00,2024-11-27 14:00:00,0,1,falso_positivo,164.0,69.33333333333333,0.9540041982524192,0.36,69.33333333333333,10.276666666666666,20.3,6.716666666666668,1.8,168.0,5.1,5.1,0.0,1010.7,36,2.6,31.4,10.5
2024-Q4,gaussian_naive_bayes,subindices_sem_iqar_meteorologia,2024-11-27 20:00:00,2024-11-27 21:00:00,0,1,falso_positivo,305.0,100.16666666666666,0.9520631927625872,2.9000000000000004,100.16666666666666,9.756666666666668,19.293333333333333,6.508333333333334,14.5,101.0,13.4,13.2,0.0,1010.5,61,3.0,25.5,1.7
2024-Q4,gaussian_naive_bayes,subindices_sem_iqar_meteorologia,2024-11-28 14:00:00,2024-11-28 15:00:00,0,1,falso_positivo,156.0,76.66666666666666,0.757477392406931,0.2799999999999999,76.66666666666666,6.303333333333335,12.46,6.2250000000000005,1.4,145.0,5.1,5.1,0.0,1008.6,40,1.9,32.3,12.6
2024-Q4,gaussian_naive_bayes,subindices_sem_iqar_meteorologia,2024-11-28 15:00:00,2024-11-28 16:00:00,0,1,falso_positivo,182.0,89.0,0.7147752716306275,0.42,89.0,6.280000000000001,12.413333333333334,6.166666666666667,2.1,148.0,6.1,6.0,0.0,1008.1,41,2.1,32.4,4.4
2024-Q4,gaussian_naive_bayes,subindices_sem_iqar_meteorologia,2024-11-28 16:00:00,2024-11-28 17:00:00,0,1,falso_positivo,257.0,94.16666666666669,0.7230245449624134,0.82,94.16666666666669,6.276666666666667,12.406666666666668,6.125,4.1,144.0,7.5,7.4,9.3,1009.7,79,2.3,25.4,18.8
2024-Q4,gaussian_naive_bayes,subindices_sem_iqar_meteorologia,2024-11-28 17:00:00,2024-11-28 18:00:00,0,1,falso_positivo,358.0,93.16666666666669,0.7938712453412807,1.38,93.16666666666669,6.376666666666666,12.56,6.108333333333334,6.9,136.0,12.3,11.4,6.7,1010.7,94,2.6,23.2,1.9
2024-Q4,gaussian_naive_bayes,subindices_sem_iqar_meteorologia,2024-11-28 19:00:00,2024-11-28 20:00:00,0,1,falso_positivo,455.0,88.33333333333333,1.0476577131368126,2.0,88.33333333333333,6.613333333333333,12.89333333333333,6.150000000000001,10.0,118.0,16.6,15.4,4.9,1012.6,95,3.3,21.5,8.8
2024-Q4,gaussian_naive_bayes,subindices_sem_iqar_meteorologia,2024-11-30 13:00:00,2024-11-30 14:00:00,0,1,falso_positivo,428.0,66.33333333333333,1.749331197711074,0.7000000000000001,66.33333333333333,21.5,42.82666666666667,9.525,3.5,161.0,28.0,27.8,0.3,1013.0,66,1.9,26.7,10.0
2024-Q4,gaussian_naive_bayes,subindices_sem_iqar_meteorologia,2024-11-30 18:00:00,2024-11-30 19:00:00,0,1,falso_positivo,293.0,100.66666666666666,1.4819576914867183,0.9,100.66666666666666,23.120000000000005,46.02,8.741666666666667,4.5,112.0,14.5,14.3,0.0,1012.7,88,1.1,22.3,12.4
2024-Q4,gaussian_naive_bayes,subindices_sem_iqar_meteorologia,2024-11-30 19:00:00,2024-11-30 20:00:00,0,1,falso_positivo,275.0,91.83333333333331,1.405287974638355,0.94,91.83333333333331,23.136666666666667,46.040000000000006,8.55,4.7,103.0,14.1,13.9,0.0,1013.6,92,1.1,21.3,10.4
2024-Q4,gaussian_naive_bayes,subindices_sem_iqar_meteorologia,2024-11-30 20:00:00,2024-11-30 21:00:00,0,1,falso_positivo,262.0,80.83333333333333,1.318427978968374,0.96,80.83333333333333,23.083333333333336,45.92666666666666,8.341666666666667,4.8,95.0,14.3,14.0,0.0,1014.3,93,1.2,20.9,7.5
2024-Q4,gaussian_naive_bayes,subindices_sem_iqar_meteorologia,2024-12-02 14:00:00,2024-12-02 15:00:00,0,1,falso_positivo,242.0,54.33333333333333,0.9379909029613054,0.2799999999999999,54.33333333333333,5.440000000000001,10.2,2.758333333333334,1.4,131.0,3.0,3.0,5.2,1009.5,79,1.7,25.0,11.1
2024-Q4,gaussian_naive_bayes,subindices_sem_iqar_meteorologia,2024-12-07 15:00:00,2024-12-07 16:00:00,0,1,falso_positivo,170.0,73.5,0.7230245449624134,0.52,73.5,8.110000000000001,16.166666666666668,6.158333333333334,2.6,140.0,4.0,3.9,0.0,1010.1,42,2.0,30.6,13.3
2024-Q4,gaussian_naive_bayes,subindices_sem_iqar_meteorologia,2024-12-07 16:00:00,2024-12-07 17:00:00,0,1,falso_positivo,216.0,78.16666666666666,0.7191425339827494,0.8800000000000001,78.16666666666666,8.250000000000002,16.42666666666667,6.208333333333333,4.4,128.0,5.8,5.5,0.0,1009.8,44,2.0,30.2,12.8
2024-Q4,gaussian_naive_bayes,subindices_sem_iqar_meteorologia,2024-12-10 15:00:00,2024-12-10 16:00:00,0,1,falso_positivo,293.0,43.16666666666666,1.114622402536016,1.26,43.16666666666666,7.0200000000000005,13.94,4.433333333333335,6.3,90.0,11.2,10.8,4.2,1009.2,86,3.2,22.9,20.8
2024-Q4,gaussian_naive_bayes,subindices_sem_iqar_meteorologia,2024-12-16 16:00:00,2024-12-16 17:00:00,0,1,falso_positivo,176.0,78.0,0.7400083429984433,0.58,78.0,7.486666666666666,14.846666666666668,4.450000000000001,2.9,137.0,7.0,6.8,0.0,1009.1,40,2.4,27.8,16.6
2024-Q4,gaussian_naive_bayes,subindices_sem_iqar_meteorologia,2024-12-16 17:00:00,2024-12-16 18:00:00,0,1,falso_positivo,197.0,82.0,0.7191425339827494,0.76,82.0,7.5,14.813333333333333,4.441666666666667,3.8,122.0,7.9,6.9,0.0,1009.4,44,2.2,26.9,14.8
2024-Q4,gaussian_naive_bayes,subindices_sem_iqar_meteorologia,2024-12-21 14:00:00,2024-12-21 15:00:00,0,1,falso_positivo,220.0,38.900000000000006,0.980693023737609,0.58,38.900000000000006,8.583333333333334,16.94666666666667,5.083333333333335,2.9,125.0,10.6,10.4,7.2,1012.2,88,3.2,21.9,13.9
2024-Q4,gaussian_naive_bayes,subindices_sem_iqar_meteorologia,2024-12-22 13:00:00,2024-12-22 14:00:00,0,1,falso_positivo,280.0,39.95,1.10879938606652,0.5,39.95,9.596666666666666,18.88,6.375000000000001,2.5,146.0,19.3,18.9,5.6,1013.7,88,3.4,22.4,10.3
2024-Q4,gaussian_naive_bayes,subindices_sem_iqar_meteorologia,2024-12-22 17:00:00,2024-12-22 18:00:00,0,1,falso_positivo,329.0,82.0,1.1282094409648398,1.04,82.0,10.386666666666668,20.366666666666667,6.15,5.2,118.0,14.8,14.3,4.8,1012.3,83,1.8,22.9,7.3
2024-Q4,gaussian_naive_bayes,subindices_sem_iqar_meteorologia,2024-12-22 22:00:00,2024-12-22 23:00:00,0,1,falso_positivo,305.0,48.5,1.2495222840793383,1.46,48.5,10.343333333333334,20.25333333333333,5.891666666666668,7.3,92.0,11.7,11.4,4.8,1015.6,98,2.0,18.9,2.4
2024-Q4,gaussian_naive_bayes,poluentes_subindices_sem_iqar_meteorologia,2024-10-01 13:00:00,2024-10-01 14:00:00,0,1,falso_positivo,276.0,44.833333333333336,1.1553835178224874,0.3,44.833333333333336,15.12,19.820000000000004,8.433333333333335,1.5,153.0,17.2,12.0,0.0,1010.8,26,2.8,33.4,9.2
2024-Q4,gaussian_naive_bayes,poluentes_subindices_sem_iqar_meteorologia,2024-10-01 14:00:00,2024-10-01 15:00:00,0,1,falso_positivo,273.0,63.33333333333333,1.1320914519445036,0.32,63.33333333333333,15.103333333333332,19.840000000000003,8.391666666666667,1.6,161.0,18.0,12.5,0.0,1009.6,25,3.1,33.2,9.1
2024-Q4,gaussian_naive_bayes,poluentes_subindices_sem_iqar_meteorologia,2024-10-01 15:00:00,2024-10-01 16:00:00,0,1,falso_positivo,275.0,80.0,1.1136518997910998,0.48,80.0,15.073333333333332,19.866666666666667,8.358333333333334,2.4,163.0,19.3,13.4,0.0,1008.9,24,3.4,33.8,11.9
2024-Q4,gaussian_naive_bayes,poluentes_subindices_sem_iqar_meteorologia,2024-10-01 19:00:00,2024-10-01 20:00:00,0,1,falso_positivo,332.0,104.33333333333331,1.1354882115517095,2.26,104.33333333333331,14.966666666666669,20.120000000000005,8.158333333333333,11.3,124.0,21.6,14.9,0.0,1009.5,31,3.8,28.4,3.1
2024-Q4,gaussian_naive_bayes,poluentes_subindices_sem_iqar_meteorologia,2024-10-01 20:00:00,2024-10-01 21:00:00,0,1,falso_positivo,348.0,99.0,1.1680000535063952,2.68,99.0,14.936666666666666,20.19333333333333,8.108333333333333,13.4,111.0,21.7,15.0,0.0,1010.5,55,3.8,24.9,6.7
2024-Q4,gaussian_naive_bayes,poluentes_subindices_sem_iqar_meteorologia,2024-10-02 09:00:00,2024-10-02 10:00:00,0,1,falso_positivo,407.0,23.046666666666667,1.863365270238703,1.4400000000000002,20.3,16.53666666666667,23.046666666666667,8.958333333333334,7.2,152.0,32.1,22.5,0.0,1012.4,43,9.5,26.8,4.7
2024-Q4,gaussian_naive_bayes,poluentes_subindices_sem_iqar_meteorologia,2024-10-02 10:00:00,2024-10-02 11:00:00,0,1,falso_positivo,394.0,27.8,1.7876660561352555,1.26,27.8,17.043333333333333,23.75333333333333,9.375000000000002,6.3,177.0,33.8,23.4,0.0,1011.8,42,9.0,29.1,7.8
2024-Q4,gaussian_naive_bayes,poluentes_subindices_sem_iqar_meteorologia,2024-10-02 11:00:00,2024-10-02 12:00:00,0,1,falso_positivo,375.0,36.95,1.7129373447767244,1.02,36.95,17.62,24.54,9.8,5.1,210.0,36.0,24.8,0.0,1010.5,31,8.3,32.1,12.7
2024-Q4,gaussian_naive_bayes,poluentes_subindices_sem_iqar_meteorologia,2024-10-02 12:00:00,2024-10-02 13:00:00,0,1,falso_positivo,354.0,64.5,1.633356119693613,0.82,64.5,18.316666666666663,25.48,10.183333333333334,4.1,230.0,38.4,26.3,0.0,1009.3,24,7.3,34.0,15.7
2024-Q4,gaussian_naive_bayes,poluentes_subindices_sem_iqar_meteorologia,2024-10-02 22:00:00,2024-10-02 23:00:00,0,1,falso_positivo,281.0,105.83333333333331,1.1592655288021514,0.94,105.83333333333331,21.973333333333336,29.313333333333333,9.8,4.7,101.0,26.5,16.2,0.0,1016.0,88,2.7,18.5,9.2
2024-Q4,gaussian_naive_bayes,poluentes_subindices_sem_iqar_meteorologia,2024-10-03 09:00:00,2024-10-03 10:00:00,0,1,falso_positivo,334.0,32.74,1.1364587142966256,0.82,30.1,25.093333333333337,32.74,7.458333333333335,4.1,88.0,58.9,39.7,0.0,1017.6,72,2.8,22.3,12.7
2024-Q4,gaussian_naive_bayes,poluentes_subindices_sem_iqar_meteorologia,2024-10-03 10:00:00,2024-10-03 11:00:00,0,1,falso_positivo,339.0,34.02,1.1646032938991893,0.78,31.200000000000003,26.053333333333335,34.02,6.925000000000001,3.9,93.0,62.6,42.6,0.1,1018.2,65,2.6,23.9,10.4
2024-Q4,gaussian_naive_bayes,poluentes_subindices_sem_iqar_meteorologia,2024-10-03 11:00:00,2024-10-03 12:00:00,0,1,falso_positivo,343.0,34.973333333333336,1.194688878991585,0.7200000000000001,32.7,26.776666666666667,34.973333333333336,6.425000000000002,3.6,99.0,57.7,39.1,0.0,1017.9,63,2.3,24.3,11.2
2024-Q4,gaussian_naive_bayes,poluentes_subindices_sem_iqar_meteorologia,2024-10-08 12:00:00,2024-10-08 13:00:00,0,1,falso_positivo,270.0,35.65,0.8215305735713866,0.52,35.65,12.656666666666666,15.373333333333331,9.208333333333334,2.6,146.0,40.3,26.8,0.0,1011.8,53,10.1,27.6,4.0
2024-Q4,gaussian_naive_bayes,poluentes_subindices_sem_iqar_meteorologia,2024-10-08 13:00:00,2024-10-08 14:00:00,0,1,falso_positivo,260.0,43.16666666666666,0.87151146493456,0.48,43.16666666666666,13.523333333333335,16.553333333333335,9.708333333333334,2.4,148.0,36.1,23.6,0.0,1010.5,48,9.0,30.0,1.2
2024-Q4,gaussian_naive_bayes,poluentes_subindices_sem_iqar_meteorologia,2024-10-08 14:00:00,2024-10-08 15:00:00,0,1,falso_positivo,239.0,59.66666666666666,0.9064495637515356,0.48,59.66666666666666,14.240000000000002,17.493333333333332,10.125000000000002,2.4,144.0,31.8,20.1,0.0,1009.5,44,7.8,31.5,8.9
2024-Q4,gaussian_naive_bayes,poluentes_subindices_sem_iqar_meteorologia,2024-10-08 15:00:00,2024-10-08 16:00:00,0,1,falso_positivo,218.0,72.83333333333333,0.9239186131600235,0.5,72.83333333333333,14.9,18.32,10.483333333333334,2.5,139.0,30.3,18.5,0.0,1009.8,67,7.0,27.4,19.9
2024-Q4,gaussian_naive_bayes,poluentes_subindices_sem_iqar_meteorologia,2024-10-08 16:00:00,2024-10-08 17:00:00,0,1,falso_positivo,198.0,81.5,0.9229481104151076,0.5599999999999999,81.5,15.5,19.040000000000003,10.841666666666669,2.8,133.0,28.8,16.9,0.0,1010.5,73,6.9,24.3,21.3
2024-Q4,gaussian_naive_bayes,poluentes_subindices_sem_iqar_meteorologia,2024-10-08 17:00:00,2024-10-08 18:00:00,0,1,falso_positivo,178.0,86.5,0.9020823013994136,0.6400000000000001,86.5,15.933333333333335,19.520000000000003,11.216666666666669,3.2,126.0,23.9,13.2,0.0,1011.3,80,7.1,22.0,18.2
2024-Q4,gaussian_naive_bayes,poluentes_subindices_sem_iqar_meteorologia,2024-10-11 14:00:00,2024-10-11 15:00:00,0,1,falso_positivo,339.0,33.4,1.2519485409416289,0.48,33.4,14.783333333333337,20.46,5.925000000000001,2.4,130.0,25.4,17.8,5.5,1010.0,76,2.9,24.7,7.3
2024-Q4,gaussian_naive_bayes,poluentes_subindices_sem_iqar_meteorologia,2024-10-11 18:00:00,2024-10-11 19:00:00,0,1,falso_positivo,345.0,67.5,1.317942727595916,1.2800000000000002,67.5,15.720000000000002,21.866666666666667,6.191666666666667,6.4,118.0,29.8,20.5,4.3,1010.7,95,3.3,20.7,17.5
2024-Q4,gaussian_naive_bayes,poluentes_subindices_sem_iqar_meteorologia,2024-10-12 13:00:00,2024-10-12 14:00:00,0,1,falso_positivo,446.0,60.33333333333333,1.9201396808162885,0.44,60.33333333333333,19.74,27.51333333333334,6.666666666666668,2.2,146.0,15.5,10.7,0.0,1015.1,47,3.4,27.3,19.1
2024-Q4,gaussian_naive_bayes,poluentes_subindices_sem_iqar_meteorologia,2024-10-12 14:00:00,2024-10-12 15:00:00,0,1,falso_positivo,431.0,72.66666666666666,1.9041263855251749,0.44,72.66666666666666,19.38666666666667,27.006666666666668,6.691666666666667,2.2,143.0,14.8,10.2,0.0,1014.5,48,3.2,27.3,16.6
2024-Q4,gaussian_naive_bayes,poluentes_subindices_sem_iqar_meteorologia,2024-10-12 15:00:00,2024-10-12 16:00:00,0,1,falso_positivo,422.0,81.83333333333333,1.8691882867081988,0.48,81.83333333333333,18.94,26.380000000000003,6.683333333333334,2.4,137.0,13.7,9.4,0.1,1015.0,64,2.9,24.8,17.1
2024-Q4,gaussian_naive_bayes,poluentes_subindices_sem_iqar_meteorologia,2024-10-16 12:00:00,2024-10-16 13:00:00,0,1,falso_positivo,262.0,40.16666666666666,0.8928625253227118,0.6400000000000001,40.16666666666666,13.88,17.213333333333335,9.791666666666666,3.2,181.0,34.9,23.3,3.5,1014.8,67,8.6,25.2,3.1
2024-Q4,gaussian_naive_bayes,poluentes_subindices_sem_iqar_meteorologia,2024-10-16 13:00:00,2024-10-16 14:00:00,0,1,falso_positivo,268.0,67.83333333333333,0.9287711268846034,0.6200000000000001,67.83333333333333,14.720000000000002,18.38,10.183333333333334,3.1,193.0,38.0,25.4,4.9,1014.2,75,8.3,24.1,5.6
2024-Q4,gaussian_naive_bayes,poluentes_subindices_sem_iqar_meteorologia,2024-10-16 23:00:00,2024-10-17 00:00:00,0,1,falso_positivo,250.0,111.0,1.0287329096109503,1.56,111.0,21.00666666666667,27.946666666666665,12.116666666666667,7.8,99.0,23.1,15.8,0.0,1016.4,96,4.9,17.6,4.4
2024-Q4,gaussian_naive_bayes,poluentes_subindices_sem_iqar_meteorologia,2024-10-17 13:00:00,2024-10-17 14:00:00,0,1,falso_positivo,251.0,46.833333333333336,0.9700174935435332,0.34,46.833333333333336,22.23,30.32,9.508333333333336,1.7,147.0,18.0,12.2,0.0,1013.6,48,2.8,28.9,12.8
2024-Q4,gaussian_naive_bayes,poluentes_subindices_sem_iqar_meteorologia,2024-10-17 14:00:00,2024-10-17 15:00:00,0,1,falso_positivo,242.0,65.5,0.9583714606045411,0.38,65.5,21.546666666666667,29.4,9.083333333333334,1.9,150.0,18.7,12.6,0.0,1012.7,49,2.9,28.4,13.3
2024-Q4,gaussian_naive_bayes,poluentes_subindices_sem_iqar_meteorologia,2024-10-17 15:00:00,2024-10-17 16:00:00,0,1,falso_positivo,227.0,81.0,0.9491516845278392,0.42,81.0,20.833333333333336,28.433333333333334,8.683333333333334,2.1,147.0,18.3,12.2,0.0,1012.7,69,2.8,25.8,16.4
2024-Q4,gaussian_naive_bayes,poluentes_subindices_sem_iqar_meteorologia,2024-10-17 16:00:00,2024-10-17 17:00:00,0,1,falso_positivo,202.0,90.16666666666669,0.9399319084511374,0.48,90.16666666666669,19.99666666666667,27.28666666666667,8.3,2.4,134.0,16.9,11.1,0.0,1012.6,72,2.4,24.5,18.9
2024-Q4,gaussian_naive_bayes,poluentes_subindices_sem_iqar_meteorologia,2024-10-22 13:00:00,2024-10-22 14:00:00,0,1,falso_positivo,272.0,70.16666666666666,1.2703880930950322,0.5,70.16666666666666,14.823333333333336,20.42,9.325,2.5,155.0,20.5,14.3,0.0,1016.1,54,4.5,29.3,6.1
2024-Q4,gaussian_naive_bayes,poluentes_subindices_sem_iqar_meteorologia,2024-10-22 17:00:00,2024-10-22 18:00:00,0,1,falso_positivo,251.0,100.83333333333331,1.0510544727440183,1.02,100.83333333333331,15.203333333333331,21.040000000000003,9.3,5.1,131.0,15.8,10.8,0.0,1014.7,82,2.7,24.9,11.0
2024-Q4,gaussian_naive_bayes,poluentes_subindices_sem_iqar_meteorologia,2024-10-22 18:00:00,2024-10-22 19:00:00,0,1,falso_positivo,256.0,96.5,1.0263066527486606,1.26,96.5,15.35666666666667,21.28,9.358333333333334,6.3,128.0,16.6,11.4,0.0,1015.2,86,2.9,23.6,9.1
2024-Q4,gaussian_naive_bayes,poluentes_subindices_sem_iqar_meteorologia,2024-10-23 12:00:00,2024-10-23 13:00:00,0,1,falso_positivo,315.0,36.35,1.2965916672077642,0.6000000000000001,36.35,15.023333333333332,20.9,8.533333333333333,3.0,170.0,32.0,22.4,0.4,1014.5,74,7.6,24.8,11.2
2024-Q4,gaussian_naive_bayes,poluentes_subindices_sem_iqar_meteorologia,2024-10-23 13:00:00,2024-10-23 14:00:00,0,1,falso_positivo,307.0,53.33333333333333,1.2757258581920703,0.5,53.33333333333333,15.373333333333331,21.39333333333333,8.700000000000001,2.5,170.0,31.0,21.7,0.1,1013.7,73,6.5,24.8,7.7
2024-Q4,gaussian_naive_bayes,poluentes_subindices_sem_iqar_meteorologia,2024-10-23 14:00:00,2024-10-23 15:00:00,0,1,falso_positivo,296.0,76.0,1.2432140162373848,0.5,76.0,15.733333333333334,21.9,8.858333333333334,2.5,159.0,28.0,19.5,0.0,1012.5,70,5.2,26.0,1.2
2024-Q4,gaussian_naive_bayes,poluentes_subindices_sem_iqar_meteorologia,2024-10-23 15:00:00,2024-10-23 16:00:00,0,1,falso_positivo,289.0,92.0,1.208275917420409,0.6200000000000001,92.0,16.070000000000004,22.37333333333333,9.000000000000002,3.1,147.0,24.2,16.8,0.0,1011.8,70,4.2,25.9,3.8
2024-Q4,gaussian_naive_bayes,poluentes_subindices_sem_iqar_meteorologia,2024-10-23 18:00:00,2024-10-23 19:00:00,0,1,falso_positivo,302.0,102.0,1.169455807623769,1.66,102.0,16.733333333333334,23.326666666666668,9.250000000000002,8.3,113.0,20.6,14.3,0.0,1011.2,82,3.5,24.8,3.1
2024-Q4,gaussian_naive_bayes,poluentes_subindices_sem_iqar_meteorologia,2024-10-26 12:00:00,2024-10-26 13:00:00,0,1,falso_positivo,366.0,33.25,1.32667725230016,0.8400000000000001,33.25,15.15,21.200000000000003,8.391666666666667,4.2,150.0,32.1,22.4,0.1,1012.5,57,5.6,29.3,21.7
2024-Q4,gaussian_naive_bayes,poluentes_subindices_sem_iqar_meteorologia,2024-11-06 14:00:00,2024-11-06 15:00:00,0,1,falso_positivo,198.0,29.05,0.8482193990565763,0.36,29.05,8.23,11.44,6.891666666666667,1.8,91.0,7.0,4.8,8.2,1013.4,83,1.7,22.6,6.7
2024-Q4,gaussian_naive_bayes,poluentes_subindices_sem_iqar_meteorologia,2024-11-08 13:00:00,2024-11-08 14:00:00,0,1,falso_positivo,302.0,19.8,0.9248891159049396,1.42,19.8,6.663333333333333,9.446666666666667,5.166666666666667,7.1,71.0,12.2,8.4,6.0,1008.6,91,4.2,21.4,19.0
2024-Q4,gaussian_naive_bayes,poluentes_subindices_sem_iqar_meteorologia,2024-11-11 16:00:00,2024-11-11 17:00:00,0,1,falso_positivo,291.0,78.16666666666666,0.8399701257247904,0.5599999999999999,78.16666666666666,6.486666666666668,8.713333333333333,3.991666666666667,2.8,143.0,14.2,9.2,0.0,1008.2,47,4.5,27.6,17.5
2024-Q4,gaussian_naive_bayes,poluentes_subindices_sem_iqar_meteorologia,2024-11-11 17:00:00,2024-11-11 18:00:00,0,1,falso_positivo,377.0,87.66666666666667,0.9229481104151076,0.8400000000000001,87.66666666666667,6.73,9.033333333333331,4.3500000000000005,4.2,136.0,14.0,8.9,0.0,1008.2,54,4.8,26.7,12.8
2024-Q4,gaussian_naive_bayes,poluentes_subindices_sem_iqar_meteorologia,2024-11-11 18:00:00,2024-11-11 19:00:00,0,1,falso_positivo,422.0,92.66666666666669,1.027277155493577,1.16,92.66666666666669,7.050000000000001,9.446666666666664,4.7250000000000005,5.8,127.0,15.4,9.7,0.0,1008.7,67,5.0,24.0,6.4
2024-Q4,gaussian_naive_bayes,poluentes_subindices_sem_iqar_meteorologia,2024-11-12 12:00:00,2024-11-12 13:00:00,0,1,falso_positivo,188.0,58.5,1.0539659809787665,0.58,58.5,13.753333333333334,19.28666666666667,10.825,2.9,159.0,10.5,9.5,0.0,1007.9,36,4.3,30.6,9.3
2024-Q4,gaussian_naive_bayes,poluentes_subindices_sem_iqar_meteorologia,2024-11-12 13:00:00,2024-11-12 14:00:00,0,1,falso_positivo,171.0,75.66666666666666,0.9933095594215168,0.48,75.66666666666666,13.720000000000002,19.38666666666667,10.741666666666667,2.4,149.0,14.1,11.9,0.0,1007.4,35,3.5,30.8,11.4
2024-Q4,gaussian_naive_bayes,poluentes_subindices_sem_iqar_meteorologia,2024-11-12 14:00:00,2024-11-12 15:00:00,0,1,falso_positivo,164.0,89.0,0.9297416296295196,0.44,89.0,13.670000000000002,19.473333333333336,10.616666666666667,2.2,132.0,13.8,11.6,0.3,1008.9,78,2.8,23.9,18.9
2024-Q4,gaussian_naive_bayes,poluentes_subindices_sem_iqar_meteorologia,2024-11-12 15:00:00,2024-11-12 16:00:00,0,1,falso_positivo,160.0,95.0,0.8622916888578581,0.44,95.0,13.643333333333334,19.58666666666667,10.45,2.2,116.0,14.0,11.4,0.1,1009.0,74,2.3,24.2,19.9
2024-Q4,gaussian_naive_bayes,poluentes_subindices_sem_iqar_meteorologia,2024-11-18 13:00:00,2024-11-18 14:00:00,0,1,falso_positivo,300.0,60.5,1.1068583805766878,0.42,60.5,14.970000000000002,29.76666666666667,5.45,2.1,181.0,13.1,13.0,0.0,1011.5,44,4.5,28.9,7.3
2024-Q4,gaussian_naive_bayes,poluentes_subindices_sem_iqar_meteorologia,2024-11-18 21:00:00,2024-11-18 22:00:00,0,1,falso_positivo,386.0,116.16666666666666,1.3160017221060838,2.6,116.16666666666666,17.376666666666665,34.526666666666664,6.208333333333333,13.0,83.0,28.6,27.9,0.0,1012.7,86,1.6,19.9,2.9
2024-Q4,gaussian_naive_bayes,poluentes_subindices_sem_iqar_meteorologia,2024-11-18 22:00:00,2024-11-18 23:00:00,0,1,falso_positivo,410.0,96.33333333333331,1.3645268593518836,3.02,96.33333333333331,17.813333333333333,35.36666666666667,6.133333333333336,15.1,72.0,31.8,31.2,0.0,1014.0,87,1.3,19.3,3.4
2024-Q4,gaussian_naive_bayes,poluentes_subindices_sem_iqar_meteorologia,2024-11-19 11:00:00,2024-11-19 12:00:00,0,1,falso_positivo,241.0,43.266666666666666,1.184498600169967,0.48,37.55,21.866666666666667,43.266666666666666,5.691666666666667,2.4,147.0,14.2,14.1,0.0,1014.0,49,3.3,27.2,4.1
2024-Q4,gaussian_naive_bayes,poluentes_subindices_sem_iqar_meteorologia,2024-11-19 12:00:00,2024-11-19 13:00:00,0,1,falso_positivo,227.0,50.33333333333333,1.1325767033169618,0.34,50.33333333333333,21.94,43.406666666666666,5.541666666666668,1.7,151.0,13.6,13.4,0.0,1013.3,48,2.8,28.2,5.8
2024-Q4,gaussian_naive_bayes,poluentes_subindices_sem_iqar_meteorologia,2024-11-19 13:00:00,2024-11-19 14:00:00,0,1,falso_positivo,213.0,68.16666666666666,1.0670677680351324,0.3,68.16666666666666,21.933333333333337,43.38666666666667,5.375000000000001,1.5,150.0,12.9,12.7,0.0,1012.8,50,2.5,28.6,7.6
2024-Q4,gaussian_naive_bayes,poluentes_subindices_sem_iqar_meteorologia,2024-11-19 14:00:00,2024-11-19 15:00:00,0,1,falso_positivo,200.0,83.66666666666667,0.9937948107939748,0.3,83.66666666666667,21.846666666666668,43.21333333333333,5.191666666666667,1.5,147.0,12.4,12.2,0.0,1012.5,56,2.3,27.7,12.5
2024-Q4,gaussian_naive_bayes,poluentes_subindices_sem_iqar_meteorologia,2024-11-19 15:00:00,2024-11-19 16:00:00,0,1,falso_positivo,193.0,93.83333333333331,0.9263448700223136,0.34,93.83333333333331,21.683333333333337,42.88,5.000000000000001,1.7,140.0,12.0,11.8,0.0,1012.4,65,2.1,25.6,16.1
2024-Q4,gaussian_naive_bayes,poluentes_subindices_sem_iqar_meteorologia,2024-11-19 16:00:00,2024-11-19 17:00:00,0,1,falso_positivo,194.0,96.66666666666666,0.87393772179685,0.4,96.66666666666666,21.44,42.38666666666666,4.800000000000001,2.0,128.0,11.4,11.1,0.0,1012.3,69,1.7,24.4,16.8
2024-Q4,gaussian_naive_bayes,poluentes_subindices_sem_iqar_meteorologia,2024-11-19 17:00:00,2024-11-19 18:00:00,0,1,falso_positivo,200.0,92.66666666666669,0.8370586174900424,0.48,92.66666666666669,21.12333333333333,41.74,4.6000000000000005,2.4,112.0,10.4,10.0,0.0,1012.2,74,1.3,22.6,14.2
2024-Q4,gaussian_naive_bayes,poluentes_subindices_sem_iqar_meteorologia,2024-11-26 14:00:00,2024-11-26 15:00:00,0,1,falso_positivo,187.0,72.83333333333333,0.7443756053505652,0.34,72.83333333333333,8.836666666666666,17.20666666666667,5.916666666666667,1.7,161.0,7.8,7.7,0.0,1012.7,37,3.3,29.2,16.2
2024-Q4,gaussian_naive_bayes,poluentes_subindices_sem_iqar_meteorologia,2024-11-26 18:00:00,2024-11-26 19:00:00,0,1,falso_positivo,224.0,100.83333333333331,0.7448608567230232,2.1,100.83333333333331,9.38,18.34,6.191666666666667,10.5,116.0,13.0,12.7,0.0,1011.0,58,3.0,26.2,4.2
2024-Q4,gaussian_naive_bayes,poluentes_subindices_sem_iqar_meteorologia,2024-11-27 13:00:00,2024-11-27 14:00:00,0,1,falso_positivo,164.0,69.33333333333333,0.9540041982524192,0.36,69.33333333333333,10.276666666666666,20.3,6.716666666666668,1.8,168.0,5.1,5.1,0.0,1010.7,36,2.6,31.4,10.5
2024-Q4,gaussian_naive_bayes,poluentes_subindices_sem_iqar_meteorologia,2024-11-27 20:00:00,2024-11-27 21:00:00,0,1,falso_positivo,305.0,100.16666666666666,0.9520631927625872,2.9000000000000004,100.16666666666666,9.756666666666668,19.293333333333333,6.508333333333334,14.5,101.0,13.4,13.2,0.0,1010.5,61,3.0,25.5,1.7
2024-Q4,gaussian_naive_bayes,poluentes_subindices_sem_iqar_meteorologia,2024-11-28 14:00:00,2024-11-28 15:00:00,0,1,falso_positivo,156.0,76.66666666666666,0.757477392406931,0.2799999999999999,76.66666666666666,6.303333333333335,12.46,6.2250000000000005,1.4,145.0,5.1,5.1,0.0,1008.6,40,1.9,32.3,12.6
2024-Q4,gaussian_naive_bayes,poluentes_subindices_sem_iqar_meteorologia,2024-11-28 15:00:00,2024-11-28 16:00:00,0,1,falso_positivo,182.0,89.0,0.7147752716306275,0.42,89.0,6.280000000000001,12.413333333333334,6.166666666666667,2.1,148.0,6.1,6.0,0.0,1008.1,41,2.1,32.4,4.4
2024-Q4,gaussian_naive_bayes,poluentes_subindices_sem_iqar_meteorologia,2024-11-28 16:00:00,2024-11-28 17:00:00,0,1,falso_positivo,257.0,94.16666666666669,0.7230245449624134,0.82,94.16666666666669,6.276666666666667,12.406666666666668,6.125,4.1,144.0,7.5,7.4,9.3,1009.7,79,2.3,25.4,18.8
2024-Q4,gaussian_naive_bayes,poluentes_subindices_sem_iqar_meteorologia,2024-11-28 17:00:00,2024-11-28 18:00:00,0,1,falso_positivo,358.0,93.16666666666669,0.7938712453412807,1.38,93.16666666666669,6.376666666666666,12.56,6.108333333333334,6.9,136.0,12.3,11.4,6.7,1010.7,94,2.6,23.2,1.9
2024-Q4,gaussian_naive_bayes,poluentes_subindices_sem_iqar_meteorologia,2024-11-28 19:00:00,2024-11-28 20:00:00,0,1,falso_positivo,455.0,88.33333333333333,1.0476577131368126,2.0,88.33333333333333,6.613333333333333,12.89333333333333,6.150000000000001,10.0,118.0,16.6,15.4,4.9,1012.6,95,3.3,21.5,8.8
2024-Q4,gaussian_naive_bayes,poluentes_subindices_sem_iqar_meteorologia,2024-11-30 09:00:00,2024-11-30 10:00:00,0,1,falso_positivo,414.0,36.486666666666665,2.089977661176587,1.7800000000000002,19.15,18.30666666666667,36.486666666666665,9.308333333333335,8.9,142.0,36.7,36.3,0.0,1014.2,79,8.6,25.2,5.9
2024-Q4,gaussian_naive_bayes,poluentes_subindices_sem_iqar_meteorologia,2024-11-30 10:00:00,2024-11-30 11:00:00,0,1,falso_positivo,415.0,38.36,1.9875896215879496,1.5,25.950000000000003,19.25,38.36,9.566666666666668,7.5,148.0,36.4,36.2,0.1,1013.8,70,6.9,26.5,5.8
2024-Q4,gaussian_naive_bayes,poluentes_subindices_sem_iqar_meteorologia,2024-11-30 11:00:00,2024-11-30 12:00:00,0,1,falso_positivo,433.0,39.96666666666667,1.8963623635658464,1.1,33.2,20.056666666666665,39.96666666666667,9.658333333333331,5.5,156.0,31.9,31.8,0.2,1013.4,67,4.5,27.3,6.1
2024-Q4,gaussian_naive_bayes,poluentes_subindices_sem_iqar_meteorologia,2024-11-30 12:00:00,2024-11-30 13:00:00,0,1,falso_positivo,441.0,42.16666666666666,1.8187221439725676,0.8,42.16666666666666,20.87333333333333,41.58666666666667,9.625000000000002,4.0,161.0,32.4,32.2,0.1,1012.9,64,2.7,28.0,7.4
2024-Q4,gaussian_naive_bayes,poluentes_subindices_sem_iqar_meteorologia,2024-11-30 13:00:00,2024-11-30 14:00:00,0,1,falso_positivo,428.0,66.33333333333333,1.749331197711074,0.7000000000000001,66.33333333333333,21.5,42.82666666666667,9.525,3.5,161.0,28.0,27.8,0.3,1013.0,66,1.9,26.7,10.0
2024-Q4,gaussian_naive_bayes,poluentes_subindices_sem_iqar_meteorologia,2024-11-30 18:00:00,2024-11-30 19:00:00,0,1,falso_positivo,293.0,100.66666666666666,1.4819576914867183,0.9,100.66666666666666,23.120000000000005,46.02,8.741666666666667,4.5,112.0,14.5,14.3,0.0,1012.7,88,1.1,22.3,12.4
2024-Q4,gaussian_naive_bayes,poluentes_subindices_sem_iqar_meteorologia,2024-11-30 19:00:00,2024-11-30 20:00:00,0,1,falso_positivo,275.0,91.83333333333331,1.405287974638355,0.94,91.83333333333331,23.136666666666667,46.040000000000006,8.55,4.7,103.0,14.1,13.9,0.0,1013.6,92,1.1,21.3,10.4
2024-Q4,gaussian_naive_bayes,poluentes_subindices_sem_iqar_meteorologia,2024-12-02 14:00:00,2024-12-02 15:00:00,0,1,falso_positivo,242.0,54.33333333333333,0.9379909029613054,0.2799999999999999,54.33333333333333,5.440000000000001,10.2,2.758333333333334,1.4,131.0,3.0,3.0,5.2,1009.5,79,1.7,25.0,11.1
2024-Q4,gaussian_naive_bayes,poluentes_subindices_sem_iqar_meteorologia,2024-12-21 14:00:00,2024-12-21 15:00:00,0,1,falso_positivo,220.0,38.900000000000006,0.980693023737609,0.58,38.900000000000006,8.583333333333334,16.94666666666667,5.083333333333335,2.9,125.0,10.6,10.4,7.2,1012.2,88,3.2,21.9,13.9
2024-Q4,gaussian_naive_bayes,poluentes_subindices_sem_iqar_meteorologia,2024-12-22 13:00:00,2024-12-22 14:00:00,0,1,falso_positivo,280.0,39.95,1.10879938606652,0.5,39.95,9.596666666666666,18.88,6.375000000000001,2.5,146.0,19.3,18.9,5.6,1013.7,88,3.4,22.4,10.3
2024-Q4,gaussian_naive_bayes,poluentes_subindices_sem_iqar_meteorologia,2024-12-22 17:00:00,2024-12-22 18:00:00,0,1,falso_positivo,329.0,82.0,1.1282094409648398,1.04,82.0,10.386666666666668,20.366666666666667,6.15,5.2,118.0,14.8,14.3,4.8,1012.3,83,1.8,22.9,7.3
