fold,modelo,grupo_features,n_treino,n_validacao,positivos_validacao,precisao_classe_0,recall_classe_0,f1_classe_0,suporte_classe_0,precisao_classe_1,recall_classe_1,f1_classe_1,suporte_classe_1,f1_macro,tn,fp,fn,tp,limiar,validacao_interna_inicio,validacao_interna_fim_exclusivo,n_validacao_interna,alertas,episodios_alerta,alertas_por_1000_horas,episodios_alerta_por_1000_horas,proporcao_falsos_alertas
2024-Q1,gaussian_naive_bayes,poluentes_brutos_meteorologia,10129,2208,103,0.0,0.0,0.0,2105,0.04664855072463768,1.0,0.08913890090869753,103,0.044569450454348764,0,2105,0,103,0.0,2023-10-01T00:00:00,2024-01-01T00:00:00,2208,2208,1,1000.0,0.4528985507246377,0.9533514492753623
2024-Q1,gaussian_naive_bayes,poluentes_brutos_meteorologia,10129,2208,103,0.9993975903614458,0.7881235154394299,0.8812749003984064,2105,0.18613138686131386,0.9902912621359223,0.31336405529953915,103,0.5973194778489728,1659,446,1,102,0.01,2023-10-01T00:00:00,2024-01-01T00:00:00,2208,548,69,248.18840579710144,31.25,0.8138686131386861
2024-Q1,gaussian_naive_bayes,poluentes_brutos_meteorologia,10129,2208,103,0.9982466393921683,0.8114014251781473,0.8951781970649895,2105,0.2012072434607646,0.970873786407767,0.3333333333333333,103,0.6142557651991614,1708,397,3,100,0.02,2023-10-01T00:00:00,2024-01-01T00:00:00,2208,497,67,225.09057971014494,30.344202898550723,0.7987927565392354
2024-Q1,gaussian_naive_bayes,poluentes_brutos_meteorologia,10129,2208,103,0.997716894977169,0.8304038004750594,0.9064039408866995,2105,0.21710526315789475,0.9611650485436893,0.3542039355992844,103,0.630303938242992,1748,357,4,99,0.03,2023-10-01T00:00:00,2024-01-01T00:00:00,2208,456,66,206.52173913043478,29.89130434782609,0.7828947368421053
2024-Q1,gaussian_naive_bayes,poluentes_brutos_meteorologia,10129,2208,103,0.9971862689926843,0.8418052256532067,0.9129314786192684,2105,0.2273781902552204,0.9514563106796117,0.36704119850187267,103,0.6399863385605705,1772,333,5,98,0.04,2023-10-01T00:00:00,2024-01-01T00:00:00,2208,431,63,195.19927536231884,28.532608695652172,0.7726218097447796
2024-Q1,gaussian_naive_bayes,poluentes_brutos_meteorologia,10129,2208,103,0.9972067039106145,0.8479809976247031,0.9165596919127086,2105,0.23444976076555024,0.9514563106796117,0.3761996161228407,103,0.6463796540177746,1785,320,5,98,0.05,2023-10-01T00:00:00,2024-01-01T00:00:00,2208,418,62,189.31159420289856,28.079710144927535,0.7655502392344498
2024-Q1,gaussian_naive_bayes,poluentes_brutos_meteorologia,10129,2208,103,0.9966759002770084,0.8546318289786223,0.9202046035805627,2105,0.24069478908188585,0.941747572815534,0.383399209486166,103,0.6518019065333643,1799,306,6,97,0.06,2023-10-01T00:00:00,2024-01-01T00:00:00,2208,403,59,182.518115942029,26.721014492753625,0.7593052109181141
2024-Q1,gaussian_naive_bayes,poluentes_brutos_meteorologia,10129,2208,103,0.9966960352422908,0.8598574821852731,0.9232338689109921,2105,0.24744897959183673,0.941747572815534,0.39191919191919194,103,0.657576530415092,1810,295,6,97,0.07,2023-10-01T00:00:00,2024-01-01T00:00:00,2208,392,59,177.53623188405797,26.721014492753625,0.7525510204081632
2024-Q1,gaussian_naive_bayes,poluentes_brutos_meteorologia,10129,2208,103,0.9967123287671232,0.8641330166270784,0.9256997455470738,2105,0.25326370757180156,0.941747572815534,0.3991769547325103,103,0.662438350139792,1819,286,6,97,0.08,2023-10-01T00:00:00,2024-01-01T00:00:00,2208,383,58,173.46014492753622,26.268115942028984,0.7467362924281984
2024-Q1,gaussian_naive_bayes,poluentes_brutos_meteorologia,10129,2208,103,0.9967266775777414,0.8679334916864608,0.9278821736922296,2105,0.25866666666666666,0.941747572815534,0.40585774058577406,103,0.6668699571390018,1827,278,6,97,0.09,2023-10-01T00:00:00,2024-01-01T00:00:00,2208,375,58,169.83695652173913,26.268115942028984,0.7413333333333333
2024-Q1,gaussian_naive_bayes,poluentes_brutos_meteorologia,10129,2208,103,0.9967444384156267,0.8726840855106889,0.930597771023303,2105,0.26575342465753427,0.941747572815534,0.41452991452991456,103,0.6725638427766087,1837,268,6,97,0.1,2023-10-01T00:00:00,2024-01-01T00:00:00,2208,365,59,165.30797101449278,26.721014492753625,0.7342465753424657
2024-Q1,gaussian_naive_bayes,poluentes_brutos_meteorologia,10129,2208,103,0.9967514889009204,0.87458432304038,0.9316801619433198,2105,0.26869806094182824,0.941747572815534,0.41810344827586204,103,0.6748918051095909,1841,264,6,97,0.11,2023-10-01T00:00:00,2024-01-01T00:00:00,2208,361,59,163.49637681159422,26.721014492753625,0.7313019390581718
2024-Q1,gaussian_naive_bayes,poluentes_brutos_meteorologia,10129,2208,103,0.9967620075553157,0.8774346793349168,0.933299646286003,2105,0.27323943661971833,0.941747572815534,0.42358078602620086,103,0.678440216156102,1847,258,6,97,0.12,2023-10-01T00:00:00,2024-01-01T00:00:00,2208,355,59,160.77898550724638,26.721014492753625,0.7267605633802817
2024-Q1,gaussian_naive_bayes,poluentes_brutos_meteorologia,10129,2208,103,0.996232508073197,0.8793349168646081,0.9341408024224073,2105,0.2742857142857143,0.9320388349514563,0.423841059602649,103,0.6789909310125282,1851,254,7,96,0.13,2023-10-01T00:00:00,2024-01-01T00:00:00,2208,350,59,158.5144927536232,26.721014492753625,0.7257142857142858
2024-Q1,gaussian_naive_bayes,poluentes_brutos_meteorologia,10129,2208,103,0.9962406015037594,0.8812351543942993,0.9352155281068818,2105,0.2774566473988439,0.9320388349514563,0.42761692650334077,103,0.6814162273051113,1855,250,7,96,0.14,2023-10-01T00:00:00,2024-01-01T00:00:00,2208,346,60,156.70289855072463,27.17391304347826,0.7225433526011561
2024-Q1,gaussian_naive_bayes,poluentes_brutos_meteorologia,10129,2208,103,0.9962526766595289,0.8840855106888361,0.936823559023408,2105,0.2823529411764706,0.9320388349514563,0.43340857787810383,103,0.6851160684507559,1861,244,7,96,0.15,2023-10-01T00:00:00,2024-01-01T00:00:00,2208,340,58,153.9855072463768,26.268115942028984,0.7176470588235294
2024-Q1,gaussian_naive_bayes,poluentes_brutos_meteorologia,10129,2208,103,0.9962606837606838,0.8859857482185273,0.93789288408348,2105,0.2857142857142857,0.9320388349514563,0.43735763097949887,103,0.6876252575314894,1865,240,7,96,0.16,2023-10-01T00:00:00,2024-01-01T00:00:00,2208,336,58,152.17391304347828,26.268115942028984,0.7142857142857143
2024-Q1,gaussian_naive_bayes,poluentes_brutos_meteorologia,10129,2208,103,0.9957424161788185,0.8888361045130642,0.9392570281124498,2105,0.2887537993920973,0.9223300970873787,0.4398148148148148,103,0.6895359214636323,1871,234,8,95,0.17,2023-10-01T00:00:00,2024-01-01T00:00:00,2208,329,59,149.00362318840578,26.721014492753625,0.7112462006079028
2024-Q1,gaussian_naive_bayes,poluentes_brutos_meteorologia,10129,2208,103,0.994692144373673,0.8902612826603326,0.939583855602908,2105,0.28703703703703703,0.9029126213592233,0.43559718969555034,103,0.6875905226492292,1874,231,10,93,0.18,2023-10-01T00:00:00,2024-01-01T00:00:00,2208,324,59,146.73913043478262,26.721014492753625,0.7129629629629629
2024-Q1,gaussian_naive_bayes,poluentes_brutos_meteorologia,10129,2208,103,0.9947033898305084,0.8921615201900237,0.9406461307287753,2105,0.290625,0.9029126213592233,0.4397163120567376,103,0.6901812213927565,1878,227,10,93,0.19,2023-10-01T00:00:00,2024-01-01T00:00:00,2208,320,57,144.92753623188406,25.815217391304348,0.709375
2024-Q1,gaussian_naive_bayes,poluentes_brutos_meteorologia,10129,2208,103,0.9947089947089947,0.8931116389548693,0.9411764705882353,2105,0.29245283018867924,0.9029126213592233,0.4418052256532066,103,0.6914908481207209,1880,225,10,93,0.2,2023-10-01T00:00:00,2024-01-01T00:00:00,2208,318,58,144.02173913043478,26.268115942028984,0.7075471698113207
2024-Q1,gaussian_naive_bayes,poluentes_brutos_meteorologia,10129,2208,103,0.9947145877378436,0.894061757719715,0.9417062797097824,2105,0.29430379746835444,0.9029126213592233,0.4439140811455847,103,0.6928101804276836,1882,223,10,93,0.21,2023-10-01T00:00:00,2024-01-01T00:00:00,2208,316,58,143.1159420289855,26.268115942028984,0.7056962025316456
2024-Q1,gaussian_naive_bayes,poluentes_brutos_meteorologia,10129,2208,103,0.9947285187137586,0.896437054631829,0.9430284857571214,2105,0.2990353697749196,0.9029126213592233,0.4492753623188406,103,0.696151924037981,1887,218,10,93,0.22,2023-10-01T00:00:00,2024-01-01T00:00:00,2208,311,57,140.8514492753623,25.815217391304348,0.7009646302250804
2024-Q1,gaussian_naive_bayes,poluentes_brutos_meteorologia,10129,2208,103,0.9936941671045717,0.8983372921615201,0.9436127744510978,2105,0.2983606557377049,0.883495145631068,0.44607843137254904,103,0.6948456029118234,1891,214,12,91,0.23,2023-10-01T00:00:00,2024-01-01T00:00:00,2208,305,55,138.1340579710145,24.90942028985507,0.7016393442622951
2024-Q1,gaussian_naive_bayes,poluentes_brutos_meteorologia,10129,2208,103,0.9937007874015747,0.8992874109263658,0.9441396508728179,2105,0.30033003300330036,0.883495145631068,0.4482758620689655,103,0.6962077564708917,1893,212,12,91,0.24,2023-10-01T00:00:00,2024-01-01T00:00:00,2208,303,54,137.22826086956522,24.456521739130437,0.6996699669966997
2024-Q1,gaussian_naive_bayes,poluentes_brutos_meteorologia,10129,2208,103,0.9937106918238994,0.9007125890736342,0.9449289808123599,2105,0.30333333333333334,0.883495145631068,0.45161290322580644,103,0.6982709420190831,1896,209,12,91,0.25,2023-10-01T00:00:00,2024-01-01T00:00:00,2208,300,55,135.86956521739128,24.90942028985507,0.6966666666666667
2024-Q1,gaussian_naive_bayes,poluentes_brutos_meteorologia,10129,2208,103,0.9937139863803038,0.901187648456057,0.9451918285999004,2105,0.30434782608695654,0.883495145631068,0.4527363184079602,103,0.6989640735039303,1897,208,12,91,0.26,2023-10-01T00:00:00,2024-01-01T00:00:00,2208,299,55,135.41666666666666,24.90942028985507,0.6956521739130435
2024-Q1,gaussian_naive_bayes,poluentes_brutos_meteorologia,10129,2208,103,0.9937205651491365,0.9021377672209027,0.9457171314741036,2105,0.3063973063973064,0.883495145631068,0.455,103,0.7003585657370518,1899,206,12,91,0.27,2023-10-01T00:00:00,2024-01-01T00:00:00,2208,297,55,134.51086956521738,24.90942028985507,0.6936026936026936
2024-Q1,gaussian_naive_bayes,poluentes_brutos_meteorologia,10129,2208,103,0.993733681462141,0.9040380047505938,0.9467661691542288,2105,0.310580204778157,0.883495145631068,0.4595959595959596,103,0.7031810643750942,1903,202,12,91,0.28,2023-10-01T00:00:00,2024-01-01T00:00:00,2208,293,56,132.69927536231884,25.36231884057971,0.689419795221843
2024-Q1,gaussian_naive_bayes,poluentes_brutos_meteorologia,10129,2208,103,0.9937402190923318,0.9049881235154394,0.947289905519642,2105,0.3127147766323024,0.883495145631068,0.4619289340101523,103,0.7046094197648971,1905,200,12,91,0.29,2023-10-01T00:00:00,2024-01-01T00:00:00,2208,291,56,131.79347826086956,25.36231884057971,0.6872852233676976
2024-Q1,gaussian_naive_bayes,poluentes_brutos_meteorologia,10129,2208,103,0.99375,0.9064133016627078,0.9480745341614907,2105,0.3159722222222222,0.883495145631068,0.46547314578005117,103,0.7067738399707709,1908,197,12,91,0.3,2023-10-01T00:00:00,2024-01-01T00:00:00,2208,288,57,130.43478260869566,25.815217391304348,0.6840277777777778
2024-Q1,gaussian_naive_bayes,poluentes_brutos_meteorologia,10129,2208,103,0.9937565036420395,0.9073634204275535,0.9485969704494661,2105,0.3181818181818182,0.883495145631068,0.46786632390745503,103,0.7082316471784605,1910,195,12,91,0.31,2023-10-01T00:00:00,2024-01-01T00:00:00,2208,286,58,129.52898550724638,26.268115942028984,0.6818181818181818
2024-Q1,gaussian_naive_bayes,poluentes_brutos_meteorologia,10129,2208,103,0.9932432432432432,0.9078384798099762,0.9486224869694714,2105,0.31690140845070425,0.8737864077669902,0.46511627906976744,103,0.7068693830196194,1911,194,13,90,0.32,2023-10-01T00:00:00,2024-01-01T00:00:00,2208,284,58,128.6231884057971,26.268115942028984,0.6830985915492958
2024-Q1,gaussian_naive_bayes,poluentes_brutos_meteorologia,10129,2208,103,0.9922239502332815,0.9092636579572446,0.9489340604858701,2105,0.3154121863799283,0.8543689320388349,0.4607329842931937,103,0.7048335223895319,1914,191,15,88,0.33,2023-10-01T00:00:00,2024-01-01T00:00:00,2208,279,55,126.35869565217392,24.90942028985507,0.6845878136200717
2024-Q1,gaussian_naive_bayes,poluentes_brutos_meteorologia,10129,2208,103,0.9922279792746114,0.9097387173396675,0.9491945477075588,2105,0.31654676258992803,0.8543689320388349,0.46194225721784776,103,0.7055684024627034,1915,190,15,88,0.34,2023-10-01T00:00:00,2024-01-01T00:00:00,2208,278,55,125.90579710144928,24.90942028985507,0.6834532374100719
2024-Q1,gaussian_naive_bayes,poluentes_brutos_meteorologia,10129,2208,103,0.9922320041429311,0.9102137767220903,0.9494549058473737,2105,0.3176895306859206,0.8543689320388349,0.4631578947368421,103,0.7063064002921079,1916,189,15,88,0.35000000000000003,2023-10-01T00:00:00,2024-01-01T00:00:00,2208,277,55,125.45289855072464,24.90942028985507,0.6823104693140795
2024-Q1,gaussian_naive_bayes,poluentes_brutos_meteorologia,10129,2208,103,0.9922520661157025,0.9125890736342043,0.9507547636723583,2105,0.3235294117647059,0.8543689320388349,0.4693333333333333,103,0.7100440485028459,1921,184,15,88,0.36,2023-10-01T00:00:00,2024-01-01T00:00:00,2208,272,55,123.18840579710145,24.90942028985507,0.6764705882352942
2024-Q1,gaussian_naive_bayes,poluentes_brutos_meteorologia,10129,2208,103,0.9922680412371134,0.9144893111638955,0.9517923362175525,2105,0.3283582089552239,0.8543689320388349,0.4743935309973046,103,0.7130929336074285,1925,180,15,88,0.37,2023-10-01T00:00:00,2024-01-01T00:00:00,2208,268,54,121.37681159420289,24.456521739130437,0.6716417910447762
2024-Q1,gaussian_naive_bayes,poluentes_brutos_meteorologia,10129,2208,103,0.9917610710607621,0.9149643705463183,0.9518161601186064,2105,0.32706766917293234,0.8446601941747572,0.4715447154471545,103,0.7116804377828805,1926,179,16,87,0.38,2023-10-01T00:00:00,2024-01-01T00:00:00,2208,266,54,120.47101449275361,24.456521739130437,0.6729323308270677
2024-Q1,gaussian_naive_bayes,poluentes_brutos_meteorologia,10129,2208,103,0.991277578245254,0.9178147268408551,0.9531327084361125,2105,0.33204633204633205,0.8349514563106796,0.47513812154696133,103,0.7141354149915369,1932,173,17,86,0.39,2023-10-01T00:00:00,2024-01-01T00:00:00,2208,259,52,117.30072463768116,23.55072463768116,0.667953667953668
2024-Q1,gaussian_naive_bayes,poluentes_brutos_meteorologia,10129,2208,103,0.9912820512820513,0.918289786223278,0.9533908754623921,2105,0.3333333333333333,0.8349514563106796,0.47645429362880887,103,0.7149225845456004,1933,172,17,86,0.4,2023-10-01T00:00:00,2024-01-01T00:00:00,2208,258,53,116.84782608695653,24.003623188405797,0.6666666666666666
2024-Q1,gaussian_naive_bayes,poluentes_brutos_meteorologia,10129,2208,103,0.9913087934560327,0.9211401425178147,0.9549372075843389,2105,0.3412698412698413,0.8349514563106796,0.48450704225352115,103,0.7197221249189301,1939,166,17,86,0.41000000000000003,2023-10-01T00:00:00,2024-01-01T00:00:00,2208,252,53,114.13043478260869,24.003623188405797,0.6587301587301587
2024-Q1,gaussian_naive_bayes,poluentes_brutos_meteorologia,10129,2208,103,0.9913221031138336,0.9225653206650831,0.9557086614173228,2105,0.3453815261044177,0.8349514563106796,0.48863636363636365,103,0.7221725125268432,1942,163,17,86,0.42,2023-10-01T00:00:00,2024-01-01T00:00:00,2208,249,52,112.77173913043478,23.55072463768116,0.6546184738955824
2024-Q1,gaussian_naive_bayes,poluentes_brutos_meteorologia,10129,2208,103,0.9908303616912888,0.9239904988123515,0.956243854473943,2105,0.3469387755102041,0.8252427184466019,0.4885057471264368,103,0.7223748008001899,1945,160,18,85,0.43,2023-10-01T00:00:00,2024-01-01T00:00:00,2208,245,54,110.96014492753622,24.456521739130437,0.6530612244897959
2024-Q1,gaussian_naive_bayes,poluentes_brutos_meteorologia,10129,2208,103,0.9908396946564886,0.9249406175771971,0.9567567567567568,2105,0.3497942386831276,0.8252427184466019,0.4913294797687861,103,0.7240431182627715,1947,158,18,85,0.44,2023-10-01T00:00:00,2024-01-01T00:00:00,2208,243,54,110.05434782608695,24.456521739130437,0.6502057613168725
2024-Q1,gaussian_naive_bayes,poluentes_brutos_meteorologia,10129,2208,103,0.9908443540183113,0.9254156769596199,0.9570130189142717,2105,0.3512396694214876,0.8252427184466019,0.4927536231884058,103,0.7248833210513388,1948,157,18,85,0.45,2023-10-01T00:00:00,2024-01-01T00:00:00,2208,242,54,109.60144927536231,24.456521739130437,0.6487603305785123
2024-Q1,gaussian_naive_bayes,poluentes_brutos_meteorologia,10129,2208,103,0.9908536585365854,0.9263657957244655,0.9575251657255095,2105,0.3541666666666667,0.8252427184466019,0.4956268221574344,103,0.726575993941472,1950,155,18,85,0.46,2023-10-01T00:00:00,2024-01-01T00:00:00,2208,240,54,108.69565217391305,24.456521739130437,0.6458333333333334
2024-Q1,gaussian_naive_bayes,poluentes_brutos_meteorologia,10129,2208,103,0.9903699949315763,0.9282660332541568,0.9583128984796468,2105,0.3574468085106383,0.8155339805825242,0.4970414201183432,103,0.727677159298995,1954,151,19,84,0.47000000000000003,2023-10-01T00:00:00,2024-01-01T00:00:00,2208,235,53,106.43115942028986,24.003623188405797,0.6425531914893617
2024-Q1,gaussian_naive_bayes,poluentes_brutos_meteorologia,10129,2208,103,0.990379746835443,0.9292161520190024,0.9588235294117647,2105,0.3605150214592275,0.8155339805825242,0.5,103,0.7294117647058824,1956,149,19,84,0.48,2023-10-01T00:00:00,2024-01-01T00:00:00,2208,233,52,105.52536231884058,23.55072463768116,0.6394849785407726
2024-Q1,gaussian_naive_bayes,poluentes_brutos_meteorologia,10129,2208,103,0.9898785425101214,0.9292161520190024,0.9585885812300907,2105,0.3577586206896552,0.8058252427184466,0.4955223880597015,103,0.7270554846448961,1956,149,20,83,0.49,2023-10-01T00:00:00,2024-01-01T00:00:00,2208,232,52,105.07246376811594,23.55072463768116,0.6422413793103449
2024-Q1,gaussian_naive_bayes,poluentes_brutos_meteorologia,10129,2208,103,0.9889001009081736,0.9311163895486936,0.9591387325666748,2105,0.3584070796460177,0.7864077669902912,0.49240121580547114,103,0.725769974186073,1960,145,22,81,0.5,2023-10-01T00:00:00,2024-01-01T00:00:00,2208,226,50,102.35507246376811,22.644927536231883,0.6415929203539823
2024-Q1,gaussian_naive_bayes,poluentes_brutos_meteorologia,10129,2208,103,0.9889112903225806,0.9320665083135392,0.9596478356566398,2105,0.36160714285714285,0.7864077669902912,0.4954128440366973,103,0.7275303398466686,1962,143,22,81,0.51,2023-10-01T00:00:00,2024-01-01T00:00:00,2208,224,50,101.44927536231884,22.644927536231883,0.6383928571428571
2024-Q1,gaussian_naive_bayes,poluentes_brutos_meteorologia,10129,2208,103,0.9889168765743073,0.932541567695962,0.9599022004889975,2105,0.3632286995515695,0.7864077669902912,0.49693251533742333,103,0.7284173579132105,1963,142,22,81,0.52,2023-10-01T00:00:00,2024-01-01T00:00:00,2208,223,50,100.9963768115942,22.644927536231883,0.6367713004484304
2024-Q1,gaussian_naive_bayes,poluentes_brutos_meteorologia,10129,2208,103,0.988430583501006,0.9334916864608076,0.9601759100903983,2105,0.36363636363636365,0.7766990291262136,0.4953560371517028,103,0.7277659736210506,1965,140,23,80,0.53,2023-10-01T00:00:00,2024-01-01T00:00:00,2208,220,50,99.63768115942028,22.644927536231883,0.6363636363636364
2024-Q1,gaussian_naive_bayes,poluentes_brutos_meteorologia,10129,2208,103,0.9884364002011061,0.9339667458432304,0.9604298974108452,2105,0.365296803652968,0.7766990291262136,0.4968944099378882,103,0.7286621536743667,1966,139,23,80,0.54,2023-10-01T00:00:00,2024-01-01T00:00:00,2208,219,49,99.18478260869564,22.192028985507246,0.634703196347032
2024-Q1,gaussian_naive_bayes,poluentes_brutos_meteorologia,10129,2208,103,0.9884422110552764,0.9344418052256532,0.9606837606837607,2105,0.3669724770642202,0.7766990291262136,0.4984423676012461,103,0.7295630641425034,1967,138,23,80,0.55,2023-10-01T00:00:00,2024-01-01T00:00:00,2208,218,48,98.73188405797102,21.73913043478261,0.6330275229357798
2024-Q1,gaussian_naive_bayes,poluentes_brutos_meteorologia,10129,2208,103,0.9879638916750251,0.9358669833729216,0.9612100512320078,2105,0.3691588785046729,0.7669902912621359,0.49842271293375395,103,0.7298163820828809,1970,135,24,79,0.56,2023-10-01T00:00:00,2024-01-01T00:00:00,2208,214,47,96.92028985507247,21.286231884057973,0.6308411214953271
2024-Q1,gaussian_naive_bayes,poluentes_brutos_meteorologia,10129,2208,103,0.98796992481203,0.9363420427553444,0.9614634146341463,2105,0.37089201877934275,0.7669902912621359,0.5,103,0.7307317073170732,1971,134,24,79,0.5700000000000001,2023-10-01T00:00:00,2024-01-01T00:00:00,2208,213,47,96.46739130434783,21.286231884057973,0.6291079812206573
2024-Q1,gaussian_naive_bayes,poluentes_brutos_meteorologia,10129,2208,103,0.9879759519038076,0.9368171021377673,0.9617166544745184,2105,0.37264150943396224,0.7669902912621359,0.5015873015873016,103,0.73165197803091,1972,133,24,79,0.58,2023-10-01T00:00:00,2024-01-01T00:00:00,2208,212,47,96.01449275362319,21.286231884057973,0.6273584905660378
2024-Q1,gaussian_naive_bayes,poluentes_brutos_meteorologia,10129,2208,103,0.9874874874874875,0.93729216152019,0.9617353156227151,2105,0.37142857142857144,0.7572815533980582,0.4984025559105431,103,0.7300689357666291,1973,132,25,78,0.59,2023-10-01T00:00:00,2024-01-01T00:00:00,2208,210,47,95.10869565217392,21.286231884057973,0.6285714285714286
2024-Q1,gaussian_naive_bayes,poluentes_brutos_meteorologia,10129,2208,103,0.9875,0.9382422802850356,0.9622411693057247,2105,0.375,0.7572815533980582,0.5016077170418006,103,0.7319244431737626,1975,130,25,78,0.6,2023-10-01T00:00:00,2024-01-01T00:00:00,2208,208,47,94.20289855072464,21.286231884057973,0.625
2024-Q1,gaussian_naive_bayes,poluentes_brutos_meteorologia,10129,2208,103,0.9875062468765617,0.9387173396674584,0.962493911349245,2105,0.37681159420289856,0.7572815533980582,0.5032258064516129,103,0.7328598589004289,1976,129,25,78,0.61,2023-10-01T00:00:00,2024-01-01T00:00:00,2208,207,47,93.75,21.286231884057973,0.6231884057971014
2024-Q1,gaussian_naive_bayes,poluentes_brutos_meteorologia,10129,2208,103,0.9875187219171243,0.939667458432304,0.9629990262901655,2105,0.3804878048780488,0.7572815533980582,0.5064935064935064,103,0.734746266391836,1978,127,25,78,0.62,2023-10-01T00:00:00,2024-01-01T00:00:00,2208,205,47,92.84420289855072,21.286231884057973,0.6195121951219512
2024-Q1,gaussian_naive_bayes,poluentes_brutos_meteorologia,10129,2208,103,0.9875249500998003,0.9401425178147268,0.9632513993672427,2105,0.38235294117647056,0.7572815533980582,0.50814332247557,103,0.7356973609214064,1979,126,25,78,0.63,2023-10-01T00:00:00,2024-01-01T00:00:00,2208,204,47,92.39130434782608,21.286231884057973,0.6176470588235294
2024-Q1,gaussian_naive_bayes,poluentes_brutos_meteorologia,10129,2208,103,0.9875373878364905,0.9410926365795724,0.9637557771831671,2105,0.38613861386138615,0.7572815533980582,0.5114754098360655,103,0.7376155935096163,1981,124,25,78,0.64,2023-10-01T00:00:00,2024-01-01T00:00:00,2208,202,46,91.48550724637681,20.833333333333332,0.6138613861386139
2024-Q1,gaussian_naive_bayes,poluentes_brutos_meteorologia,10129,2208,103,0.9870517928286853,0.9415676959619953,0.9637734014101629,2105,0.385,0.7475728155339806,0.5082508250825083,103,0.7360121132463355,1982,123,26,77,0.65,2023-10-01T00:00:00,2024-01-01T00:00:00,2208,200,46,90.57971014492753,20.833333333333332,0.615
2024-Q1,gaussian_naive_bayes,poluentes_brutos_meteorologia,10129,2208,103,0.987058237929318,0.9420427553444181,0.964025279533301,2105,0.3869346733668342,0.7475728155339806,0.5099337748344371,103,0.736979527183869,1983,122,26,77,0.66,2023-10-01T00:00:00,2024-01-01T00:00:00,2208,199,45,90.12681159420289,20.380434782608695,0.6130653266331658
2024-Q1,gaussian_naive_bayes,poluentes_brutos_meteorologia,10129,2208,103,0.9870711089010442,0.9429928741092637,0.9645286686103013,2105,0.39086294416243655,0.7475728155339806,0.5133333333333333,103,0.7389310009718173,1985,120,26,77,0.67,2023-10-01T00:00:00,2024-01-01T00:00:00,2208,197,45,89.22101449275361,20.380434782608695,0.6091370558375635
2024-Q1,gaussian_naive_bayes,poluentes_brutos_meteorologia,10129,2208,103,0.9865805168986084,0.9429928741092637,0.96429438911829,2105,0.3877551020408163,0.7378640776699029,0.5083612040133779,103,0.7363277965658339,1985,120,27,76,0.68,2023-10-01T00:00:00,2024-01-01T00:00:00,2208,196,45,88.76811594202898,20.380434782608695,0.6122448979591837
2024-Q1,gaussian_naive_bayes,poluentes_brutos_meteorologia,10129,2208,103,0.9860973187686196,0.9434679334916865,0.9643117261471231,2105,0.3865979381443299,0.7281553398058253,0.5050505050505051,103,0.7346811155988141,1986,119,28,75,0.6900000000000001,2023-10-01T00:00:00,2024-01-01T00:00:00,2208,194,45,87.86231884057972,20.380434782608695,0.6134020618556701
2024-Q1,gaussian_naive_bayes,poluentes_brutos_meteorologia,10129,2208,103,0.9851485148514851,0.9453681710213777,0.9648484848484848,2105,0.3882978723404255,0.7087378640776699,0.5017182130584192,103,0.733283348953452,1990,115,30,73,0.7000000000000001,2023-10-01T00:00:00,2024-01-01T00:00:00,2208,188,44,85.14492753623189,19.927536231884055,0.6117021276595744
2024-Q1,gaussian_naive_bayes,poluentes_brutos_meteorologia,10129,2208,103,0.9846686449060337,0.9458432304038005,0.9648655197480009,2105,0.3870967741935484,0.6990291262135923,0.4982698961937716,103,0.7315677079708862,1991,114,31,72,0.71,2023-10-01T00:00:00,2024-01-01T00:00:00,2208,186,43,84.23913043478261,19.47463768115942,0.6129032258064516
2024-Q1,gaussian_naive_bayes,poluentes_brutos_meteorologia,10129,2208,103,0.9846762234305487,0.9463182897862232,0.9651162790697675,2105,0.3891891891891892,0.6990291262135923,0.5,103,0.7325581395348837,1992,113,31,72,0.72,2023-10-01T00:00:00,2024-01-01T00:00:00,2208,185,43,83.78623188405797,19.47463768115942,0.6108108108108108
2024-Q1,gaussian_naive_bayes,poluentes_brutos_meteorologia,10129,2208,103,0.9841975308641975,0.9467933491686461,0.9651331719128329,2105,0.3879781420765027,0.6893203883495146,0.4965034965034965,103,0.7308183342081647,1993,112,32,71,0.73,2023-10-01T00:00:00,2024-01-01T00:00:00,2208,183,43,82.88043478260869,19.47463768115942,0.6120218579234973
2024-Q1,gaussian_naive_bayes,poluentes_brutos_meteorologia,10129,2208,103,0.9841975308641975,0.9467933491686461,0.9651331719128329,2105,0.3879781420765027,0.6893203883495146,0.4965034965034965,103,0.7308183342081647,1993,112,32,71,0.74,2023-10-01T00:00:00,2024-01-01T00:00:00,2208,183,43,82.88043478260869,19.47463768115942,0.6120218579234973
2024-Q1,gaussian_naive_bayes,poluentes_brutos_meteorologia,10129,2208,103,0.9837358304583539,0.9482185273159145,0.9656507014997581,2105,0.39106145251396646,0.6796116504854369,0.49645390070921985,103,0.7310523011044889,1996,109,33,70,0.75,2023-10-01T00:00:00,2024-01-01T00:00:00,2208,179,42,81.06884057971014,19.021739130434785,0.6089385474860335
2024-Q1,gaussian_naive_bayes,poluentes_brutos_meteorologia,10129,2208,103,0.9837358304583539,0.9482185273159145,0.9656507014997581,2105,0.39106145251396646,0.6796116504854369,0.49645390070921985,103,0.7310523011044889,1996,109,33,70,0.76,2023-10-01T00:00:00,2024-01-01T00:00:00,2208,179,42,81.06884057971014,19.021739130434785,0.6089385474860335
2024-Q1,gaussian_naive_bayes,poluentes_brutos_meteorologia,10129,2208,103,0.983259478089611,0.9486935866983373,0.9656673114119922,2105,0.3898305084745763,0.6699029126213593,0.4928571428571429,103,0.7292622271345676,1997,108,34,69,0.77,2023-10-01T00:00:00,2024-01-01T00:00:00,2208,177,42,80.16304347826086,19.021739130434785,0.6101694915254238
2024-Q1,gaussian_naive_bayes,poluentes_brutos_meteorologia,10129,2208,103,0.9827925270403146,0.9496437054631829,0.9659338004348876,2105,0.39080459770114945,0.6601941747572816,0.49097472924187724,103,0.7284542648383825,1999,106,35,68,0.78,2023-10-01T00:00:00,2024-01-01T00:00:00,2208,174,42,78.80434782608695,19.021739130434785,0.6091954022988506
2024-Q1,gaussian_naive_bayes,poluentes_brutos_meteorologia,10129,2208,103,0.9823095823095823,0.9496437054631829,0.9657004830917875,2105,0.3872832369942196,0.6504854368932039,0.4855072463768116,103,0.7256038647342995,1999,106,36,67,0.79,2023-10-01T00:00:00,2024-01-01T00:00:00,2208,173,42,78.35144927536231,19.021739130434785,0.6127167630057804
2024-Q1,gaussian_naive_bayes,poluentes_brutos_meteorologia,10129,2208,103,0.9818627450980392,0.9515439429928741,0.966465621230398,2105,0.39285714285714285,0.6407766990291263,0.4870848708487085,103,0.7267752460395532,2003,102,37,66,0.8,2023-10-01T00:00:00,2024-01-01T00:00:00,2208,168,41,76.08695652173914,18.568840579710145,0.6071428571428571
2024-Q1,gaussian_naive_bayes,poluentes_brutos_meteorologia,10129,2208,103,0.9809104258443465,0.9520190023752969,0.9662487945998072,2105,0.3878787878787879,0.6213592233009708,0.47761194029850745,103,0.7219303674491573,2004,101,39,64,0.81,2023-10-01T00:00:00,2024-01-01T00:00:00,2208,165,39,74.72826086956522,17.663043478260867,0.6121212121212121
2024-Q1,gaussian_naive_bayes,poluentes_brutos_meteorologia,10129,2208,103,0.9809384164222874,0.9534441805225653,0.9669959046013009,2105,0.3950617283950617,0.6213592233009708,0.4830188679245283,103,0.7250073862629146,2007,98,39,64,0.8200000000000001,2023-10-01T00:00:00,2024-01-01T00:00:00,2208,162,40,73.36956521739131,18.115942028985508,0.6049382716049383
2024-Q1,gaussian_naive_bayes,poluentes_brutos_meteorologia,10129,2208,103,0.9809663250366032,0.9548693586698337,0.967741935483871,2105,0.4025157232704403,0.6213592233009708,0.48854961832061067,103,0.7281457769022408,2010,95,39,64,0.8300000000000001,2023-10-01T00:00:00,2024-01-01T00:00:00,2208,159,39,72.01086956521739,17.663043478260867,0.5974842767295597
2024-Q1,gaussian_naive_bayes,poluentes_brutos_meteorologia,10129,2208,103,0.9805068226120858,0.9558194774346793,0.9680057733942747,2105,0.40384615384615385,0.6116504854368932,0.4864864864864865,103,0.7272461299403806,2012,93,40,63,0.84,2023-10-01T00:00:00,2024-01-01T00:00:00,2208,156,38,70.65217391304347,17.21014492753623,0.5961538461538461
2024-Q1,gaussian_naive_bayes,poluentes_brutos_meteorologia,10129,2208,103,0.9795520934761441,0.9558194774346793,0.9675402741043521,2105,0.3961038961038961,0.5922330097087378,0.47470817120622566,103,0.7211242226552889,2012,93,42,61,0.85,2023-10-01T00:00:00,2024-01-01T00:00:00,2208,154,37,69.7463768115942,16.757246376811597,0.6038961038961039
2024-Q1,gaussian_naive_bayes,poluentes_brutos_meteorologia,10129,2208,103,0.9790957705396208,0.956769596199525,0.9678039404132629,2105,0.3973509933774834,0.5825242718446602,0.47244094488188976,103,0.7201224426475763,2014,91,43,60,0.86,2023-10-01T00:00:00,2024-01-01T00:00:00,2208,151,36,68.38768115942028,16.304347826086957,0.6026490066225165
2024-Q1,gaussian_naive_bayes,poluentes_brutos_meteorologia,10129,2208,103,0.9786407766990292,0.9577197149643706,0.9680672268907563,2105,0.39864864864864863,0.5728155339805825,0.4701195219123506,103,0.7190933744015535,2016,89,44,59,0.87,2023-10-01T00:00:00,2024-01-01T00:00:00,2208,148,35,67.02898550724639,15.85144927536232,0.6013513513513513
2024-Q1,gaussian_naive_bayes,poluentes_brutos_meteorologia,10129,2208,103,0.9786511402231927,0.9581947743467933,0.9683149303888622,2105,0.4013605442176871,0.5728155339805825,0.472,103,0.7201574651944311,2017,88,44,59,0.88,2023-10-01T00:00:00,2024-01-01T00:00:00,2208,147,35,66.57608695652175,15.85144927536232,0.5986394557823129
2024-Q1,gaussian_naive_bayes,poluentes_brutos_meteorologia,10129,2208,103,0.9786821705426356,0.9596199524940617,0.969057327896378,2105,0.4097222222222222,0.5728155339805825,0.4777327935222672,103,0.7233950607093226,2020,85,44,59,0.89,2023-10-01T00:00:00,2024-01-01T00:00:00,2208,144,37,65.21739130434783,16.757246376811597,0.5902777777777778
2024-Q1,gaussian_naive_bayes,poluentes_brutos_meteorologia,10129,2208,103,0.9782082324455206,0.9596199524940617,0.9688249400479616,2105,0.40559440559440557,0.5631067961165048,0.4715447154471545,103,0.720184827747558,2020,85,45,58,0.9,2023-10-01T00:00:00,2024-01-01T00:00:00,2208,143,37,64.76449275362319,16.757246376811597,0.5944055944055944
2024-Q1,gaussian_naive_bayes,poluentes_brutos_meteorologia,10129,2208,103,0.9777455249153363,0.9600950118764846,0.9688398849472675,2105,0.40425531914893614,0.5533980582524272,0.4672131147540984,103,0.7180264998506829,2021,84,46,57,0.91,2023-10-01T00:00:00,2024-01-01T00:00:00,2208,141,37,63.85869565217392,16.757246376811597,0.5957446808510638
2024-Q1,gaussian_naive_bayes,poluentes_brutos_meteorologia,10129,2208,103,0.9777670372160464,0.9610451306413301,0.9693339722089123,2105,0.41007194244604317,0.5533980582524272,0.47107438016528924,103,0.7202041761871008,2023,82,46,57,0.92,2023-10-01T00:00:00,2024-01-01T00:00:00,2208,139,37,62.95289855072464,16.757246376811597,0.5899280575539568
2024-Q1,gaussian_naive_bayes,poluentes_brutos_meteorologia,10129,2208,103,0.9768451519536903,0.9619952494061758,0.9693633317376735,2105,0.4074074074074074,0.5339805825242718,0.46218487394957986,103,0.7157741028436266,2025,80,48,55,0.93,2023-10-01T00:00:00,2024-01-01T00:00:00,2208,135,37,61.141304347826086,16.757246376811597,0.5925925925925926
2024-Q1,gaussian_naive_bayes,poluentes_brutos_meteorologia,10129,2208,103,0.9768451519536903,0.9619952494061758,0.9693633317376735,2105,0.4074074074074074,0.5339805825242718,0.46218487394957986,103,0.7157741028436266,2025,80,48,55,0.9400000000000001,2023-10-01T00:00:00,2024-01-01T00:00:00,2208,135,37,61.141304347826086,16.757246376811597,0.5925925925925926
2024-Q1,gaussian_naive_bayes,poluentes_brutos_meteorologia,10129,2208,103,0.9754925516578568,0.9643705463182898,0.9698996655518395,2105,0.4094488188976378,0.5048543689320388,0.45217391304347826,103,0.7110367892976589,2030,75,51,52,0.9500000000000001,2023-10-01T00:00:00,2024-01-01T00:00:00,2208,127,39,57.518115942028984,17.663043478260867,0.5905511811023622
2024-Q1,gaussian_naive_bayes,poluentes_brutos_meteorologia,10129,2208,103,0.9745925215723873,0.9657957244655582,0.9701741827726079,2105,0.4098360655737705,0.4854368932038835,0.4444444444444444,103,0.7073093136085262,2033,72,53,50,0.96,2023-10-01T00:00:00,2024-01-01T00:00:00,2208,122,36,55.2536231884058,16.304347826086957,0.5901639344262295
2024-Q1,gaussian_naive_bayes,poluentes_brutos_meteorologia,10129,2208,103,0.9733206288708909,0.9705463182897862,0.9719314938154139,2105,0.43119266055045874,0.4563106796116505,0.44339622641509435,103,0.7076638601152541,2043,62,56,47,0.97,2023-10-01T00:00:00,2024-01-01T00:00:00,2208,109,35,49.36594202898551,15.85144927536232,0.5688073394495413
2024-Q1,gaussian_naive_bayes,poluentes_brutos_meteorologia,10129,2208,103,0.9720643939393939,0.9752969121140143,0.973677970120939,2105,0.4583333333333333,0.42718446601941745,0.44221105527638194,103,0.7079445126986605,2053,52,59,44,0.98,2023-10-01T00:00:00,2024-01-01T00:00:00,2208,96,30,43.47826086956522,13.58695652173913,0.5416666666666666
2024-Q1,gaussian_naive_bayes,poluentes_brutos_meteorologia,10129,2208,103,0.9699106723084157,0.9800475059382423,0.974952741020794,2105,0.48148148148148145,0.3786407766990291,0.42391304347826086,103,0.6994328922495274,2063,42,64,39,0.99,2023-10-01T00:00:00,2024-01-01T00:00:00,2208,81,25,36.684782608695656,11.322463768115941,0.5185185185185185
2024-Q1,gaussian_naive_bayes,poluentes_brutos_meteorologia,10129,2208,103,0.9532879818594104,0.9985748218527316,0.9754060324825986,2105,0.0,0.0,0.0,103,0.4877030162412993,2102,3,103,0,1.0,2023-10-01T00:00:00,2024-01-01T00:00:00,2208,3,3,1.358695652173913,1.358695652173913,1.0
2024-Q1,gaussian_naive_bayes,poluentes_subindices_meteorologia,10129,2208,103,0.0,0.0,0.0,2105,0.04664855072463768,1.0,0.08913890090869753,103,0.044569450454348764,0,2105,0,103,0.0,2023-10-01T00:00:00,2024-01-01T00:00:00,2208,2208,1,1000.0,0.4528985507246377,0.9533514492753623
2024-Q1,gaussian_naive_bayes,poluentes_subindices_meteorologia,10129,2208,103,1.0,0.9002375296912114,0.9475,2105,0.329073482428115,1.0,0.4951923076923077,103,0.7213461538461539,1895,210,0,103,0.01,2023-10-01T00:00:00,2024-01-01T00:00:00,2208,313,41,141.7572463768116,18.568840579710145,0.670926517571885
2024-Q1,gaussian_naive_bayes,poluentes_subindices_meteorologia,10129,2208,103,1.0,0.9054631828978622,0.9503864372974321,2105,0.34105960264900664,1.0,0.508641975308642,103,0.7295142063030371,1906,199,0,103,0.02,2023-10-01T00:00:00,2024-01-01T00:00:00,2208,302,41,136.77536231884056,18.568840579710145,0.6589403973509934
2024-Q1,gaussian_naive_bayes,poluentes_subindices_meteorologia,10129,2208,103,1.0,0.9092636579572446,0.952475740233889,2105,0.35034013605442177,1.0,0.5188916876574308,103,0.7356837139456599,1914,191,0,103,0.03,2023-10-01T00:00:00,2024-01-01T00:00:00,2208,294,41,133.1521739130435,18.568840579710145,0.6496598639455783
2024-Q1,gaussian_naive_bayes,poluentes_subindices_meteorologia,10129,2208,103,1.0,0.9121140142517815,0.9540372670807453,2105,0.3576388888888889,1.0,0.5268542199488491,103,0.7404457435147972,1920,185,0,103,0.04,2023-10-01T00:00:00,2024-01-01T00:00:00,2208,288,42,130.43478260869566,19.021739130434785,0.6423611111111112
2024-Q1,gaussian_naive_bayes,poluentes_subindices_meteorologia,10129,2208,103,1.0,0.913064133016627,0.954556741991557,2105,0.36013986013986016,1.0,0.5295629820051414,103,0.7420598619983492,1922,183,0,103,0.05,2023-10-01T00:00:00,2024-01-01T00:00:00,2208,286,42,129.52898550724638,19.021739130434785,0.6398601398601399
2024-Q1,gaussian_naive_bayes,poluentes_subindices_meteorologia,10129,2208,103,1.0,0.915439429928741,0.9558531746031746,2105,0.3665480427046263,1.0,0.5364583333333334,103,0.746155753968254,1927,178,0,103,0.06,2023-10-01T00:00:00,2024-01-01T00:00:00,2208,281,43,127.2644927536232,19.47463768115942,0.6334519572953736
2024-Q1,gaussian_naive_bayes,poluentes_subindices_meteorologia,10129,2208,103,1.0,0.9163895486935867,0.9563708477937531,2105,0.36917562724014336,1.0,0.5392670157068062,103,0.7478189317502797,1929,176,0,103,0.07,2023-10-01T00:00:00,2024-01-01T00:00:00,2208,279,43,126.35869565217392,19.47463768115942,0.6308243727598566
2024-Q1,gaussian_naive_bayes,poluentes_subindices_meteorologia,10129,2208,103,1.0,0.9178147268408551,0.9571463958384939,2105,0.37318840579710144,1.0,0.5435356200527705,103,0.7503410079456322,1932,173,0,103,0.08,2023-10-01T00:00:00,2024-01-01T00:00:00,2208,276,43,125.0,19.47463768115942,0.6268115942028986
2024-Q1,gaussian_naive_bayes,poluentes_subindices_meteorologia,10129,2208,103,1.0,0.918289786223278,0.9574046557701833,2105,0.37454545454545457,1.0,0.544973544973545,103,0.7511891003718641,1933,172,0,103,0.09,2023-10-01T00:00:00,2024-01-01T00:00:00,2208,275,43,124.54710144927536,19.47463768115942,0.6254545454545455
2024-Q1,gaussian_naive_bayes,poluentes_subindices_meteorologia,10129,2208,103,1.0,0.9201900237529691,0.9584364176150421,2105,0.3800738007380074,1.0,0.5508021390374331,103,0.7546192783262375,1937,168,0,103,0.1,2023-10-01T00:00:00,2024-01-01T00:00:00,2208,271,42,122.73550724637681,19.021739130434785,0.6199261992619927
2024-Q1,gaussian_naive_bayes,poluentes_subindices_meteorologia,10129,2208,103,1.0,0.9220902612826604,0.9594661393969353,2105,0.3857677902621723,1.0,0.5567567567567567,103,0.758111448076846,1941,164,0,103,0.11,2023-10-01T00:00:00,2024-01-01T00:00:00,2208,267,42,120.92391304347825,19.021739130434785,0.6142322097378277
2024-Q1,gaussian_naive_bayes,poluentes_subindices_meteorologia,10129,2208,103,1.0,0.9220902612826604,0.9594661393969353,2105,0.3857677902621723,1.0,0.5567567567567567,103,0.758111448076846,1941,164,0,103,0.12,2023-10-01T00:00:00,2024-01-01T00:00:00,2208,267,42,120.92391304347825,19.021739130434785,0.6142322097378277
2024-Q1,gaussian_naive_bayes,poluentes_subindices_meteorologia,10129,2208,103,1.0,0.9220902612826604,0.9594661393969353,2105,0.3857677902621723,1.0,0.5567567567567567,103,0.758111448076846,1941,164,0,103,0.13,2023-10-01T00:00:00,2024-01-01T00:00:00,2208,267,42,120.92391304347825,19.021739130434785,0.6142322097378277
2024-Q1,gaussian_naive_bayes,poluentes_subindices_meteorologia,10129,2208,103,1.0,0.9225653206650831,0.9597232517914505,2105,0.38721804511278196,1.0,0.5582655826558266,103,0.7589944172236385,1942,163,0,103,0.14,2023-10-01T00:00:00,2024-01-01T00:00:00,2208,266,42,120.47101449275361,19.021739130434785,0.6127819548872181
2024-Q1,gaussian_naive_bayes,poluentes_subindices_meteorologia,10129,2208,103,1.0,0.923040380047506,0.9599802371541502,2105,0.3886792452830189,1.0,0.5597826086956522,103,0.7598814229249011,1943,162,0,103,0.15,2023-10-01T00:00:00,2024-01-01T00:00:00,2208,265,42,120.01811594202898,19.021739130434785,0.6113207547169811
2024-Q1,gaussian_naive_bayes,poluentes_subindices_meteorologia,10129,2208,103,1.0,0.923040380047506,0.9599802371541502,2105,0.3886792452830189,1.0,0.5597826086956522,103,0.7598814229249011,1943,162,0,103,0.16,2023-10-01T00:00:00,2024-01-01T00:00:00,2208,265,42,120.01811594202898,19.021739130434785,0.6113207547169811
2024-Q1,gaussian_naive_bayes,poluentes_subindices_meteorologia,10129,2208,103,1.0,0.923040380047506,0.9599802371541502,2105,0.3886792452830189,1.0,0.5597826086956522,103,0.7598814229249011,1943,162,0,103,0.17,2023-10-01T00:00:00,2024-01-01T00:00:00,2208,265,42,120.01811594202898,19.021739130434785,0.6113207547169811
2024-Q1,gaussian_naive_bayes,poluentes_subindices_meteorologia,10129,2208,103,1.0,0.9239904988123515,0.9604938271604938,2105,0.3916349809885932,1.0,0.5628415300546448,103,0.7616676786075693,1945,160,0,103,0.18,2023-10-01T00:00:00,2024-01-01T00:00:00,2208,263,42,119.11231884057972,19.021739130434785,0.6083650190114068
2024-Q1,gaussian_naive_bayes,poluentes_subindices_meteorologia,10129,2208,103,1.0,0.9244655581947744,0.9607504319921008,2105,0.3931297709923664,1.0,0.5643835616438356,103,0.7625669968179682,1946,159,0,103,0.19,2023-10-01T00:00:00,2024-01-01T00:00:00,2208,262,42,118.65942028985508,19.021739130434785,0.6068702290076335
2024-Q1,gaussian_naive_bayes,poluentes_subindices_meteorologia,10129,2208,103,1.0,0.9249406175771971,0.9610069101678184,2105,0.3946360153256705,1.0,0.5659340659340659,103,0.7634704880509422,1947,158,0,103,0.2,2023-10-01T00:00:00,2024-01-01T00:00:00,2208,261,42,118.20652173913044,19.021739130434785,0.6053639846743295
2024-Q1,gaussian_naive_bayes,poluentes_subindices_meteorologia,10129,2208,103,1.0,0.9254156769596199,0.9612632617813965,2105,0.39615384615384613,1.0,0.5674931129476584,103,0.7643781873645275,1948,157,0,103,0.21,2023-10-01T00:00:00,2024-01-01T00:00:00,2208,260,42,117.7536231884058,19.021739130434785,0.6038461538461538
2024-Q1,gaussian_naive_bayes,poluentes_subindices_meteorologia,10129,2208,103,1.0,0.9254156769596199,0.9612632617813965,2105,0.39615384615384613,1.0,0.5674931129476584,103,0.7643781873645275,1948,157,0,103,0.22,2023-10-01T00:00:00,2024-01-01T00:00:00,2208,260,42,117.7536231884058,19.021739130434785,0.6038461538461538
2024-Q1,gaussian_naive_bayes,poluentes_subindices_meteorologia,10129,2208,103,1.0,0.9258907363420428,0.9615194869264924,2105,0.39768339768339767,1.0,0.569060773480663,103,0.7652901302035777,1949,156,0,103,0.23,2023-10-01T00:00:00,2024-01-01T00:00:00,2208,259,42,117.30072463768116,19.021739130434785,0.6023166023166023
2024-Q1,gaussian_naive_bayes,poluentes_subindices_meteorologia,10129,2208,103,1.0,0.9258907363420428,0.9615194869264924,2105,0.39768339768339767,1.0,0.569060773480663,103,0.7652901302035777,1949,156,0,103,0.24,2023-10-01T00:00:00,2024-01-01T00:00:00,2208,259,42,117.30072463768116,19.021739130434785,0.6023166023166023
2024-Q1,gaussian_naive_bayes,poluentes_subindices_meteorologia,10129,2208,103,1.0,0.9258907363420428,0.9615194869264924,2105,0.39768339768339767,1.0,0.569060773480663,103,0.7652901302035777,1949,156,0,103,0.25,2023-10-01T00:00:00,2024-01-01T00:00:00,2208,259,42,117.30072463768116,19.021739130434785,0.6023166023166023
2024-Q1,gaussian_naive_bayes,poluentes_subindices_meteorologia,10129,2208,103,1.0,0.9258907363420428,0.9615194869264924,2105,0.39768339768339767,1.0,0.569060773480663,103,0.7652901302035777,1949,156,0,103,0.26,2023-10-01T00:00:00,2024-01-01T00:00:00,2208,259,42,117.30072463768116,19.021739130434785,0.6023166023166023
2024-Q1,gaussian_naive_bayes,poluentes_subindices_meteorologia,10129,2208,103,1.0,0.9258907363420428,0.9615194869264924,2105,0.39768339768339767,1.0,0.569060773480663,103,0.7652901302035777,1949,156,0,103,0.27,2023-10-01T00:00:00,2024-01-01T00:00:00,2208,259,42,117.30072463768116,19.021739130434785,0.6023166023166023
2024-Q1,gaussian_naive_bayes,poluentes_subindices_meteorologia,10129,2208,103,1.0,0.9263657957244655,0.9617755856966708,2105,0.3992248062015504,1.0,0.5706371191135734,103,0.7662063524051221,1950,155,0,103,0.28,2023-10-01T00:00:00,2024-01-01T00:00:00,2208,258,42,116.84782608695653,19.021739130434785,0.6007751937984496
2024-Q1,gaussian_naive_bayes,poluentes_subindices_meteorologia,10129,2208,103,1.0,0.9263657957244655,0.9617755856966708,2105,0.3992248062015504,1.0,0.5706371191135734,103,0.7662063524051221,1950,155,0,103,0.29,2023-10-01T00:00:00,2024-01-01T00:00:00,2208,258,42,116.84782608695653,19.021739130434785,0.6007751937984496
2024-Q1,gaussian_naive_bayes,poluentes_subindices_meteorologia,10129,2208,103,1.0,0.9263657957244655,0.9617755856966708,2105,0.3992248062015504,1.0,0.5706371191135734,103,0.7662063524051221,1950,155,0,103,0.3,2023-10-01T00:00:00,2024-01-01T00:00:00,2208,258,42,116.84782608695653,19.021739130434785,0.6007751937984496
2024-Q1,gaussian_naive_bayes,poluentes_subindices_meteorologia,10129,2208,103,1.0,0.9263657957244655,0.9617755856966708,2105,0.3992248062015504,1.0,0.5706371191135734,103,0.7662063524051221,1950,155,0,103,0.31,2023-10-01T00:00:00,2024-01-01T00:00:00,2208,258,42,116.84782608695653,19.021739130434785,0.6007751937984496
2024-Q1,gaussian_naive_bayes,poluentes_subindices_meteorologia,10129,2208,103,1.0,0.9268408551068884,0.9620315581854043,2105,0.40077821011673154,1.0,0.5722222222222222,103,0.7671268902038133,1951,154,0,103,0.32,2023-10-01T00:00:00,2024-01-01T00:00:00,2208,257,42,116.39492753623189,19.021739130434785,0.5992217898832685
2024-Q1,gaussian_naive_bayes,poluentes_subindices_meteorologia,10129,2208,103,1.0,0.9273159144893112,0.9622874044860734,2105,0.40234375,1.0,0.5738161559888579,103,0.7680517802374657,1952,153,0,103,0.33,2023-10-01T00:00:00,2024-01-01T00:00:00,2208,256,42,115.94202898550725,19.021739130434785,0.59765625
2024-Q1,gaussian_naive_bayes,poluentes_subindices_meteorologia,10129,2208,103,1.0,0.9273159144893112,0.9622874044860734,2105,0.40234375,1.0,0.5738161559888579,103,0.7680517802374657,1952,153,0,103,0.34,2023-10-01T00:00:00,2024-01-01T00:00:00,2208,256,42,115.94202898550725,19.021739130434785,0.59765625
2024-Q1,gaussian_naive_bayes,poluentes_subindices_meteorologia,10129,2208,103,1.0,0.9287410926365796,0.9630541871921182,2105,0.40711462450592883,1.0,0.5786516853932584,103,0.7708529362926884,1955,150,0,103,0.35000000000000003,2023-10-01T00:00:00,2024-01-01T00:00:00,2208,253,42,114.58333333333333,19.021739130434785,0.5928853754940712
2024-Q1,gaussian_naive_bayes,poluentes_subindices_meteorologia,10129,2208,103,1.0,0.9292161520190024,0.9633095296724945,2105,0.4087301587301587,1.0,0.5802816901408451,103,0.7717956099066698,1956,149,0,103,0.36,2023-10-01T00:00:00,2024-01-01T00:00:00,2208,252,42,114.13043478260869,19.021739130434785,0.5912698412698413
2024-Q1,gaussian_naive_bayes,poluentes_subindices_meteorologia,10129,2208,103,1.0,0.9296912114014252,0.9635647464303299,2105,0.4103585657370518,1.0,0.5819209039548022,103,0.7727428251925661,1957,148,0,103,0.37,2023-10-01T00:00:00,2024-01-01T00:00:00,2208,251,42,113.67753623188406,19.021739130434785,0.5896414342629482
2024-Q1,gaussian_naive_bayes,poluentes_subindices_meteorologia,10129,2208,103,1.0,0.9296912114014252,0.9635647464303299,2105,0.4103585657370518,1.0,0.5819209039548022,103,0.7727428251925661,1957,148,0,103,0.38,2023-10-01T00:00:00,2024-01-01T00:00:00,2208,251,42,113.67753623188406,19.021739130434785,0.5896414342629482
2024-Q1,gaussian_naive_bayes,poluentes_subindices_meteorologia,10129,2208,103,1.0,0.9306413301662708,0.9640748031496063,2105,0.41365461847389556,1.0,0.5852272727272727,103,0.7746510379384395,1959,146,0,103,0.39,2023-10-01T00:00:00,2024-01-01T00:00:00,2208,249,41,112.77173913043478,18.568840579710145,0.5863453815261044
2024-Q1,gaussian_naive_bayes,poluentes_subindices_meteorologia,10129,2208,103,1.0,0.9311163895486936,0.964329643296433,2105,0.4153225806451613,1.0,0.5868945868945868,103,0.77561211509551,1960,145,0,103,0.4,2023-10-01T00:00:00,2024-01-01T00:00:00,2208,248,41,112.31884057971014,18.568840579710145,0.5846774193548387
2024-Q1,gaussian_naive_bayes,poluentes_subindices_meteorologia,10129,2208,103,1.0,0.9311163895486936,0.964329643296433,2105,0.4153225806451613,1.0,0.5868945868945868,103,0.77561211509551,1960,145,0,103,0.41000000000000003,2023-10-01T00:00:00,2024-01-01T00:00:00,2208,248,41,112.31884057971014,18.568840579710145,0.5846774193548387
2024-Q1,gaussian_naive_bayes,poluentes_subindices_meteorologia,10129,2208,103,1.0,0.9311163895486936,0.964329643296433,2105,0.4153225806451613,1.0,0.5868945868945868,103,0.77561211509551,1960,145,0,103,0.42,2023-10-01T00:00:00,2024-01-01T00:00:00,2208,248,41,112.31884057971014,18.568840579710145,0.5846774193548387
2024-Q1,gaussian_naive_bayes,poluentes_subindices_meteorologia,10129,2208,103,1.0,0.9311163895486936,0.964329643296433,2105,0.4153225806451613,1.0,0.5868945868945868,103,0.77561211509551,1960,145,0,103,0.43,2023-10-01T00:00:00,2024-01-01T00:00:00,2208,248,41,112.31884057971014,18.568840579710145,0.5846774193548387
2024-Q1,gaussian_naive_bayes,poluentes_subindices_meteorologia,10129,2208,103,1.0,0.9311163895486936,0.964329643296433,2105,0.4153225806451613,1.0,0.5868945868945868,103,0.77561211509551,1960,145,0,103,0.44,2023-10-01T00:00:00,2024-01-01T00:00:00,2208,248,41,112.31884057971014,18.568840579710145,0.5846774193548387
2024-Q1,gaussian_naive_bayes,poluentes_subindices_meteorologia,10129,2208,103,1.0,0.9311163895486936,0.964329643296433,2105,0.4153225806451613,1.0,0.5868945868945868,103,0.77561211509551,1960,145,0,103,0.45,2023-10-01T00:00:00,2024-01-01T00:00:00,2208,248,41,112.31884057971014,18.568840579710145,0.5846774193548387
2024-Q1,gaussian_naive_bayes,poluentes_subindices_meteorologia,10129,2208,103,1.0,0.9311163895486936,0.964329643296433,2105,0.4153225806451613,1.0,0.5868945868945868,103,0.77561211509551,1960,145,0,103,0.46,2023-10-01T00:00:00,2024-01-01T00:00:00,2208,248,41,112.31884057971014,18.568840579710145,0.5846774193548387
2024-Q1,gaussian_naive_bayes,poluentes_subindices_meteorologia,10129,2208,103,1.0,0.9315914489311163,0.9645843580914905,2105,0.41700404858299595,1.0,0.5885714285714285,103,0.7765778933314595,1961,144,0,103,0.47000000000000003,2023-10-01T00:00:00,2024-01-01T00:00:00,2208,247,41,111.8659420289855,18.568840579710145,0.582995951417004
2024-Q1,gaussian_naive_bayes,poluentes_subindices_meteorologia,10129,2208,103,1.0,0.9320665083135392,0.9648389476272436,2105,0.4186991869918699,1.0,0.5902578796561605,103,0.7775484136417021,1962,143,0,103,0.48,2023-10-01T00:00:00,2024-01-01T00:00:00,2208,246,41,111.41304347826086,18.568840579710145,0.5813008130081301
2024-Q1,gaussian_naive_bayes,poluentes_subindices_meteorologia,10129,2208,103,1.0,0.9330166270783848,0.9653477512902433,2105,0.42213114754098363,1.0,0.5936599423631124,103,0.7795038468266778,1964,141,0,103,0.49,2023-10-01T00:00:00,2024-01-01T00:00:00,2208,244,40,110.5072463768116,18.115942028985508,0.5778688524590164
2024-Q1,gaussian_naive_bayes,poluentes_subindices_meteorologia,10129,2208,103,1.0,0.9330166270783848,0.9653477512902433,2105,0.42213114754098363,1.0,0.5936599423631124,103,0.7795038468266778,1964,141,0,103,0.5,2023-10-01T00:00:00,2024-01-01T00:00:00,2208,244,40,110.5072463768116,18.115942028985508,0.5778688524590164
2024-Q1,gaussian_naive_bayes,poluentes_subindices_meteorologia,10129,2208,103,1.0,0.9330166270783848,0.9653477512902433,2105,0.42213114754098363,1.0,0.5936599423631124,103,0.7795038468266778,1964,141,0,103,0.51,2023-10-01T00:00:00,2024-01-01T00:00:00,2208,244,40,110.5072463768116,18.115942028985508,0.5778688524590164
2024-Q1,gaussian_naive_bayes,poluentes_subindices_meteorologia,10129,2208,103,1.0,0.9330166270783848,0.9653477512902433,2105,0.42213114754098363,1.0,0.5936599423631124,103,0.7795038468266778,1964,141,0,103,0.52,2023-10-01T00:00:00,2024-01-01T00:00:00,2208,244,40,110.5072463768116,18.115942028985508,0.5778688524590164
2024-Q1,gaussian_naive_bayes,poluentes_subindices_meteorologia,10129,2208,103,1.0,0.9334916864608076,0.9656019656019657,2105,0.42386831275720166,1.0,0.5953757225433526,103,0.7804888440726592,1965,140,0,103,0.53,2023-10-01T00:00:00,2024-01-01T00:00:00,2208,243,40,110.05434782608695,18.115942028985508,0.5761316872427984
2024-Q1,gaussian_naive_bayes,poluentes_subindices_meteorologia,10129,2208,103,1.0,0.9334916864608076,0.9656019656019657,2105,0.42386831275720166,1.0,0.5953757225433526,103,0.7804888440726592,1965,140,0,103,0.54,2023-10-01T00:00:00,2024-01-01T00:00:00,2208,243,40,110.05434782608695,18.115942028985508,0.5761316872427984
2024-Q1,gaussian_naive_bayes,poluentes_subindices_meteorologia,10129,2208,103,1.0,0.9334916864608076,0.9656019656019657,2105,0.42386831275720166,1.0,0.5953757225433526,103,0.7804888440726592,1965,140,0,103,0.55,2023-10-01T00:00:00,2024-01-01T00:00:00,2208,243,40,110.05434782608695,18.115942028985508,0.5761316872427984
2024-Q1,gaussian_naive_bayes,poluentes_subindices_meteorologia,10129,2208,103,1.0,0.9334916864608076,0.9656019656019657,2105,0.42386831275720166,1.0,0.5953757225433526,103,0.7804888440726592,1965,140,0,103,0.56,2023-10-01T00:00:00,2024-01-01T00:00:00,2208,243,40,110.05434782608695,18.115942028985508,0.5761316872427984
2024-Q1,gaussian_naive_bayes,poluentes_subindices_meteorologia,10129,2208,103,1.0,0.9334916864608076,0.9656019656019657,2105,0.42386831275720166,1.0,0.5953757225433526,103,0.7804888440726592,1965,140,0,103,0.5700000000000001,2023-10-01T00:00:00,2024-01-01T00:00:00,2208,243,40,110.05434782608695,18.115942028985508,0.5761316872427984
2024-Q1,gaussian_naive_bayes,poluentes_subindices_meteorologia,10129,2208,103,1.0,0.9339667458432304,0.9658560550233358,2105,0.4256198347107438,1.0,0.5971014492753624,103,0.7814787521493491,1966,139,0,103,0.58,2023-10-01T00:00:00,2024-01-01T00:00:00,2208,242,40,109.60144927536231,18.115942028985508,0.5743801652892562
2024-Q1,gaussian_naive_bayes,poluentes_subindices_meteorologia,10129,2208,103,1.0,0.934916864608076,0.9663638595629757,2105,0.42916666666666664,1.0,0.6005830903790087,103,0.7834734749709922,1968,137,0,103,0.59,2023-10-01T00:00:00,2024-01-01T00:00:00,2208,240,40,108.69565217391305,18.115942028985508,0.5708333333333333
2024-Q1,gaussian_naive_bayes,poluentes_subindices_meteorologia,10129,2208,103,1.0,0.9353919239904989,0.9666175748649976,2105,0.4309623430962343,1.0,0.6023391812865497,103,0.7844783780757736,1969,136,0,103,0.6,2023-10-01T00:00:00,2024-01-01T00:00:00,2208,239,40,108.2427536231884,18.115942028985508,0.5690376569037657
2024-Q1,gaussian_naive_bayes,poluentes_subindices_meteorologia,10129,2208,103,1.0,0.9353919239904989,0.9666175748649976,2105,0.4309623430962343,1.0,0.6023391812865497,103,0.7844783780757736,1969,136,0,103,0.61,2023-10-01T00:00:00,2024-01-01T00:00:00,2208,239,40,108.2427536231884,18.115942028985508,0.5690376569037657
2024-Q1,gaussian_naive_bayes,poluentes_subindices_meteorologia,10129,2208,103,1.0,0.9368171021377673,0.9673779740004905,2105,0.4364406779661017,1.0,0.6076696165191741,103,0.7875237952598323,1972,133,0,103,0.62,2023-10-01T00:00:00,2024-01-01T00:00:00,2208,236,40,106.8840579710145,18.115942028985508,0.5635593220338984
2024-Q1,gaussian_naive_bayes,poluentes_subindices_meteorologia,10129,2208,103,1.0,0.9382422802850356,0.9681372549019608,2105,0.44206008583690987,1.0,0.6130952380952381,103,0.7906162464985995,1975,130,0,103,0.63,2023-10-01T00:00:00,2024-01-01T00:00:00,2208,233,39,105.52536231884058,17.663043478260867,0.5579399141630901
2024-Q1,gaussian_naive_bayes,poluentes_subindices_meteorologia,10129,2208,103,1.0,0.9391923990498813,0.9686428221460068,2105,0.4458874458874459,1.0,0.6167664670658682,103,0.7927046446059376,1977,128,0,103,0.64,2023-10-01T00:00:00,2024-01-01T00:00:00,2208,231,39,104.61956521739131,17.663043478260867,0.5541125541125541
2024-Q1,gaussian_naive_bayes,poluentes_subindices_meteorologia,10129,2208,103,1.0,0.939667458432304,0.9688954200342885,2105,0.44782608695652176,1.0,0.6186186186186187,103,0.7937570193264536,1978,127,0,103,0.65,2023-10-01T00:00:00,2024-01-01T00:00:00,2208,230,39,104.16666666666667,17.663043478260867,0.5521739130434783
2024-Q1,gaussian_naive_bayes,poluentes_subindices_meteorologia,10129,2208,103,1.0,0.939667458432304,0.9688954200342885,2105,0.44782608695652176,1.0,0.6186186186186187,103,0.7937570193264536,1978,127,0,103,0.66,2023-10-01T00:00:00,2024-01-01T00:00:00,2208,230,39,104.16666666666667,17.663043478260867,0.5521739130434783
2024-Q1,gaussian_naive_bayes,poluentes_subindices_meteorologia,10129,2208,103,1.0,0.9401425178147268,0.9691478942213516,2105,0.4497816593886463,1.0,0.6204819277108434,103,0.7948149109660976,1979,126,0,103,0.67,2023-10-01T00:00:00,2024-01-01T00:00:00,2208,229,38,103.71376811594203,17.21014492753623,0.5502183406113537
2024-Q1,gaussian_naive_bayes,poluentes_subindices_meteorologia,10129,2208,103,1.0,0.9406175771971497,0.9694002447980417,2105,0.4517543859649123,1.0,0.622356495468278,103,0.7958783701331598,1980,125,0,103,0.68,2023-10-01T00:00:00,2024-01-01T00:00:00,2208,228,38,103.26086956521739,17.21014492753623,0.5482456140350878
2024-Q1,gaussian_naive_bayes,poluentes_subindices_meteorologia,10129,2208,103,1.0,0.9410926365795724,0.969652471855115,2105,0.45374449339207046,1.0,0.6242424242424243,103,0.7969474480487697,1981,124,0,103,0.6900000000000001,2023-10-01T00:00:00,2024-01-01T00:00:00,2208,227,38,102.80797101449275,17.21014492753623,0.5462555066079295
2024-Q1,gaussian_naive_bayes,poluentes_subindices_meteorologia,10129,2208,103,1.0,0.9415676959619953,0.9699045754832395,2105,0.4557522123893805,1.0,0.6261398176291794,103,0.7980221965562094,1982,123,0,103,0.7000000000000001,2023-10-01T00:00:00,2024-01-01T00:00:00,2208,226,38,102.35507246376811,17.21014492753623,0.5442477876106194
2024-Q1,gaussian_naive_bayes,poluentes_subindices_meteorologia,10129,2208,103,1.0,0.9415676959619953,0.9699045754832395,2105,0.4557522123893805,1.0,0.6261398176291794,103,0.7980221965562094,1982,123,0,103,0.71,2023-10-01T00:00:00,2024-01-01T00:00:00,2208,226,38,102.35507246376811,17.21014492753623,0.5442477876106194
2024-Q1,gaussian_naive_bayes,poluentes_subindices_meteorologia,10129,2208,103,1.0,0.9420427553444181,0.9701565557729941,2105,0.4577777777777778,1.0,0.6280487804878049,103,0.7991026681303994,1983,122,0,103,0.72,2023-10-01T00:00:00,2024-01-01T00:00:00,2208,225,38,101.90217391304347,17.21014492753623,0.5422222222222223
2024-Q1,gaussian_naive_bayes,poluentes_subindices_meteorologia,10129,2208,103,1.0,0.9425178147268408,0.9704084128148691,2105,0.45982142857142855,1.0,0.6299694189602446,103,0.8001889158875568,1984,121,0,103,0.73,2023-10-01T00:00:00,2024-01-01T00:00:00,2208,224,38,101.44927536231884,17.21014492753623,0.5401785714285714
2024-Q1,gaussian_naive_bayes,poluentes_subindices_meteorologia,10129,2208,103,1.0,0.9429928741092637,0.9706601466992665,2105,0.4618834080717489,1.0,0.6319018404907976,103,0.801280993595032,1985,120,0,103,0.74,2023-10-01T00:00:00,2024-01-01T00:00:00,2208,223,37,100.9963768115942,16.757246376811597,0.5381165919282511
2024-Q1,gaussian_naive_bayes,poluentes_subindices_meteorologia,10129,2208,103,1.0,0.9429928741092637,0.9706601466992665,2105,0.4618834080717489,1.0,0.6319018404907976,103,0.801280993595032,1985,120,0,103,0.75,2023-10-01T00:00:00,2024-01-01T00:00:00,2208,223,37,100.9963768115942,16.757246376811597,0.5381165919282511
2024-Q1,gaussian_naive_bayes,poluentes_subindices_meteorologia,10129,2208,103,1.0,0.9429928741092637,0.9706601466992665,2105,0.4618834080717489,1.0,0.6319018404907976,103,0.801280993595032,1985,120,0,103,0.76,2023-10-01T00:00:00,2024-01-01T00:00:00,2208,223,37,100.9963768115942,16.757246376811597,0.5381165919282511
2024-Q1,gaussian_naive_bayes,poluentes_subindices_meteorologia,10129,2208,103,1.0,0.9444180522565321,0.9714146103102859,2105,0.4681818181818182,1.0,0.6377708978328174,103,0.8045927540715516,1988,117,0,103,0.77,2023-10-01T00:00:00,2024-01-01T00:00:00,2208,220,36,99.63768115942028,16.304347826086957,0.5318181818181819
2024-Q1,gaussian_naive_bayes,poluentes_subindices_meteorologia,10129,2208,103,1.0,0.9444180522565321,0.9714146103102859,2105,0.4681818181818182,1.0,0.6377708978328174,103,0.8045927540715516,1988,117,0,103,0.78,2023-10-01T00:00:00,2024-01-01T00:00:00,2208,220,36,99.63768115942028,16.304347826086957,0.5318181818181819
2024-Q1,gaussian_naive_bayes,poluentes_subindices_meteorologia,10129,2208,103,1.0,0.9444180522565321,0.9714146103102859,2105,0.4681818181818182,1.0,0.6377708978328174,103,0.8045927540715516,1988,117,0,103,0.79,2023-10-01T00:00:00,2024-01-01T00:00:00,2208,220,36,99.63768115942028,16.304347826086957,0.5318181818181819
2024-Q1,gaussian_naive_bayes,poluentes_subindices_meteorologia,10129,2208,103,1.0,0.9458432304038005,0.97216796875,2105,0.47465437788018433,1.0,0.64375,103,0.807958984375,1991,114,0,103,0.8,2023-10-01T00:00:00,2024-01-01T00:00:00,2208,217,36,98.27898550724639,16.304347826086957,0.5253456221198156
2024-Q1,gaussian_naive_bayes,poluentes_subindices_meteorologia,10129,2208,103,1.0,0.9458432304038005,0.97216796875,2105,0.47465437788018433,1.0,0.64375,103,0.807958984375,1991,114,0,103,0.81,2023-10-01T00:00:00,2024-01-01T00:00:00,2208,217,36,98.27898550724639,16.304347826086957,0.5253456221198156
2024-Q1,gaussian_naive_bayes,poluentes_subindices_meteorologia,10129,2208,103,1.0,0.9458432304038005,0.97216796875,2105,0.47465437788018433,1.0,0.64375,103,0.807958984375,1991,114,0,103,0.8200000000000001,2023-10-01T00:00:00,2024-01-01T00:00:00,2208,217,36,98.27898550724639,16.304347826086957,0.5253456221198156
2024-Q1,gaussian_naive_bayes,poluentes_subindices_meteorologia,10129,2208,103,1.0,0.9463182897862232,0.9724188430558945,2105,0.47685185185185186,1.0,0.64576802507837,103,0.8090934340671323,1992,113,0,103,0.8300000000000001,2023-10-01T00:00:00,2024-01-01T00:00:00,2208,216,36,97.82608695652175,16.304347826086957,0.5231481481481481
2024-Q1,gaussian_naive_bayes,poluentes_subindices_meteorologia,10129,2208,103,1.0,0.9467933491686461,0.9726695949243533,2105,0.4790697674418605,1.0,0.6477987421383647,103,0.810234168531359,1993,112,0,103,0.84,2023-10-01T00:00:00,2024-01-01T00:00:00,2208,215,36,97.37318840579711,16.304347826086957,0.5209302325581395
2024-Q1,gaussian_naive_bayes,poluentes_subindices_meteorologia,10129,2208,103,1.0,0.9472684085510689,0.9729202244449866,2105,0.48130841121495327,1.0,0.6498422712933754,103,0.811381247869181,1994,111,0,103,0.85,2023-10-01T00:00:00,2024-01-01T00:00:00,2208,214,36,96.92028985507247,16.304347826086957,0.5186915887850467
2024-Q1,gaussian_naive_bayes,poluentes_subindices_meteorologia,10129,2208,103,1.0,0.9491686460807601,0.9739215208384109,2105,0.49047619047619045,1.0,0.65814696485623,103,0.8160342428473204,1998,107,0,103,0.86,2023-10-01T00:00:00,2024-01-01T00:00:00,2208,210,36,95.10869565217392,16.304347826086957,0.5095238095238095
2024-Q1,gaussian_naive_bayes,poluentes_subindices_meteorologia,10129,2208,103,1.0,0.9491686460807601,0.9739215208384109,2105,0.49047619047619045,1.0,0.65814696485623,103,0.8160342428473204,1998,107,0,103,0.87,2023-10-01T00:00:00,2024-01-01T00:00:00,2208,210,36,95.10869565217392,16.304347826086957,0.5095238095238095
2024-Q1,gaussian_naive_bayes,poluentes_subindices_meteorologia,10129,2208,103,1.0,0.9496437054631829,0.9741715399610137,2105,0.49282296650717705,1.0,0.6602564102564102,103,0.817213975108712,1999,106,0,103,0.88,2023-10-01T00:00:00,2024-01-01T00:00:00,2208,209,35,94.65579710144928,15.85144927536232,0.507177033492823
2024-Q1,gaussian_naive_bayes,poluentes_subindices_meteorologia,10129,2208,103,1.0,0.9501187648456056,0.97442143727162,2105,0.4951923076923077,1.0,0.662379421221865,103,0.8184004292467425,2000,105,0,103,0.89,2023-10-01T00:00:00,2024-01-01T00:00:00,2208,208,35,94.20289855072464,15.85144927536232,0.5048076923076923
2024-Q1,gaussian_naive_bayes,poluentes_subindices_meteorologia,10129,2208,103,1.0,0.9515439429928741,0.9751703992210321,2105,0.5024390243902439,1.0,0.6688311688311688,103,0.8220007840261004,2003,102,0,103,0.9,2023-10-01T00:00:00,2024-01-01T00:00:00,2208,205,35,92.84420289855072,15.85144927536232,0.4975609756097561
2024-Q1,gaussian_naive_bayes,poluentes_subindices_meteorologia,10129,2208,103,1.0,0.9524940617577197,0.975669099756691,2105,0.5073891625615764,1.0,0.673202614379085,103,0.824435857067888,2005,100,0,103,0.91,2023-10-01T00:00:00,2024-01-01T00:00:00,2208,203,35,91.93840579710145,15.85144927536232,0.49261083743842365
2024-Q1,gaussian_naive_bayes,poluentes_subindices_meteorologia,10129,2208,103,1.0,0.9534441805225653,0.9761673151750972,2105,0.5124378109452736,1.0,0.6776315789473685,103,0.8268994470612329,2007,98,0,103,0.92,2023-10-01T00:00:00,2024-01-01T00:00:00,2208,201,35,91.03260869565217,15.85144927536232,0.48756218905472637
2024-Q1,gaussian_naive_bayes,poluentes_subindices_meteorologia,10129,2208,103,1.0,0.9539192399049882,0.9764162411864818,2105,0.515,1.0,0.6798679867986799,103,0.8281421139925809,2008,97,0,103,0.93,2023-10-01T00:00:00,2024-01-01T00:00:00,2208,200,34,90.57971014492753,15.398550724637682,0.485
2024-Q1,gaussian_naive_bayes,poluentes_subindices_meteorologia,10129,2208,103,1.0,0.9543942992874109,0.9766650461837627,2105,0.5175879396984925,1.0,0.6821192052980133,103,0.829392125740888,2009,96,0,103,0.9400000000000001,2023-10-01T00:00:00,2024-01-01T00:00:00,2208,199,34,90.12681159420289,15.398550724637682,0.4824120603015075
2024-Q1,gaussian_naive_bayes,poluentes_subindices_meteorologia,10129,2208,103,1.0,0.9548693586698337,0.976913730255164,2105,0.5202020202020202,1.0,0.6843853820598007,103,0.8306495561574824,2010,95,0,103,0.9500000000000001,2023-10-01T00:00:00,2024-01-01T00:00:00,2208,198,34,89.67391304347825,15.398550724637682,0.4797979797979798
2024-Q1,gaussian_naive_bayes,poluentes_subindices_meteorologia,10129,2208,103,1.0,0.956769596199525,0.9779072590434571,2105,0.5309278350515464,1.0,0.6936026936026936,103,0.8357549763230754,2014,91,0,103,0.96,2023-10-01T00:00:00,2024-01-01T00:00:00,2208,194,34,87.86231884057972,15.398550724637682,0.4690721649484536
2024-Q1,gaussian_naive_bayes,poluentes_subindices_meteorologia,10129,2208,103,1.0,0.9586698337292161,0.9788988600533592,2105,0.5421052631578948,1.0,0.7030716723549488,103,0.840985266204154,2018,87,0,103,0.97,2023-10-01T00:00:00,2024-01-01T00:00:00,2208,190,32,86.05072463768116,14.492753623188406,0.45789473684210524
2024-Q1,gaussian_naive_bayes,poluentes_subindices_meteorologia,10129,2208,103,1.0,0.9605700712589074,0.9798885388902351,2105,0.553763440860215,1.0,0.71280276816609,103,0.8463456535281626,2022,83,0,103,0.98,2023-10-01T00:00:00,2024-01-01T00:00:00,2208,186,31,84.23913043478261,14.039855072463768,0.44623655913978494
2024-Q1,gaussian_naive_bayes,poluentes_subindices_meteorologia,10129,2208,103,1.0,0.963895486935867,0.9816158684083213,2105,0.5754189944134078,1.0,0.7304964539007093,103,0.8560561611545152,2029,76,0,103,0.99,2023-10-01T00:00:00,2024-01-01T00:00:00,2208,179,31,81.06884057971014,14.039855072463768,0.4245810055865922
2024-Q1,gaussian_naive_bayes,poluentes_subindices_meteorologia,10129,2208,103,0.9722479185938946,0.9985748218527316,0.9852355284743379,2105,0.9347826086956522,0.4174757281553398,0.5771812080536913,103,0.7812083682640146,2102,3,60,43,1.0,2023-10-01T00:00:00,2024-01-01T00:00:00,2208,46,8,20.833333333333332,3.6231884057971016,0.06521739130434782
2024-Q1,gaussian_naive_bayes,poluentes_subindices_sem_iqar_meteorologia,10129,2208,103,0.0,0.0,0.0,2105,0.04664855072463768,1.0,0.08913890090869753,103,0.044569450454348764,0,2105,0,103,0.0,2023-10-01T00:00:00,2024-01-01T00:00:00,2208,2208,1,1000.0,0.4528985507246377,0.9533514492753623
2024-Q1,gaussian_naive_bayes,poluentes_subindices_sem_iqar_meteorologia,10129,2208,103,1.0,0.8845605700712589,0.9387446433072851,2105,0.2976878612716763,1.0,0.45879732739420936,103,0.6987709853507472,1862,243,0,103,0.01,2023-10-01T00:00:00,2024-01-01T00:00:00,2208,346,50,156.70289855072463,22.644927536231883,0.7023121387283237
2024-Q1,gaussian_naive_bayes,poluentes_subindices_sem_iqar_meteorologia,10129,2208,103,1.0,0.8954869358669834,0.9448621553884712,2105,0.3188854489164087,1.0,0.4835680751173709,103,0.714215115252921,1885,220,0,103,0.02,2023-10-01T00:00:00,2024-01-01T00:00:00,2208,323,46,146.28623188405797,20.833333333333332,0.6811145510835913
2024-Q1,gaussian_naive_bayes,poluentes_subindices_sem_iqar_meteorologia,10129,2208,103,1.0,0.898812351543943,0.9467100325243933,2105,0.3259493670886076,1.0,0.4916467780429594,103,0.7191784052836764,1892,213,0,103,0.03,2023-10-01T00:00:00,2024-01-01T00:00:00,2208,316,46,143.1159420289855,20.833333333333332,0.6740506329113924
2024-Q1,gaussian_naive_bayes,poluentes_subindices_sem_iqar_meteorologia,10129,2208,103,1.0,0.9026128266033254,0.9488139825218477,2105,0.3344155844155844,1.0,0.5012165450121655,103,0.7250152637670066,1900,205,0,103,0.04,2023-10-01T00:00:00,2024-01-01T00:00:00,2208,308,47,139.4927536231884,21.286231884057973,0.6655844155844156
2024-Q1,gaussian_naive_bayes,poluentes_subindices_sem_iqar_meteorologia,10129,2208,103,1.0,0.9064133016627078,0.9509095439820583,2105,0.3433333333333333,1.0,0.511166253101737,103,0.7310378985418977,1908,197,0,103,0.05,2023-10-01T00:00:00,2024-01-01T00:00:00,2208,300,46,135.86956521739128,20.833333333333332,0.6566666666666666
2024-Q1,gaussian_naive_bayes,poluentes_subindices_sem_iqar_meteorologia,10129,2208,103,1.0,0.9097387173396675,0.9527363184079602,2105,0.3515358361774744,1.0,0.5202020202020202,103,0.7364691693049903,1915,190,0,103,0.06,2023-10-01T00:00:00,2024-01-01T00:00:00,2208,293,46,132.69927536231884,20.833333333333332,0.6484641638225256
2024-Q1,gaussian_naive_bayes,poluentes_subindices_sem_iqar_meteorologia,10129,2208,103,1.0,0.9116389548693586,0.9537773359840954,2105,0.356401384083045,1.0,0.5255102040816326,103,0.739643770032864,1919,186,0,103,0.07,2023-10-01T00:00:00,2024-01-01T00:00:00,2208,289,46,130.88768115942028,20.833333333333332,0.643598615916955
2024-Q1,gaussian_naive_bayes,poluentes_subindices_sem_iqar_meteorologia,10129,2208,103,1.0,0.9121140142517815,0.9540372670807453,2105,0.3576388888888889,1.0,0.5268542199488491,103,0.7404457435147972,1920,185,0,103,0.08,2023-10-01T00:00:00,2024-01-01T00:00:00,2208,288,46,130.43478260869566,20.833333333333332,0.6423611111111112
2024-Q1,gaussian_naive_bayes,poluentes_subindices_sem_iqar_meteorologia,10129,2208,103,1.0,0.9140142517814727,0.9550757011665426,2105,0.3626760563380282,1.0,0.5322997416020672,103,0.743687721384305,1924,181,0,103,0.09,2023-10-01T00:00:00,2024-01-01T00:00:00,2208,284,46,128.6231884057971,20.833333333333332,0.6373239436619719
2024-Q1,gaussian_naive_bayes,poluentes_subindices_sem_iqar_meteorologia,10129,2208,103,1.0,0.9163895486935867,0.9563708477937531,2105,0.36917562724014336,1.0,0.5392670157068062,103,0.7478189317502797,1929,176,0,103,0.1,2023-10-01T00:00:00,2024-01-01T00:00:00,2208,279,45,126.35869565217392,20.380434782608695,0.6308243727598566
2024-Q1,gaussian_naive_bayes,poluentes_subindices_sem_iqar_meteorologia,10129,2208,103,1.0,0.918289786223278,0.9574046557701833,2105,0.37454545454545457,1.0,0.544973544973545,103,0.7511891003718641,1933,172,0,103,0.11,2023-10-01T00:00:00,2024-01-01T00:00:00,2208,275,45,124.54710144927536,20.380434782608695,0.6254545454545455
2024-Q1,gaussian_naive_bayes,poluentes_subindices_sem_iqar_meteorologia,10129,2208,103,1.0,0.920665083135392,0.9586940390798911,2105,0.3814814814814815,1.0,0.5522788203753352,103,0.7554864297276132,1938,167,0,103,0.12,2023-10-01T00:00:00,2024-01-01T00:00:00,2208,270,45,122.28260869565217,20.380434782608695,0.6185185185185185
2024-Q1,gaussian_naive_bayes,poluentes_subindices_sem_iqar_meteorologia,10129,2208,103,1.0,0.9225653206650831,0.9597232517914505,2105,0.38721804511278196,1.0,0.5582655826558266,103,0.7589944172236385,1942,163,0,103,0.13,2023-10-01T00:00:00,2024-01-01T00:00:00,2208,266,45,120.47101449275361,20.380434782608695,0.6127819548872181
2024-Q1,gaussian_naive_bayes,poluentes_subindices_sem_iqar_meteorologia,10129,2208,103,1.0,0.9244655581947744,0.9607504319921008,2105,0.3931297709923664,1.0,0.5643835616438356,103,0.7625669968179682,1946,159,0,103,0.14,2023-10-01T00:00:00,2024-01-01T00:00:00,2208,262,45,118.65942028985508,20.380434782608695,0.6068702290076335
2024-Q1,gaussian_naive_bayes,poluentes_subindices_sem_iqar_meteorologia,10129,2208,103,1.0,0.9249406175771971,0.9610069101678184,2105,0.3946360153256705,1.0,0.5659340659340659,103,0.7634704880509422,1947,158,0,103,0.15,2023-10-01T00:00:00,2024-01-01T00:00:00,2208,261,45,118.20652173913044,20.380434782608695,0.6053639846743295
2024-Q1,gaussian_naive_bayes,poluentes_subindices_sem_iqar_meteorologia,10129,2208,103,1.0,0.9258907363420428,0.9615194869264924,2105,0.39768339768339767,1.0,0.569060773480663,103,0.7652901302035777,1949,156,0,103,0.16,2023-10-01T00:00:00,2024-01-01T00:00:00,2208,259,44,117.30072463768116,19.927536231884055,0.6023166023166023
2024-Q1,gaussian_naive_bayes,poluentes_subindices_sem_iqar_meteorologia,10129,2208,103,1.0,0.9273159144893112,0.9622874044860734,2105,0.40234375,1.0,0.5738161559888579,103,0.7680517802374657,1952,153,0,103,0.17,2023-10-01T00:00:00,2024-01-01T00:00:00,2208,256,43,115.94202898550725,19.47463768115942,0.59765625
2024-Q1,gaussian_naive_bayes,poluentes_subindices_sem_iqar_meteorologia,10129,2208,103,1.0,0.9306413301662708,0.9640748031496063,2105,0.41365461847389556,1.0,0.5852272727272727,103,0.7746510379384395,1959,146,0,103,0.18,2023-10-01T00:00:00,2024-01-01T00:00:00,2208,249,43,112.77173913043478,19.47463768115942,0.5863453815261044
2024-Q1,gaussian_naive_bayes,poluentes_subindices_sem_iqar_meteorologia,10129,2208,103,1.0,0.9315914489311163,0.9645843580914905,2105,0.41700404858299595,1.0,0.5885714285714285,103,0.7765778933314595,1961,144,0,103,0.19,2023-10-01T00:00:00,2024-01-01T00:00:00,2208,247,43,111.8659420289855,19.47463768115942,0.582995951417004
2024-Q1,gaussian_naive_bayes,poluentes_subindices_sem_iqar_meteorologia,10129,2208,103,1.0,0.9315914489311163,0.9645843580914905,2105,0.41700404858299595,1.0,0.5885714285714285,103,0.7765778933314595,1961,144,0,103,0.2,2023-10-01T00:00:00,2024-01-01T00:00:00,2208,247,43,111.8659420289855,19.47463768115942,0.582995951417004
2024-Q1,gaussian_naive_bayes,poluentes_subindices_sem_iqar_meteorologia,10129,2208,103,1.0,0.9330166270783848,0.9653477512902433,2105,0.42213114754098363,1.0,0.5936599423631124,103,0.7795038468266778,1964,141,0,103,0.21,2023-10-01T00:00:00,2024-01-01T00:00:00,2208,244,43,110.5072463768116,19.47463768115942,0.5778688524590164
2024-Q1,gaussian_naive_bayes,poluentes_subindices_sem_iqar_meteorologia,10129,2208,103,1.0,0.9334916864608076,0.9656019656019657,2105,0.42386831275720166,1.0,0.5953757225433526,103,0.7804888440726592,1965,140,0,103,0.22,2023-10-01T00:00:00,2024-01-01T00:00:00,2208,243,42,110.05434782608695,19.021739130434785,0.5761316872427984
2024-Q1,gaussian_naive_bayes,poluentes_subindices_sem_iqar_meteorologia,10129,2208,103,1.0,0.9339667458432304,0.9658560550233358,2105,0.4256198347107438,1.0,0.5971014492753624,103,0.7814787521493491,1966,139,0,103,0.23,2023-10-01T00:00:00,2024-01-01T00:00:00,2208,242,42,109.60144927536231,19.021739130434785,0.5743801652892562
2024-Q1,gaussian_naive_bayes,poluentes_subindices_sem_iqar_meteorologia,10129,2208,103,1.0,0.9344418052256532,0.9661100196463654,2105,0.42738589211618255,1.0,0.5988372093023255,103,0.7824736144743455,1967,138,0,103,0.24,2023-10-01T00:00:00,2024-01-01T00:00:00,2208,241,41,109.14855072463769,18.568840579710145,0.5726141078838174
2024-Q1,gaussian_naive_bayes,poluentes_subindices_sem_iqar_meteorologia,10129,2208,103,1.0,0.9353919239904989,0.9666175748649976,2105,0.4309623430962343,1.0,0.6023391812865497,103,0.7844783780757736,1969,136,0,103,0.25,2023-10-01T00:00:00,2024-01-01T00:00:00,2208,239,40,108.2427536231884,18.115942028985508,0.5690376569037657
2024-Q1,gaussian_naive_bayes,poluentes_subindices_sem_iqar_meteorologia,10129,2208,103,1.0,0.9358669833729216,0.9668711656441717,2105,0.4327731092436975,1.0,0.6041055718475073,103,0.7854883687458396,1970,135,0,103,0.26,2023-10-01T00:00:00,2024-01-01T00:00:00,2208,238,40,107.78985507246378,18.115942028985508,0.5672268907563025
2024-Q1,gaussian_naive_bayes,poluentes_subindices_sem_iqar_meteorologia,10129,2208,103,1.0,0.9363420427553444,0.9671246319921492,2105,0.4345991561181435,1.0,0.6058823529411764,103,0.7865034924666627,1971,134,0,103,0.27,2023-10-01T00:00:00,2024-01-01T00:00:00,2208,237,39,107.33695652173914,17.663043478260867,0.5654008438818565
2024-Q1,gaussian_naive_bayes,poluentes_subindices_sem_iqar_meteorologia,10129,2208,103,1.0,0.9363420427553444,0.9671246319921492,2105,0.4345991561181435,1.0,0.6058823529411764,103,0.7865034924666627,1971,134,0,103,0.28,2023-10-01T00:00:00,2024-01-01T00:00:00,2208,237,39,107.33695652173914,17.663043478260867,0.5654008438818565
2024-Q1,gaussian_naive_bayes,poluentes_subindices_sem_iqar_meteorologia,10129,2208,103,1.0,0.9368171021377673,0.9673779740004905,2105,0.4364406779661017,1.0,0.6076696165191741,103,0.7875237952598323,1972,133,0,103,0.29,2023-10-01T00:00:00,2024-01-01T00:00:00,2208,236,39,106.8840579710145,17.663043478260867,0.5635593220338984
2024-Q1,gaussian_naive_bayes,poluentes_subindices_sem_iqar_meteorologia,10129,2208,103,1.0,0.93729216152019,0.967631191760667,2105,0.43829787234042555,1.0,0.6094674556213018,103,0.7885493236909844,1973,132,0,103,0.3,2023-10-01T00:00:00,2024-01-01T00:00:00,2208,235,39,106.43115942028986,17.663043478260867,0.5617021276595745
2024-Q1,gaussian_naive_bayes,poluentes_subindices_sem_iqar_meteorologia,10129,2208,103,1.0,0.93729216152019,0.967631191760667,2105,0.43829787234042555,1.0,0.6094674556213018,103,0.7885493236909844,1973,132,0,103,0.31,2023-10-01T00:00:00,2024-01-01T00:00:00,2208,235,39,106.43115942028986,17.663043478260867,0.5617021276595745
2024-Q1,gaussian_naive_bayes,poluentes_subindices_sem_iqar_meteorologia,10129,2208,103,1.0,0.93729216152019,0.967631191760667,2105,0.43829787234042555,1.0,0.6094674556213018,103,0.7885493236909844,1973,132,0,103,0.32,2023-10-01T00:00:00,2024-01-01T00:00:00,2208,235,39,106.43115942028986,17.663043478260867,0.5617021276595745
2024-Q1,gaussian_naive_bayes,poluentes_subindices_sem_iqar_meteorologia,10129,2208,103,1.0,0.9377672209026128,0.9678842853640598,2105,0.44017094017094016,1.0,0.6112759643916914,103,0.7895801248778755,1974,131,0,103,0.33,2023-10-01T00:00:00,2024-01-01T00:00:00,2208,234,39,105.97826086956522,17.663043478260867,0.5598290598290598
2024-Q1,gaussian_naive_bayes,poluentes_subindices_sem_iqar_meteorologia,10129,2208,103,1.0,0.9382422802850356,0.9681372549019608,2105,0.44206008583690987,1.0,0.6130952380952381,103,0.7906162464985995,1975,130,0,103,0.34,2023-10-01T00:00:00,2024-01-01T00:00:00,2208,233,38,105.52536231884058,17.21014492753623,0.5579399141630901
2024-Q1,gaussian_naive_bayes,poluentes_subindices_sem_iqar_meteorologia,10129,2208,103,1.0,0.9387173396674584,0.9683901004655722,2105,0.44396551724137934,1.0,0.6149253731343284,103,0.7916577367999502,1976,129,0,103,0.35000000000000003,2023-10-01T00:00:00,2024-01-01T00:00:00,2208,232,38,105.07246376811594,17.21014492753623,0.5560344827586207
2024-Q1,gaussian_naive_bayes,poluentes_subindices_sem_iqar_meteorologia,10129,2208,103,1.0,0.9387173396674584,0.9683901004655722,2105,0.44396551724137934,1.0,0.6149253731343284,103,0.7916577367999502,1976,129,0,103,0.36,2023-10-01T00:00:00,2024-01-01T00:00:00,2208,232,38,105.07246376811594,17.21014492753623,0.5560344827586207
2024-Q1,gaussian_naive_bayes,poluentes_subindices_sem_iqar_meteorologia,10129,2208,103,1.0,0.9387173396674584,0.9683901004655722,2105,0.44396551724137934,1.0,0.6149253731343284,103,0.7916577367999502,1976,129,0,103,0.37,2023-10-01T00:00:00,2024-01-01T00:00:00,2208,232,38,105.07246376811594,17.21014492753623,0.5560344827586207
2024-Q1,gaussian_naive_bayes,poluentes_subindices_sem_iqar_meteorologia,10129,2208,103,1.0,0.9391923990498813,0.9686428221460068,2105,0.4458874458874459,1.0,0.6167664670658682,103,0.7927046446059376,1977,128,0,103,0.38,2023-10-01T00:00:00,2024-01-01T00:00:00,2208,231,38,104.61956521739131,17.21014492753623,0.5541125541125541
2024-Q1,gaussian_naive_bayes,poluentes_subindices_sem_iqar_meteorologia,10129,2208,103,1.0,0.939667458432304,0.9688954200342885,2105,0.44782608695652176,1.0,0.6186186186186187,103,0.7937570193264536,1978,127,0,103,0.39,2023-10-01T00:00:00,2024-01-01T00:00:00,2208,230,38,104.16666666666667,17.21014492753623,0.5521739130434783
2024-Q1,gaussian_naive_bayes,poluentes_subindices_sem_iqar_meteorologia,10129,2208,103,1.0,0.9401425178147268,0.9691478942213516,2105,0.4497816593886463,1.0,0.6204819277108434,103,0.7948149109660976,1979,126,0,103,0.4,2023-10-01T00:00:00,2024-01-01T00:00:00,2208,229,38,103.71376811594203,17.21014492753623,0.5502183406113537
2024-Q1,gaussian_naive_bayes,poluentes_subindices_sem_iqar_meteorologia,10129,2208,103,1.0,0.9401425178147268,0.9691478942213516,2105,0.4497816593886463,1.0,0.6204819277108434,103,0.7948149109660976,1979,126,0,103,0.41000000000000003,2023-10-01T00:00:00,2024-01-01T00:00:00,2208,229,38,103.71376811594203,17.21014492753623,0.5502183406113537
2024-Q1,gaussian_naive_bayes,poluentes_subindices_sem_iqar_meteorologia,10129,2208,103,1.0,0.9406175771971497,0.9694002447980417,2105,0.4517543859649123,1.0,0.622356495468278,103,0.7958783701331598,1980,125,0,103,0.42,2023-10-01T00:00:00,2024-01-01T00:00:00,2208,228,38,103.26086956521739,17.21014492753623,0.5482456140350878
2024-Q1,gaussian_naive_bayes,poluentes_subindices_sem_iqar_meteorologia,10129,2208,103,1.0,0.9415676959619953,0.9699045754832395,2105,0.4557522123893805,1.0,0.6261398176291794,103,0.7980221965562094,1982,123,0,103,0.43,2023-10-01T00:00:00,2024-01-01T00:00:00,2208,226,38,102.35507246376811,17.21014492753623,0.5442477876106194
2024-Q1,gaussian_naive_bayes,poluentes_subindices_sem_iqar_meteorologia,10129,2208,103,1.0,0.9429928741092637,0.9706601466992665,2105,0.4618834080717489,1.0,0.6319018404907976,103,0.801280993595032,1985,120,0,103,0.44,2023-10-01T00:00:00,2024-01-01T00:00:00,2208,223,38,100.9963768115942,17.21014492753623,0.5381165919282511
2024-Q1,gaussian_naive_bayes,poluentes_subindices_sem_iqar_meteorologia,10129,2208,103,1.0,0.9429928741092637,0.9706601466992665,2105,0.4618834080717489,1.0,0.6319018404907976,103,0.801280993595032,1985,120,0,103,0.45,2023-10-01T00:00:00,2024-01-01T00:00:00,2208,223,38,100.9963768115942,17.21014492753623,0.5381165919282511
2024-Q1,gaussian_naive_bayes,poluentes_subindices_sem_iqar_meteorologia,10129,2208,103,1.0,0.9434679334916865,0.9709117575164996,2105,0.46396396396396394,1.0,0.6338461538461538,103,0.8023789556813268,1986,119,0,103,0.46,2023-10-01T00:00:00,2024-01-01T00:00:00,2208,222,38,100.54347826086956,17.21014492753623,0.536036036036036
2024-Q1,gaussian_naive_bayes,poluentes_subindices_sem_iqar_meteorologia,10129,2208,103,1.0,0.9439429928741092,0.9711632453567938,2105,0.4660633484162896,1.0,0.6358024691358025,103,0.8034828572462982,1987,118,0,103,0.47000000000000003,2023-10-01T00:00:00,2024-01-01T00:00:00,2208,221,38,100.09057971014492,17.21014492753623,0.5339366515837104
2024-Q1,gaussian_naive_bayes,poluentes_subindices_sem_iqar_meteorologia,10129,2208,103,1.0,0.9458432304038005,0.97216796875,2105,0.47465437788018433,1.0,0.64375,103,0.807958984375,1991,114,0,103,0.48,2023-10-01T00:00:00,2024-01-01T00:00:00,2208,217,38,98.27898550724639,17.21014492753623,0.5253456221198156
2024-Q1,gaussian_naive_bayes,poluentes_subindices_sem_iqar_meteorologia,10129,2208,103,1.0,0.9467933491686461,0.9726695949243533,2105,0.4790697674418605,1.0,0.6477987421383647,103,0.810234168531359,1993,112,0,103,0.49,2023-10-01T00:00:00,2024-01-01T00:00:00,2208,215,38,97.37318840579711,17.21014492753623,0.5209302325581395
2024-Q1,gaussian_naive_bayes,poluentes_subindices_sem_iqar_meteorologia,10129,2208,103,1.0,0.9482185273159145,0.9734211168007803,2105,0.4858490566037736,1.0,0.653968253968254,103,0.8136946853845171,1996,109,0,103,0.5,2023-10-01T00:00:00,2024-01-01T00:00:00,2208,212,39,96.01449275362319,17.663043478260867,0.5141509433962265
2024-Q1,gaussian_naive_bayes,poluentes_subindices_sem_iqar_meteorologia,10129,2208,103,1.0,0.9491686460807601,0.9739215208384109,2105,0.49047619047619045,1.0,0.65814696485623,103,0.8160342428473204,1998,107,0,103,0.51,2023-10-01T00:00:00,2024-01-01T00:00:00,2208,210,39,95.10869565217392,17.663043478260867,0.5095238095238095
2024-Q1,gaussian_naive_bayes,poluentes_subindices_sem_iqar_meteorologia,10129,2208,103,1.0,0.9491686460807601,0.9739215208384109,2105,0.49047619047619045,1.0,0.65814696485623,103,0.8160342428473204,1998,107,0,103,0.52,2023-10-01T00:00:00,2024-01-01T00:00:00,2208,210,39,95.10869565217392,17.663043478260867,0.5095238095238095
2024-Q1,gaussian_naive_bayes,poluentes_subindices_sem_iqar_meteorologia,10129,2208,103,1.0,0.9491686460807601,0.9739215208384109,2105,0.49047619047619045,1.0,0.65814696485623,103,0.8160342428473204,1998,107,0,103,0.53,2023-10-01T00:00:00,2024-01-01T00:00:00,2208,210,39,95.10869565217392,17.663043478260867,0.5095238095238095
2024-Q1,gaussian_naive_bayes,poluentes_subindices_sem_iqar_meteorologia,10129,2208,103,1.0,0.9496437054631829,0.9741715399610137,2105,0.49282296650717705,1.0,0.6602564102564102,103,0.817213975108712,1999,106,0,103,0.54,2023-10-01T00:00:00,2024-01-01T00:00:00,2208,209,38,94.65579710144928,17.21014492753623,0.507177033492823
2024-Q1,gaussian_naive_bayes,poluentes_subindices_sem_iqar_meteorologia,10129,2208,103,1.0,0.9501187648456056,0.97442143727162,2105,0.4951923076923077,1.0,0.662379421221865,103,0.8184004292467425,2000,105,0,103,0.55,2023-10-01T00:00:00,2024-01-01T00:00:00,2208,208,38,94.20289855072464,17.21014492753623,0.5048076923076923
2024-Q1,gaussian_naive_bayes,poluentes_subindices_sem_iqar_meteorologia,10129,2208,103,1.0,0.9501187648456056,0.97442143727162,2105,0.4951923076923077,1.0,0.662379421221865,103,0.8184004292467425,2000,105,0,103,0.56,2023-10-01T00:00:00,2024-01-01T00:00:00,2208,208,38,94.20289855072464,17.21014492753623,0.5048076923076923
2024-Q1,gaussian_naive_bayes,poluentes_subindices_sem_iqar_meteorologia,10129,2208,103,1.0,0.9505938242280285,0.9746712128592304,2105,0.4975845410628019,1.0,0.6645161290322581,103,0.8195936709457443,2001,104,0,103,0.5700000000000001,2023-10-01T00:00:00,2024-01-01T00:00:00,2208,207,38,93.75,17.21014492753623,0.5024154589371981
2024-Q1,gaussian_naive_bayes,poluentes_subindices_sem_iqar_meteorologia,10129,2208,103,1.0,0.9505938242280285,0.9746712128592304,2105,0.4975845410628019,1.0,0.6645161290322581,103,0.8195936709457443,2001,104,0,103,0.58,2023-10-01T00:00:00,2024-01-01T00:00:00,2208,207,38,93.75,17.21014492753623,0.5024154589371981
2024-Q1,gaussian_naive_bayes,poluentes_subindices_sem_iqar_meteorologia,10129,2208,103,1.0,0.9510688836104513,0.9749208668127587,2105,0.5,1.0,0.6666666666666666,103,0.8207937667397127,2002,103,0,103,0.59,2023-10-01T00:00:00,2024-01-01T00:00:00,2208,206,38,93.29710144927536,17.21014492753623,0.5
2024-Q1,gaussian_naive_bayes,poluentes_subindices_sem_iqar_meteorologia,10129,2208,103,1.0,0.9510688836104513,0.9749208668127587,2105,0.5,1.0,0.6666666666666666,103,0.8207937667397127,2002,103,0,103,0.6,2023-10-01T00:00:00,2024-01-01T00:00:00,2208,206,38,93.29710144927536,17.21014492753623,0.5
2024-Q1,gaussian_naive_bayes,poluentes_subindices_sem_iqar_meteorologia,10129,2208,103,1.0,0.9510688836104513,0.9749208668127587,2105,0.5,1.0,0.6666666666666666,103,0.8207937667397127,2002,103,0,103,0.61,2023-10-01T00:00:00,2024-01-01T00:00:00,2208,206,38,93.29710144927536,17.21014492753623,0.5
2024-Q1,gaussian_naive_bayes,poluentes_subindices_sem_iqar_meteorologia,10129,2208,103,1.0,0.9515439429928741,0.9751703992210321,2105,0.5024390243902439,1.0,0.6688311688311688,103,0.8220007840261004,2003,102,0,103,0.62,2023-10-01T00:00:00,2024-01-01T00:00:00,2208,205,38,92.84420289855072,17.21014492753623,0.4975609756097561
2024-Q1,gaussian_naive_bayes,poluentes_subindices_sem_iqar_meteorologia,10129,2208,103,1.0,0.9515439429928741,0.9751703992210321,2105,0.5024390243902439,1.0,0.6688311688311688,103,0.8220007840261004,2003,102,0,103,0.63,2023-10-01T00:00:00,2024-01-01T00:00:00,2208,205,38,92.84420289855072,17.21014492753623,0.4975609756097561
2024-Q1,gaussian_naive_bayes,poluentes_subindices_sem_iqar_meteorologia,10129,2208,103,1.0,0.9515439429928741,0.9751703992210321,2105,0.5024390243902439,1.0,0.6688311688311688,103,0.8220007840261004,2003,102,0,103,0.64,2023-10-01T00:00:00,2024-01-01T00:00:00,2208,205,38,92.84420289855072,17.21014492753623,0.4975609756097561
2024-Q1,gaussian_naive_bayes,poluentes_subindices_sem_iqar_meteorologia,10129,2208,103,1.0,0.9515439429928741,0.9751703992210321,2105,0.5024390243902439,1.0,0.6688311688311688,103,0.8220007840261004,2003,102,0,103,0.65,2023-10-01T00:00:00,2024-01-01T00:00:00,2208,205,38,92.84420289855072,17.21014492753623,0.4975609756097561
2024-Q1,gaussian_naive_bayes,poluentes_subindices_sem_iqar_meteorologia,10129,2208,103,1.0,0.9529691211401425,0.975918268061299,2105,0.5099009900990099,1.0,0.6754098360655738,103,0.8256640520634364,2006,99,0,103,0.66,2023-10-01T00:00:00,2024-01-01T00:00:00,2208,202,38,91.48550724637681,17.21014492753623,0.4900990099009901
2024-Q1,gaussian_naive_bayes,poluentes_subindices_sem_iqar_meteorologia,10129,2208,103,1.0,0.9539192399049882,0.9764162411864818,2105,0.515,1.0,0.6798679867986799,103,0.8281421139925809,2008,97,0,103,0.67,2023-10-01T00:00:00,2024-01-01T00:00:00,2208,200,37,90.57971014492753,16.757246376811597,0.485
2024-Q1,gaussian_naive_bayes,poluentes_subindices_sem_iqar_meteorologia,10129,2208,103,1.0,0.9548693586698337,0.976913730255164,2105,0.5202020202020202,1.0,0.6843853820598007,103,0.8306495561574824,2010,95,0,103,0.68,2023-10-01T00:00:00,2024-01-01T00:00:00,2208,198,36,89.67391304347825,16.304347826086957,0.4797979797979798
2024-Q1,gaussian_naive_bayes,poluentes_subindices_sem_iqar_meteorologia,10129,2208,103,1.0,0.9548693586698337,0.976913730255164,2105,0.5202020202020202,1.0,0.6843853820598007,103,0.8306495561574824,2010,95,0,103,0.6900000000000001,2023-10-01T00:00:00,2024-01-01T00:00:00,2208,198,36,89.67391304347825,16.304347826086957,0.4797979797979798
2024-Q1,gaussian_naive_bayes,poluentes_subindices_sem_iqar_meteorologia,10129,2208,103,1.0,0.9553444180522566,0.9771622934888241,2105,0.5228426395939086,1.0,0.6866666666666666,103,0.8319144800777454,2011,94,0,103,0.7000000000000001,2023-10-01T00:00:00,2024-01-01T00:00:00,2208,197,36,89.22101449275361,16.304347826086957,0.47715736040609136
2024-Q1,gaussian_naive_bayes,poluentes_subindices_sem_iqar_meteorologia,10129,2208,103,1.0,0.9553444180522566,0.9771622934888241,2105,0.5228426395939086,1.0,0.6866666666666666,103,0.8319144800777454,2011,94,0,103,0.71,2023-10-01T00:00:00,2024-01-01T00:00:00,2208,197,36,89.22101449275361,16.304347826086957,0.47715736040609136
2024-Q1,gaussian_naive_bayes,poluentes_subindices_sem_iqar_meteorologia,10129,2208,103,1.0,0.9558194774346793,0.9774107359727957,2105,0.5255102040816326,1.0,0.6889632107023411,103,0.8331869733375684,2012,93,0,103,0.72,2023-10-01T00:00:00,2024-01-01T00:00:00,2208,196,36,88.76811594202898,16.304347826086957,0.4744897959183674
2024-Q1,gaussian_naive_bayes,poluentes_subindices_sem_iqar_meteorologia,10129,2208,103,1.0,0.9558194774346793,0.9774107359727957,2105,0.5255102040816326,1.0,0.6889632107023411,103,0.8331869733375684,2012,93,0,103,0.73,2023-10-01T00:00:00,2024-01-01T00:00:00,2208,196,36,88.76811594202898,16.304347826086957,0.4744897959183674
2024-Q1,gaussian_naive_bayes,poluentes_subindices_sem_iqar_meteorologia,10129,2208,103,1.0,0.9562945368171022,0.9776590577950461,2105,0.5282051282051282,1.0,0.6912751677852349,103,0.8344671127901405,2013,92,0,103,0.74,2023-10-01T00:00:00,2024-01-01T00:00:00,2208,195,36,88.31521739130436,16.304347826086957,0.4717948717948718
2024-Q1,gaussian_naive_bayes,poluentes_subindices_sem_iqar_meteorologia,10129,2208,103,1.0,0.956769596199525,0.9779072590434571,2105,0.5309278350515464,1.0,0.6936026936026936,103,0.8357549763230754,2014,91,0,103,0.75,2023-10-01T00:00:00,2024-01-01T00:00:00,2208,194,35,87.86231884057972,15.85144927536232,0.4690721649484536
2024-Q1,gaussian_naive_bayes,poluentes_subindices_sem_iqar_meteorologia,10129,2208,103,1.0,0.9572446555819477,0.9781553398058253,2105,0.533678756476684,1.0,0.6959459459459459,103,0.8370506428758856,2015,90,0,103,0.76,2023-10-01T00:00:00,2024-01-01T00:00:00,2208,193,35,87.40942028985508,15.85144927536232,0.46632124352331605
2024-Q1,gaussian_naive_bayes,poluentes_subindices_sem_iqar_meteorologia,10129,2208,103,1.0,0.9577197149643706,0.9784033001698617,2105,0.5364583333333334,1.0,0.6983050847457627,103,0.8383541924578122,2016,89,0,103,0.77,2023-10-01T00:00:00,2024-01-01T00:00:00,2208,192,35,86.95652173913044,15.85144927536232,0.4635416666666667
2024-Q1,gaussian_naive_bayes,poluentes_subindices_sem_iqar_meteorologia,10129,2208,103,1.0,0.9577197149643706,0.9784033001698617,2105,0.5364583333333334,1.0,0.6983050847457627,103,0.8383541924578122,2016,89,0,103,0.78,2023-10-01T00:00:00,2024-01-01T00:00:00,2208,192,35,86.95652173913044,15.85144927536232,0.4635416666666667
2024-Q1,gaussian_naive_bayes,poluentes_subindices_sem_iqar_meteorologia,10129,2208,103,1.0,0.9586698337292161,0.9788988600533592,2105,0.5421052631578948,1.0,0.7030716723549488,103,0.840985266204154,2018,87,0,103,0.79,2023-10-01T00:00:00,2024-01-01T00:00:00,2208,190,34,86.05072463768116,15.398550724637682,0.45789473684210524
2024-Q1,gaussian_naive_bayes,poluentes_subindices_sem_iqar_meteorologia,10129,2208,103,1.0,0.9596199524940617,0.9793939393939394,2105,0.5478723404255319,1.0,0.7079037800687286,103,0.843648859731334,2020,85,0,103,0.8,2023-10-01T00:00:00,2024-01-01T00:00:00,2208,188,34,85.14492753623189,15.398550724637682,0.4521276595744681
2024-Q1,gaussian_naive_bayes,poluentes_subindices_sem_iqar_meteorologia,10129,2208,103,1.0,0.9600950118764846,0.9796412990790111,2105,0.5508021390374331,1.0,0.7103448275862069,103,0.844993063332609,2021,84,0,103,0.81,2023-10-01T00:00:00,2024-01-01T00:00:00,2208,187,34,84.69202898550725,15.398550724637682,0.44919786096256686
2024-Q1,gaussian_naive_bayes,poluentes_subindices_sem_iqar_meteorologia,10129,2208,103,1.0,0.9600950118764846,0.9796412990790111,2105,0.5508021390374331,1.0,0.7103448275862069,103,0.844993063332609,2021,84,0,103,0.8200000000000001,2023-10-01T00:00:00,2024-01-01T00:00:00,2208,187,34,84.69202898550725,15.398550724637682,0.44919786096256686
2024-Q1,gaussian_naive_bayes,poluentes_subindices_sem_iqar_meteorologia,10129,2208,103,1.0,0.9600950118764846,0.9796412990790111,2105,0.5508021390374331,1.0,0.7103448275862069,103,0.844993063332609,2021,84,0,103,0.8300000000000001,2023-10-01T00:00:00,2024-01-01T00:00:00,2208,187,34,84.69202898550725,15.398550724637682,0.44919786096256686
2024-Q1,gaussian_naive_bayes,poluentes_subindices_sem_iqar_meteorologia,10129,2208,103,1.0,0.9619952494061758,0.9806295399515739,2105,0.5628415300546448,1.0,0.7202797202797203,103,0.850454630115647,2025,80,0,103,0.84,2023-10-01T00:00:00,2024-01-01T00:00:00,2208,183,34,82.88043478260869,15.398550724637682,0.4371584699453552
2024-Q1,gaussian_naive_bayes,poluentes_subindices_sem_iqar_meteorologia,10129,2208,103,1.0,0.9624703087885986,0.980876301137739,2105,0.5659340659340659,1.0,0.7228070175438597,103,0.8518416593407994,2026,79,0,103,0.85,2023-10-01T00:00:00,2024-01-01T00:00:00,2208,182,34,82.42753623188406,15.398550724637682,0.4340659340659341
2024-Q1,gaussian_naive_bayes,poluentes_subindices_sem_iqar_meteorologia,10129,2208,103,1.0,0.9624703087885986,0.980876301137739,2105,0.5659340659340659,1.0,0.7228070175438597,103,0.8518416593407994,2026,79,0,103,0.86,2023-10-01T00:00:00,2024-01-01T00:00:00,2208,182,34,82.42753623188406,15.398550724637682,0.4340659340659341
2024-Q1,gaussian_naive_bayes,poluentes_subindices_sem_iqar_meteorologia,10129,2208,103,1.0,0.9624703087885986,0.980876301137739,2105,0.5659340659340659,1.0,0.7228070175438597,103,0.8518416593407994,2026,79,0,103,0.87,2023-10-01T00:00:00,2024-01-01T00:00:00,2208,182,34,82.42753623188406,15.398550724637682,0.4340659340659341
2024-Q1,gaussian_naive_bayes,poluentes_subindices_sem_iqar_meteorologia,10129,2208,103,1.0,0.9629453681710214,0.9811229428848015,2105,0.569060773480663,1.0,0.7253521126760564,103,0.8532375277804289,2027,78,0,103,0.88,2023-10-01T00:00:00,2024-01-01T00:00:00,2208,181,34,81.97463768115942,15.398550724637682,0.430939226519337
2024-Q1,gaussian_naive_bayes,poluentes_subindices_sem_iqar_meteorologia,10129,2208,103,1.0,0.9634204275534441,0.981369465279458,2105,0.5722222222222222,1.0,0.7279151943462897,103,0.8546423298128738,2028,77,0,103,0.89,2023-10-01T00:00:00,2024-01-01T00:00:00,2208,180,34,81.52173913043478,15.398550724637682,0.42777777777777776
2024-Q1,gaussian_naive_bayes,poluentes_subindices_sem_iqar_meteorologia,10129,2208,103,1.0,0.9648456057007125,0.9821083172147002,2105,0.5819209039548022,1.0,0.7357142857142858,103,0.8589113014644929,2031,74,0,103,0.9,2023-10-01T00:00:00,2024-01-01T00:00:00,2208,177,34,80.16304347826086,15.398550724637682,0.4180790960451977
2024-Q1,gaussian_naive_bayes,poluentes_subindices_sem_iqar_meteorologia,10129,2208,103,1.0,0.9653206650831354,0.982354363065023,2105,0.5852272727272727,1.0,0.7383512544802867,103,0.8603528087726549,2032,73,0,103,0.91,2023-10-01T00:00:00,2024-01-01T00:00:00,2208,176,34,79.71014492753622,15.398550724637682,0.4147727272727273
2024-Q1,gaussian_naive_bayes,poluentes_subindices_sem_iqar_meteorologia,10129,2208,103,1.0,0.9691211401425178,0.9843184559710495,2105,0.6130952380952381,1.0,0.7601476014760148,103,0.8722330287235321,2040,65,0,103,0.92,2023-10-01T00:00:00,2024-01-01T00:00:00,2208,168,33,76.08695652173914,14.945652173913045,0.3869047619047619
2024-Q1,gaussian_naive_bayes,poluentes_subindices_sem_iqar_meteorologia,10129,2208,103,1.0,0.9700712589073635,0.9848082951531227,2105,0.6204819277108434,1.0,0.7657992565055762,103,0.8753037758293495,2042,63,0,103,0.93,2023-10-01T00:00:00,2024-01-01T00:00:00,2208,166,33,75.18115942028986,14.945652173913045,0.3795180722891566
2024-Q1,gaussian_naive_bayes,poluentes_subindices_sem_iqar_meteorologia,10129,2208,103,1.0,0.971021377672209,0.9852976620872499,2105,0.6280487804878049,1.0,0.7715355805243446,103,0.8784166213057972,2044,61,0,103,0.9400000000000001,2023-10-01T00:00:00,2024-01-01T00:00:00,2208,164,33,74.27536231884058,14.945652173913045,0.3719512195121951
2024-Q1,gaussian_naive_bayes,poluentes_subindices_sem_iqar_meteorologia,10129,2208,103,1.0,0.973396674584323,0.9865190178141551,2105,0.6477987421383647,1.0,0.7862595419847328,103,0.8863892798994439,2049,56,0,103,0.9500000000000001,2023-10-01T00:00:00,2024-01-01T00:00:00,2208,159,33,72.01086956521739,14.945652173913045,0.3522012578616352
2024-Q1,gaussian_naive_bayes,poluentes_subindices_sem_iqar_meteorologia,10129,2208,103,0.9995126705653021,0.9743467933491686,0.9867693047871061,2105,0.6538461538461539,0.9902912621359223,0.7876447876447876,103,0.8872070462159469,2051,54,1,102,0.96,2023-10-01T00:00:00,2024-01-01T00:00:00,2208,156,32,70.65217391304347,14.492753623188406,0.34615384615384615
2024-Q1,gaussian_naive_bayes,poluentes_subindices_sem_iqar_meteorologia,10129,2208,103,0.9990277102576568,0.9762470308788599,0.9875060067275349,2105,0.6688741721854304,0.9805825242718447,0.7952755905511811,103,0.891390798639358,2055,50,2,101,0.97,2023-10-01T00:00:00,2024-01-01T00:00:00,2208,151,31,68.38768115942028,14.039855072463768,0.33112582781456956
2024-Q1,gaussian_naive_bayes,poluentes_subindices_sem_iqar_meteorologia,10129,2208,103,0.9975763451284537,0.9776722090261283,0.9875239923224568,2105,0.6758620689655173,0.9514563106796117,0.7903225806451613,103,0.888923286483809,2058,47,5,98,0.98,2023-10-01T00:00:00,2024-01-01T00:00:00,2208,145,31,65.67028985507247,14.039855072463768,0.32413793103448274
2024-Q1,gaussian_naive_bayes,poluentes_subindices_sem_iqar_meteorologia,10129,2208,103,0.9956605593056895,0.9809976247030879,0.9882747068676717,2105,0.7014925373134329,0.912621359223301,0.7932489451476793,103,0.8907618260076755,2065,40,9,94,0.99,2023-10-01T00:00:00,2024-01-01T00:00:00,2208,134,28,60.688405797101446,12.681159420289855,0.29850746268656714
2024-Q1,gaussian_naive_bayes,poluentes_subindices_sem_iqar_meteorologia,10129,2208,103,0.9651216154199174,0.9990498812351544,0.9817927170868347,2105,0.9310344827586207,0.2621359223300971,0.4090909090909091,103,0.6954418130888719,2103,2,76,27,1.0,2023-10-01T00:00:00,2024-01-01T00:00:00,2208,29,6,13.134057971014492,2.717391304347826,0.06896551724137931
2024-Q1,gaussian_naive_bayes,subindices_meteorologia,10129,2208,103,0.0,0.0,0.0,2105,0.04664855072463768,1.0,0.08913890090869753,103,0.044569450454348764,0,2105,0,103,0.0,2023-10-01T00:00:00,2024-01-01T00:00:00,2208,2208,1,1000.0,0.4528985507246377,0.9533514492753623
2024-Q1,gaussian_naive_bayes,subindices_meteorologia,10129,2208,103,1.0,0.9002375296912114,0.9475,2105,0.329073482428115,1.0,0.4951923076923077,103,0.7213461538461539,1895,210,0,103,0.01,2023-10-01T00:00:00,2024-01-01T00:00:00,2208,313,44,141.7572463768116,19.927536231884055,0.670926517571885
2024-Q1,gaussian_naive_bayes,subindices_meteorologia,10129,2208,103,1.0,0.9078384798099762,0.9516932270916335,2105,0.3468013468013468,1.0,0.515,103,0.7333466135458168,1911,194,0,103,0.02,2023-10-01T00:00:00,2024-01-01T00:00:00,2208,297,42,134.51086956521738,19.021739130434785,0.6531986531986532
2024-Q1,gaussian_naive_bayes,subindices_meteorologia,10129,2208,103,1.0,0.9116389548693586,0.9537773359840954,2105,0.356401384083045,1.0,0.5255102040816326,103,0.739643770032864,1919,186,0,103,0.03,2023-10-01T00:00:00,2024-01-01T00:00:00,2208,289,42,130.88768115942028,19.021739130434785,0.643598615916955
2024-Q1,gaussian_naive_bayes,subindices_meteorologia,10129,2208,103,1.0,0.9144893111638955,0.9553349875930521,2105,0.36395759717314485,1.0,0.533678756476684,103,0.744506872034868,1925,180,0,103,0.04,2023-10-01T00:00:00,2024-01-01T00:00:00,2208,283,43,128.17028985507244,19.47463768115942,0.6360424028268551
2024-Q1,gaussian_naive_bayes,subindices_meteorologia,10129,2208,103,1.0,0.9163895486935867,0.9563708477937531,2105,0.36917562724014336,1.0,0.5392670157068062,103,0.7478189317502797,1929,176,0,103,0.05,2023-10-01T00:00:00,2024-01-01T00:00:00,2208,279,43,126.35869565217392,19.47463768115942,0.6308243727598566
2024-Q1,gaussian_naive_bayes,subindices_meteorologia,10129,2208,103,1.0,0.9168646080760094,0.9566294919454771,2105,0.37050359712230213,1.0,0.5406824146981627,103,0.7486559533218199,1930,175,0,103,0.06,2023-10-01T00:00:00,2024-01-01T00:00:00,2208,278,43,125.90579710144928,19.47463768115942,0.6294964028776978
2024-Q1,gaussian_naive_bayes,subindices_meteorologia,10129,2208,103,1.0,0.918289786223278,0.9574046557701833,2105,0.37454545454545457,1.0,0.544973544973545,103,0.7511891003718641,1933,172,0,103,0.07,2023-10-01T00:00:00,2024-01-01T00:00:00,2208,275,42,124.54710144927536,19.021739130434785,0.6254545454545455
2024-Q1,gaussian_naive_bayes,subindices_meteorologia,10129,2208,103,1.0,0.9187648456057007,0.957662787818767,2105,0.3759124087591241,1.0,0.5464190981432361,103,0.7520409429810015,1934,171,0,103,0.08,2023-10-01T00:00:00,2024-01-01T00:00:00,2208,274,43,124.09420289855072,19.47463768115942,0.6240875912408759
2024-Q1,gaussian_naive_bayes,subindices_meteorologia,10129,2208,103,1.0,0.9197149643705463,0.9581786686463747,2105,0.3786764705882353,1.0,0.5493333333333333,103,0.7537560009898541,1936,169,0,103,0.09,2023-10-01T00:00:00,2024-01-01T00:00:00,2208,272,43,123.18840579710145,19.47463768115942,0.6213235294117647
2024-Q1,gaussian_naive_bayes,subindices_meteorologia,10129,2208,103,1.0,0.9201900237529691,0.9584364176150421,2105,0.3800738007380074,1.0,0.5508021390374331,103,0.7546192783262375,1937,168,0,103,0.1,2023-10-01T00:00:00,2024-01-01T00:00:00,2208,271,43,122.73550724637681,19.47463768115942,0.6199261992619927
2024-Q1,gaussian_naive_bayes,subindices_meteorologia,10129,2208,103,1.0,0.9211401425178147,0.9589515331355094,2105,0.3828996282527881,1.0,0.553763440860215,103,0.7563574869978622,1939,166,0,103,0.11,2023-10-01T00:00:00,2024-01-01T00:00:00,2208,269,43,121.82971014492753,19.47463768115942,0.6171003717472119
2024-Q1,gaussian_naive_bayes,subindices_meteorologia,10129,2208,103,1.0,0.9225653206650831,0.9597232517914505,2105,0.38721804511278196,1.0,0.5582655826558266,103,0.7589944172236385,1942,163,0,103,0.12,2023-10-01T00:00:00,2024-01-01T00:00:00,2208,266,44,120.47101449275361,19.927536231884055,0.6127819548872181
2024-Q1,gaussian_naive_bayes,subindices_meteorologia,10129,2208,103,1.0,0.9235154394299288,0.9602370955791554,2105,0.39015151515151514,1.0,0.5613079019073569,103,0.7607724987432561,1944,161,0,103,0.13,2023-10-01T00:00:00,2024-01-01T00:00:00,2208,264,44,119.56521739130436,19.927536231884055,0.6098484848484849
2024-Q1,gaussian_naive_bayes,subindices_meteorologia,10129,2208,103,1.0,0.9235154394299288,0.9602370955791554,2105,0.39015151515151514,1.0,0.5613079019073569,103,0.7607724987432561,1944,161,0,103,0.14,2023-10-01T00:00:00,2024-01-01T00:00:00,2208,264,44,119.56521739130436,19.927536231884055,0.6098484848484849
2024-Q1,gaussian_naive_bayes,subindices_meteorologia,10129,2208,103,1.0,0.9235154394299288,0.9602370955791554,2105,0.39015151515151514,1.0,0.5613079019073569,103,0.7607724987432561,1944,161,0,103,0.15,2023-10-01T00:00:00,2024-01-01T00:00:00,2208,264,44,119.56521739130436,19.927536231884055,0.6098484848484849
2024-Q1,gaussian_naive_bayes,subindices_meteorologia,10129,2208,103,1.0,0.9239904988123515,0.9604938271604938,2105,0.3916349809885932,1.0,0.5628415300546448,103,0.7616676786075693,1945,160,0,103,0.16,2023-10-01T00:00:00,2024-01-01T00:00:00,2208,263,44,119.11231884057972,19.927536231884055,0.6083650190114068
2024-Q1,gaussian_naive_bayes,subindices_meteorologia,10129,2208,103,1.0,0.9249406175771971,0.9610069101678184,2105,0.3946360153256705,1.0,0.5659340659340659,103,0.7634704880509422,1947,158,0,103,0.17,2023-10-01T00:00:00,2024-01-01T00:00:00,2208,261,44,118.20652173913044,19.927536231884055,0.6053639846743295
2024-Q1,gaussian_naive_bayes,subindices_meteorologia,10129,2208,103,1.0,0.9254156769596199,0.9612632617813965,2105,0.39615384615384613,1.0,0.5674931129476584,103,0.7643781873645275,1948,157,0,103,0.18,2023-10-01T00:00:00,2024-01-01T00:00:00,2208,260,44,117.7536231884058,19.927536231884055,0.6038461538461538
2024-Q1,gaussian_naive_bayes,subindices_meteorologia,10129,2208,103,1.0,0.9263657957244655,0.9617755856966708,2105,0.3992248062015504,1.0,0.5706371191135734,103,0.7662063524051221,1950,155,0,103,0.19,2023-10-01T00:00:00,2024-01-01T00:00:00,2208,258,44,116.84782608695653,19.927536231884055,0.6007751937984496
2024-Q1,gaussian_naive_bayes,subindices_meteorologia,10129,2208,103,1.0,0.9263657957244655,0.9617755856966708,2105,0.3992248062015504,1.0,0.5706371191135734,103,0.7662063524051221,1950,155,0,103,0.2,2023-10-01T00:00:00,2024-01-01T00:00:00,2208,258,44,116.84782608695653,19.927536231884055,0.6007751937984496
2024-Q1,gaussian_naive_bayes,subindices_meteorologia,10129,2208,103,1.0,0.9273159144893112,0.9622874044860734,2105,0.40234375,1.0,0.5738161559888579,103,0.7680517802374657,1952,153,0,103,0.21,2023-10-01T00:00:00,2024-01-01T00:00:00,2208,256,44,115.94202898550725,19.927536231884055,0.59765625
2024-Q1,gaussian_naive_bayes,subindices_meteorologia,10129,2208,103,1.0,0.9273159144893112,0.9622874044860734,2105,0.40234375,1.0,0.5738161559888579,103,0.7680517802374657,1952,153,0,103,0.22,2023-10-01T00:00:00,2024-01-01T00:00:00,2208,256,44,115.94202898550725,19.927536231884055,0.59765625
2024-Q1,gaussian_naive_bayes,subindices_meteorologia,10129,2208,103,1.0,0.9273159144893112,0.9622874044860734,2105,0.40234375,1.0,0.5738161559888579,103,0.7680517802374657,1952,153,0,103,0.23,2023-10-01T00:00:00,2024-01-01T00:00:00,2208,256,44,115.94202898550725,19.927536231884055,0.59765625
2024-Q1,gaussian_naive_bayes,subindices_meteorologia,10129,2208,103,1.0,0.9277909738717339,0.9625431246919665,2105,0.403921568627451,1.0,0.5754189944134078,103,0.7689810595526871,1953,152,0,103,0.24,2023-10-01T00:00:00,2024-01-01T00:00:00,2208,255,44,115.48913043478261,19.927536231884055,0.596078431372549
2024-Q1,gaussian_naive_bayes,subindices_meteorologia,10129,2208,103,1.0,0.9287410926365796,0.9630541871921182,2105,0.40711462450592883,1.0,0.5786516853932584,103,0.7708529362926884,1955,150,0,103,0.25,2023-10-01T00:00:00,2024-01-01T00:00:00,2208,253,44,114.58333333333333,19.927536231884055,0.5928853754940712
2024-Q1,gaussian_naive_bayes,subindices_meteorologia,10129,2208,103,1.0,0.9296912114014252,0.9635647464303299,2105,0.4103585657370518,1.0,0.5819209039548022,103,0.7727428251925661,1957,148,0,103,0.26,2023-10-01T00:00:00,2024-01-01T00:00:00,2208,251,43,113.67753623188406,19.47463768115942,0.5896414342629482
2024-Q1,gaussian_naive_bayes,subindices_meteorologia,10129,2208,103,1.0,0.9296912114014252,0.9635647464303299,2105,0.4103585657370518,1.0,0.5819209039548022,103,0.7727428251925661,1957,148,0,103,0.27,2023-10-01T00:00:00,2024-01-01T00:00:00,2208,251,43,113.67753623188406,19.47463768115942,0.5896414342629482
2024-Q1,gaussian_naive_bayes,subindices_meteorologia,10129,2208,103,1.0,0.930166270783848,0.9638198375584544,2105,0.412,1.0,0.5835694050991501,103,0.7736946213288023,1958,147,0,103,0.28,2023-10-01T00:00:00,2024-01-01T00:00:00,2208,250,43,113.22463768115942,19.47463768115942,0.588
2024-Q1,gaussian_naive_bayes,subindices_meteorologia,10129,2208,103,1.0,0.930166270783848,0.9638198375584544,2105,0.412,1.0,0.5835694050991501,103,0.7736946213288023,1958,147,0,103,0.29,2023-10-01T00:00:00,2024-01-01T00:00:00,2208,250,43,113.22463768115942,19.47463768115942,0.588
2024-Q1,gaussian_naive_bayes,subindices_meteorologia,10129,2208,103,1.0,0.9311163895486936,0.964329643296433,2105,0.4153225806451613,1.0,0.5868945868945868,103,0.77561211509551,1960,145,0,103,0.3,2023-10-01T00:00:00,2024-01-01T00:00:00,2208,248,43,112.31884057971014,19.47463768115942,0.5846774193548387
2024-Q1,gaussian_naive_bayes,subindices_meteorologia,10129,2208,103,1.0,0.9315914489311163,0.9645843580914905,2105,0.41700404858299595,1.0,0.5885714285714285,103,0.7765778933314595,1961,144,0,103,0.31,2023-10-01T00:00:00,2024-01-01T00:00:00,2208,247,43,111.8659420289855,19.47463768115942,0.582995951417004
2024-Q1,gaussian_naive_bayes,subindices_meteorologia,10129,2208,103,1.0,0.9315914489311163,0.9645843580914905,2105,0.41700404858299595,1.0,0.5885714285714285,103,0.7765778933314595,1961,144,0,103,0.32,2023-10-01T00:00:00,2024-01-01T00:00:00,2208,247,43,111.8659420289855,19.47463768115942,0.582995951417004
2024-Q1,gaussian_naive_bayes,subindices_meteorologia,10129,2208,103,1.0,0.9320665083135392,0.9648389476272436,2105,0.4186991869918699,1.0,0.5902578796561605,103,0.7775484136417021,1962,143,0,103,0.33,2023-10-01T00:00:00,2024-01-01T00:00:00,2208,246,43,111.41304347826086,19.47463768115942,0.5813008130081301
2024-Q1,gaussian_naive_bayes,subindices_meteorologia,10129,2208,103,1.0,0.932541567695962,0.9650934119960669,2105,0.4204081632653061,1.0,0.5919540229885057,103,0.7785237174922863,1963,142,0,103,0.34,2023-10-01T00:00:00,2024-01-01T00:00:00,2208,245,43,110.96014492753622,19.47463768115942,0.5795918367346938
2024-Q1,gaussian_naive_bayes,subindices_meteorologia,10129,2208,103,1.0,0.9334916864608076,0.9656019656019657,2105,0.42386831275720166,1.0,0.5953757225433526,103,0.7804888440726592,1965,140,0,103,0.35000000000000003,2023-10-01T00:00:00,2024-01-01T00:00:00,2208,243,41,110.05434782608695,18.568840579710145,0.5761316872427984
2024-Q1,gaussian_naive_bayes,subindices_meteorologia,10129,2208,103,1.0,0.9339667458432304,0.9658560550233358,2105,0.4256198347107438,1.0,0.5971014492753624,103,0.7814787521493491,1966,139,0,103,0.36,2023-10-01T00:00:00,2024-01-01T00:00:00,2208,242,41,109.60144927536231,18.568840579710145,0.5743801652892562
2024-Q1,gaussian_naive_bayes,subindices_meteorologia,10129,2208,103,1.0,0.9344418052256532,0.9661100196463654,2105,0.42738589211618255,1.0,0.5988372093023255,103,0.7824736144743455,1967,138,0,103,0.37,2023-10-01T00:00:00,2024-01-01T00:00:00,2208,241,41,109.14855072463769,18.568840579710145,0.5726141078838174
2024-Q1,gaussian_naive_bayes,subindices_meteorologia,10129,2208,103,1.0,0.9344418052256532,0.9661100196463654,2105,0.42738589211618255,1.0,0.5988372093023255,103,0.7824736144743455,1967,138,0,103,0.38,2023-10-01T00:00:00,2024-01-01T00:00:00,2208,241,41,109.14855072463769,18.568840579710145,0.5726141078838174
2024-Q1,gaussian_naive_bayes,subindices_meteorologia,10129,2208,103,1.0,0.9344418052256532,0.9661100196463654,2105,0.42738589211618255,1.0,0.5988372093023255,103,0.7824736144743455,1967,138,0,103,0.39,2023-10-01T00:00:00,2024-01-01T00:00:00,2208,241,41,109.14855072463769,18.568840579710145,0.5726141078838174
2024-Q1,gaussian_naive_bayes,subindices_meteorologia,10129,2208,103,1.0,0.934916864608076,0.9663638595629757,2105,0.42916666666666664,1.0,0.6005830903790087,103,0.7834734749709922,1968,137,0,103,0.4,2023-10-01T00:00:00,2024-01-01T00:00:00,2208,240,40,108.69565217391305,18.115942028985508,0.5708333333333333
2024-Q1,gaussian_naive_bayes,subindices_meteorologia,10129,2208,103,1.0,0.9353919239904989,0.9666175748649976,2105,0.4309623430962343,1.0,0.6023391812865497,103,0.7844783780757736,1969,136,0,103,0.41000000000000003,2023-10-01T00:00:00,2024-01-01T00:00:00,2208,239,40,108.2427536231884,18.115942028985508,0.5690376569037657
2024-Q1,gaussian_naive_bayes,subindices_meteorologia,10129,2208,103,1.0,0.9358669833729216,0.9668711656441717,2105,0.4327731092436975,1.0,0.6041055718475073,103,0.7854883687458396,1970,135,0,103,0.42,2023-10-01T00:00:00,2024-01-01T00:00:00,2208,238,39,107.78985507246378,17.663043478260867,0.5672268907563025
2024-Q1,gaussian_naive_bayes,subindices_meteorologia,10129,2208,103,1.0,0.9358669833729216,0.9668711656441717,2105,0.4327731092436975,1.0,0.6041055718475073,103,0.7854883687458396,1970,135,0,103,0.43,2023-10-01T00:00:00,2024-01-01T00:00:00,2208,238,39,107.78985507246378,17.663043478260867,0.5672268907563025
2024-Q1,gaussian_naive_bayes,subindices_meteorologia,10129,2208,103,1.0,0.9358669833729216,0.9668711656441717,2105,0.4327731092436975,1.0,0.6041055718475073,103,0.7854883687458396,1970,135,0,103,0.44,2023-10-01T00:00:00,2024-01-01T00:00:00,2208,238,39,107.78985507246378,17.663043478260867,0.5672268907563025
2024-Q1,gaussian_naive_bayes,subindices_meteorologia,10129,2208,103,1.0,0.9358669833729216,0.9668711656441717,2105,0.4327731092436975,1.0,0.6041055718475073,103,0.7854883687458396,1970,135,0,103,0.45,2023-10-01T00:00:00,2024-01-01T00:00:00,2208,238,39,107.78985507246378,17.663043478260867,0.5672268907563025
2024-Q1,gaussian_naive_bayes,subindices_meteorologia,10129,2208,103,1.0,0.9358669833729216,0.9668711656441717,2105,0.4327731092436975,1.0,0.6041055718475073,103,0.7854883687458396,1970,135,0,103,0.46,2023-10-01T00:00:00,2024-01-01T00:00:00,2208,238,39,107.78985507246378,17.663043478260867,0.5672268907563025
2024-Q1,gaussian_naive_bayes,subindices_meteorologia,10129,2208,103,1.0,0.9358669833729216,0.9668711656441717,2105,0.4327731092436975,1.0,0.6041055718475073,103,0.7854883687458396,1970,135,0,103,0.47000000000000003,2023-10-01T00:00:00,2024-01-01T00:00:00,2208,238,39,107.78985507246378,17.663043478260867,0.5672268907563025
2024-Q1,gaussian_naive_bayes,subindices_meteorologia,10129,2208,103,1.0,0.9363420427553444,0.9671246319921492,2105,0.4345991561181435,1.0,0.6058823529411764,103,0.7865034924666627,1971,134,0,103,0.48,2023-10-01T00:00:00,2024-01-01T00:00:00,2208,237,39,107.33695652173914,17.663043478260867,0.5654008438818565
2024-Q1,gaussian_naive_bayes,subindices_meteorologia,10129,2208,103,1.0,0.9368171021377673,0.9673779740004905,2105,0.4364406779661017,1.0,0.6076696165191741,103,0.7875237952598323,1972,133,0,103,0.49,2023-10-01T00:00:00,2024-01-01T00:00:00,2208,236,39,106.8840579710145,17.663043478260867,0.5635593220338984
2024-Q1,gaussian_naive_bayes,subindices_meteorologia,10129,2208,103,1.0,0.93729216152019,0.967631191760667,2105,0.43829787234042555,1.0,0.6094674556213018,103,0.7885493236909844,1973,132,0,103,0.5,2023-10-01T00:00:00,2024-01-01T00:00:00,2208,235,39,106.43115942028986,17.663043478260867,0.5617021276595745
2024-Q1,gaussian_naive_bayes,subindices_meteorologia,10129,2208,103,1.0,0.9377672209026128,0.9678842853640598,2105,0.44017094017094016,1.0,0.6112759643916914,103,0.7895801248778755,1974,131,0,103,0.51,2023-10-01T00:00:00,2024-01-01T00:00:00,2208,234,39,105.97826086956522,17.663043478260867,0.5598290598290598
2024-Q1,gaussian_naive_bayes,subindices_meteorologia,10129,2208,103,1.0,0.9377672209026128,0.9678842853640598,2105,0.44017094017094016,1.0,0.6112759643916914,103,0.7895801248778755,1974,131,0,103,0.52,2023-10-01T00:00:00,2024-01-01T00:00:00,2208,234,39,105.97826086956522,17.663043478260867,0.5598290598290598
2024-Q1,gaussian_naive_bayes,subindices_meteorologia,10129,2208,103,1.0,0.9382422802850356,0.9681372549019608,2105,0.44206008583690987,1.0,0.6130952380952381,103,0.7906162464985995,1975,130,0,103,0.53,2023-10-01T00:00:00,2024-01-01T00:00:00,2208,233,39,105.52536231884058,17.663043478260867,0.5579399141630901
2024-Q1,gaussian_naive_bayes,subindices_meteorologia,10129,2208,103,1.0,0.9391923990498813,0.9686428221460068,2105,0.4458874458874459,1.0,0.6167664670658682,103,0.7927046446059376,1977,128,0,103,0.54,2023-10-01T00:00:00,2024-01-01T00:00:00,2208,231,39,104.61956521739131,17.663043478260867,0.5541125541125541
2024-Q1,gaussian_naive_bayes,subindices_meteorologia,10129,2208,103,1.0,0.9391923990498813,0.9686428221460068,2105,0.4458874458874459,1.0,0.6167664670658682,103,0.7927046446059376,1977,128,0,103,0.55,2023-10-01T00:00:00,2024-01-01T00:00:00,2208,231,39,104.61956521739131,17.663043478260867,0.5541125541125541
2024-Q1,gaussian_naive_bayes,subindices_meteorologia,10129,2208,103,1.0,0.9401425178147268,0.9691478942213516,2105,0.4497816593886463,1.0,0.6204819277108434,103,0.7948149109660976,1979,126,0,103,0.56,2023-10-01T00:00:00,2024-01-01T00:00:00,2208,229,39,103.71376811594203,17.663043478260867,0.5502183406113537
2024-Q1,gaussian_naive_bayes,subindices_meteorologia,10129,2208,103,1.0,0.9410926365795724,0.969652471855115,2105,0.45374449339207046,1.0,0.6242424242424243,103,0.7969474480487697,1981,124,0,103,0.5700000000000001,2023-10-01T00:00:00,2024-01-01T00:00:00,2208,227,39,102.80797101449275,17.663043478260867,0.5462555066079295
2024-Q1,gaussian_naive_bayes,subindices_meteorologia,10129,2208,103,1.0,0.9415676959619953,0.9699045754832395,2105,0.4557522123893805,1.0,0.6261398176291794,103,0.7980221965562094,1982,123,0,103,0.58,2023-10-01T00:00:00,2024-01-01T00:00:00,2208,226,38,102.35507246376811,17.21014492753623,0.5442477876106194
2024-Q1,gaussian_naive_bayes,subindices_meteorologia,10129,2208,103,1.0,0.9415676959619953,0.9699045754832395,2105,0.4557522123893805,1.0,0.6261398176291794,103,0.7980221965562094,1982,123,0,103,0.59,2023-10-01T00:00:00,2024-01-01T00:00:00,2208,226,38,102.35507246376811,17.21014492753623,0.5442477876106194
2024-Q1,gaussian_naive_bayes,subindices_meteorologia,10129,2208,103,1.0,0.9415676959619953,0.9699045754832395,2105,0.4557522123893805,1.0,0.6261398176291794,103,0.7980221965562094,1982,123,0,103,0.6,2023-10-01T00:00:00,2024-01-01T00:00:00,2208,226,38,102.35507246376811,17.21014492753623,0.5442477876106194
2024-Q1,gaussian_naive_bayes,subindices_meteorologia,10129,2208,103,1.0,0.9415676959619953,0.9699045754832395,2105,0.4557522123893805,1.0,0.6261398176291794,103,0.7980221965562094,1982,123,0,103,0.61,2023-10-01T00:00:00,2024-01-01T00:00:00,2208,226,38,102.35507246376811,17.21014492753623,0.5442477876106194
2024-Q1,gaussian_naive_bayes,subindices_meteorologia,10129,2208,103,0.9994962216624685,0.9425178147268408,0.9701711491442543,2105,0.45739910313901344,0.9902912621359223,0.6257668711656442,103,0.7979690101549493,1984,121,1,102,0.62,2023-10-01T00:00:00,2024-01-01T00:00:00,2208,223,38,100.9963768115942,17.21014492753623,0.5426008968609866
2024-Q1,gaussian_naive_bayes,subindices_meteorologia,10129,2208,103,0.9994962216624685,0.9425178147268408,0.9701711491442543,2105,0.45739910313901344,0.9902912621359223,0.6257668711656442,103,0.7979690101549493,1984,121,1,102,0.63,2023-10-01T00:00:00,2024-01-01T00:00:00,2208,223,38,100.9963768115942,17.21014492753623,0.5426008968609866
2024-Q1,gaussian_naive_bayes,subindices_meteorologia,10129,2208,103,0.9994962216624685,0.9425178147268408,0.9701711491442543,2105,0.45739910313901344,0.9902912621359223,0.6257668711656442,103,0.7979690101549493,1984,121,1,102,0.64,2023-10-01T00:00:00,2024-01-01T00:00:00,2208,223,38,100.9963768115942,17.21014492753623,0.5426008968609866
2024-Q1,gaussian_naive_bayes,subindices_meteorologia,10129,2208,103,0.9994967287367891,0.9434679334916865,0.9706744868035191,2105,0.46153846153846156,0.9902912621359223,0.6296296296296297,103,0.8001520582165744,1986,119,1,102,0.65,2023-10-01T00:00:00,2024-01-01T00:00:00,2208,221,36,100.09057971014492,16.304347826086957,0.5384615384615384
2024-Q1,gaussian_naive_bayes,subindices_meteorologia,10129,2208,103,0.9994967287367891,0.9434679334916865,0.9706744868035191,2105,0.46153846153846156,0.9902912621359223,0.6296296296296297,103,0.8001520582165744,1986,119,1,102,0.66,2023-10-01T00:00:00,2024-01-01T00:00:00,2208,221,36,100.09057971014492,16.304347826086957,0.5384615384615384
2024-Q1,gaussian_naive_bayes,subindices_meteorologia,10129,2208,103,0.9994967287367891,0.9434679334916865,0.9706744868035191,2105,0.46153846153846156,0.9902912621359223,0.6296296296296297,103,0.8001520582165744,1986,119,1,102,0.67,2023-10-01T00:00:00,2024-01-01T00:00:00,2208,221,36,100.09057971014492,16.304347826086957,0.5384615384615384
2024-Q1,gaussian_naive_bayes,subindices_meteorologia,10129,2208,103,0.9994969818913481,0.9439429928741092,0.9709259711702908,2105,0.4636363636363636,0.9902912621359223,0.631578947368421,103,0.801252459269356,1987,118,1,102,0.68,2023-10-01T00:00:00,2024-01-01T00:00:00,2208,220,36,99.63768115942028,16.304347826086957,0.5363636363636364
2024-Q1,gaussian_naive_bayes,subindices_meteorologia,10129,2208,103,0.9994972347913524,0.9444180522565321,0.9711773326819736,2105,0.4657534246575342,0.9902912621359223,0.6335403726708074,103,0.8023588526763905,1988,117,1,102,0.6900000000000001,2023-10-01T00:00:00,2024-01-01T00:00:00,2208,219,37,99.18478260869564,16.757246376811597,0.5342465753424658
2024-Q1,gaussian_naive_bayes,subindices_meteorologia,10129,2208,103,0.9994979919678715,0.9458432304038005,0.9719306809860874,2105,0.4722222222222222,0.9902912621359223,0.6394984326018809,103,0.8057145567939841,1991,114,1,102,0.7000000000000001,2023-10-01T00:00:00,2024-01-01T00:00:00,2208,216,37,97.82608695652175,16.757246376811597,0.5277777777777778
2024-Q1,gaussian_naive_bayes,subindices_meteorologia,10129,2208,103,0.9994982438534872,0.9463182897862232,0.972181551976574,2105,0.4744186046511628,0.9902912621359223,0.6415094339622641,103,0.8068454929694191,1992,113,1,102,0.71,2023-10-01T00:00:00,2024-01-01T00:00:00,2208,215,37,97.37318840579711,16.757246376811597,0.5255813953488372
2024-Q1,gaussian_naive_bayes,subindices_meteorologia,10129,2208,103,0.999498997995992,0.9477434679334917,0.9729334308705194,2105,0.4811320754716981,0.9902912621359223,0.6476190476190476,103,0.8102762392447835,1995,110,1,102,0.72,2023-10-01T00:00:00,2024-01-01T00:00:00,2208,212,37,96.01449275362319,16.757246376811597,0.5188679245283019
2024-Q1,gaussian_naive_bayes,subindices_meteorologia,10129,2208,103,0.999498997995992,0.9477434679334917,0.9729334308705194,2105,0.4811320754716981,0.9902912621359223,0.6476190476190476,103,0.8102762392447835,1995,110,1,102,0.73,2023-10-01T00:00:00,2024-01-01T00:00:00,2208,212,37,96.01449275362319,16.757246376811597,0.5188679245283019
2024-Q1,gaussian_naive_bayes,subindices_meteorologia,10129,2208,103,0.99949924887331,0.9482185273159145,0.9731838127742565,2105,0.4834123222748815,0.9902912621359223,0.6496815286624203,103,0.8114326707183384,1996,109,1,102,0.74,2023-10-01T00:00:00,2024-01-01T00:00:00,2208,211,37,95.56159420289855,16.757246376811597,0.5165876777251185
2024-Q1,gaussian_naive_bayes,subindices_meteorologia,10129,2208,103,0.99949924887331,0.9482185273159145,0.9731838127742565,2105,0.4834123222748815,0.9902912621359223,0.6496815286624203,103,0.8114326707183384,1996,109,1,102,0.75,2023-10-01T00:00:00,2024-01-01T00:00:00,2208,211,37,95.56159420289855,16.757246376811597,0.5165876777251185
2024-Q1,gaussian_naive_bayes,subindices_meteorologia,10129,2208,103,0.99949924887331,0.9482185273159145,0.9731838127742565,2105,0.4834123222748815,0.9902912621359223,0.6496815286624203,103,0.8114326707183384,1996,109,1,102,0.76,2023-10-01T00:00:00,2024-01-01T00:00:00,2208,211,37,95.56159420289855,16.757246376811597,0.5165876777251185
2024-Q1,gaussian_naive_bayes,subindices_meteorologia,10129,2208,103,0.99949924887331,0.9482185273159145,0.9731838127742565,2105,0.4834123222748815,0.9902912621359223,0.6496815286624203,103,0.8114326707183384,1996,109,1,102,0.77,2023-10-01T00:00:00,2024-01-01T00:00:00,2208,211,37,95.56159420289855,16.757246376811597,0.5165876777251185
2024-Q1,gaussian_naive_bayes,subindices_meteorologia,10129,2208,103,0.9994994994994995,0.9486935866983373,0.9734340726297831,2105,0.4857142857142857,0.9902912621359223,0.6517571884984026,103,0.8125956305640929,1997,108,1,102,0.78,2023-10-01T00:00:00,2024-01-01T00:00:00,2208,210,37,95.10869565217392,16.757246376811597,0.5142857142857142
2024-Q1,gaussian_naive_bayes,subindices_meteorologia,10129,2208,103,0.9994997498749375,0.9491686460807601,0.9736842105263158,2105,0.4880382775119617,0.9902912621359223,0.6538461538461539,103,0.8137651821862348,1998,107,1,102,0.79,2023-10-01T00:00:00,2024-01-01T00:00:00,2208,209,37,94.65579710144928,16.757246376811597,0.5119617224880383
2024-Q1,gaussian_naive_bayes,subindices_meteorologia,10129,2208,103,0.9994997498749375,0.9491686460807601,0.9736842105263158,2105,0.4880382775119617,0.9902912621359223,0.6538461538461539,103,0.8137651821862348,1998,107,1,102,0.8,2023-10-01T00:00:00,2024-01-01T00:00:00,2208,209,37,94.65579710144928,16.757246376811597,0.5119617224880383
2024-Q1,gaussian_naive_bayes,subindices_meteorologia,10129,2208,103,0.9994997498749375,0.9491686460807601,0.9736842105263158,2105,0.4880382775119617,0.9902912621359223,0.6538461538461539,103,0.8137651821862348,1998,107,1,102,0.81,2023-10-01T00:00:00,2024-01-01T00:00:00,2208,209,37,94.65579710144928,16.757246376811597,0.5119617224880383
2024-Q1,gaussian_naive_bayes,subindices_meteorologia,10129,2208,103,0.9995,0.9496437054631829,0.9739342265529841,2105,0.49038461538461536,0.9902912621359223,0.6559485530546624,103,0.8149413898038232,1999,106,1,102,0.8200000000000001,2023-10-01T00:00:00,2024-01-01T00:00:00,2208,208,37,94.20289855072464,16.757246376811597,0.5096153846153846
2024-Q1,gaussian_naive_bayes,subindices_meteorologia,10129,2208,103,0.9995002498750625,0.9501187648456056,0.974184120798831,2105,0.4927536231884058,0.9902912621359223,0.6580645161290323,103,0.8161243184639316,2000,105,1,102,0.8300000000000001,2023-10-01T00:00:00,2024-01-01T00:00:00,2208,207,36,93.75,16.304347826086957,0.5072463768115942
2024-Q1,gaussian_naive_bayes,subindices_meteorologia,10129,2208,103,0.9995004995004995,0.9505938242280285,0.9744338933528123,2105,0.49514563106796117,0.9902912621359223,0.6601941747572816,103,0.8173140340550469,2001,104,1,102,0.84,2023-10-01T00:00:00,2024-01-01T00:00:00,2208,206,35,93.29710144927536,15.85144927536232,0.5048543689320388
2024-Q1,gaussian_naive_bayes,subindices_meteorologia,10129,2208,103,0.9995004995004995,0.9505938242280285,0.9744338933528123,2105,0.49514563106796117,0.9902912621359223,0.6601941747572816,103,0.8173140340550469,2001,104,1,102,0.85,2023-10-01T00:00:00,2024-01-01T00:00:00,2208,206,35,93.29710144927536,15.85144927536232,0.5048543689320388
2024-Q1,gaussian_naive_bayes,subindices_meteorologia,10129,2208,103,0.9995007488766849,0.9510688836104513,0.9746835443037974,2105,0.4975609756097561,0.9902912621359223,0.6623376623376623,103,0.8185106033207299,2002,103,1,102,0.86,2023-10-01T00:00:00,2024-01-01T00:00:00,2208,205,35,92.84420289855072,15.85144927536232,0.5024390243902439
2024-Q1,gaussian_naive_bayes,subindices_meteorologia,10129,2208,103,0.9995014955134596,0.9524940617577197,0.9754317684261736,2105,0.504950495049505,0.9902912621359223,0.6688524590163935,103,0.8221421137212835,2005,100,1,102,0.87,2023-10-01T00:00:00,2024-01-01T00:00:00,2208,202,35,91.48550724637681,15.85144927536232,0.49504950495049505
2024-Q1,gaussian_naive_bayes,subindices_meteorologia,10129,2208,103,0.9995017438963627,0.9529691211401425,0.97568093385214,2105,0.5074626865671642,0.9902912621359223,0.6710526315789473,103,0.8233667827155438,2006,99,1,102,0.88,2023-10-01T00:00:00,2024-01-01T00:00:00,2208,201,35,91.03260869565217,15.85144927536232,0.4925373134328358
2024-Q1,gaussian_naive_bayes,subindices_meteorologia,10129,2208,103,0.9995017438963627,0.9529691211401425,0.97568093385214,2105,0.5074626865671642,0.9902912621359223,0.6710526315789473,103,0.8233667827155438,2006,99,1,102,0.89,2023-10-01T00:00:00,2024-01-01T00:00:00,2208,201,35,91.03260869565217,15.85144927536232,0.4925373134328358
2024-Q1,gaussian_naive_bayes,subindices_meteorologia,10129,2208,103,0.9995019920318725,0.9534441805225653,0.975929978118162,2105,0.51,0.9902912621359223,0.6732673267326733,103,0.8245986524254176,2007,98,1,102,0.9,2023-10-01T00:00:00,2024-01-01T00:00:00,2208,200,35,90.57971014492753,15.85144927536232,0.49
2024-Q1,gaussian_naive_bayes,subindices_meteorologia,10129,2208,103,0.9995019920318725,0.9534441805225653,0.975929978118162,2105,0.51,0.9902912621359223,0.6732673267326733,103,0.8245986524254176,2007,98,1,102,0.91,2023-10-01T00:00:00,2024-01-01T00:00:00,2208,200,35,90.57971014492753,15.85144927536232,0.49
2024-Q1,gaussian_naive_bayes,subindices_meteorologia,10129,2208,103,0.9995024875621891,0.9543942992874109,0.9764277035236938,2105,0.5151515151515151,0.9902912621359223,0.6777408637873754,103,0.8270842836555345,2009,96,1,102,0.92,2023-10-01T00:00:00,2024-01-01T00:00:00,2208,198,35,89.67391304347825,15.85144927536232,0.48484848484848486
2024-Q1,gaussian_naive_bayes,subindices_meteorologia,10129,2208,103,0.9995027349577325,0.9548693586698337,0.9766763848396501,2105,0.5177664974619289,0.9902912621359223,0.68,103,0.8283381924198251,2010,95,1,102,0.93,2023-10-01T00:00:00,2024-01-01T00:00:00,2208,197,35,89.22101449275361,15.85144927536232,0.48223350253807107
2024-Q1,gaussian_naive_bayes,subindices_meteorologia,10129,2208,103,0.9995032290114257,0.9558194774346793,0.9771733851384167,2105,0.5230769230769231,0.9902912621359223,0.6845637583892618,103,0.8308685717638392,2012,93,1,102,0.9400000000000001,2023-10-01T00:00:00,2024-01-01T00:00:00,2208,195,35,88.31521739130436,15.85144927536232,0.47692307692307695
2024-Q1,gaussian_naive_bayes,subindices_meteorologia,10129,2208,103,0.9995037220843672,0.956769596199525,0.9776699029126213,2105,0.5284974093264249,0.9902912621359223,0.6891891891891891,103,0.8334295460509052,2014,91,1,102,0.9500000000000001,2023-10-01T00:00:00,2024-01-01T00:00:00,2208,193,35,87.40942028985508,15.85144927536232,0.47150259067357514
2024-Q1,gaussian_naive_bayes,subindices_meteorologia,10129,2208,103,0.9995049504950495,0.959144893111639,0.978909090909091,2105,0.5425531914893617,0.9902912621359223,0.7010309278350515,103,0.8399700093720712,2019,86,1,102,0.96,2023-10-01T00:00:00,2024-01-01T00:00:00,2208,188,35,85.14492753623189,15.85144927536232,0.4574468085106383
2024-Q1,gaussian_naive_bayes,subindices_meteorologia,10129,2208,103,0.9995069033530573,0.9629453681710214,0.9808855552867167,2105,0.5666666666666667,0.9902912621359223,0.7208480565371025,103,0.8508668059119096,2027,78,1,102,0.97,2023-10-01T00:00:00,2024-01-01T00:00:00,2208,180,32,81.52173913043478,14.492753623188406,0.43333333333333335
2024-Q1,gaussian_naive_bayes,subindices_meteorologia,10129,2208,103,0.9995083579154376,0.9657957244655582,0.9823628895868567,2105,0.5862068965517241,0.9902912621359223,0.7364620938628159,103,0.8594124917248362,2033,72,1,102,0.98,2023-10-01T00:00:00,2024-01-01T00:00:00,2208,174,32,78.80434782608695,14.492753623188406,0.41379310344827586
2024-Q1,gaussian_naive_bayes,subindices_meteorologia,10129,2208,103,0.9995100440960314,0.9691211401425178,0.984081041968162,2105,0.6107784431137725,0.9902912621359223,0.7555555555555555,103,0.8698182987618588,2040,65,1,102,0.99,2023-10-01T00:00:00,2024-01-01T00:00:00,2208,167,31,75.6340579710145,14.039855072463768,0.38922155688622756
2024-Q1,gaussian_naive_bayes,subindices_meteorologia,10129,2208,103,0.9709006928406466,0.9985748218527316,0.9845433255269321,2105,0.9302325581395349,0.3883495145631068,0.547945205479452,103,0.766244265503192,2102,3,63,40,1.0,2023-10-01T00:00:00,2024-01-01T00:00:00,2208,43,8,19.47463768115942,3.6231884057971016,0.06976744186046512
2024-Q1,gaussian_naive_bayes,subindices_sem_iqar_meteorologia,10129,2208,103,0.0,0.0,0.0,2105,0.04664855072463768,1.0,0.08913890090869753,103,0.044569450454348764,0,2105,0,103,0.0,2023-10-01T00:00:00,2024-01-01T00:00:00,2208,2208,1,1000.0,0.4528985507246377,0.9533514492753623
2024-Q1,gaussian_naive_bayes,subindices_sem_iqar_meteorologia,10129,2208,103,1.0,0.8817102137767221,0.9371370865942944,2105,0.29261363636363635,1.0,0.45274725274725275,103,0.6949421696707736,1856,249,0,103,0.01,2023-10-01T00:00:00,2024-01-01T00:00:00,2208,352,51,159.42028985507244,23.09782608695652,0.7073863636363636
2024-Q1,gaussian_naive_bayes,subindices_sem_iqar_meteorologia,10129,2208,103,1.0,0.8997624703087886,0.9472368092023006,2105,0.32802547770700635,1.0,0.4940047961630695,103,0.720620802682685,1894,211,0,103,0.02,2023-10-01T00:00:00,2024-01-01T00:00:00,2208,314,47,142.21014492753622,21.286231884057973,0.6719745222929936
2024-Q1,gaussian_naive_bayes,subindices_sem_iqar_meteorologia,10129,2208,103,1.0,0.9054631828978622,0.9503864372974321,2105,0.34105960264900664,1.0,0.508641975308642,103,0.7295142063030371,1906,199,0,103,0.03,2023-10-01T00:00:00,2024-01-01T00:00:00,2208,302,48,136.77536231884056,21.73913043478261,0.6589403973509934
2024-Q1,gaussian_naive_bayes,subindices_sem_iqar_meteorologia,10129,2208,103,1.0,0.9116389548693586,0.9537773359840954,2105,0.356401384083045,1.0,0.5255102040816326,103,0.739643770032864,1919,186,0,103,0.04,2023-10-01T00:00:00,2024-01-01T00:00:00,2208,289,47,130.88768115942028,21.286231884057973,0.643598615916955
2024-Q1,gaussian_naive_bayes,subindices_sem_iqar_meteorologia,10129,2208,103,1.0,0.920665083135392,0.9586940390798911,2105,0.3814814814814815,1.0,0.5522788203753352,103,0.7554864297276132,1938,167,0,103,0.05,2023-10-01T00:00:00,2024-01-01T00:00:00,2208,270,42,122.28260869565217,19.021739130434785,0.6185185185185185
2024-Q1,gaussian_naive_bayes,subindices_sem_iqar_meteorologia,10129,2208,103,1.0,0.923040380047506,0.9599802371541502,2105,0.3886792452830189,1.0,0.5597826086956522,103,0.7598814229249011,1943,162,0,103,0.06,2023-10-01T00:00:00,2024-01-01T00:00:00,2208,265,41,120.01811594202898,18.568840579710145,0.6113207547169811
2024-Q1,gaussian_naive_bayes,subindices_sem_iqar_meteorologia,10129,2208,103,1.0,0.9235154394299288,0.9602370955791554,2105,0.39015151515151514,1.0,0.5613079019073569,103,0.7607724987432561,1944,161,0,103,0.07,2023-10-01T00:00:00,2024-01-01T00:00:00,2208,264,41,119.56521739130436,18.568840579710145,0.6098484848484849
2024-Q1,gaussian_naive_bayes,subindices_sem_iqar_meteorologia,10129,2208,103,1.0,0.9235154394299288,0.9602370955791554,2105,0.39015151515151514,1.0,0.5613079019073569,103,0.7607724987432561,1944,161,0,103,0.08,2023-10-01T00:00:00,2024-01-01T00:00:00,2208,264,41,119.56521739130436,18.568840579710145,0.6098484848484849
2024-Q1,gaussian_naive_bayes,subindices_sem_iqar_meteorologia,10129,2208,103,1.0,0.9263657957244655,0.9617755856966708,2105,0.3992248062015504,1.0,0.5706371191135734,103,0.7662063524051221,1950,155,0,103,0.09,2023-10-01T00:00:00,2024-01-01T00:00:00,2208,258,42,116.84782608695653,19.021739130434785,0.6007751937984496
2024-Q1,gaussian_naive_bayes,subindices_sem_iqar_meteorologia,10129,2208,103,1.0,0.9268408551068884,0.9620315581854043,2105,0.40077821011673154,1.0,0.5722222222222222,103,0.7671268902038133,1951,154,0,103,0.1,2023-10-01T00:00:00,2024-01-01T00:00:00,2208,257,41,116.39492753623189,18.568840579710145,0.5992217898832685
2024-Q1,gaussian_naive_bayes,subindices_sem_iqar_meteorologia,10129,2208,103,1.0,0.9306413301662708,0.9640748031496063,2105,0.41365461847389556,1.0,0.5852272727272727,103,0.7746510379384395,1959,146,0,103,0.11,2023-10-01T00:00:00,2024-01-01T00:00:00,2208,249,41,112.77173913043478,18.568840579710145,0.5863453815261044
2024-Q1,gaussian_naive_bayes,subindices_sem_iqar_meteorologia,10129,2208,103,1.0,0.9306413301662708,0.9640748031496063,2105,0.41365461847389556,1.0,0.5852272727272727,103,0.7746510379384395,1959,146,0,103,0.12,2023-10-01T00:00:00,2024-01-01T00:00:00,2208,249,41,112.77173913043478,18.568840579710145,0.5863453815261044
2024-Q1,gaussian_naive_bayes,subindices_sem_iqar_meteorologia,10129,2208,103,1.0,0.9315914489311163,0.9645843580914905,2105,0.41700404858299595,1.0,0.5885714285714285,103,0.7765778933314595,1961,144,0,103,0.13,2023-10-01T00:00:00,2024-01-01T00:00:00,2208,247,41,111.8659420289855,18.568840579710145,0.582995951417004
2024-Q1,gaussian_naive_bayes,subindices_sem_iqar_meteorologia,10129,2208,103,1.0,0.9320665083135392,0.9648389476272436,2105,0.4186991869918699,1.0,0.5902578796561605,103,0.7775484136417021,1962,143,0,103,0.14,2023-10-01T00:00:00,2024-01-01T00:00:00,2208,246,41,111.41304347826086,18.568840579710145,0.5813008130081301
2024-Q1,gaussian_naive_bayes,subindices_sem_iqar_meteorologia,10129,2208,103,1.0,0.932541567695962,0.9650934119960669,2105,0.4204081632653061,1.0,0.5919540229885057,103,0.7785237174922863,1963,142,0,103,0.15,2023-10-01T00:00:00,2024-01-01T00:00:00,2208,245,41,110.96014492753622,18.568840579710145,0.5795918367346938
2024-Q1,gaussian_naive_bayes,subindices_sem_iqar_meteorologia,10129,2208,103,1.0,0.9334916864608076,0.9656019656019657,2105,0.42386831275720166,1.0,0.5953757225433526,103,0.7804888440726592,1965,140,0,103,0.16,2023-10-01T00:00:00,2024-01-01T00:00:00,2208,243,41,110.05434782608695,18.568840579710145,0.5761316872427984
2024-Q1,gaussian_naive_bayes,subindices_sem_iqar_meteorologia,10129,2208,103,1.0,0.9358669833729216,0.9668711656441717,2105,0.4327731092436975,1.0,0.6041055718475073,103,0.7854883687458396,1970,135,0,103,0.17,2023-10-01T00:00:00,2024-01-01T00:00:00,2208,238,41,107.78985507246378,18.568840579710145,0.5672268907563025
2024-Q1,gaussian_naive_bayes,subindices_sem_iqar_meteorologia,10129,2208,103,1.0,0.9377672209026128,0.9678842853640598,2105,0.44017094017094016,1.0,0.6112759643916914,103,0.7895801248778755,1974,131,0,103,0.18,2023-10-01T00:00:00,2024-01-01T00:00:00,2208,234,41,105.97826086956522,18.568840579710145,0.5598290598290598
2024-Q1,gaussian_naive_bayes,subindices_sem_iqar_meteorologia,10129,2208,103,1.0,0.9387173396674584,0.9683901004655722,2105,0.44396551724137934,1.0,0.6149253731343284,103,0.7916577367999502,1976,129,0,103,0.19,2023-10-01T00:00:00,2024-01-01T00:00:00,2208,232,41,105.07246376811594,18.568840579710145,0.5560344827586207
2024-Q1,gaussian_naive_bayes,subindices_sem_iqar_meteorologia,10129,2208,103,1.0,0.939667458432304,0.9688954200342885,2105,0.44782608695652176,1.0,0.6186186186186187,103,0.7937570193264536,1978,127,0,103,0.2,2023-10-01T00:00:00,2024-01-01T00:00:00,2208,230,41,104.16666666666667,18.568840579710145,0.5521739130434783
2024-Q1,gaussian_naive_bayes,subindices_sem_iqar_meteorologia,10129,2208,103,1.0,0.9406175771971497,0.9694002447980417,2105,0.4517543859649123,1.0,0.622356495468278,103,0.7958783701331598,1980,125,0,103,0.21,2023-10-01T00:00:00,2024-01-01T00:00:00,2208,228,41,103.26086956521739,18.568840579710145,0.5482456140350878
2024-Q1,gaussian_naive_bayes,subindices_sem_iqar_meteorologia,10129,2208,103,1.0,0.9415676959619953,0.9699045754832395,2105,0.4557522123893805,1.0,0.6261398176291794,103,0.7980221965562094,1982,123,0,103,0.22,2023-10-01T00:00:00,2024-01-01T00:00:00,2208,226,41,102.35507246376811,18.568840579710145,0.5442477876106194
2024-Q1,gaussian_naive_bayes,subindices_sem_iqar_meteorologia,10129,2208,103,1.0,0.9425178147268408,0.9704084128148691,2105,0.45982142857142855,1.0,0.6299694189602446,103,0.8001889158875568,1984,121,0,103,0.23,2023-10-01T00:00:00,2024-01-01T00:00:00,2208,224,41,101.44927536231884,18.568840579710145,0.5401785714285714
2024-Q1,gaussian_naive_bayes,subindices_sem_iqar_meteorologia,10129,2208,103,1.0,0.9425178147268408,0.9704084128148691,2105,0.45982142857142855,1.0,0.6299694189602446,103,0.8001889158875568,1984,121,0,103,0.24,2023-10-01T00:00:00,2024-01-01T00:00:00,2208,224,41,101.44927536231884,18.568840579710145,0.5401785714285714
2024-Q1,gaussian_naive_bayes,subindices_sem_iqar_meteorologia,10129,2208,103,1.0,0.9425178147268408,0.9704084128148691,2105,0.45982142857142855,1.0,0.6299694189602446,103,0.8001889158875568,1984,121,0,103,0.25,2023-10-01T00:00:00,2024-01-01T00:00:00,2208,224,41,101.44927536231884,18.568840579710145,0.5401785714285714
2024-Q1,gaussian_naive_bayes,subindices_sem_iqar_meteorologia,10129,2208,103,1.0,0.9429928741092637,0.9706601466992665,2105,0.4618834080717489,1.0,0.6319018404907976,103,0.801280993595032,1985,120,0,103,0.26,2023-10-01T00:00:00,2024-01-01T00:00:00,2208,223,41,100.9963768115942,18.568840579710145,0.5381165919282511
2024-Q1,gaussian_naive_bayes,subindices_sem_iqar_meteorologia,10129,2208,103,1.0,0.9439429928741092,0.9711632453567938,2105,0.4660633484162896,1.0,0.6358024691358025,103,0.8034828572462982,1987,118,0,103,0.27,2023-10-01T00:00:00,2024-01-01T00:00:00,2208,221,41,100.09057971014492,18.568840579710145,0.5339366515837104
2024-Q1,gaussian_naive_bayes,subindices_sem_iqar_meteorologia,10129,2208,103,1.0,0.9439429928741092,0.9711632453567938,2105,0.4660633484162896,1.0,0.6358024691358025,103,0.8034828572462982,1987,118,0,103,0.28,2023-10-01T00:00:00,2024-01-01T00:00:00,2208,221,41,100.09057971014492,18.568840579710145,0.5339366515837104
2024-Q1,gaussian_naive_bayes,subindices_sem_iqar_meteorologia,10129,2208,103,1.0,0.9448931116389548,0.9716658524670249,2105,0.4703196347031963,1.0,0.639751552795031,103,0.8057087026310279,1989,116,0,103,0.29,2023-10-01T00:00:00,2024-01-01T00:00:00,2208,219,41,99.18478260869564,18.568840579710145,0.5296803652968036
2024-Q1,gaussian_naive_bayes,subindices_sem_iqar_meteorologia,10129,2208,103,1.0,0.9453681710213777,0.9719169719169719,2105,0.4724770642201835,1.0,0.6417445482866043,103,0.8068307601017881,1990,115,0,103,0.3,2023-10-01T00:00:00,2024-01-01T00:00:00,2208,218,40,98.73188405797102,18.115942028985508,0.5275229357798165
2024-Q1,gaussian_naive_bayes,subindices_sem_iqar_meteorologia,10129,2208,103,1.0,0.9458432304038005,0.97216796875,2105,0.47465437788018433,1.0,0.64375,103,0.807958984375,1991,114,0,103,0.31,2023-10-01T00:00:00,2024-01-01T00:00:00,2208,217,40,98.27898550724639,18.115942028985508,0.5253456221198156
2024-Q1,gaussian_naive_bayes,subindices_sem_iqar_meteorologia,10129,2208,103,1.0,0.9463182897862232,0.9724188430558945,2105,0.47685185185185186,1.0,0.64576802507837,103,0.8090934340671323,1992,113,0,103,0.32,2023-10-01T00:00:00,2024-01-01T00:00:00,2208,216,40,97.82608695652175,18.115942028985508,0.5231481481481481
2024-Q1,gaussian_naive_bayes,subindices_sem_iqar_meteorologia,10129,2208,103,1.0,0.9463182897862232,0.9724188430558945,2105,0.47685185185185186,1.0,0.64576802507837,103,0.8090934340671323,1992,113,0,103,0.33,2023-10-01T00:00:00,2024-01-01T00:00:00,2208,216,40,97.82608695652175,18.115942028985508,0.5231481481481481
2024-Q1,gaussian_naive_bayes,subindices_sem_iqar_meteorologia,10129,2208,103,1.0,0.9477434679334917,0.973170731707317,2105,0.4835680751173709,1.0,0.6518987341772152,103,0.8125347329422661,1995,110,0,103,0.34,2023-10-01T00:00:00,2024-01-01T00:00:00,2208,213,41,96.46739130434783,18.568840579710145,0.5164319248826291
2024-Q1,gaussian_naive_bayes,subindices_sem_iqar_meteorologia,10129,2208,103,1.0,0.9477434679334917,0.973170731707317,2105,0.4835680751173709,1.0,0.6518987341772152,103,0.8125347329422661,1995,110,0,103,0.35000000000000003,2023-10-01T00:00:00,2024-01-01T00:00:00,2208,213,41,96.46739130434783,18.568840579710145,0.5164319248826291
2024-Q1,gaussian_naive_bayes,subindices_sem_iqar_meteorologia,10129,2208,103,1.0,0.9482185273159145,0.9734211168007803,2105,0.4858490566037736,1.0,0.653968253968254,103,0.8136946853845171,1996,109,0,103,0.36,2023-10-01T00:00:00,2024-01-01T00:00:00,2208,212,41,96.01449275362319,18.568840579710145,0.5141509433962265
2024-Q1,gaussian_naive_bayes,subindices_sem_iqar_meteorologia,10129,2208,103,1.0,0.9491686460807601,0.9739215208384109,2105,0.49047619047619045,1.0,0.65814696485623,103,0.8160342428473204,1998,107,0,103,0.37,2023-10-01T00:00:00,2024-01-01T00:00:00,2208,210,41,95.10869565217392,18.568840579710145,0.5095238095238095
2024-Q1,gaussian_naive_bayes,subindices_sem_iqar_meteorologia,10129,2208,103,1.0,0.9505938242280285,0.9746712128592304,2105,0.4975845410628019,1.0,0.6645161290322581,103,0.8195936709457443,2001,104,0,103,0.38,2023-10-01T00:00:00,2024-01-01T00:00:00,2208,207,41,93.75,18.568840579710145,0.5024154589371981
2024-Q1,gaussian_naive_bayes,subindices_sem_iqar_meteorologia,10129,2208,103,0.9995007488766849,0.9510688836104513,0.9746835443037974,2105,0.4975609756097561,0.9902912621359223,0.6623376623376623,103,0.8185106033207299,2002,103,1,102,0.39,2023-10-01T00:00:00,2024-01-01T00:00:00,2208,205,41,92.84420289855072,18.568840579710145,0.5024390243902439
2024-Q1,gaussian_naive_bayes,subindices_sem_iqar_meteorologia,10129,2208,103,0.9995007488766849,0.9510688836104513,0.9746835443037974,2105,0.4975609756097561,0.9902912621359223,0.6623376623376623,103,0.8185106033207299,2002,103,1,102,0.4,2023-10-01T00:00:00,2024-01-01T00:00:00,2208,205,41,92.84420289855072,18.568840579710145,0.5024390243902439
2024-Q1,gaussian_naive_bayes,subindices_sem_iqar_meteorologia,10129,2208,103,0.9995009980039921,0.9515439429928741,0.9749330737405695,2105,0.5,0.9902912621359223,0.6644951140065146,103,0.8197140938735421,2003,102,1,102,0.41000000000000003,2023-10-01T00:00:00,2024-01-01T00:00:00,2208,204,41,92.39130434782608,18.568840579710145,0.5
2024-Q1,gaussian_naive_bayes,subindices_sem_iqar_meteorologia,10129,2208,103,0.9995014955134596,0.9524940617577197,0.9754317684261736,2105,0.504950495049505,0.9902912621359223,0.6688524590163935,103,0.8221421137212835,2005,100,1,102,0.42,2023-10-01T00:00:00,2024-01-01T00:00:00,2208,202,41,91.48550724637681,18.568840579710145,0.49504950495049505
2024-Q1,gaussian_naive_bayes,subindices_sem_iqar_meteorologia,10129,2208,103,0.9995019920318725,0.9534441805225653,0.975929978118162,2105,0.51,0.9902912621359223,0.6732673267326733,103,0.8245986524254176,2007,98,1,102,0.43,2023-10-01T00:00:00,2024-01-01T00:00:00,2208,200,41,90.57971014492753,18.568840579710145,0.49
2024-Q1,gaussian_naive_bayes,subindices_sem_iqar_meteorologia,10129,2208,103,0.9995022399203584,0.9539192399049882,0.9761789013125911,2105,0.5125628140703518,0.9902912621359223,0.6754966887417219,103,0.8258377950271565,2008,97,1,102,0.44,2023-10-01T00:00:00,2024-01-01T00:00:00,2208,199,41,90.12681159420289,18.568840579710145,0.48743718592964824
2024-Q1,gaussian_naive_bayes,subindices_sem_iqar_meteorologia,10129,2208,103,0.9995029821073559,0.9553444180522566,0.9769249453485548,2105,0.5204081632653061,0.9902912621359223,0.6822742474916388,103,0.8295995964200968,2011,94,1,102,0.45,2023-10-01T00:00:00,2024-01-01T00:00:00,2208,196,41,88.76811594202898,18.568840579710145,0.47959183673469385
2024-Q1,gaussian_naive_bayes,subindices_sem_iqar_meteorologia,10129,2208,103,0.9995034756703078,0.9562945368171022,0.9774217042971595,2105,0.5257731958762887,0.9902912621359223,0.6868686868686869,103,0.8321451955829231,2013,92,1,102,0.46,2023-10-01T00:00:00,2024-01-01T00:00:00,2208,194,40,87.86231884057972,18.115942028985508,0.4742268041237113
2024-Q1,gaussian_naive_bayes,subindices_sem_iqar_meteorologia,10129,2208,103,0.9995034756703078,0.9562945368171022,0.9774217042971595,2105,0.5257731958762887,0.9902912621359223,0.6868686868686869,103,0.8321451955829231,2013,92,1,102,0.47000000000000003,2023-10-01T00:00:00,2024-01-01T00:00:00,2208,194,40,87.86231884057972,18.115942028985508,0.4742268041237113
2024-Q1,gaussian_naive_bayes,subindices_sem_iqar_meteorologia,10129,2208,103,0.9995037220843672,0.956769596199525,0.9776699029126213,2105,0.5284974093264249,0.9902912621359223,0.6891891891891891,103,0.8334295460509052,2014,91,1,102,0.48,2023-10-01T00:00:00,2024-01-01T00:00:00,2208,193,40,87.40942028985508,18.115942028985508,0.47150259067357514
2024-Q1,gaussian_naive_bayes,subindices_sem_iqar_meteorologia,10129,2208,103,0.9995037220843672,0.956769596199525,0.9776699029126213,2105,0.5284974093264249,0.9902912621359223,0.6891891891891891,103,0.8334295460509052,2014,91,1,102,0.49,2023-10-01T00:00:00,2024-01-01T00:00:00,2208,193,40,87.40942028985508,18.115942028985508,0.47150259067357514
2024-Q1,gaussian_naive_bayes,subindices_sem_iqar_meteorologia,10129,2208,103,0.9995037220843672,0.956769596199525,0.9776699029126213,2105,0.5284974093264249,0.9902912621359223,0.6891891891891891,103,0.8334295460509052,2014,91,1,102,0.5,2023-10-01T00:00:00,2024-01-01T00:00:00,2208,193,40,87.40942028985508,18.115942028985508,0.47150259067357514
2024-Q1,gaussian_naive_bayes,subindices_sem_iqar_meteorologia,10129,2208,103,0.9995039682539683,0.9572446555819477,0.9779179810725552,2105,0.53125,0.9902912621359223,0.6915254237288135,103,0.8347217024006843,2015,90,1,102,0.51,2023-10-01T00:00:00,2024-01-01T00:00:00,2208,192,40,86.95652173913044,18.115942028985508,0.46875
2024-Q1,gaussian_naive_bayes,subindices_sem_iqar_meteorologia,10129,2208,103,0.9995039682539683,0.9572446555819477,0.9779179810725552,2105,0.53125,0.9902912621359223,0.6915254237288135,103,0.8347217024006843,2015,90,1,102,0.52,2023-10-01T00:00:00,2024-01-01T00:00:00,2208,192,40,86.95652173913044,18.115942028985508,0.46875
2024-Q1,gaussian_naive_bayes,subindices_sem_iqar_meteorologia,10129,2208,103,0.9995039682539683,0.9572446555819477,0.9779179810725552,2105,0.53125,0.9902912621359223,0.6915254237288135,103,0.8347217024006843,2015,90,1,102,0.53,2023-10-01T00:00:00,2024-01-01T00:00:00,2208,192,40,86.95652173913044,18.115942028985508,0.46875
2024-Q1,gaussian_naive_bayes,subindices_sem_iqar_meteorologia,10129,2208,103,0.9995042141794744,0.9577197149643706,0.9781659388646288,2105,0.5340314136125655,0.9902912621359223,0.6938775510204082,103,0.8360217449425185,2016,89,1,102,0.54,2023-10-01T00:00:00,2024-01-01T00:00:00,2208,191,40,86.5036231884058,18.115942028985508,0.46596858638743455
2024-Q1,gaussian_naive_bayes,subindices_sem_iqar_meteorologia,10129,2208,103,0.9995044598612488,0.9581947743467933,0.9784137763764249,2105,0.5368421052631579,0.9902912621359223,0.6962457337883959,103,0.8373297550824104,2017,88,1,102,0.55,2023-10-01T00:00:00,2024-01-01T00:00:00,2208,190,40,86.05072463768116,18.115942028985508,0.4631578947368421
2024-Q1,gaussian_naive_bayes,subindices_sem_iqar_meteorologia,10129,2208,103,0.9995044598612488,0.9581947743467933,0.9784137763764249,2105,0.5368421052631579,0.9902912621359223,0.6962457337883959,103,0.8373297550824104,2017,88,1,102,0.56,2023-10-01T00:00:00,2024-01-01T00:00:00,2208,190,40,86.05072463768116,18.115942028985508,0.4631578947368421
2024-Q1,gaussian_naive_bayes,subindices_sem_iqar_meteorologia,10129,2208,103,0.9995044598612488,0.9581947743467933,0.9784137763764249,2105,0.5368421052631579,0.9902912621359223,0.6962457337883959,103,0.8373297550824104,2017,88,1,102,0.5700000000000001,2023-10-01T00:00:00,2024-01-01T00:00:00,2208,190,40,86.05072463768116,18.115942028985508,0.4631578947368421
2024-Q1,gaussian_naive_bayes,subindices_sem_iqar_meteorologia,10129,2208,103,0.9995047052996533,0.9586698337292161,0.9786614936954413,2105,0.5396825396825397,0.9902912621359223,0.6986301369863014,103,0.8386458153408713,2018,87,1,102,0.58,2023-10-01T00:00:00,2024-01-01T00:00:00,2208,189,40,85.59782608695653,18.115942028985508,0.4603174603174603
2024-Q1,gaussian_naive_bayes,subindices_sem_iqar_meteorologia,10129,2208,103,0.9995051954477981,0.9596199524940617,0.9791565681047019,2105,0.5454545454545454,0.9902912621359223,0.7034482758620689,103,0.8413024219833853,2020,85,1,102,0.59,2023-10-01T00:00:00,2024-01-01T00:00:00,2208,187,39,84.69202898550725,17.663043478260867,0.45454545454545453
2024-Q1,gaussian_naive_bayes,subindices_sem_iqar_meteorologia,10129,2208,103,0.9995056846267919,0.9605700712589074,0.9796511627906976,2105,0.5513513513513514,0.9902912621359223,0.7083333333333334,103,0.8439922480620154,2022,83,1,102,0.6,2023-10-01T00:00:00,2024-01-01T00:00:00,2208,185,39,83.78623188405797,17.663043478260867,0.4486486486486487
2024-Q1,gaussian_naive_bayes,subindices_sem_iqar_meteorologia,10129,2208,103,0.9995059288537549,0.9610451306413301,0.979898280455316,2105,0.5543478260869565,0.9902912621359223,0.710801393728223,103,0.8453498370917696,2023,82,1,102,0.61,2023-10-01T00:00:00,2024-01-01T00:00:00,2208,184,39,83.33333333333333,17.663043478260867,0.44565217391304346
2024-Q1,gaussian_naive_bayes,subindices_sem_iqar_meteorologia,10129,2208,103,0.9990128331688055,0.961520190023753,0.9799080125877512,2105,0.554945054945055,0.9805825242718447,0.7087719298245614,103,0.8443399712061563,2024,81,2,101,0.62,2023-10-01T00:00:00,2024-01-01T00:00:00,2208,182,38,82.42753623188406,17.21014492753623,0.44505494505494503
2024-Q1,gaussian_naive_bayes,subindices_sem_iqar_meteorologia,10129,2208,103,0.9990133201776024,0.9619952494061758,0.9801548886737658,2105,0.5580110497237569,0.9805825242718447,0.7112676056338029,103,0.8457112471537843,2025,80,2,101,0.63,2023-10-01T00:00:00,2024-01-01T00:00:00,2208,181,38,81.97463768115942,17.21014492753623,0.4419889502762431
2024-Q1,gaussian_naive_bayes,subindices_sem_iqar_meteorologia,10129,2208,103,0.9990133201776024,0.9619952494061758,0.9801548886737658,2105,0.5580110497237569,0.9805825242718447,0.7112676056338029,103,0.8457112471537843,2025,80,2,101,0.64,2023-10-01T00:00:00,2024-01-01T00:00:00,2208,181,38,81.97463768115942,17.21014492753623,0.4419889502762431
2024-Q1,gaussian_naive_bayes,subindices_sem_iqar_meteorologia,10129,2208,103,0.9990133201776024,0.9619952494061758,0.9801548886737658,2105,0.5580110497237569,0.9805825242718447,0.7112676056338029,103,0.8457112471537843,2025,80,2,101,0.65,2023-10-01T00:00:00,2024-01-01T00:00:00,2208,181,38,81.97463768115942,17.21014492753623,0.4419889502762431
2024-Q1,gaussian_naive_bayes,subindices_sem_iqar_meteorologia,10129,2208,103,0.9990138067061144,0.9624703087885986,0.9804016452939753,2105,0.5611111111111111,0.9805825242718447,0.7137809187279152,103,0.8470912820109453,2026,79,2,101,0.66,2023-10-01T00:00:00,2024-01-01T00:00:00,2208,180,38,81.52173913043478,17.21014492753623,0.4388888888888889
2024-Q1,gaussian_naive_bayes,subindices_sem_iqar_meteorologia,10129,2208,103,0.999015263417036,0.963895486935867,0.9811411992263056,2105,0.5706214689265536,0.9805825242718447,0.7214285714285714,103,0.8512848853274385,2029,76,2,101,0.67,2023-10-01T00:00:00,2024-01-01T00:00:00,2208,177,38,80.16304347826086,17.21014492753623,0.4293785310734463
2024-Q1,gaussian_naive_bayes,subindices_sem_iqar_meteorologia,10129,2208,103,0.9990162321692081,0.9648456057007125,0.9816336394393427,2105,0.5771428571428572,0.9805825242718447,0.7266187050359713,103,0.854126172237657,2031,74,2,101,0.68,2023-10-01T00:00:00,2024-01-01T00:00:00,2208,175,38,79.2572463768116,17.21014492753623,0.4228571428571429
2024-Q1,gaussian_naive_bayes,subindices_sem_iqar_meteorologia,10129,2208,103,0.9990167158308751,0.9653206650831354,0.9818796810823871,2105,0.5804597701149425,0.9805825242718447,0.7292418772563177,103,0.8555607791693525,2032,73,2,101,0.6900000000000001,2023-10-01T00:00:00,2024-01-01T00:00:00,2208,174,38,78.80434782608695,17.21014492753623,0.41954022988505746
2024-Q1,gaussian_naive_bayes,subindices_sem_iqar_meteorologia,10129,2208,103,0.999017199017199,0.9657957244655582,0.9821256038647344,2105,0.5838150289017341,0.9805825242718447,0.7318840579710145,103,0.8570048309178744,2033,72,2,101,0.7000000000000001,2023-10-01T00:00:00,2024-01-01T00:00:00,2208,173,38,78.35144927536231,17.21014492753623,0.4161849710982659
2024-Q1,gaussian_naive_bayes,subindices_sem_iqar_meteorologia,10129,2208,103,0.9985272459499264,0.966270783847981,0.9821342346692419,2105,0.5847953216374269,0.970873786407767,0.7299270072992701,103,0.856030620984256,2034,71,3,100,0.71,2023-10-01T00:00:00,2024-01-01T00:00:00,2208,171,38,77.44565217391305,17.21014492753623,0.4152046783625731
2024-Q1,gaussian_naive_bayes,subindices_sem_iqar_meteorologia,10129,2208,103,0.9985286905345758,0.9672209026128266,0.9826254826254827,2105,0.591715976331361,0.970873786407767,0.7352941176470589,103,0.8589598001362708,2036,69,3,100,0.72,2023-10-01T00:00:00,2024-01-01T00:00:00,2208,169,38,76.53985507246378,17.21014492753623,0.40828402366863903
2024-Q1,gaussian_naive_bayes,subindices_sem_iqar_meteorologia,10129,2208,103,0.9985286905345758,0.9672209026128266,0.9826254826254827,2105,0.591715976331361,0.970873786407767,0.7352941176470589,103,0.8589598001362708,2036,69,3,100,0.73,2023-10-01T00:00:00,2024-01-01T00:00:00,2208,169,38,76.53985507246378,17.21014492753623,0.40828402366863903
2024-Q1,gaussian_naive_bayes,subindices_sem_iqar_meteorologia,10129,2208,103,0.9985286905345758,0.9672209026128266,0.9826254826254827,2105,0.591715976331361,0.970873786407767,0.7352941176470589,103,0.8589598001362708,2036,69,3,100,0.74,2023-10-01T00:00:00,2024-01-01T00:00:00,2208,169,38,76.53985507246378,17.21014492753623,0.40828402366863903
2024-Q1,gaussian_naive_bayes,subindices_sem_iqar_meteorologia,10129,2208,103,0.9985294117647059,0.9676959619952494,0.9828709288299156,2105,0.5952380952380952,0.970873786407767,0.7380073800738007,103,0.8604391544518581,2037,68,3,100,0.75,2023-10-01T00:00:00,2024-01-01T00:00:00,2208,168,37,76.08695652173914,16.757246376811597,0.40476190476190477
2024-Q1,gaussian_naive_bayes,subindices_sem_iqar_meteorologia,10129,2208,103,0.9985308521057786,0.9686460807600951,0.9833614661200868,2105,0.6024096385542169,0.970873786407767,0.7434944237918215,103,0.8634279449559541,2039,66,3,100,0.76,2023-10-01T00:00:00,2024-01-01T00:00:00,2208,166,37,75.18115942028986,16.757246376811597,0.39759036144578314
2024-Q1,gaussian_naive_bayes,subindices_sem_iqar_meteorologia,10129,2208,103,0.9985322896281801,0.9695961995249406,0.9838515304892745,2105,0.6097560975609756,0.970873786407767,0.7490636704119851,103,0.8664576004506298,2041,64,3,100,0.77,2023-10-01T00:00:00,2024-01-01T00:00:00,2208,164,37,74.27536231884058,16.757246376811597,0.3902439024390244
2024-Q1,gaussian_naive_bayes,subindices_sem_iqar_meteorologia,10129,2208,103,0.9985322896281801,0.9695961995249406,0.9838515304892745,2105,0.6097560975609756,0.970873786407767,0.7490636704119851,103,0.8664576004506298,2041,64,3,100,0.78,2023-10-01T00:00:00,2024-01-01T00:00:00,2208,164,37,74.27536231884058,16.757246376811597,0.3902439024390244
2024-Q1,gaussian_naive_bayes,subindices_sem_iqar_meteorologia,10129,2208,103,0.9985330073349633,0.9700712589073635,0.9840963855421687,2105,0.6134969325153374,0.970873786407767,0.7518796992481203,103,0.8679880423951445,2042,63,3,100,0.79,2023-10-01T00:00:00,2024-01-01T00:00:00,2208,163,36,73.82246376811594,16.304347826086957,0.38650306748466257
2024-Q1,gaussian_naive_bayes,subindices_sem_iqar_meteorologia,10129,2208,103,0.9985330073349633,0.9700712589073635,0.9840963855421687,2105,0.6134969325153374,0.970873786407767,0.7518796992481203,103,0.8679880423951445,2042,63,3,100,0.8,2023-10-01T00:00:00,2024-01-01T00:00:00,2208,163,36,73.82246376811594,16.304347826086957,0.38650306748466257
2024-Q1,gaussian_naive_bayes,subindices_sem_iqar_meteorologia,10129,2208,103,0.9980478282088824,0.9714964370546318,0.9845931632161772,2105,0.6226415094339622,0.9611650485436893,0.7557251908396947,103,0.870159177027936,2045,60,4,99,0.81,2023-10-01T00:00:00,2024-01-01T00:00:00,2208,159,35,72.01086956521739,15.85144927536232,0.37735849056603776
2024-Q1,gaussian_naive_bayes,subindices_sem_iqar_meteorologia,10129,2208,103,0.9980487804878049,0.9719714964370546,0.9848375451263538,2105,0.6265822784810127,0.9611650485436893,0.7586206896551724,103,0.8717291173907631,2046,59,4,99,0.8200000000000001,2023-10-01T00:00:00,2024-01-01T00:00:00,2208,158,34,71.55797101449275,15.398550724637682,0.37341772151898733
2024-Q1,gaussian_naive_bayes,subindices_sem_iqar_meteorologia,10129,2208,103,0.9980506822612085,0.9729216152019002,0.9853259562184268,2105,0.6346153846153846,0.9611650485436893,0.7644787644787645,103,0.8749023603485957,2048,57,4,99,0.8300000000000001,2023-10-01T00:00:00,2024-01-01T00:00:00,2208,156,34,70.65217391304347,15.398550724637682,0.36538461538461536
2024-Q1,gaussian_naive_bayes,subindices_sem_iqar_meteorologia,10129,2208,103,0.9980525803310614,0.9738717339667459,0.9858138975715316,2105,0.6428571428571429,0.9611650485436893,0.7704280155642024,103,0.8781209565678669,2050,55,4,99,0.84,2023-10-01T00:00:00,2024-01-01T00:00:00,2208,154,34,69.7463768115942,15.398550724637682,0.35714285714285715
2024-Q1,gaussian_naive_bayes,subindices_sem_iqar_meteorologia,10129,2208,103,0.9980525803310614,0.9738717339667459,0.9858138975715316,2105,0.6428571428571429,0.9611650485436893,0.7704280155642024,103,0.8781209565678669,2050,55,4,99,0.85,2023-10-01T00:00:00,2024-01-01T00:00:00,2208,154,34,69.7463768115942,15.398550724637682,0.35714285714285715
2024-Q1,gaussian_naive_bayes,subindices_sem_iqar_meteorologia,10129,2208,103,0.9980525803310614,0.9738717339667459,0.9858138975715316,2105,0.6428571428571429,0.9611650485436893,0.7704280155642024,103,0.8781209565678669,2050,55,4,99,0.86,2023-10-01T00:00:00,2024-01-01T00:00:00,2208,154,34,69.7463768115942,15.398550724637682,0.35714285714285715
2024-Q1,gaussian_naive_bayes,subindices_sem_iqar_meteorologia,10129,2208,103,0.9970845481049563,0.9748218527315915,0.9858275282248379,2105,0.6466666666666666,0.941747572815534,0.766798418972332,103,0.876312973598585,2052,53,6,97,0.87,2023-10-01T00:00:00,2024-01-01T00:00:00,2208,150,32,67.93478260869564,14.492753623188406,0.35333333333333333
2024-Q1,gaussian_naive_bayes,subindices_sem_iqar_meteorologia,10129,2208,103,0.9970873786407767,0.975771971496437,0.9863145258103241,2105,0.6554054054054054,0.941747572815534,0.7729083665338645,103,0.8796114461720943,2054,51,6,97,0.88,2023-10-01T00:00:00,2024-01-01T00:00:00,2208,148,32,67.02898550724639,14.492753623188406,0.34459459459459457
2024-Q1,gaussian_naive_bayes,subindices_sem_iqar_meteorologia,10129,2208,103,0.997090203685742,0.9767220902612826,0.9868010559155268,2105,0.6643835616438356,0.941747572815534,0.7791164658634538,103,0.8829587608894903,2056,49,6,97,0.89,2023-10-01T00:00:00,2024-01-01T00:00:00,2208,146,32,66.12318840579711,14.492753623188406,0.3356164383561644
2024-Q1,gaussian_naive_bayes,subindices_sem_iqar_meteorologia,10129,2208,103,0.9961277831558567,0.9776722090261283,0.9868137137377128,2105,0.6690140845070423,0.9223300970873787,0.7755102040816326,103,0.8811619589096726,2058,47,8,95,0.9,2023-10-01T00:00:00,2024-01-01T00:00:00,2208,142,32,64.31159420289855,14.492753623188406,0.33098591549295775
2024-Q1,gaussian_naive_bayes,subindices_sem_iqar_meteorologia,10129,2208,103,0.996129656507015,0.978147268408551,0.9870565675934804,2105,0.6737588652482269,0.9223300970873787,0.7786885245901639,103,0.8828725460918221,2059,46,8,95,0.91,2023-10-01T00:00:00,2024-01-01T00:00:00,2208,141,32,63.85869565217392,14.492753623188406,0.3262411347517731
2024-Q1,gaussian_naive_bayes,subindices_sem_iqar_meteorologia,10129,2208,103,0.996129656507015,0.978147268408551,0.9870565675934804,2105,0.6737588652482269,0.9223300970873787,0.7786885245901639,103,0.8828725460918221,2059,46,8,95,0.92,2023-10-01T00:00:00,2024-01-01T00:00:00,2208,141,32,63.85869565217392,14.492753623188406,0.3262411347517731
2024-Q1,gaussian_naive_bayes,subindices_sem_iqar_meteorologia,10129,2208,103,0.9961333977767037,0.9790973871733967,0.9875419262098706,2105,0.6834532374100719,0.9223300970873787,0.7851239669421488,103,0.8863329465760097,2061,44,8,95,0.93,2023-10-01T00:00:00,2024-01-01T00:00:00,2208,139,32,62.95289855072464,14.492753623188406,0.31654676258992803
2024-Q1,gaussian_naive_bayes,subindices_sem_iqar_meteorologia,10129,2208,103,0.9956626506024097,0.9814726840855107,0.9885167464114832,2105,0.706766917293233,0.912621359223301,0.7966101694915254,103,0.8925634579515043,2066,39,9,94,0.9400000000000001,2023-10-01T00:00:00,2024-01-01T00:00:00,2208,133,31,60.235507246376805,14.039855072463768,0.2932330827067669
2024-Q1,gaussian_naive_bayes,subindices_sem_iqar_meteorologia,10129,2208,103,0.9951876804619827,0.9824228028503563,0.9887640449438202,2105,0.7153846153846154,0.9029126213592233,0.7982832618025751,103,0.8935236533731976,2068,37,10,93,0.9500000000000001,2023-10-01T00:00:00,2024-01-01T00:00:00,2208,130,31,58.8768115942029,14.039855072463768,0.2846153846153846
2024-Q1,gaussian_naive_bayes,subindices_sem_iqar_meteorologia,10129,2208,103,0.9937560038424592,0.9828978622327791,0.9882971101026988,2105,0.7142857142857143,0.8737864077669902,0.7860262008733624,103,0.8871616554880306,2069,36,13,90,0.96,2023-10-01T00:00:00,2024-01-01T00:00:00,2208,126,30,57.065217391304344,13.58695652173913,0.2857142857142857
2024-Q1,gaussian_naive_bayes,subindices_sem_iqar_meteorologia,10129,2208,103,0.9928023032629558,0.9828978622327791,0.9878252566244927,2105,0.7096774193548387,0.8543689320388349,0.775330396475771,103,0.8815778265501318,2069,36,15,88,0.97,2023-10-01T00:00:00,2024-01-01T00:00:00,2208,124,29,56.15942028985507,13.134057971014492,0.2903225806451613
2024-Q1,gaussian_naive_bayes,subindices_sem_iqar_meteorologia,10129,2208,103,0.9913916786226685,0.9847980997624703,0.9880838894184938,2105,0.7264957264957265,0.8252427184466019,0.7727272727272727,103,0.8804055810728832,2073,32,18,85,0.98,2023-10-01T00:00:00,2024-01-01T00:00:00,2208,117,29,52.98913043478261,13.134057971014492,0.27350427350427353
2024-Q1,gaussian_naive_bayes,subindices_sem_iqar_meteorologia,10129,2208,103,0.9885877318116976,0.9876484560570071,0.9881178707224335,2105,0.7523809523809524,0.7669902912621359,0.7596153846153846,103,0.8738666276689091,2079,26,24,79,0.99,2023-10-01T00:00:00,2024-01-01T00:00:00,2208,105,23,47.55434782608696,10.416666666666666,0.24761904761904763
2024-Q1,gaussian_naive_bayes,subindices_sem_iqar_meteorologia,10129,2208,103,0.9629120879120879,0.9990498812351544,0.9806481697365353,2105,0.9166666666666666,0.21359223300970873,0.3464566929133858,103,0.6635524313249606,2103,2,81,22,1.0,2023-10-01T00:00:00,2024-01-01T00:00:00,2208,24,6,10.869565217391305,2.717391304347826,0.08333333333333333
2024-Q2,gaussian_naive_bayes,poluentes_brutos_meteorologia,12337,2184,114,0.0,0.0,0.0,2070,0.0521978021978022,1.0,0.09921671018276762,114,0.04960835509138381,0,2070,0,114,0.0,2024-01-01T00:00:00,2024-04-01T00:00:00,2184,2184,1,1000.0,0.45787545787545786,0.9478021978021978
2024-Q2,gaussian_naive_bayes,poluentes_brutos_meteorologia,12337,2184,114,0.9982598607888631,0.8314009661835748,0.9072219293621507,2070,0.24130434782608695,0.9736842105263158,0.3867595818815331,114,0.6469907556218419,1721,349,3,111,0.01,2024-01-01T00:00:00,2024-04-01T00:00:00,2184,460,67,210.62271062271063,30.677655677655675,0.758695652173913
2024-Q2,gaussian_naive_bayes,poluentes_brutos_meteorologia,12337,2184,114,0.9971751412429378,0.8526570048309179,0.9192708333333334,2070,0.2632850241545894,0.956140350877193,0.4128787878787879,114,0.6660748106060607,1765,305,5,109,0.02,2024-01-01T00:00:00,2024-04-01T00:00:00,2184,414,62,189.56043956043956,28.388278388278387,0.7367149758454107
2024-Q2,gaussian_naive_bayes,poluentes_brutos_meteorologia,12337,2184,114,0.9960850111856824,0.8603864734299517,0.9232763089683774,2070,0.2702020202020202,0.9385964912280702,0.4196078431372549,114,0.6714420760528161,1781,289,7,107,0.03,2024-01-01T00:00:00,2024-04-01T00:00:00,2184,396,60,181.3186813186813,27.47252747252747,0.7297979797979798
2024-Q2,gaussian_naive_bayes,poluentes_brutos_meteorologia,12337,2184,114,0.9955703211517165,0.8685990338164251,0.9277605779153767,2070,0.2804232804232804,0.9298245614035088,0.43089430894308944,114,0.6793274434292331,1798,272,8,106,0.04,2024-01-01T00:00:00,2024-04-01T00:00:00,2184,378,60,173.07692307692307,27.47252747252747,0.7195767195767195
2024-Q2,gaussian_naive_bayes,poluentes_brutos_meteorologia,12337,2184,114,0.9944873208379272,0.8714975845410629,0.9289392378990731,2070,0.2810810810810811,0.9122807017543859,0.4297520661157025,114,0.6793456520073877,1804,266,10,104,0.05,2024-01-01T00:00:00,2024-04-01T00:00:00,2184,370,59,169.41391941391942,27.014652014652015,0.7189189189189189
2024-Q2,gaussian_naive_bayes,poluentes_brutos_meteorologia,12337,2184,114,0.9928845101258894,0.8763285024154589,0.9309725429817809,2070,0.28291316526610644,0.8859649122807017,0.4288747346072187,114,0.6799236387944998,1814,256,13,101,0.06,2024-01-01T00:00:00,2024-04-01T00:00:00,2184,357,59,163.46153846153845,27.014652014652015,0.7170868347338936
2024-Q2,gaussian_naive_bayes,poluentes_brutos_meteorologia,12337,2184,114,0.9907558455682436,0.8801932367149758,0.9322077257610643,2070,0.2811594202898551,0.8508771929824561,0.4226579520697168,114,0.6774328389153905,1822,248,17,97,0.07,2024-01-01T00:00:00,2024-04-01T00:00:00,2184,345,58,157.96703296703296,26.556776556776555,0.7188405797101449
2024-Q2,gaussian_naive_bayes,poluentes_brutos_meteorologia,12337,2184,114,0.9897074756229686,0.8826086956521739,0.9330949948927477,2070,0.28106508875739644,0.8333333333333334,0.42035398230088494,114,0.6767244885968163,1827,243,19,95,0.08,2024-01-01T00:00:00,2024-04-01T00:00:00,2184,338,58,154.76190476190476,26.556776556776555,0.7189349112426036
2024-Q2,gaussian_naive_bayes,poluentes_brutos_meteorologia,12337,2184,114,0.9892066918510524,0.8855072463768116,0.9344889115472852,2070,0.283987915407855,0.8245614035087719,0.42247191011235957,114,0.6784804108298224,1833,237,20,94,0.09,2024-01-01T00:00:00,2024-04-01T00:00:00,2184,331,57,151.55677655677655,26.0989010989011,0.716012084592145
2024-Q2,gaussian_naive_bayes,poluentes_brutos_meteorologia,12337,2184,114,0.9887036040882194,0.8879227053140096,0.9356070246882159,2070,0.28615384615384615,0.8157894736842105,0.42369020501138954,114,0.6796486148498027,1838,232,21,93,0.1,2024-01-01T00:00:00,2024-04-01T00:00:00,2184,325,56,148.8095238095238,25.64102564102564,0.7138461538461538
2024-Q2,gaussian_naive_bayes,poluentes_brutos_meteorologia,12337,2184,114,0.9887399463806971,0.8908212560386474,0.9372299872935197,2070,0.29153605015673983,0.8157894736842105,0.4295612009237875,114,0.6833955941086536,1844,226,21,93,0.11,2024-01-01T00:00:00,2024-04-01T00:00:00,2184,319,53,146.06227106227107,24.267399267399266,0.7084639498432602
2024-Q2,gaussian_naive_bayes,poluentes_brutos_meteorologia,12337,2184,114,0.9882163899303695,0.8913043478260869,0.9372618745237491,2070,0.2902208201892745,0.8070175438596491,0.42691415313225056,114,0.6820880138279999,1845,225,22,92,0.12,2024-01-01T00:00:00,2024-04-01T00:00:00,2184,317,53,145.14652014652015,24.267399267399266,0.7097791798107256
2024-Q2,gaussian_naive_bayes,poluentes_brutos_meteorologia,12337,2184,114,0.9877005347593583,0.8922705314009662,0.9375634517766498,2070,0.2898089171974522,0.7982456140350878,0.4252336448598131,114,0.6813985483182314,1847,223,23,91,0.13,2024-01-01T00:00:00,2024-04-01T00:00:00,2184,314,53,143.77289377289375,24.267399267399266,0.7101910828025477
2024-Q2,gaussian_naive_bayes,poluentes_brutos_meteorologia,12337,2184,114,0.987726787620064,0.8942028985507247,0.9386409736308317,2070,0.29354838709677417,0.7982456140350878,0.42924528301886794,114,0.6839431283248498,1851,219,23,91,0.14,2024-01-01T00:00:00,2024-04-01T00:00:00,2184,310,53,141.94139194139194,24.267399267399266,0.7064516129032258
2024-Q2,gaussian_naive_bayes,poluentes_brutos_meteorologia,12337,2184,114,0.9872272485364556,0.8961352657004831,0.939478348949101,2070,0.29508196721311475,0.7894736842105263,0.4295942720763723,114,0.6845363105127367,1855,215,24,90,0.15,2024-01-01T00:00:00,2024-04-01T00:00:00,2184,305,53,139.65201465201466,24.267399267399266,0.7049180327868853
2024-Q2,gaussian_naive_bayes,poluentes_brutos_meteorologia,12337,2184,114,0.9872340425531915,0.8966183574879227,0.9397468354430379,2070,0.29605263157894735,0.7894736842105263,0.430622009569378,114,0.685184422506208,1856,214,24,90,0.16,2024-01-01T00:00:00,2024-04-01T00:00:00,2184,304,54,139.1941391941392,24.725274725274723,0.7039473684210527
2024-Q2,gaussian_naive_bayes,poluentes_brutos_meteorologia,12337,2184,114,0.9872408293460925,0.8971014492753623,0.9400151860288535,2070,0.297029702970297,0.7894736842105263,0.4316546762589928,114,0.6858349311439231,1857,213,24,90,0.17,2024-01-01T00:00:00,2024-04-01T00:00:00,2184,303,54,138.73626373626374,24.725274725274723,0.7029702970297029
2024-Q2,gaussian_naive_bayes,poluentes_brutos_meteorologia,12337,2184,114,0.9861995753715499,0.8975845410628019,0.939807789580172,2070,0.29333333333333333,0.7719298245614035,0.4251207729468599,114,0.682464281263516,1858,212,26,88,0.18,2024-01-01T00:00:00,2024-04-01T00:00:00,2184,300,54,137.36263736263737,24.725274725274723,0.7066666666666667
2024-Q2,gaussian_naive_bayes,poluentes_brutos_meteorologia,12337,2184,114,0.9862068965517241,0.8980676328502415,0.9400758533501896,2070,0.29431438127090304,0.7719298245614035,0.4261501210653753,114,0.6831129872077825,1859,211,26,88,0.19,2024-01-01T00:00:00,2024-04-01T00:00:00,2184,299,54,136.90476190476193,24.725274725274723,0.705685618729097
2024-Q2,gaussian_naive_bayes,poluentes_brutos_meteorologia,12337,2184,114,0.9857067231339333,0.8995169082125604,0.9406415761555948,2070,0.29491525423728815,0.7631578947368421,0.4254278728606357,114,0.6830347245081153,1862,208,27,87,0.2,2024-01-01T00:00:00,2024-04-01T00:00:00,2184,295,54,135.07326007326006,24.725274725274723,0.7050847457627119
2024-Q2,gaussian_naive_bayes,poluentes_brutos_meteorologia,12337,2184,114,0.9851851851851852,0.8995169082125604,0.9404040404040404,2070,0.2925170068027211,0.7543859649122807,0.4215686274509804,114,0.6809863339275104,1862,208,28,86,0.21,2024-01-01T00:00:00,2024-04-01T00:00:00,2184,294,54,134.6153846153846,24.725274725274723,0.7074829931972789
2024-Q2,gaussian_naive_bayes,poluentes_brutos_meteorologia,12337,2184,114,0.9852164730728616,0.9014492753623189,0.941473259334006,2070,0.296551724137931,0.7543859649122807,0.42574257425742573,114,0.6836079167957159,1866,204,28,86,0.22,2024-01-01T00:00:00,2024-04-01T00:00:00,2184,290,53,132.78388278388277,24.267399267399266,0.7034482758620689
2024-Q2,gaussian_naive_bayes,poluentes_brutos_meteorologia,12337,2184,114,0.9847127042698999,0.9024154589371981,0.9417695991933451,2070,0.2961672473867596,0.7456140350877193,0.4239401496259352,114,0.6828548744096401,1868,202,29,85,0.23,2024-01-01T00:00:00,2024-04-01T00:00:00,2184,287,54,131.4102564102564,24.725274725274723,0.7038327526132404
2024-Q2,gaussian_naive_bayes,poluentes_brutos_meteorologia,12337,2184,114,0.9847368421052631,0.9038647342995169,0.9425692695214106,2070,0.2992957746478873,0.7456140350877193,0.4271356783919598,114,0.6848524739566852,1871,199,29,85,0.24,2024-01-01T00:00:00,2024-04-01T00:00:00,2184,284,54,130.03663003663004,24.725274725274723,0.7007042253521126
2024-Q2,gaussian_naive_bayes,poluentes_brutos_meteorologia,12337,2184,114,0.9847528916929548,0.9048309178743962,0.9431017119838873,2070,0.30141843971631205,0.7456140350877193,0.4292929292929293,114,0.6861973206384082,1873,197,29,85,0.25,2024-01-01T00:00:00,2024-04-01T00:00:00,2184,282,54,129.12087912087912,24.725274725274723,0.6985815602836879
2024-Q2,gaussian_naive_bayes,poluentes_brutos_meteorologia,12337,2184,114,0.984251968503937,0.9057971014492754,0.9433962264150944,2070,0.3010752688172043,0.7368421052631579,0.42748091603053434,114,0.6854385712228144,1875,195,30,84,0.26,2024-01-01T00:00:00,2024-04-01T00:00:00,2184,279,56,127.74725274725273,25.64102564102564,0.6989247311827957
2024-Q2,gaussian_naive_bayes,poluentes_brutos_meteorologia,12337,2184,114,0.9832285115303984,0.9062801932367149,0.9431875314228255,2070,0.2971014492753623,0.7192982456140351,0.4205128205128205,114,0.681850175967823,1876,194,32,82,0.27,2024-01-01T00:00:00,2024-04-01T00:00:00,2184,276,56,126.37362637362637,25.64102564102564,0.7028985507246377
2024-Q2,gaussian_naive_bayes,poluentes_brutos_meteorologia,12337,2184,114,0.9832372970141435,0.9067632850241546,0.9434531289268661,2070,0.29818181818181816,0.7192982456140351,0.42159383033419023,114,0.6825234796305282,1877,193,32,82,0.28,2024-01-01T00:00:00,2024-04-01T00:00:00,2184,275,56,125.91575091575092,25.64102564102564,0.7018181818181818
2024-Q2,gaussian_naive_bayes,poluentes_brutos_meteorologia,12337,2184,114,0.9832723470987977,0.908695652173913,0.9445141852874718,2070,0.3025830258302583,0.7192982456140351,0.42597402597402595,114,0.6852441056307489,1881,189,32,82,0.29,2024-01-01T00:00:00,2024-04-01T00:00:00,2184,271,55,124.08424908424908,25.183150183150182,0.6974169741697417
2024-Q2,gaussian_naive_bayes,poluentes_brutos_meteorologia,12337,2184,114,0.9832985386221295,0.9101449275362319,0.9453085800301053,2070,0.30597014925373134,0.7192982456140351,0.4293193717277487,114,0.6873139758789271,1884,186,32,82,0.3,2024-01-01T00:00:00,2024-04-01T00:00:00,2184,268,55,122.7106227106227,25.183150183150182,0.6940298507462687
2024-Q2,gaussian_naive_bayes,poluentes_brutos_meteorologia,12337,2184,114,0.9828125,0.9115942028985508,0.9458646616541353,2070,0.3068181818181818,0.7105263157894737,0.42857142857142855,114,0.687218045112782,1887,183,33,81,0.31,2024-01-01T00:00:00,2024-04-01T00:00:00,2184,264,54,120.87912087912088,24.725274725274723,0.6931818181818182
2024-Q2,gaussian_naive_bayes,poluentes_brutos_meteorologia,12337,2184,114,0.982839313572543,0.9130434782608695,0.946656649135988,2070,0.3103448275862069,0.7105263157894737,0.432,114,0.689328324567994,1890,180,33,81,0.32,2024-01-01T00:00:00,2024-04-01T00:00:00,2184,261,53,119.50549450549451,24.267399267399266,0.6896551724137931
2024-Q2,gaussian_naive_bayes,poluentes_brutos_meteorologia,12337,2184,114,0.9818370524130773,0.9140096618357488,0.9467100325243933,2070,0.30739299610894943,0.6929824561403509,0.42587601078167114,114,0.6862930216530323,1892,178,35,79,0.33,2024-01-01T00:00:00,2024-04-01T00:00:00,2184,257,53,117.67399267399267,24.267399267399266,0.6926070038910506
2024-Q2,gaussian_naive_bayes,poluentes_brutos_meteorologia,12337,2184,114,0.9818370524130773,0.9140096618357488,0.9467100325243933,2070,0.30739299610894943,0.6929824561403509,0.42587601078167114,114,0.6862930216530323,1892,178,35,79,0.34,2024-01-01T00:00:00,2024-04-01T00:00:00,2184,257,53,117.67399267399267,24.267399267399266,0.6926070038910506
2024-Q2,gaussian_naive_bayes,poluentes_brutos_meteorologia,12337,2184,114,0.981874676333506,0.9159420289855073,0.9477630592351912,2070,0.31225296442687744,0.6929824561403509,0.4305177111716621,114,0.6891403852034267,1896,174,35,79,0.35000000000000003,2024-01-01T00:00:00,2024-04-01T00:00:00,2184,253,53,115.84249084249085,24.267399267399266,0.6877470355731226
2024-Q2,gaussian_naive_bayes,poluentes_brutos_meteorologia,12337,2184,114,0.9808785529715762,0.9169082125603865,0.9478152309612984,2070,0.3092369477911647,0.6754385964912281,0.42424242424242425,114,0.6860288276018613,1898,172,37,77,0.36,2024-01-01T00:00:00,2024-04-01T00:00:00,2184,249,52,114.01098901098901,23.809523809523807,0.6907630522088354
2024-Q2,gaussian_naive_bayes,poluentes_brutos_meteorologia,12337,2184,114,0.9804022692109334,0.9183574879227053,0.9483661761037665,2070,0.31020408163265306,0.6666666666666666,0.4233983286908078,114,0.6858822523972872,1901,169,38,76,0.37,2024-01-01T00:00:00,2024-04-01T00:00:00,2184,245,52,112.17948717948718,23.809523809523807,0.689795918367347
2024-Q2,gaussian_naive_bayes,poluentes_brutos_meteorologia,12337,2184,114,0.9804224626481195,0.9193236714975845,0.9488905509847918,2070,0.31275720164609055,0.6666666666666666,0.4257703081232493,114,0.6873304295540206,1903,167,38,76,0.38,2024-01-01T00:00:00,2024-04-01T00:00:00,2184,243,52,111.26373626373626,23.809523809523807,0.6872427983539094
2024-Q2,gaussian_naive_bayes,poluentes_brutos_meteorologia,12337,2184,114,0.9804426145136387,0.9202898550724637,0.9494144031896337,2070,0.3153526970954357,0.6666666666666666,0.428169014084507,114,0.6887917086370703,1905,165,38,76,0.39,2024-01-01T00:00:00,2024-04-01T00:00:00,2184,241,52,110.34798534798534,23.809523809523807,0.6846473029045643
2024-Q2,gaussian_naive_bayes,poluentes_brutos_meteorologia,12337,2184,114,0.9804426145136387,0.9202898550724637,0.9494144031896337,2070,0.3153526970954357,0.6666666666666666,0.428169014084507,114,0.6887917086370703,1905,165,38,76,0.4,2024-01-01T00:00:00,2024-04-01T00:00:00,2184,241,52,110.34798534798534,23.809523809523807,0.6846473029045643
2024-Q2,gaussian_naive_bayes,poluentes_brutos_meteorologia,12337,2184,114,0.9799588900308325,0.921256038647343,0.9497011952191236,2070,0.31512605042016806,0.6578947368421053,0.42613636363636365,114,0.6879187794277436,1907,163,39,75,0.41000000000000003,2024-01-01T00:00:00,2024-04-01T00:00:00,2184,238,53,108.97435897435898,24.267399267399266,0.6848739495798319
2024-Q2,gaussian_naive_bayes,poluentes_brutos_meteorologia,12337,2184,114,0.9799588900308325,0.921256038647343,0.9497011952191236,2070,0.31512605042016806,0.6578947368421053,0.42613636363636365,114,0.6879187794277436,1907,163,39,75,0.42,2024-01-01T00:00:00,2024-04-01T00:00:00,2184,238,53,108.97435897435898,24.267399267399266,0.6848739495798319
2024-Q2,gaussian_naive_bayes,poluentes_brutos_meteorologia,12337,2184,114,0.9799588900308325,0.921256038647343,0.9497011952191236,2070,0.31512605042016806,0.6578947368421053,0.42613636363636365,114,0.6879187794277436,1907,163,39,75,0.43,2024-01-01T00:00:00,2024-04-01T00:00:00,2184,238,53,108.97435897435898,24.267399267399266,0.6848739495798319
2024-Q2,gaussian_naive_bayes,poluentes_brutos_meteorologia,12337,2184,114,0.9799588900308325,0.921256038647343,0.9497011952191236,2070,0.31512605042016806,0.6578947368421053,0.42613636363636365,114,0.6879187794277436,1907,163,39,75,0.44,2024-01-01T00:00:00,2024-04-01T00:00:00,2184,238,53,108.97435897435898,24.267399267399266,0.6848739495798319
2024-Q2,gaussian_naive_bayes,poluentes_brutos_meteorologia,12337,2184,114,0.9799588900308325,0.921256038647343,0.9497011952191236,2070,0.31512605042016806,0.6578947368421053,0.42613636363636365,114,0.6879187794277436,1907,163,39,75,0.45,2024-01-01T00:00:00,2024-04-01T00:00:00,2184,238,53,108.97435897435898,24.267399267399266,0.6848739495798319
2024-Q2,gaussian_naive_bayes,poluentes_brutos_meteorologia,12337,2184,114,0.978952772073922,0.921256038647343,0.9492284718765555,2070,0.3093220338983051,0.6403508771929824,0.41714285714285715,114,0.6831856645097063,1907,163,41,73,0.46,2024-01-01T00:00:00,2024-04-01T00:00:00,2184,236,53,108.05860805860806,24.267399267399266,0.690677966101695
2024-Q2,gaussian_naive_bayes,poluentes_brutos_meteorologia,12337,2184,114,0.978974358974359,0.9222222222222223,0.9497512437810945,2070,0.31196581196581197,0.6403508771929824,0.41954022988505746,114,0.6846457368330761,1909,161,41,73,0.47000000000000003,2024-01-01T00:00:00,2024-04-01T00:00:00,2184,234,53,107.14285714285714,24.267399267399266,0.688034188034188
2024-Q2,gaussian_naive_bayes,poluentes_brutos_meteorologia,12337,2184,114,0.978974358974359,0.9222222222222223,0.9497512437810945,2070,0.31196581196581197,0.6403508771929824,0.41954022988505746,114,0.6846457368330761,1909,161,41,73,0.48,2024-01-01T00:00:00,2024-04-01T00:00:00,2184,234,53,107.14285714285714,24.267399267399266,0.688034188034188
2024-Q2,gaussian_naive_bayes,poluentes_brutos_meteorologia,12337,2184,114,0.9789959016393442,0.9231884057971015,0.9502734957732472,2070,0.3146551724137931,0.6403508771929824,0.42196531791907516,114,0.6861194068461611,1911,159,41,73,0.49,2024-01-01T00:00:00,2024-04-01T00:00:00,2184,232,53,106.22710622710622,24.267399267399266,0.6853448275862069
2024-Q2,gaussian_naive_bayes,poluentes_brutos_meteorologia,12337,2184,114,0.9790066564260113,0.923671497584541,0.9505344270444942,2070,0.31601731601731603,0.6403508771929824,0.42318840579710143,114,0.6868614164207978,1912,158,41,73,0.5,2024-01-01T00:00:00,2024-04-01T00:00:00,2184,231,53,105.76923076923077,24.267399267399266,0.683982683982684
2024-Q2,gaussian_naive_bayes,poluentes_brutos_meteorologia,12337,2184,114,0.9790388548057259,0.9251207729468599,0.9513164431197219,2070,0.3201754385964912,0.6403508771929824,0.4269005847953216,114,0.6891085139575217,1915,155,41,73,0.51,2024-01-01T00:00:00,2024-04-01T00:00:00,2184,228,54,104.3956043956044,24.725274725274723,0.6798245614035088
2024-Q2,gaussian_naive_bayes,poluentes_brutos_meteorologia,12337,2184,114,0.9790388548057259,0.9251207729468599,0.9513164431197219,2070,0.3201754385964912,0.6403508771929824,0.4269005847953216,114,0.6891085139575217,1915,155,41,73,0.52,2024-01-01T00:00:00,2024-04-01T00:00:00,2184,228,54,104.3956043956044,24.725274725274723,0.6798245614035088
2024-Q2,gaussian_naive_bayes,poluentes_brutos_meteorologia,12337,2184,114,0.9790495656617272,0.9256038647342996,0.9515768562205116,2070,0.32158590308370044,0.6403508771929824,0.4281524926686217,114,0.6898646744445667,1916,154,41,73,0.53,2024-01-01T00:00:00,2024-04-01T00:00:00,2184,227,54,103.93772893772895,24.725274725274723,0.6784140969162996
2024-Q2,gaussian_naive_bayes,poluentes_brutos_meteorologia,12337,2184,114,0.9790495656617272,0.9256038647342996,0.9515768562205116,2070,0.32158590308370044,0.6403508771929824,0.4281524926686217,114,0.6898646744445667,1916,154,41,73,0.54,2024-01-01T00:00:00,2024-04-01T00:00:00,2184,227,54,103.93772893772895,24.725274725274723,0.6784140969162996
2024-Q2,gaussian_naive_bayes,poluentes_brutos_meteorologia,12337,2184,114,0.9790816326530613,0.9270531400966183,0.9523573200992556,2070,0.32589285714285715,0.6403508771929824,0.4319526627218935,114,0.6921549914105745,1919,151,41,73,0.55,2024-01-01T00:00:00,2024-04-01T00:00:00,2184,224,53,102.56410256410255,24.267399267399266,0.6741071428571429
2024-Q2,gaussian_naive_bayes,poluentes_brutos_meteorologia,12337,2184,114,0.9791029561671764,0.9280193236714975,0.9528769841269841,2070,0.32882882882882886,0.6403508771929824,0.43452380952380953,114,0.6937003968253967,1921,149,41,73,0.56,2024-01-01T00:00:00,2024-04-01T00:00:00,2184,222,53,101.64835164835165,24.267399267399266,0.6711711711711712
2024-Q2,gaussian_naive_bayes,poluentes_brutos_meteorologia,12337,2184,114,0.9791136016301579,0.9285024154589372,0.9531366228613936,2070,0.33031674208144796,0.6403508771929824,0.43582089552238806,114,0.6944787591918908,1922,148,41,73,0.5700000000000001,2024-01-01T00:00:00,2024-04-01T00:00:00,2184,221,54,101.19047619047619,24.725274725274723,0.669683257918552
2024-Q2,gaussian_naive_bayes,poluentes_brutos_meteorologia,12337,2184,114,0.9786585365853658,0.9304347826086956,0.9539375928677564,2070,0.3333333333333333,0.631578947368421,0.43636363636363634,114,0.6951506146156964,1926,144,42,72,0.58,2024-01-01T00:00:00,2024-04-01T00:00:00,2184,216,52,98.90109890109889,23.809523809523807,0.6666666666666666
2024-Q2,gaussian_naive_bayes,poluentes_brutos_meteorologia,12337,2184,114,0.9781725888324873,0.9309178743961353,0.9539603960396039,2070,0.3317757009345794,0.6228070175438597,0.4329268292682927,114,0.6934436126539483,1927,143,43,71,0.59,2024-01-01T00:00:00,2024-04-01T00:00:00,2184,214,52,97.98534798534799,23.809523809523807,0.6682242990654206
2024-Q2,gaussian_naive_bayes,poluentes_brutos_meteorologia,12337,2184,114,0.9781836631151699,0.9314009661835749,0.9542192526602327,2070,0.3333333333333333,0.6228070175438597,0.43425076452599387,114,0.6942350085931133,1928,142,43,71,0.6,2024-01-01T00:00:00,2024-04-01T00:00:00,2184,213,51,97.52747252747253,23.35164835164835,0.6666666666666666
2024-Q2,gaussian_naive_bayes,poluentes_brutos_meteorologia,12337,2184,114,0.9781947261663286,0.9318840579710145,0.954477981197427,2070,0.33490566037735847,0.6228070175438597,0.43558282208588955,114,0.6950304016416583,1929,141,43,71,0.61,2024-01-01T00:00:00,2024-04-01T00:00:00,2184,212,50,97.06959706959707,22.89377289377289,0.6650943396226415
2024-Q2,gaussian_naive_bayes,poluentes_brutos_meteorologia,12337,2184,114,0.9782278481012658,0.9333333333333333,0.9552533992583436,2070,0.3397129186602871,0.6228070175438597,0.43962848297213625,114,0.6974409411152399,1932,138,43,71,0.62,2024-01-01T00:00:00,2024-04-01T00:00:00,2184,209,50,95.69597069597069,22.89377289377289,0.6602870813397129
2024-Q2,gaussian_naive_bayes,poluentes_brutos_meteorologia,12337,2184,114,0.9782278481012658,0.9333333333333333,0.9552533992583436,2070,0.3397129186602871,0.6228070175438597,0.43962848297213625,114,0.6974409411152399,1932,138,43,71,0.63,2024-01-01T00:00:00,2024-04-01T00:00:00,2184,209,50,95.69597069597069,22.89377289377289,0.6602870813397129
2024-Q2,gaussian_naive_bayes,poluentes_brutos_meteorologia,12337,2184,114,0.9782278481012658,0.9333333333333333,0.9552533992583436,2070,0.3397129186602871,0.6228070175438597,0.43962848297213625,114,0.6974409411152399,1932,138,43,71,0.64,2024-01-01T00:00:00,2024-04-01T00:00:00,2184,209,50,95.69597069597069,22.89377289377289,0.6602870813397129
2024-Q2,gaussian_naive_bayes,poluentes_brutos_meteorologia,12337,2184,114,0.9777440566514921,0.9338164251207729,0.9552755127254756,2070,0.33816425120772947,0.6140350877192983,0.43613707165109034,114,0.695706292188283,1933,137,44,70,0.65,2024-01-01T00:00:00,2024-04-01T00:00:00,2184,207,50,94.78021978021978,22.89377289377289,0.6618357487922706
2024-Q2,gaussian_naive_bayes,poluentes_brutos_meteorologia,12337,2184,114,0.9762865792129163,0.9347826086956522,0.9550839091806516,2070,0.3316831683168317,0.5877192982456141,0.4240506329113924,114,0.689567271046022,1935,135,47,67,0.66,2024-01-01T00:00:00,2024-04-01T00:00:00,2184,202,50,92.4908424908425,22.89377289377289,0.6683168316831684
2024-Q2,gaussian_naive_bayes,poluentes_brutos_meteorologia,12337,2184,114,0.9762985375693394,0.9352657004830918,0.9553417221811005,2070,0.3333333333333333,0.5877192982456141,0.4253968253968254,114,0.690369273788963,1936,134,47,67,0.67,2024-01-01T00:00:00,2024-04-01T00:00:00,2184,201,50,92.03296703296704,22.89377289377289,0.6666666666666666
2024-Q2,gaussian_naive_bayes,poluentes_brutos_meteorologia,12337,2184,114,0.9763224181360202,0.936231884057971,0.9558569667077682,2070,0.33668341708542715,0.5877192982456141,0.4281150159744409,114,0.6919859913411046,1938,132,47,67,0.68,2024-01-01T00:00:00,2024-04-01T00:00:00,2184,199,50,91.11721611721612,22.89377289377289,0.6633165829145728
2024-Q2,gaussian_naive_bayes,poluentes_brutos_meteorologia,12337,2184,114,0.9763581488933601,0.9376811594202898,0.956628881222277,2070,0.34183673469387754,0.5877192982456141,0.432258064516129,114,0.694443472869203,1941,129,47,67,0.6900000000000001,2024-01-01T00:00:00,2024-04-01T00:00:00,2184,196,50,89.74358974358974,22.89377289377289,0.6581632653061225
2024-Q2,gaussian_naive_bayes,poluentes_brutos_meteorologia,12337,2184,114,0.9758793969849247,0.9381642512077295,0.9566502463054187,2070,0.3402061855670103,0.5789473684210527,0.42857142857142855,114,0.6926108374384237,1942,128,48,66,0.7000000000000001,2024-01-01T00:00:00,2024-04-01T00:00:00,2184,194,50,88.82783882783883,22.89377289377289,0.6597938144329897
2024-Q2,gaussian_naive_bayes,poluentes_brutos_meteorologia,12337,2184,114,0.9758793969849247,0.9381642512077295,0.9566502463054187,2070,0.3402061855670103,0.5789473684210527,0.42857142857142855,114,0.6926108374384237,1942,128,48,66,0.71,2024-01-01T00:00:00,2024-04-01T00:00:00,2184,194,50,88.82783882783883,22.89377289377289,0.6597938144329897
2024-Q2,gaussian_naive_bayes,poluentes_brutos_meteorologia,12337,2184,114,0.9759157049673859,0.9396135265700483,0.9574206251538272,2070,0.34554973821989526,0.5789473684210527,0.43278688524590164,114,0.6951037551998644,1945,125,48,66,0.72,2024-01-01T00:00:00,2024-04-01T00:00:00,2184,191,50,87.45421245421245,22.89377289377289,0.6544502617801047
2024-Q2,gaussian_naive_bayes,poluentes_brutos_meteorologia,12337,2184,114,0.9759519038076152,0.9410628019323671,0.9581898671913428,2070,0.35106382978723405,0.5789473684210527,0.4370860927152318,114,0.6976379799532872,1948,122,48,66,0.73,2024-01-01T00:00:00,2024-04-01T00:00:00,2184,188,50,86.08058608058607,22.89377289377289,0.648936170212766
2024-Q2,gaussian_naive_bayes,poluentes_brutos_meteorologia,12337,2184,114,0.9754877438719359,0.9420289855072463,0.9584664536741214,2070,0.35135135135135137,0.5701754385964912,0.43478260869565216,114,0.6966245311848868,1950,120,49,65,0.74,2024-01-01T00:00:00,2024-04-01T00:00:00,2184,185,49,84.70695970695971,22.435897435897434,0.6486486486486487
2024-Q2,gaussian_naive_bayes,poluentes_brutos_meteorologia,12337,2184,114,0.975512243878061,0.9429951690821256,0.9589781380496193,2070,0.3551912568306011,0.5701754385964912,0.4377104377104377,114,0.6983442878800286,1952,118,49,65,0.75,2024-01-01T00:00:00,2024-04-01T00:00:00,2184,183,49,83.79120879120879,22.435897435897434,0.644808743169399
2024-Q2,gaussian_naive_bayes,poluentes_brutos_meteorologia,12337,2184,114,0.9745508982035929,0.9434782608695652,0.9587628865979382,2070,0.35,0.5526315789473685,0.42857142857142855,114,0.6936671575846833,1953,117,51,63,0.76,2024-01-01T00:00:00,2024-04-01T00:00:00,2184,180,50,82.41758241758242,22.89377289377289,0.65
2024-Q2,gaussian_naive_bayes,poluentes_brutos_meteorologia,12337,2184,114,0.9745762711864406,0.9444444444444444,0.9592737978410206,2070,0.3539325842696629,0.5526315789473685,0.4315068493150685,114,0.6953903235780445,1955,115,51,63,0.77,2024-01-01T00:00:00,2024-04-01T00:00:00,2184,178,50,81.5018315018315,22.89377289377289,0.6460674157303371
2024-Q2,gaussian_naive_bayes,poluentes_brutos_meteorologia,12337,2184,114,0.9745889387144993,0.9449275362318841,0.9595290654893304,2070,0.3559322033898305,0.5526315789473685,0.4329896907216495,114,0.69625937810549,1956,114,51,63,0.78,2024-01-01T00:00:00,2024-04-01T00:00:00,2184,177,50,81.04395604395604,22.89377289377289,0.6440677966101694
2024-Q2,gaussian_naive_bayes,poluentes_brutos_meteorologia,12337,2184,114,0.9746268656716418,0.946376811594203,0.9602941176470589,2070,0.3620689655172414,0.5526315789473685,0.4375,114,0.6988970588235295,1959,111,51,63,0.79,2024-01-01T00:00:00,2024-04-01T00:00:00,2184,174,50,79.67032967032966,22.89377289377289,0.6379310344827587
2024-Q2,gaussian_naive_bayes,poluentes_brutos_meteorologia,12337,2184,114,0.9746268656716418,0.946376811594203,0.9602941176470589,2070,0.3620689655172414,0.5526315789473685,0.4375,114,0.6988970588235295,1959,111,51,63,0.8,2024-01-01T00:00:00,2024-04-01T00:00:00,2184,174,50,79.67032967032966,22.89377289377289,0.6379310344827587
2024-Q2,gaussian_naive_bayes,poluentes_brutos_meteorologia,12337,2184,114,0.9746646795827124,0.9478260869565217,0.9610580455547392,2070,0.3684210526315789,0.5526315789473685,0.4421052631578947,114,0.7015816543563169,1962,108,51,63,0.81,2024-01-01T00:00:00,2024-04-01T00:00:00,2184,171,49,78.2967032967033,22.435897435897434,0.631578947368421
2024-Q2,gaussian_naive_bayes,poluentes_brutos_meteorologia,12337,2184,114,0.9742191373326723,0.9492753623188406,0.9615855150477123,2070,0.3712574850299401,0.543859649122807,0.4412811387900356,114,0.701433326918874,1965,105,52,62,0.8200000000000001,2024-01-01T00:00:00,2024-04-01T00:00:00,2184,167,47,76.46520146520147,21.52014652014652,0.6287425149700598
2024-Q2,gaussian_naive_bayes,poluentes_brutos_meteorologia,12337,2184,114,0.9737883283877349,0.951207729468599,0.9623655913978495,2070,0.3765432098765432,0.5350877192982456,0.4420289855072464,114,0.7021972884525479,1969,101,53,61,0.8300000000000001,2024-01-01T00:00:00,2024-04-01T00:00:00,2184,162,45,74.17582417582418,20.604395604395606,0.6234567901234568
2024-Q2,gaussian_naive_bayes,poluentes_brutos_meteorologia,12337,2184,114,0.9738142292490118,0.9521739130434783,0.9628724963361016,2070,0.38125,0.5350877192982456,0.44525547445255476,114,0.7040639853943282,1971,99,53,61,0.84,2024-01-01T00:00:00,2024-04-01T00:00:00,2184,160,44,73.26007326007327,20.14652014652015,0.61875
2024-Q2,gaussian_naive_bayes,poluentes_brutos_meteorologia,12337,2184,114,0.9738271604938271,0.9526570048309179,0.9631257631257631,2070,0.3836477987421384,0.5350877192982456,0.4468864468864469,114,0.705006105006105,1972,98,53,61,0.85,2024-01-01T00:00:00,2024-04-01T00:00:00,2184,159,44,72.80219780219781,20.14652014652015,0.6163522012578616
2024-Q2,gaussian_naive_bayes,poluentes_brutos_meteorologia,12337,2184,114,0.9738658777120316,0.9541062801932367,0.9638848218643241,2070,0.391025641025641,0.5350877192982456,0.45185185185185184,114,0.707868336858088,1975,95,53,61,0.86,2024-01-01T00:00:00,2024-04-01T00:00:00,2184,156,44,71.42857142857143,20.14652014652015,0.6089743589743589
2024-Q2,gaussian_naive_bayes,poluentes_brutos_meteorologia,12337,2184,114,0.9739173228346457,0.9560386473429952,0.9648951730862994,2070,0.40131578947368424,0.5350877192982456,0.45864661654135336,114,0.7117708948138264,1979,91,53,61,0.87,2024-01-01T00:00:00,2024-04-01T00:00:00,2184,152,43,69.5970695970696,19.68864468864469,0.5986842105263158
2024-Q2,gaussian_naive_bayes,poluentes_brutos_meteorologia,12337,2184,114,0.971540726202159,0.9565217391304348,0.9639727361246349,2070,0.3835616438356164,0.49122807017543857,0.4307692307692308,114,0.6973709834469328,1980,90,58,56,0.88,2024-01-01T00:00:00,2024-04-01T00:00:00,2184,146,44,66.84981684981685,20.14652014652015,0.6164383561643836
2024-Q2,gaussian_naive_bayes,poluentes_brutos_meteorologia,12337,2184,114,0.971540726202159,0.9565217391304348,0.9639727361246349,2070,0.3835616438356164,0.49122807017543857,0.4307692307692308,114,0.6973709834469328,1980,90,58,56,0.89,2024-01-01T00:00:00,2024-04-01T00:00:00,2184,146,44,66.84981684981685,20.14652014652015,0.6164383561643836
2024-Q2,gaussian_naive_bayes,poluentes_brutos_meteorologia,12337,2184,114,0.9710926016658501,0.957487922705314,0.9642422768182923,2070,0.38461538461538464,0.4824561403508772,0.4280155642023346,114,0.6961289205103135,1982,88,59,55,0.9,2024-01-01T00:00:00,2024-04-01T00:00:00,2184,143,43,65.47619047619048,19.68864468864469,0.6153846153846154
2024-Q2,gaussian_naive_bayes,poluentes_brutos_meteorologia,12337,2184,114,0.9697265625,0.9594202898550724,0.9645458960660515,2070,0.38235294117647056,0.45614035087719296,0.416,114,0.6902729480330257,1986,84,62,52,0.91,2024-01-01T00:00:00,2024-04-01T00:00:00,2184,136,41,62.27106227106227,18.772893772893774,0.6176470588235294
2024-Q2,gaussian_naive_bayes,poluentes_brutos_meteorologia,12337,2184,114,0.968780487804878,0.9594202898550724,0.9640776699029127,2070,0.373134328358209,0.43859649122807015,0.4032258064516129,114,0.6836517381772628,1986,84,64,50,0.92,2024-01-01T00:00:00,2024-04-01T00:00:00,2184,134,41,61.35531135531135,18.772893772893774,0.6268656716417911
2024-Q2,gaussian_naive_bayes,poluentes_brutos_meteorologia,12337,2184,114,0.9679144385026738,0.9618357487922705,0.9648655197480009,2070,0.3779527559055118,0.42105263157894735,0.3983402489626556,114,0.6816028843553282,1991,79,66,48,0.93,2024-01-01T00:00:00,2024-04-01T00:00:00,2184,127,42,58.15018315018315,19.230769230769234,0.6220472440944882
2024-Q2,gaussian_naive_bayes,poluentes_brutos_meteorologia,12337,2184,114,0.967459932005828,0.9623188405797102,0.9648825381448293,2070,0.376,0.41228070175438597,0.39330543933054396,114,0.6790939887376866,1992,78,67,47,0.9400000000000001,2024-01-01T00:00:00,2024-04-01T00:00:00,2184,125,42,57.234432234432234,19.230769230769234,0.624
2024-Q2,gaussian_naive_bayes,poluentes_brutos_meteorologia,12337,2184,114,0.9665535627726611,0.9632850241545894,0.9649165255262521,2070,0.371900826446281,0.39473684210526316,0.3829787234042553,114,0.6739476244652537,1994,76,69,45,0.9500000000000001,2024-01-01T00:00:00,2024-04-01T00:00:00,2184,121,40,55.4029304029304,18.315018315018317,0.628099173553719
2024-Q2,gaussian_naive_bayes,poluentes_brutos_meteorologia,12337,2184,114,0.9666182873730044,0.9652173913043478,0.9659173313995649,2070,0.38461538461538464,0.39473684210526316,0.38961038961038963,114,0.6777638605049773,1998,72,69,45,0.96,2024-01-01T00:00:00,2024-04-01T00:00:00,2184,117,40,53.57142857142857,18.315018315018317,0.6153846153846154
2024-Q2,gaussian_naive_bayes,poluentes_brutos_meteorologia,12337,2184,114,0.9662162162162162,0.9671497584541063,0.9666827619507484,2070,0.39285714285714285,0.38596491228070173,0.3893805309734513,114,0.6780316464620999,2002,68,70,44,0.97,2024-01-01T00:00:00,2024-04-01T00:00:00,2184,112,39,51.28205128205128,17.857142857142858,0.6071428571428571
2024-Q2,gaussian_naive_bayes,poluentes_brutos_meteorologia,12337,2184,114,0.9630163304514889,0.9685990338164251,0.9657996146435452,2070,0.3627450980392157,0.32456140350877194,0.3425925925925926,114,0.6541961036180689,2005,65,77,37,0.98,2024-01-01T00:00:00,2024-04-01T00:00:00,2184,102,38,46.7032967032967,17.3992673992674,0.6372549019607843
2024-Q2,gaussian_naive_bayes,poluentes_brutos_meteorologia,12337,2184,114,0.9618320610687023,0.9739130434782609,0.9678348535765723,2070,0.38636363636363635,0.2982456140350877,0.33663366336633666,114,0.6522342584714544,2016,54,80,34,0.99,2024-01-01T00:00:00,2024-04-01T00:00:00,2184,88,36,40.2930402930403,16.483516483516485,0.6136363636363636
2024-Q2,gaussian_naive_bayes,poluentes_brutos_meteorologia,12337,2184,114,0.9480220791168353,0.9956521739130435,0.971253534401508,2070,0.1,0.008771929824561403,0.016129032258064516,114,0.49369128332978623,2061,9,113,1,1.0,2024-01-01T00:00:00,2024-04-01T00:00:00,2184,10,10,4.578754578754579,4.578754578754579,0.9
2024-Q2,gaussian_naive_bayes,poluentes_subindices_meteorologia,12337,2184,114,0.0,0.0,0.0,2070,0.0521978021978022,1.0,0.09921671018276762,114,0.04960835509138381,0,2070,0,114,0.0,2024-01-01T00:00:00,2024-04-01T00:00:00,2184,2184,1,1000.0,0.45787545787545786,0.9478021978021978
2024-Q2,gaussian_naive_bayes,poluentes_subindices_meteorologia,12337,2184,114,1.0,0.8990338164251208,0.9468328669549733,2070,0.35294117647058826,1.0,0.5217391304347826,114,0.734285998694878,1861,209,0,114,0.01,2024-01-01T00:00:00,2024-04-01T00:00:00,2184,323,48,147.8937728937729,21.978021978021978,0.6470588235294118
2024-Q2,gaussian_naive_bayes,poluentes_subindices_meteorologia,12337,2184,114,1.0,0.9062801932367149,0.9508362899138368,2070,0.37012987012987014,1.0,0.5402843601895735,114,0.7455603250517051,1876,194,0,114,0.02,2024-01-01T00:00:00,2024-04-01T00:00:00,2184,308,45,141.02564102564102,20.604395604395606,0.6298701298701299
2024-Q2,gaussian_naive_bayes,poluentes_subindices_meteorologia,12337,2184,114,1.0,0.9130434782608695,0.9545454545454546,2070,0.3877551020408163,1.0,0.5588235294117647,114,0.7566844919786097,1890,180,0,114,0.03,2024-01-01T00:00:00,2024-04-01T00:00:00,2184,294,43,134.6153846153846,19.68864468864469,0.6122448979591837
2024-Q2,gaussian_naive_bayes,poluentes_subindices_meteorologia,12337,2184,114,1.0,0.9144927536231884,0.9553368660105981,2070,0.3917525773195876,1.0,0.562962962962963,114,0.7591499144867806,1893,177,0,114,0.04,2024-01-01T00:00:00,2024-04-01T00:00:00,2184,291,43,133.24175824175825,19.68864468864469,0.6082474226804123
2024-Q2,gaussian_naive_bayes,poluentes_subindices_meteorologia,12337,2184,114,1.0,0.9154589371980676,0.9558638083228247,2070,0.3944636678200692,1.0,0.56575682382134,114,0.7608103160720823,1895,175,0,114,0.05,2024-01-01T00:00:00,2024-04-01T00:00:00,2184,289,43,132.32600732600733,19.68864468864469,0.6055363321799307
2024-Q2,gaussian_naive_bayes,poluentes_subindices_meteorologia,12337,2184,114,1.0,0.9173913043478261,0.9569160997732427,2070,0.4,1.0,0.5714285714285714,114,0.764172335600907,1899,171,0,114,0.06,2024-01-01T00:00:00,2024-04-01T00:00:00,2184,285,43,130.4945054945055,19.68864468864469,0.6
2024-Q2,gaussian_naive_bayes,poluentes_subindices_meteorologia,12337,2184,114,1.0,0.9188405797101449,0.9577039274924471,2070,0.40425531914893614,1.0,0.5757575757575758,114,0.7667307516250115,1902,168,0,114,0.07,2024-01-01T00:00:00,2024-04-01T00:00:00,2184,282,44,129.12087912087912,20.14652014652015,0.5957446808510638
2024-Q2,gaussian_naive_bayes,poluentes_subindices_meteorologia,12337,2184,114,1.0,0.9198067632850242,0.9582284851534978,2070,0.40714285714285714,1.0,0.5786802030456852,114,0.7684543440995915,1904,166,0,114,0.08,2024-01-01T00:00:00,2024-04-01T00:00:00,2184,280,44,128.2051282051282,20.14652014652015,0.5928571428571429
2024-Q2,gaussian_naive_bayes,poluentes_subindices_meteorologia,12337,2184,114,1.0,0.9227053140096618,0.9597989949748744,2070,0.41605839416058393,1.0,0.5876288659793815,114,0.7737139304771279,1910,160,0,114,0.09,2024-01-01T00:00:00,2024-04-01T00:00:00,2184,274,44,125.45787545787546,20.14652014652015,0.583941605839416
2024-Q2,gaussian_naive_bayes,poluentes_subindices_meteorologia,12337,2184,114,1.0,0.9227053140096618,0.9597989949748744,2070,0.41605839416058393,1.0,0.5876288659793815,114,0.7737139304771279,1910,160,0,114,0.1,2024-01-01T00:00:00,2024-04-01T00:00:00,2184,274,44,125.45787545787546,20.14652014652015,0.583941605839416
2024-Q2,gaussian_naive_bayes,poluentes_subindices_meteorologia,12337,2184,114,1.0,0.9241545893719807,0.9605824755209641,2070,0.42066420664206644,1.0,0.5922077922077922,114,0.7763951338643782,1913,157,0,114,0.11,2024-01-01T00:00:00,2024-04-01T00:00:00,2184,271,44,124.08424908424908,20.14652014652015,0.5793357933579336
2024-Q2,gaussian_naive_bayes,poluentes_subindices_meteorologia,12337,2184,114,1.0,0.9246376811594202,0.9608433734939759,2070,0.4222222222222222,1.0,0.59375,114,0.7772966867469879,1914,156,0,114,0.12,2024-01-01T00:00:00,2024-04-01T00:00:00,2184,270,44,123.62637362637363,20.14652014652015,0.5777777777777777
2024-Q2,gaussian_naive_bayes,poluentes_subindices_meteorologia,12337,2184,114,1.0,0.9251207729468599,0.9611041405269761,2070,0.42379182156133827,1.0,0.5953002610966057,114,0.7782022008117909,1915,155,0,114,0.13,2024-01-01T00:00:00,2024-04-01T00:00:00,2184,269,43,123.16849816849818,19.68864468864469,0.5762081784386617
2024-Q2,gaussian_naive_bayes,poluentes_subindices_meteorologia,12337,2184,114,1.0,0.9251207729468599,0.9611041405269761,2070,0.42379182156133827,1.0,0.5953002610966057,114,0.7782022008117909,1915,155,0,114,0.14,2024-01-01T00:00:00,2024-04-01T00:00:00,2184,269,43,123.16849816849818,19.68864468864469,0.5762081784386617
2024-Q2,gaussian_naive_bayes,poluentes_subindices_meteorologia,12337,2184,114,1.0,0.9251207729468599,0.9611041405269761,2070,0.42379182156133827,1.0,0.5953002610966057,114,0.7782022008117909,1915,155,0,114,0.15,2024-01-01T00:00:00,2024-04-01T00:00:00,2184,269,43,123.16849816849818,19.68864468864469,0.5762081784386617
2024-Q2,gaussian_naive_bayes,poluentes_subindices_meteorologia,12337,2184,114,1.0,0.9256038647342996,0.9613647767185148,2070,0.4253731343283582,1.0,0.5968586387434555,114,0.7791117077309851,1916,154,0,114,0.16,2024-01-01T00:00:00,2024-04-01T00:00:00,2184,268,43,122.7106227106227,19.68864468864469,0.5746268656716418
2024-Q2,gaussian_naive_bayes,poluentes_subindices_meteorologia,12337,2184,114,1.0,0.9256038647342996,0.9613647767185148,2070,0.4253731343283582,1.0,0.5968586387434555,114,0.7791117077309851,1916,154,0,114,0.17,2024-01-01T00:00:00,2024-04-01T00:00:00,2184,268,43,122.7106227106227,19.68864468864469,0.5746268656716418
2024-Q2,gaussian_naive_bayes,poluentes_subindices_meteorologia,12337,2184,114,1.0,0.927536231884058,0.9624060150375939,2070,0.4318181818181818,1.0,0.6031746031746031,114,0.7827903091060986,1920,150,0,114,0.18,2024-01-01T00:00:00,2024-04-01T00:00:00,2184,264,42,120.87912087912088,19.230769230769234,0.5681818181818182
2024-Q2,gaussian_naive_bayes,poluentes_subindices_meteorologia,12337,2184,114,1.0,0.9280193236714975,0.9626659984966174,2070,0.43346007604562736,1.0,0.6047745358090185,114,0.783720267152818,1921,149,0,114,0.19,2024-01-01T00:00:00,2024-04-01T00:00:00,2184,263,42,120.42124542124543,19.230769230769234,0.5665399239543726
2024-Q2,gaussian_naive_bayes,poluentes_subindices_meteorologia,12337,2184,114,1.0,0.9285024154589372,0.9629258517034068,2070,0.4351145038167939,1.0,0.6063829787234043,114,0.7846544152134056,1922,148,0,114,0.2,2024-01-01T00:00:00,2024-04-01T00:00:00,2184,262,42,119.96336996336997,19.230769230769234,0.5648854961832062
2024-Q2,gaussian_naive_bayes,poluentes_subindices_meteorologia,12337,2184,114,1.0,0.9294685990338164,0.9634451677516275,2070,0.43846153846153846,1.0,0.6096256684491979,114,0.7865354181004127,1924,146,0,114,0.21,2024-01-01T00:00:00,2024-04-01T00:00:00,2184,260,41,119.04761904761904,18.772893772893774,0.5615384615384615
2024-Q2,gaussian_naive_bayes,poluentes_subindices_meteorologia,12337,2184,114,1.0,0.9294685990338164,0.9634451677516275,2070,0.43846153846153846,1.0,0.6096256684491979,114,0.7865354181004127,1924,146,0,114,0.22,2024-01-01T00:00:00,2024-04-01T00:00:00,2184,260,41,119.04761904761904,18.772893772893774,0.5615384615384615
2024-Q2,gaussian_naive_bayes,poluentes_subindices_meteorologia,12337,2184,114,1.0,0.9294685990338164,0.9634451677516275,2070,0.43846153846153846,1.0,0.6096256684491979,114,0.7865354181004127,1924,146,0,114,0.23,2024-01-01T00:00:00,2024-04-01T00:00:00,2184,260,41,119.04761904761904,18.772893772893774,0.5615384615384615
2024-Q2,gaussian_naive_bayes,poluentes_subindices_meteorologia,12337,2184,114,1.0,0.9294685990338164,0.9634451677516275,2070,0.43846153846153846,1.0,0.6096256684491979,114,0.7865354181004127,1924,146,0,114,0.24,2024-01-01T00:00:00,2024-04-01T00:00:00,2184,260,41,119.04761904761904,18.772893772893774,0.5615384615384615
2024-Q2,gaussian_naive_bayes,poluentes_subindices_meteorologia,12337,2184,114,1.0,0.9294685990338164,0.9634451677516275,2070,0.43846153846153846,1.0,0.6096256684491979,114,0.7865354181004127,1924,146,0,114,0.25,2024-01-01T00:00:00,2024-04-01T00:00:00,2184,260,41,119.04761904761904,18.772893772893774,0.5615384615384615
2024-Q2,gaussian_naive_bayes,poluentes_subindices_meteorologia,12337,2184,114,1.0,0.9294685990338164,0.9634451677516275,2070,0.43846153846153846,1.0,0.6096256684491979,114,0.7865354181004127,1924,146,0,114,0.26,2024-01-01T00:00:00,2024-04-01T00:00:00,2184,260,41,119.04761904761904,18.772893772893774,0.5615384615384615
2024-Q2,gaussian_naive_bayes,poluentes_subindices_meteorologia,12337,2184,114,1.0,0.9294685990338164,0.9634451677516275,2070,0.43846153846153846,1.0,0.6096256684491979,114,0.7865354181004127,1924,146,0,114,0.27,2024-01-01T00:00:00,2024-04-01T00:00:00,2184,260,41,119.04761904761904,18.772893772893774,0.5615384615384615
2024-Q2,gaussian_naive_bayes,poluentes_subindices_meteorologia,12337,2184,114,1.0,0.9294685990338164,0.9634451677516275,2070,0.43846153846153846,1.0,0.6096256684491979,114,0.7865354181004127,1924,146,0,114,0.28,2024-01-01T00:00:00,2024-04-01T00:00:00,2184,260,41,119.04761904761904,18.772893772893774,0.5615384615384615
2024-Q2,gaussian_naive_bayes,poluentes_subindices_meteorologia,12337,2184,114,1.0,0.9294685990338164,0.9634451677516275,2070,0.43846153846153846,1.0,0.6096256684491979,114,0.7865354181004127,1924,146,0,114,0.29,2024-01-01T00:00:00,2024-04-01T00:00:00,2184,260,41,119.04761904761904,18.772893772893774,0.5615384615384615
2024-Q2,gaussian_naive_bayes,poluentes_subindices_meteorologia,12337,2184,114,1.0,0.9294685990338164,0.9634451677516275,2070,0.43846153846153846,1.0,0.6096256684491979,114,0.7865354181004127,1924,146,0,114,0.3,2024-01-01T00:00:00,2024-04-01T00:00:00,2184,260,41,119.04761904761904,18.772893772893774,0.5615384615384615
2024-Q2,gaussian_naive_bayes,poluentes_subindices_meteorologia,12337,2184,114,1.0,0.9294685990338164,0.9634451677516275,2070,0.43846153846153846,1.0,0.6096256684491979,114,0.7865354181004127,1924,146,0,114,0.31,2024-01-01T00:00:00,2024-04-01T00:00:00,2184,260,41,119.04761904761904,18.772893772893774,0.5615384615384615
2024-Q2,gaussian_naive_bayes,poluentes_subindices_meteorologia,12337,2184,114,1.0,0.9299516908212561,0.9637046307884856,2070,0.44015444015444016,1.0,0.6112600536193029,114,0.7874823422038942,1925,145,0,114,0.32,2024-01-01T00:00:00,2024-04-01T00:00:00,2184,259,41,118.58974358974359,18.772893772893774,0.5598455598455598
2024-Q2,gaussian_naive_bayes,poluentes_subindices_meteorologia,12337,2184,114,1.0,0.9304347826086956,0.963963963963964,2070,0.4418604651162791,1.0,0.6129032258064516,114,0.7884335948852078,1926,144,0,114,0.33,2024-01-01T00:00:00,2024-04-01T00:00:00,2184,258,41,118.13186813186813,18.772893772893774,0.5581395348837209
2024-Q2,gaussian_naive_bayes,poluentes_subindices_meteorologia,12337,2184,114,1.0,0.9304347826086956,0.963963963963964,2070,0.4418604651162791,1.0,0.6129032258064516,114,0.7884335948852078,1926,144,0,114,0.34,2024-01-01T00:00:00,2024-04-01T00:00:00,2184,258,41,118.13186813186813,18.772893772893774,0.5581395348837209
2024-Q2,gaussian_naive_bayes,poluentes_subindices_meteorologia,12337,2184,114,1.0,0.9318840579710145,0.9647411852963241,2070,0.4470588235294118,1.0,0.6178861788617886,114,0.7913136820790564,1929,141,0,114,0.35000000000000003,2024-01-01T00:00:00,2024-04-01T00:00:00,2184,255,41,116.75824175824177,18.772893772893774,0.5529411764705883
2024-Q2,gaussian_naive_bayes,poluentes_subindices_meteorologia,12337,2184,114,1.0,0.9323671497584541,0.965,2070,0.44881889763779526,1.0,0.6195652173913043,114,0.7922826086956521,1930,140,0,114,0.36,2024-01-01T00:00:00,2024-04-01T00:00:00,2184,254,41,116.3003663003663,18.772893772893774,0.5511811023622047
2024-Q2,gaussian_naive_bayes,poluentes_subindices_meteorologia,12337,2184,114,1.0,0.9328502415458937,0.9652586853286679,2070,0.4505928853754941,1.0,0.6212534059945504,114,0.7932560456616091,1931,139,0,114,0.37,2024-01-01T00:00:00,2024-04-01T00:00:00,2184,253,41,115.84249084249085,18.772893772893774,0.549407114624506
2024-Q2,gaussian_naive_bayes,poluentes_subindices_meteorologia,12337,2184,114,1.0,0.9328502415458937,0.9652586853286679,2070,0.4505928853754941,1.0,0.6212534059945504,114,0.7932560456616091,1931,139,0,114,0.38,2024-01-01T00:00:00,2024-04-01T00:00:00,2184,253,41,115.84249084249085,18.772893772893774,0.549407114624506
2024-Q2,gaussian_naive_bayes,poluentes_subindices_meteorologia,12337,2184,114,1.0,0.9328502415458937,0.9652586853286679,2070,0.4505928853754941,1.0,0.6212534059945504,114,0.7932560456616091,1931,139,0,114,0.39,2024-01-01T00:00:00,2024-04-01T00:00:00,2184,253,41,115.84249084249085,18.772893772893774,0.549407114624506
2024-Q2,gaussian_naive_bayes,poluentes_subindices_meteorologia,12337,2184,114,1.0,0.9328502415458937,0.9652586853286679,2070,0.4505928853754941,1.0,0.6212534059945504,114,0.7932560456616091,1931,139,0,114,0.4,2024-01-01T00:00:00,2024-04-01T00:00:00,2184,253,41,115.84249084249085,18.772893772893774,0.549407114624506
2024-Q2,gaussian_naive_bayes,poluentes_subindices_meteorologia,12337,2184,114,1.0,0.9328502415458937,0.9652586853286679,2070,0.4505928853754941,1.0,0.6212534059945504,114,0.7932560456616091,1931,139,0,114,0.41000000000000003,2024-01-01T00:00:00,2024-04-01T00:00:00,2184,253,41,115.84249084249085,18.772893772893774,0.549407114624506
2024-Q2,gaussian_naive_bayes,poluentes_subindices_meteorologia,12337,2184,114,1.0,0.9328502415458937,0.9652586853286679,2070,0.4505928853754941,1.0,0.6212534059945504,114,0.7932560456616091,1931,139,0,114,0.42,2024-01-01T00:00:00,2024-04-01T00:00:00,2184,253,41,115.84249084249085,18.772893772893774,0.549407114624506
2024-Q2,gaussian_naive_bayes,poluentes_subindices_meteorologia,12337,2184,114,1.0,0.9328502415458937,0.9652586853286679,2070,0.4505928853754941,1.0,0.6212534059945504,114,0.7932560456616091,1931,139,0,114,0.43,2024-01-01T00:00:00,2024-04-01T00:00:00,2184,253,41,115.84249084249085,18.772893772893774,0.549407114624506
2024-Q2,gaussian_naive_bayes,poluentes_subindices_meteorologia,12337,2184,114,1.0,0.9338164251207729,0.9657756682488133,2070,0.4541832669322709,1.0,0.6246575342465753,114,0.7952166012476943,1933,137,0,114,0.44,2024-01-01T00:00:00,2024-04-01T00:00:00,2184,251,41,114.92673992673993,18.772893772893774,0.545816733067729
2024-Q2,gaussian_naive_bayes,poluentes_subindices_meteorologia,12337,2184,114,1.0,0.9342995169082126,0.9660339660339661,2070,0.456,1.0,0.6263736263736264,114,0.7962037962037962,1934,136,0,114,0.45,2024-01-01T00:00:00,2024-04-01T00:00:00,2184,250,40,114.46886446886447,18.315018315018317,0.544
2024-Q2,gaussian_naive_bayes,poluentes_subindices_meteorologia,12337,2184,114,1.0,0.9342995169082126,0.9660339660339661,2070,0.456,1.0,0.6263736263736264,114,0.7962037962037962,1934,136,0,114,0.46,2024-01-01T00:00:00,2024-04-01T00:00:00,2184,250,40,114.46886446886447,18.315018315018317,0.544
2024-Q2,gaussian_naive_bayes,poluentes_subindices_meteorologia,12337,2184,114,1.0,0.9347826086956522,0.9662921348314607,2070,0.4578313253012048,1.0,0.628099173553719,114,0.7971956541925899,1935,135,0,114,0.47000000000000003,2024-01-01T00:00:00,2024-04-01T00:00:00,2184,249,40,114.01098901098901,18.315018315018317,0.5421686746987951
2024-Q2,gaussian_naive_bayes,poluentes_subindices_meteorologia,12337,2184,114,1.0,0.9352657004830918,0.9665501747378932,2070,0.4596774193548387,1.0,0.6298342541436464,114,0.7981922144407698,1936,134,0,114,0.48,2024-01-01T00:00:00,2024-04-01T00:00:00,2184,248,40,113.55311355311355,18.315018315018317,0.5403225806451613
2024-Q2,gaussian_naive_bayes,poluentes_subindices_meteorologia,12337,2184,114,1.0,0.9357487922705314,0.966808085849763,2070,0.46153846153846156,1.0,0.631578947368421,114,0.799193516609092,1937,133,0,114,0.49,2024-01-01T00:00:00,2024-04-01T00:00:00,2184,247,40,113.0952380952381,18.315018315018317,0.5384615384615384
2024-Q2,gaussian_naive_bayes,poluentes_subindices_meteorologia,12337,2184,114,1.0,0.936231884057971,0.9670658682634731,2070,0.4634146341463415,1.0,0.6333333333333333,114,0.8001996007984031,1938,132,0,114,0.5,2024-01-01T00:00:00,2024-04-01T00:00:00,2184,246,40,112.63736263736264,18.315018315018317,0.5365853658536586
2024-Q2,gaussian_naive_bayes,poluentes_subindices_meteorologia,12337,2184,114,1.0,0.9367149758454106,0.9673235220753305,2070,0.46530612244897956,1.0,0.6350974930362117,114,0.8012105075557711,1939,131,0,114,0.51,2024-01-01T00:00:00,2024-04-01T00:00:00,2184,245,40,112.17948717948718,18.315018315018317,0.5346938775510204
2024-Q2,gaussian_naive_bayes,poluentes_subindices_meteorologia,12337,2184,114,1.0,0.9367149758454106,0.9673235220753305,2070,0.46530612244897956,1.0,0.6350974930362117,114,0.8012105075557711,1939,131,0,114,0.52,2024-01-01T00:00:00,2024-04-01T00:00:00,2184,245,40,112.17948717948718,18.315018315018317,0.5346938775510204
2024-Q2,gaussian_naive_bayes,poluentes_subindices_meteorologia,12337,2184,114,1.0,0.9367149758454106,0.9673235220753305,2070,0.46530612244897956,1.0,0.6350974930362117,114,0.8012105075557711,1939,131,0,114,0.53,2024-01-01T00:00:00,2024-04-01T00:00:00,2184,245,40,112.17948717948718,18.315018315018317,0.5346938775510204
2024-Q2,gaussian_naive_bayes,poluentes_subindices_meteorologia,12337,2184,114,1.0,0.9367149758454106,0.9673235220753305,2070,0.46530612244897956,1.0,0.6350974930362117,114,0.8012105075557711,1939,131,0,114,0.54,2024-01-01T00:00:00,2024-04-01T00:00:00,2184,245,40,112.17948717948718,18.315018315018317,0.5346938775510204
2024-Q2,gaussian_naive_bayes,poluentes_subindices_meteorologia,12337,2184,114,1.0,0.9367149758454106,0.9673235220753305,2070,0.46530612244897956,1.0,0.6350974930362117,114,0.8012105075557711,1939,131,0,114,0.55,2024-01-01T00:00:00,2024-04-01T00:00:00,2184,245,40,112.17948717948718,18.315018315018317,0.5346938775510204
2024-Q2,gaussian_naive_bayes,poluentes_subindices_meteorologia,12337,2184,114,1.0,0.9367149758454106,0.9673235220753305,2070,0.46530612244897956,1.0,0.6350974930362117,114,0.8012105075557711,1939,131,0,114,0.56,2024-01-01T00:00:00,2024-04-01T00:00:00,2184,245,40,112.17948717948718,18.315018315018317,0.5346938775510204
2024-Q2,gaussian_naive_bayes,poluentes_subindices_meteorologia,12337,2184,114,1.0,0.9367149758454106,0.9673235220753305,2070,0.46530612244897956,1.0,0.6350974930362117,114,0.8012105075557711,1939,131,0,114,0.5700000000000001,2024-01-01T00:00:00,2024-04-01T00:00:00,2184,245,40,112.17948717948718,18.315018315018317,0.5346938775510204
2024-Q2,gaussian_naive_bayes,poluentes_subindices_meteorologia,12337,2184,114,1.0,0.9367149758454106,0.9673235220753305,2070,0.46530612244897956,1.0,0.6350974930362117,114,0.8012105075557711,1939,131,0,114,0.58,2024-01-01T00:00:00,2024-04-01T00:00:00,2184,245,40,112.17948717948718,18.315018315018317,0.5346938775510204
2024-Q2,gaussian_naive_bayes,poluentes_subindices_meteorologia,12337,2184,114,1.0,0.9371980676328503,0.9675810473815462,2070,0.4672131147540984,1.0,0.6368715083798883,114,0.8022262778807172,1940,130,0,114,0.59,2024-01-01T00:00:00,2024-04-01T00:00:00,2184,244,40,111.72161172161172,18.315018315018317,0.5327868852459017
2024-Q2,gaussian_naive_bayes,poluentes_subindices_meteorologia,12337,2184,114,1.0,0.9371980676328503,0.9675810473815462,2070,0.4672131147540984,1.0,0.6368715083798883,114,0.8022262778807172,1940,130,0,114,0.6,2024-01-01T00:00:00,2024-04-01T00:00:00,2184,244,40,111.72161172161172,18.315018315018317,0.5327868852459017
2024-Q2,gaussian_naive_bayes,poluentes_subindices_meteorologia,12337,2184,114,1.0,0.9371980676328503,0.9675810473815462,2070,0.4672131147540984,1.0,0.6368715083798883,114,0.8022262778807172,1940,130,0,114,0.61,2024-01-01T00:00:00,2024-04-01T00:00:00,2184,244,40,111.72161172161172,18.315018315018317,0.5327868852459017
2024-Q2,gaussian_naive_bayes,poluentes_subindices_meteorologia,12337,2184,114,1.0,0.9371980676328503,0.9675810473815462,2070,0.4672131147540984,1.0,0.6368715083798883,114,0.8022262778807172,1940,130,0,114,0.62,2024-01-01T00:00:00,2024-04-01T00:00:00,2184,244,40,111.72161172161172,18.315018315018317,0.5327868852459017
2024-Q2,gaussian_naive_bayes,poluentes_subindices_meteorologia,12337,2184,114,1.0,0.9376811594202898,0.9678384442782348,2070,0.4691358024691358,1.0,0.6386554621848739,114,0.8032469532315544,1941,129,0,114,0.63,2024-01-01T00:00:00,2024-04-01T00:00:00,2184,243,40,111.26373626373626,18.315018315018317,0.5308641975308642
2024-Q2,gaussian_naive_bayes,poluentes_subindices_meteorologia,12337,2184,114,1.0,0.9376811594202898,0.9678384442782348,2070,0.4691358024691358,1.0,0.6386554621848739,114,0.8032469532315544,1941,129,0,114,0.64,2024-01-01T00:00:00,2024-04-01T00:00:00,2184,243,40,111.26373626373626,18.315018315018317,0.5308641975308642
2024-Q2,gaussian_naive_bayes,poluentes_subindices_meteorologia,12337,2184,114,1.0,0.9376811594202898,0.9678384442782348,2070,0.4691358024691358,1.0,0.6386554621848739,114,0.8032469532315544,1941,129,0,114,0.65,2024-01-01T00:00:00,2024-04-01T00:00:00,2184,243,40,111.26373626373626,18.315018315018317,0.5308641975308642
2024-Q2,gaussian_naive_bayes,poluentes_subindices_meteorologia,12337,2184,114,1.0,0.9376811594202898,0.9678384442782348,2070,0.4691358024691358,1.0,0.6386554621848739,114,0.8032469532315544,1941,129,0,114,0.66,2024-01-01T00:00:00,2024-04-01T00:00:00,2184,243,40,111.26373626373626,18.315018315018317,0.5308641975308642
2024-Q2,gaussian_naive_bayes,poluentes_subindices_meteorologia,12337,2184,114,1.0,0.9376811594202898,0.9678384442782348,2070,0.4691358024691358,1.0,0.6386554621848739,114,0.8032469532315544,1941,129,0,114,0.67,2024-01-01T00:00:00,2024-04-01T00:00:00,2184,243,40,111.26373626373626,18.315018315018317,0.5308641975308642
2024-Q2,gaussian_naive_bayes,poluentes_subindices_meteorologia,12337,2184,114,1.0,0.9376811594202898,0.9678384442782348,2070,0.4691358024691358,1.0,0.6386554621848739,114,0.8032469532315544,1941,129,0,114,0.68,2024-01-01T00:00:00,2024-04-01T00:00:00,2184,243,40,111.26373626373626,18.315018315018317,0.5308641975308642
2024-Q2,gaussian_naive_bayes,poluentes_subindices_meteorologia,12337,2184,114,1.0,0.9376811594202898,0.9678384442782348,2070,0.4691358024691358,1.0,0.6386554621848739,114,0.8032469532315544,1941,129,0,114,0.6900000000000001,2024-01-01T00:00:00,2024-04-01T00:00:00,2184,243,40,111.26373626373626,18.315018315018317,0.5308641975308642
2024-Q2,gaussian_naive_bayes,poluentes_subindices_meteorologia,12337,2184,114,1.0,0.9381642512077295,0.9680957128614157,2070,0.47107438016528924,1.0,0.6404494382022472,114,0.8042725755318314,1942,128,0,114,0.7000000000000001,2024-01-01T00:00:00,2024-04-01T00:00:00,2184,242,40,110.8058608058608,18.315018315018317,0.5289256198347108
2024-Q2,gaussian_naive_bayes,poluentes_subindices_meteorologia,12337,2184,114,1.0,0.938647342995169,0.9683528532270123,2070,0.4730290456431535,1.0,0.6422535211267606,114,0.8053031871768864,1943,127,0,114,0.71,2024-01-01T00:00:00,2024-04-01T00:00:00,2184,241,40,110.34798534798534,18.315018315018317,0.5269709543568465
2024-Q2,gaussian_naive_bayes,poluentes_subindices_meteorologia,12337,2184,114,1.0,0.9391304347826087,0.968609865470852,2070,0.475,1.0,0.6440677966101694,114,0.8063388310405107,1944,126,0,114,0.72,2024-01-01T00:00:00,2024-04-01T00:00:00,2184,240,40,109.89010989010988,18.315018315018317,0.525
2024-Q2,gaussian_naive_bayes,poluentes_subindices_meteorologia,12337,2184,114,1.0,0.9396135265700483,0.9688667496886675,2070,0.4769874476987448,1.0,0.6458923512747875,114,0.8073795504817275,1945,125,0,114,0.73,2024-01-01T00:00:00,2024-04-01T00:00:00,2184,239,40,109.43223443223444,18.315018315018317,0.5230125523012552
2024-Q2,gaussian_naive_bayes,poluentes_subindices_meteorologia,12337,2184,114,1.0,0.9396135265700483,0.9688667496886675,2070,0.4769874476987448,1.0,0.6458923512747875,114,0.8073795504817275,1945,125,0,114,0.74,2024-01-01T00:00:00,2024-04-01T00:00:00,2184,239,40,109.43223443223444,18.315018315018317,0.5230125523012552
2024-Q2,gaussian_naive_bayes,poluentes_subindices_meteorologia,12337,2184,114,1.0,0.9400966183574879,0.9691235059760956,2070,0.4789915966386555,1.0,0.6477272727272727,114,0.8084253893516842,1946,124,0,114,0.75,2024-01-01T00:00:00,2024-04-01T00:00:00,2184,238,40,108.97435897435898,18.315018315018317,0.5210084033613446
2024-Q2,gaussian_naive_bayes,poluentes_subindices_meteorologia,12337,2184,114,1.0,0.9410628019323671,0.9696366351418616,2070,0.4830508474576271,1.0,0.6514285714285715,114,0.8105326032852165,1948,122,0,114,0.76,2024-01-01T00:00:00,2024-04-01T00:00:00,2184,236,41,108.05860805860806,18.772893772893774,0.5169491525423728
2024-Q2,gaussian_naive_bayes,poluentes_subindices_meteorologia,12337,2184,114,1.0,0.9415458937198068,0.9698930082109978,2070,0.4851063829787234,1.0,0.6532951289398281,114,0.8115940685754129,1949,121,0,114,0.77,2024-01-01T00:00:00,2024-04-01T00:00:00,2184,235,41,107.60073260073261,18.772893772893774,0.5148936170212766
2024-Q2,gaussian_naive_bayes,poluentes_subindices_meteorologia,12337,2184,114,1.0,0.9415458937198068,0.9698930082109978,2070,0.4851063829787234,1.0,0.6532951289398281,114,0.8115940685754129,1949,121,0,114,0.78,2024-01-01T00:00:00,2024-04-01T00:00:00,2184,235,41,107.60073260073261,18.772893772893774,0.5148936170212766
2024-Q2,gaussian_naive_bayes,poluentes_subindices_meteorologia,12337,2184,114,1.0,0.9415458937198068,0.9698930082109978,2070,0.4851063829787234,1.0,0.6532951289398281,114,0.8115940685754129,1949,121,0,114,0.79,2024-01-01T00:00:00,2024-04-01T00:00:00,2184,235,41,107.60073260073261,18.772893772893774,0.5148936170212766
2024-Q2,gaussian_naive_bayes,poluentes_subindices_meteorologia,12337,2184,114,1.0,0.9415458937198068,0.9698930082109978,2070,0.4851063829787234,1.0,0.6532951289398281,114,0.8115940685754129,1949,121,0,114,0.8,2024-01-01T00:00:00,2024-04-01T00:00:00,2184,235,41,107.60073260073261,18.772893772893774,0.5148936170212766
2024-Q2,gaussian_naive_bayes,poluentes_subindices_meteorologia,12337,2184,114,1.0,0.942512077294686,0.9704053717980602,2070,0.4892703862660944,1.0,0.6570605187319885,114,0.8137329452650244,1951,119,0,114,0.81,2024-01-01T00:00:00,2024-04-01T00:00:00,2184,233,40,106.68498168498168,18.315018315018317,0.5107296137339056
2024-Q2,gaussian_naive_bayes,poluentes_subindices_meteorologia,12337,2184,114,1.0,0.9429951690821256,0.9706613625062158,2070,0.49137931034482757,1.0,0.6589595375722543,114,0.814810450039235,1952,118,0,114,0.8200000000000001,2024-01-01T00:00:00,2024-04-01T00:00:00,2184,232,40,106.22710622710622,18.315018315018317,0.5086206896551724
2024-Q2,gaussian_naive_bayes,poluentes_subindices_meteorologia,12337,2184,114,1.0,0.9429951690821256,0.9706613625062158,2070,0.49137931034482757,1.0,0.6589595375722543,114,0.814810450039235,1952,118,0,114,0.8300000000000001,2024-01-01T00:00:00,2024-04-01T00:00:00,2184,232,40,106.22710622710622,18.315018315018317,0.5086206896551724
2024-Q2,gaussian_naive_bayes,poluentes_subindices_meteorologia,12337,2184,114,1.0,0.9444444444444444,0.9714285714285714,2070,0.4978165938864629,1.0,0.6647230320699709,114,0.8180758017492711,1955,115,0,114,0.84,2024-01-01T00:00:00,2024-04-01T00:00:00,2184,229,39,104.85347985347985,17.857142857142858,0.5021834061135371
2024-Q2,gaussian_naive_bayes,poluentes_subindices_meteorologia,12337,2184,114,1.0,0.9449275362318841,0.9716840536512668,2070,0.5,1.0,0.6666666666666666,114,0.8191753601589666,1956,114,0,114,0.85,2024-01-01T00:00:00,2024-04-01T00:00:00,2184,228,39,104.3956043956044,17.857142857142858,0.5
2024-Q2,gaussian_naive_bayes,poluentes_subindices_meteorologia,12337,2184,114,1.0,0.9449275362318841,0.9716840536512668,2070,0.5,1.0,0.6666666666666666,114,0.8191753601589666,1956,114,0,114,0.86,2024-01-01T00:00:00,2024-04-01T00:00:00,2184,228,39,104.3956043956044,17.857142857142858,0.5
2024-Q2,gaussian_naive_bayes,poluentes_subindices_meteorologia,12337,2184,114,1.0,0.9458937198067633,0.9721946375372393,2070,0.504424778761062,1.0,0.6705882352941176,114,0.8213914364156785,1958,112,0,114,0.87,2024-01-01T00:00:00,2024-04-01T00:00:00,2184,226,40,103.47985347985347,18.315018315018317,0.49557522123893805
2024-Q2,gaussian_naive_bayes,poluentes_subindices_meteorologia,12337,2184,114,1.0,0.946376811594203,0.9724497393894267,2070,0.5066666666666667,1.0,0.672566371681416,114,0.8225080555354214,1959,111,0,114,0.88,2024-01-01T00:00:00,2024-04-01T00:00:00,2184,225,40,103.02197802197801,18.315018315018317,0.49333333333333335
2024-Q2,gaussian_naive_bayes,poluentes_subindices_meteorologia,12337,2184,114,1.0,0.9468599033816425,0.9727047146401985,2070,0.5089285714285714,1.0,0.6745562130177515,114,0.823630463828975,1960,110,0,114,0.89,2024-01-01T00:00:00,2024-04-01T00:00:00,2184,224,40,102.56410256410255,18.315018315018317,0.49107142857142855
2024-Q2,gaussian_naive_bayes,poluentes_subindices_meteorologia,12337,2184,114,1.0,0.9487922705314009,0.9737233515121467,2070,0.5181818181818182,1.0,0.6826347305389222,114,0.8281790410255345,1964,106,0,114,0.9,2024-01-01T00:00:00,2024-04-01T00:00:00,2184,220,40,100.73260073260073,18.315018315018317,0.4818181818181818
2024-Q2,gaussian_naive_bayes,poluentes_subindices_meteorologia,12337,2184,114,1.0,0.9487922705314009,0.9737233515121467,2070,0.5181818181818182,1.0,0.6826347305389222,114,0.8281790410255345,1964,106,0,114,0.91,2024-01-01T00:00:00,2024-04-01T00:00:00,2184,220,40,100.73260073260073,18.315018315018317,0.4818181818181818
2024-Q2,gaussian_naive_bayes,poluentes_subindices_meteorologia,12337,2184,114,1.0,0.9507246376811594,0.974739970282318,2070,0.5277777777777778,1.0,0.6909090909090909,114,0.8328245305957045,1968,102,0,114,0.92,2024-01-01T00:00:00,2024-04-01T00:00:00,2184,216,40,98.90109890109889,18.315018315018317,0.4722222222222222
2024-Q2,gaussian_naive_bayes,poluentes_subindices_meteorologia,12337,2184,114,1.0,0.951207729468599,0.9749938103490963,2070,0.5302325581395348,1.0,0.6930091185410334,114,0.8340014644450648,1969,101,0,114,0.93,2024-01-01T00:00:00,2024-04-01T00:00:00,2184,215,40,98.44322344322345,18.315018315018317,0.4697674418604651
2024-Q2,gaussian_naive_bayes,poluentes_subindices_meteorologia,12337,2184,114,1.0,0.9521739130434783,0.9755011135857461,2070,0.5352112676056338,1.0,0.6972477064220184,114,0.8363744100038822,1971,99,0,114,0.9400000000000001,2024-01-01T00:00:00,2024-04-01T00:00:00,2184,213,40,97.52747252747253,18.315018315018317,0.4647887323943662
2024-Q2,gaussian_naive_bayes,poluentes_subindices_meteorologia,12337,2184,114,1.0,0.9526570048309179,0.9757545769421079,2070,0.5377358490566038,1.0,0.6993865030674846,114,0.8375705400047962,1972,98,0,114,0.9500000000000001,2024-01-01T00:00:00,2024-04-01T00:00:00,2184,212,40,97.06959706959707,18.315018315018317,0.46226415094339623
2024-Q2,gaussian_naive_bayes,poluentes_subindices_meteorologia,12337,2184,114,1.0,0.9536231884057971,0.9762611275964391,2070,0.5428571428571428,1.0,0.7037037037037037,114,0.8399824156500715,1974,96,0,114,0.96,2024-01-01T00:00:00,2024-04-01T00:00:00,2184,210,40,96.15384615384616,18.315018315018317,0.45714285714285713
2024-Q2,gaussian_naive_bayes,poluentes_subindices_meteorologia,12337,2184,114,1.0,0.9555555555555556,0.9772727272727273,2070,0.5533980582524272,1.0,0.7125,114,0.8448863636363637,1978,92,0,114,0.97,2024-01-01T00:00:00,2024-04-01T00:00:00,2184,206,40,94.32234432234432,18.315018315018317,0.44660194174757284
2024-Q2,gaussian_naive_bayes,poluentes_subindices_meteorologia,12337,2184,114,1.0,0.9589371980676329,0.9790382244143033,2070,0.5728643216080402,1.0,0.7284345047923323,114,0.8537363646033178,1985,85,0,114,0.98,2024-01-01T00:00:00,2024-04-01T00:00:00,2184,199,40,91.11721611721612,18.315018315018317,0.4271356783919598
2024-Q2,gaussian_naive_bayes,poluentes_subindices_meteorologia,12337,2184,114,1.0,0.9628019323671497,0.9810484863401427,2070,0.5968586387434555,1.0,0.7475409836065574,114,0.8642947349733501,1993,77,0,114,0.99,2024-01-01T00:00:00,2024-04-01T00:00:00,2184,191,39,87.45421245421245,17.857142857142858,0.4031413612565445
2024-Q2,gaussian_naive_bayes,poluentes_subindices_meteorologia,12337,2184,114,0.9626168224299065,0.9951690821256038,0.9786223277909739,2070,0.7727272727272727,0.2982456140350877,0.43037974683544306,114,0.7045010373132085,2060,10,80,34,1.0,2024-01-01T00:00:00,2024-04-01T00:00:00,2184,44,19,20.14652014652015,8.6996336996337,0.22727272727272727
2024-Q2,gaussian_naive_bayes,poluentes_subindices_sem_iqar_meteorologia,12337,2184,114,0.0,0.0,0.0,2070,0.0521978021978022,1.0,0.09921671018276762,114,0.04960835509138381,0,2070,0,114,0.0,2024-01-01T00:00:00,2024-04-01T00:00:00,2184,2184,1,1000.0,0.45787545787545786,0.9478021978021978
2024-Q2,gaussian_naive_bayes,poluentes_subindices_sem_iqar_meteorologia,12337,2184,114,1.0,0.8830917874396135,0.9379168804515136,2070,0.3202247191011236,1.0,0.4851063829787234,114,0.7115116317151184,1828,242,0,114,0.01,2024-01-01T00:00:00,2024-04-01T00:00:00,2184,356,52,163.003663003663,23.809523809523807,0.6797752808988764
2024-Q2,gaussian_naive_bayes,poluentes_subindices_sem_iqar_meteorologia,12337,2184,114,1.0,0.893719806763285,0.9438775510204082,2070,0.3413173652694611,1.0,0.5089285714285714,114,0.7264030612244898,1850,220,0,114,0.02,2024-01-01T00:00:00,2024-04-01T00:00:00,2184,334,52,152.93040293040295,23.809523809523807,0.6586826347305389
2024-Q2,gaussian_naive_bayes,poluentes_subindices_sem_iqar_meteorologia,12337,2184,114,1.0,0.8966183574879227,0.9454915944982171,2070,0.3475609756097561,1.0,0.5158371040723982,114,0.7306643492853077,1856,214,0,114,0.03,2024-01-01T00:00:00,2024-04-01T00:00:00,2184,328,49,150.1831501831502,22.435897435897434,0.6524390243902439
2024-Q2,gaussian_naive_bayes,poluentes_subindices_sem_iqar_meteorologia,12337,2184,114,1.0,0.9024154589371981,0.9487049263585576,2070,0.36075949367088606,1.0,0.5302325581395348,114,0.7394687422490462,1868,202,0,114,0.04,2024-01-01T00:00:00,2024-04-01T00:00:00,2184,316,48,144.6886446886447,21.978021978021978,0.6392405063291139
2024-Q2,gaussian_naive_bayes,poluentes_subindices_sem_iqar_meteorologia,12337,2184,114,1.0,0.9062801932367149,0.9508362899138368,2070,0.37012987012987014,1.0,0.5402843601895735,114,0.7455603250517051,1876,194,0,114,0.05,2024-01-01T00:00:00,2024-04-01T00:00:00,2184,308,49,141.02564102564102,22.435897435897434,0.6298701298701299
2024-Q2,gaussian_naive_bayes,poluentes_subindices_sem_iqar_meteorologia,12337,2184,114,1.0,0.908695652173913,0.9521640091116174,2070,0.37623762376237624,1.0,0.5467625899280576,114,0.7494632995198375,1881,189,0,114,0.06,2024-01-01T00:00:00,2024-04-01T00:00:00,2184,303,48,138.73626373626374,21.978021978021978,0.6237623762376238
2024-Q2,gaussian_naive_bayes,poluentes_subindices_sem_iqar_meteorologia,12337,2184,114,1.0,0.9111111111111111,0.9534883720930233,2070,0.3825503355704698,1.0,0.5533980582524272,114,0.7534432151727253,1886,184,0,114,0.07,2024-01-01T00:00:00,2024-04-01T00:00:00,2184,298,46,136.44688644688642,21.062271062271062,0.6174496644295302
2024-Q2,gaussian_naive_bayes,poluentes_subindices_sem_iqar_meteorologia,12337,2184,114,1.0,0.91256038647343,0.9542813841879263,2070,0.3864406779661017,1.0,0.5574572127139364,114,0.7558692984509314,1889,181,0,114,0.08,2024-01-01T00:00:00,2024-04-01T00:00:00,2184,295,46,135.07326007326006,21.062271062271062,0.6135593220338983
2024-Q2,gaussian_naive_bayes,poluentes_subindices_sem_iqar_meteorologia,12337,2184,114,1.0,0.914975845410628,0.9556004036326943,2070,0.3931034482758621,1.0,0.5643564356435643,114,0.7599784196381293,1894,176,0,114,0.09,2024-01-01T00:00:00,2024-04-01T00:00:00,2184,290,46,132.78388278388277,21.062271062271062,0.6068965517241379
2024-Q2,gaussian_naive_bayes,poluentes_subindices_sem_iqar_meteorologia,12337,2184,114,1.0,0.9188405797101449,0.9577039274924471,2070,0.40425531914893614,1.0,0.5757575757575758,114,0.7667307516250115,1902,168,0,114,0.1,2024-01-01T00:00:00,2024-04-01T00:00:00,2184,282,46,129.12087912087912,21.062271062271062,0.5957446808510638
2024-Q2,gaussian_naive_bayes,poluentes_subindices_sem_iqar_meteorologia,12337,2184,114,1.0,0.9193236714975845,0.9579662723382835,2070,0.40569395017793597,1.0,0.5772151898734177,114,0.7675907311058505,1903,167,0,114,0.11,2024-01-01T00:00:00,2024-04-01T00:00:00,2184,281,45,128.66300366300365,20.604395604395606,0.594306049822064
2024-Q2,gaussian_naive_bayes,poluentes_subindices_sem_iqar_meteorologia,12337,2184,114,1.0,0.9198067632850242,0.9582284851534978,2070,0.40714285714285714,1.0,0.5786802030456852,114,0.7684543440995915,1904,166,0,114,0.12,2024-01-01T00:00:00,2024-04-01T00:00:00,2184,280,45,128.2051282051282,20.604395604395606,0.5928571428571429
2024-Q2,gaussian_naive_bayes,poluentes_subindices_sem_iqar_meteorologia,12337,2184,114,1.0,0.9198067632850242,0.9582284851534978,2070,0.40714285714285714,1.0,0.5786802030456852,114,0.7684543440995915,1904,166,0,114,0.13,2024-01-01T00:00:00,2024-04-01T00:00:00,2184,280,45,128.2051282051282,20.604395604395606,0.5928571428571429
2024-Q2,gaussian_naive_bayes,poluentes_subindices_sem_iqar_meteorologia,12337,2184,114,1.0,0.9207729468599034,0.9587525150905433,2070,0.41007194244604317,1.0,0.5816326530612245,114,0.7701925840758839,1906,164,0,114,0.14,2024-01-01T00:00:00,2024-04-01T00:00:00,2184,278,45,127.28937728937728,20.604395604395606,0.5899280575539568
2024-Q2,gaussian_naive_bayes,poluentes_subindices_sem_iqar_meteorologia,12337,2184,114,1.0,0.9217391304347826,0.9592760180995475,2070,0.41304347826086957,1.0,0.5846153846153846,114,0.7719457013574661,1908,162,0,114,0.15,2024-01-01T00:00:00,2024-04-01T00:00:00,2184,276,44,126.37362637362637,20.14652014652015,0.5869565217391305
2024-Q2,gaussian_naive_bayes,poluentes_subindices_sem_iqar_meteorologia,12337,2184,114,1.0,0.9217391304347826,0.9592760180995475,2070,0.41304347826086957,1.0,0.5846153846153846,114,0.7719457013574661,1908,162,0,114,0.16,2024-01-01T00:00:00,2024-04-01T00:00:00,2184,276,44,126.37362637362637,20.14652014652015,0.5869565217391305
2024-Q2,gaussian_naive_bayes,poluentes_subindices_sem_iqar_meteorologia,12337,2184,114,1.0,0.9231884057971015,0.960060286360211,2070,0.4175824175824176,1.0,0.5891472868217055,114,0.7746037865909583,1911,159,0,114,0.17,2024-01-01T00:00:00,2024-04-01T00:00:00,2184,273,44,125.0,20.14652014652015,0.5824175824175825
2024-Q2,gaussian_naive_bayes,poluentes_subindices_sem_iqar_meteorologia,12337,2184,114,1.0,0.9241545893719807,0.9605824755209641,2070,0.42066420664206644,1.0,0.5922077922077922,114,0.7763951338643782,1913,157,0,114,0.18,2024-01-01T00:00:00,2024-04-01T00:00:00,2184,271,44,124.08424908424908,20.14652014652015,0.5793357933579336
2024-Q2,gaussian_naive_bayes,poluentes_subindices_sem_iqar_meteorologia,12337,2184,114,1.0,0.9251207729468599,0.9611041405269761,2070,0.42379182156133827,1.0,0.5953002610966057,114,0.7782022008117909,1915,155,0,114,0.19,2024-01-01T00:00:00,2024-04-01T00:00:00,2184,269,44,123.16849816849818,20.14652014652015,0.5762081784386617
2024-Q2,gaussian_naive_bayes,poluentes_subindices_sem_iqar_meteorologia,12337,2184,114,1.0,0.9270531400966183,0.9621459012283781,2070,0.43018867924528303,1.0,0.6015831134564644,114,0.7818645073424213,1919,151,0,114,0.2,2024-01-01T00:00:00,2024-04-01T00:00:00,2184,265,43,121.33699633699634,19.68864468864469,0.569811320754717
2024-Q2,gaussian_naive_bayes,poluentes_subindices_sem_iqar_meteorologia,12337,2184,114,1.0,0.9280193236714975,0.9626659984966174,2070,0.43346007604562736,1.0,0.6047745358090185,114,0.783720267152818,1921,149,0,114,0.21,2024-01-01T00:00:00,2024-04-01T00:00:00,2184,263,42,120.42124542124543,19.230769230769234,0.5665399239543726
2024-Q2,gaussian_naive_bayes,poluentes_subindices_sem_iqar_meteorologia,12337,2184,114,1.0,0.9285024154589372,0.9629258517034068,2070,0.4351145038167939,1.0,0.6063829787234043,114,0.7846544152134056,1922,148,0,114,0.22,2024-01-01T00:00:00,2024-04-01T00:00:00,2184,262,42,119.96336996336997,19.230769230769234,0.5648854961832062
2024-Q2,gaussian_naive_bayes,poluentes_subindices_sem_iqar_meteorologia,12337,2184,114,1.0,0.9285024154589372,0.9629258517034068,2070,0.4351145038167939,1.0,0.6063829787234043,114,0.7846544152134056,1922,148,0,114,0.23,2024-01-01T00:00:00,2024-04-01T00:00:00,2184,262,42,119.96336996336997,19.230769230769234,0.5648854961832062
2024-Q2,gaussian_naive_bayes,poluentes_subindices_sem_iqar_meteorologia,12337,2184,114,1.0,0.9285024154589372,0.9629258517034068,2070,0.4351145038167939,1.0,0.6063829787234043,114,0.7846544152134056,1922,148,0,114,0.24,2024-01-01T00:00:00,2024-04-01T00:00:00,2184,262,42,119.96336996336997,19.230769230769234,0.5648854961832062
2024-Q2,gaussian_naive_bayes,poluentes_subindices_sem_iqar_meteorologia,12337,2184,114,1.0,0.9289855072463769,0.9631855747558227,2070,0.4367816091954023,1.0,0.608,114,0.7855927873779114,1923,147,0,114,0.25,2024-01-01T00:00:00,2024-04-01T00:00:00,2184,261,42,119.50549450549451,19.230769230769234,0.5632183908045977
2024-Q2,gaussian_naive_bayes,poluentes_subindices_sem_iqar_meteorologia,12337,2184,114,1.0,0.9294685990338164,0.9634451677516275,2070,0.43846153846153846,1.0,0.6096256684491979,114,0.7865354181004127,1924,146,0,114,0.26,2024-01-01T00:00:00,2024-04-01T00:00:00,2184,260,42,119.04761904761904,19.230769230769234,0.5615384615384615
2024-Q2,gaussian_naive_bayes,poluentes_subindices_sem_iqar_meteorologia,12337,2184,114,1.0,0.9294685990338164,0.9634451677516275,2070,0.43846153846153846,1.0,0.6096256684491979,114,0.7865354181004127,1924,146,0,114,0.27,2024-01-01T00:00:00,2024-04-01T00:00:00,2184,260,42,119.04761904761904,19.230769230769234,0.5615384615384615
2024-Q2,gaussian_naive_bayes,poluentes_subindices_sem_iqar_meteorologia,12337,2184,114,1.0,0.9304347826086956,0.963963963963964,2070,0.4418604651162791,1.0,0.6129032258064516,114,0.7884335948852078,1926,144,0,114,0.28,2024-01-01T00:00:00,2024-04-01T00:00:00,2184,258,42,118.13186813186813,19.230769230769234,0.5581395348837209
2024-Q2,gaussian_naive_bayes,poluentes_subindices_sem_iqar_meteorologia,12337,2184,114,1.0,0.9304347826086956,0.963963963963964,2070,0.4418604651162791,1.0,0.6129032258064516,114,0.7884335948852078,1926,144,0,114,0.29,2024-01-01T00:00:00,2024-04-01T00:00:00,2184,258,42,118.13186813186813,19.230769230769234,0.5581395348837209
2024-Q2,gaussian_naive_bayes,poluentes_subindices_sem_iqar_meteorologia,12337,2184,114,1.0,0.9304347826086956,0.963963963963964,2070,0.4418604651162791,1.0,0.6129032258064516,114,0.7884335948852078,1926,144,0,114,0.3,2024-01-01T00:00:00,2024-04-01T00:00:00,2184,258,42,118.13186813186813,19.230769230769234,0.5581395348837209
2024-Q2,gaussian_naive_bayes,poluentes_subindices_sem_iqar_meteorologia,12337,2184,114,1.0,0.9314009661835749,0.9644822411205602,2070,0.4453125,1.0,0.6162162162162163,114,0.7903492286683882,1928,142,0,114,0.31,2024-01-01T00:00:00,2024-04-01T00:00:00,2184,256,42,117.21611721611721,19.230769230769234,0.5546875
2024-Q2,gaussian_naive_bayes,poluentes_subindices_sem_iqar_meteorologia,12337,2184,114,1.0,0.9318840579710145,0.9647411852963241,2070,0.4470588235294118,1.0,0.6178861788617886,114,0.7913136820790564,1929,141,0,114,0.32,2024-01-01T00:00:00,2024-04-01T00:00:00,2184,255,42,116.75824175824177,19.230769230769234,0.5529411764705883
2024-Q2,gaussian_naive_bayes,poluentes_subindices_sem_iqar_meteorologia,12337,2184,114,1.0,0.9318840579710145,0.9647411852963241,2070,0.4470588235294118,1.0,0.6178861788617886,114,0.7913136820790564,1929,141,0,114,0.33,2024-01-01T00:00:00,2024-04-01T00:00:00,2184,255,42,116.75824175824177,19.230769230769234,0.5529411764705883
2024-Q2,gaussian_naive_bayes,poluentes_subindices_sem_iqar_meteorologia,12337,2184,114,1.0,0.9318840579710145,0.9647411852963241,2070,0.4470588235294118,1.0,0.6178861788617886,114,0.7913136820790564,1929,141,0,114,0.34,2024-01-01T00:00:00,2024-04-01T00:00:00,2184,255,42,116.75824175824177,19.230769230769234,0.5529411764705883
2024-Q2,gaussian_naive_bayes,poluentes_subindices_sem_iqar_meteorologia,12337,2184,114,1.0,0.9333333333333333,0.9655172413793104,2070,0.4523809523809524,1.0,0.6229508196721312,114,0.7942340305257207,1932,138,0,114,0.35000000000000003,2024-01-01T00:00:00,2024-04-01T00:00:00,2184,252,42,115.38461538461539,19.230769230769234,0.5476190476190477
2024-Q2,gaussian_naive_bayes,poluentes_subindices_sem_iqar_meteorologia,12337,2184,114,1.0,0.9342995169082126,0.9660339660339661,2070,0.456,1.0,0.6263736263736264,114,0.7962037962037962,1934,136,0,114,0.36,2024-01-01T00:00:00,2024-04-01T00:00:00,2184,250,43,114.46886446886447,19.68864468864469,0.544
2024-Q2,gaussian_naive_bayes,poluentes_subindices_sem_iqar_meteorologia,12337,2184,114,1.0,0.9342995169082126,0.9660339660339661,2070,0.456,1.0,0.6263736263736264,114,0.7962037962037962,1934,136,0,114,0.37,2024-01-01T00:00:00,2024-04-01T00:00:00,2184,250,43,114.46886446886447,19.68864468864469,0.544
2024-Q2,gaussian_naive_bayes,poluentes_subindices_sem_iqar_meteorologia,12337,2184,114,1.0,0.9352657004830918,0.9665501747378932,2070,0.4596774193548387,1.0,0.6298342541436464,114,0.7981922144407698,1936,134,0,114,0.38,2024-01-01T00:00:00,2024-04-01T00:00:00,2184,248,43,113.55311355311355,19.68864468864469,0.5403225806451613
2024-Q2,gaussian_naive_bayes,poluentes_subindices_sem_iqar_meteorologia,12337,2184,114,1.0,0.936231884057971,0.9670658682634731,2070,0.4634146341463415,1.0,0.6333333333333333,114,0.8001996007984031,1938,132,0,114,0.39,2024-01-01T00:00:00,2024-04-01T00:00:00,2184,246,42,112.63736263736264,19.230769230769234,0.5365853658536586
2024-Q2,gaussian_naive_bayes,poluentes_subindices_sem_iqar_meteorologia,12337,2184,114,1.0,0.9367149758454106,0.9673235220753305,2070,0.46530612244897956,1.0,0.6350974930362117,114,0.8012105075557711,1939,131,0,114,0.4,2024-01-01T00:00:00,2024-04-01T00:00:00,2184,245,42,112.17948717948718,19.230769230769234,0.5346938775510204
2024-Q2,gaussian_naive_bayes,poluentes_subindices_sem_iqar_meteorologia,12337,2184,114,1.0,0.9371980676328503,0.9675810473815462,2070,0.4672131147540984,1.0,0.6368715083798883,114,0.8022262778807172,1940,130,0,114,0.41000000000000003,2024-01-01T00:00:00,2024-04-01T00:00:00,2184,244,42,111.72161172161172,19.230769230769234,0.5327868852459017
2024-Q2,gaussian_naive_bayes,poluentes_subindices_sem_iqar_meteorologia,12337,2184,114,1.0,0.9376811594202898,0.9678384442782348,2070,0.4691358024691358,1.0,0.6386554621848739,114,0.8032469532315544,1941,129,0,114,0.42,2024-01-01T00:00:00,2024-04-01T00:00:00,2184,243,42,111.26373626373626,19.230769230769234,0.5308641975308642
2024-Q2,gaussian_naive_bayes,poluentes_subindices_sem_iqar_meteorologia,12337,2184,114,1.0,0.9381642512077295,0.9680957128614157,2070,0.47107438016528924,1.0,0.6404494382022472,114,0.8042725755318314,1942,128,0,114,0.43,2024-01-01T00:00:00,2024-04-01T00:00:00,2184,242,42,110.8058608058608,19.230769230769234,0.5289256198347108
2024-Q2,gaussian_naive_bayes,poluentes_subindices_sem_iqar_meteorologia,12337,2184,114,1.0,0.938647342995169,0.9683528532270123,2070,0.4730290456431535,1.0,0.6422535211267606,114,0.8053031871768864,1943,127,0,114,0.44,2024-01-01T00:00:00,2024-04-01T00:00:00,2184,241,42,110.34798534798534,19.230769230769234,0.5269709543568465
2024-Q2,gaussian_naive_bayes,poluentes_subindices_sem_iqar_meteorologia,12337,2184,114,1.0,0.938647342995169,0.9683528532270123,2070,0.4730290456431535,1.0,0.6422535211267606,114,0.8053031871768864,1943,127,0,114,0.45,2024-01-01T00:00:00,2024-04-01T00:00:00,2184,241,42,110.34798534798534,19.230769230769234,0.5269709543568465
2024-Q2,gaussian_naive_bayes,poluentes_subindices_sem_iqar_meteorologia,12337,2184,114,1.0,0.9391304347826087,0.968609865470852,2070,0.475,1.0,0.6440677966101694,114,0.8063388310405107,1944,126,0,114,0.46,2024-01-01T00:00:00,2024-04-01T00:00:00,2184,240,42,109.89010989010988,19.230769230769234,0.525
2024-Q2,gaussian_naive_bayes,poluentes_subindices_sem_iqar_meteorologia,12337,2184,114,1.0,0.9400966183574879,0.9691235059760956,2070,0.4789915966386555,1.0,0.6477272727272727,114,0.8084253893516842,1946,124,0,114,0.47000000000000003,2024-01-01T00:00:00,2024-04-01T00:00:00,2184,238,42,108.97435897435898,19.230769230769234,0.5210084033613446
2024-Q2,gaussian_naive_bayes,poluentes_subindices_sem_iqar_meteorologia,12337,2184,114,1.0,0.9405797101449276,0.9693801344286781,2070,0.4810126582278481,1.0,0.6495726495726496,114,0.8094763920006638,1947,123,0,114,0.48,2024-01-01T00:00:00,2024-04-01T00:00:00,2184,237,42,108.51648351648352,19.230769230769234,0.5189873417721519
2024-Q2,gaussian_naive_bayes,poluentes_subindices_sem_iqar_meteorologia,12337,2184,114,1.0,0.9405797101449276,0.9693801344286781,2070,0.4810126582278481,1.0,0.6495726495726496,114,0.8094763920006638,1947,123,0,114,0.49,2024-01-01T00:00:00,2024-04-01T00:00:00,2184,237,42,108.51648351648352,19.230769230769234,0.5189873417721519
2024-Q2,gaussian_naive_bayes,poluentes_subindices_sem_iqar_meteorologia,12337,2184,114,1.0,0.9410628019323671,0.9696366351418616,2070,0.4830508474576271,1.0,0.6514285714285715,114,0.8105326032852165,1948,122,0,114,0.5,2024-01-01T00:00:00,2024-04-01T00:00:00,2184,236,42,108.05860805860806,19.230769230769234,0.5169491525423728
2024-Q2,gaussian_naive_bayes,poluentes_subindices_sem_iqar_meteorologia,12337,2184,114,1.0,0.9415458937198068,0.9698930082109978,2070,0.4851063829787234,1.0,0.6532951289398281,114,0.8115940685754129,1949,121,0,114,0.51,2024-01-01T00:00:00,2024-04-01T00:00:00,2184,235,42,107.60073260073261,19.230769230769234,0.5148936170212766
2024-Q2,gaussian_naive_bayes,poluentes_subindices_sem_iqar_meteorologia,12337,2184,114,1.0,0.9415458937198068,0.9698930082109978,2070,0.4851063829787234,1.0,0.6532951289398281,114,0.8115940685754129,1949,121,0,114,0.52,2024-01-01T00:00:00,2024-04-01T00:00:00,2184,235,42,107.60073260073261,19.230769230769234,0.5148936170212766
2024-Q2,gaussian_naive_bayes,poluentes_subindices_sem_iqar_meteorologia,12337,2184,114,1.0,0.9415458937198068,0.9698930082109978,2070,0.4851063829787234,1.0,0.6532951289398281,114,0.8115940685754129,1949,121,0,114,0.53,2024-01-01T00:00:00,2024-04-01T00:00:00,2184,235,42,107.60073260073261,19.230769230769234,0.5148936170212766
2024-Q2,gaussian_naive_bayes,poluentes_subindices_sem_iqar_meteorologia,12337,2184,114,1.0,0.9420289855072463,0.9701492537313433,2070,0.48717948717948717,1.0,0.6551724137931034,114,0.8126608337622234,1950,120,0,114,0.54,2024-01-01T00:00:00,2024-04-01T00:00:00,2184,234,42,107.14285714285714,19.230769230769234,0.5128205128205128
2024-Q2,gaussian_naive_bayes,poluentes_subindices_sem_iqar_meteorologia,12337,2184,114,1.0,0.9420289855072463,0.9701492537313433,2070,0.48717948717948717,1.0,0.6551724137931034,114,0.8126608337622234,1950,120,0,114,0.55,2024-01-01T00:00:00,2024-04-01T00:00:00,2184,234,42,107.14285714285714,19.230769230769234,0.5128205128205128
2024-Q2,gaussian_naive_bayes,poluentes_subindices_sem_iqar_meteorologia,12337,2184,114,1.0,0.9420289855072463,0.9701492537313433,2070,0.48717948717948717,1.0,0.6551724137931034,114,0.8126608337622234,1950,120,0,114,0.56,2024-01-01T00:00:00,2024-04-01T00:00:00,2184,234,42,107.14285714285714,19.230769230769234,0.5128205128205128
2024-Q2,gaussian_naive_bayes,poluentes_subindices_sem_iqar_meteorologia,12337,2184,114,1.0,0.942512077294686,0.9704053717980602,2070,0.4892703862660944,1.0,0.6570605187319885,114,0.8137329452650244,1951,119,0,114,0.5700000000000001,2024-01-01T00:00:00,2024-04-01T00:00:00,2184,233,42,106.68498168498168,19.230769230769234,0.5107296137339056
2024-Q2,gaussian_naive_bayes,poluentes_subindices_sem_iqar_meteorologia,12337,2184,114,1.0,0.9429951690821256,0.9706613625062158,2070,0.49137931034482757,1.0,0.6589595375722543,114,0.814810450039235,1952,118,0,114,0.58,2024-01-01T00:00:00,2024-04-01T00:00:00,2184,232,42,106.22710622710622,19.230769230769234,0.5086206896551724
2024-Q2,gaussian_naive_bayes,poluentes_subindices_sem_iqar_meteorologia,12337,2184,114,1.0,0.9429951690821256,0.9706613625062158,2070,0.49137931034482757,1.0,0.6589595375722543,114,0.814810450039235,1952,118,0,114,0.59,2024-01-01T00:00:00,2024-04-01T00:00:00,2184,232,42,106.22710622710622,19.230769230769234,0.5086206896551724
2024-Q2,gaussian_naive_bayes,poluentes_subindices_sem_iqar_meteorologia,12337,2184,114,1.0,0.9434782608695652,0.970917225950783,2070,0.4935064935064935,1.0,0.6608695652173913,114,0.8158933955840871,1953,117,0,114,0.6,2024-01-01T00:00:00,2024-04-01T00:00:00,2184,231,42,105.76923076923077,19.230769230769234,0.5064935064935064
2024-Q2,gaussian_naive_bayes,poluentes_subindices_sem_iqar_meteorologia,12337,2184,114,1.0,0.9439613526570049,0.9711729622266402,2070,0.4956521739130435,1.0,0.6627906976744186,114,0.8169818299505294,1954,116,0,114,0.61,2024-01-01T00:00:00,2024-04-01T00:00:00,2184,230,42,105.31135531135531,19.230769230769234,0.5043478260869565
2024-Q2,gaussian_naive_bayes,poluentes_subindices_sem_iqar_meteorologia,12337,2184,114,1.0,0.9449275362318841,0.9716840536512668,2070,0.5,1.0,0.6666666666666666,114,0.8191753601589666,1956,114,0,114,0.62,2024-01-01T00:00:00,2024-04-01T00:00:00,2184,228,42,104.3956043956044,19.230769230769234,0.5
2024-Q2,gaussian_naive_bayes,poluentes_subindices_sem_iqar_meteorologia,12337,2184,114,1.0,0.9454106280193236,0.9719394089893221,2070,0.5022026431718062,1.0,0.6686217008797654,114,0.8202805549345438,1957,113,0,114,0.63,2024-01-01T00:00:00,2024-04-01T00:00:00,2184,227,42,103.93772893772895,19.230769230769234,0.4977973568281938
2024-Q2,gaussian_naive_bayes,poluentes_subindices_sem_iqar_meteorologia,12337,2184,114,1.0,0.9454106280193236,0.9719394089893221,2070,0.5022026431718062,1.0,0.6686217008797654,114,0.8202805549345438,1957,113,0,114,0.64,2024-01-01T00:00:00,2024-04-01T00:00:00,2184,227,42,103.93772893772895,19.230769230769234,0.4977973568281938
2024-Q2,gaussian_naive_bayes,poluentes_subindices_sem_iqar_meteorologia,12337,2184,114,1.0,0.9468599033816425,0.9727047146401985,2070,0.5089285714285714,1.0,0.6745562130177515,114,0.823630463828975,1960,110,0,114,0.65,2024-01-01T00:00:00,2024-04-01T00:00:00,2184,224,41,102.56410256410255,18.772893772893774,0.49107142857142855
2024-Q2,gaussian_naive_bayes,poluentes_subindices_sem_iqar_meteorologia,12337,2184,114,1.0,0.9478260869565217,0.9732142857142857,2070,0.5135135135135135,1.0,0.6785714285714286,114,0.8258928571428572,1962,108,0,114,0.66,2024-01-01T00:00:00,2024-04-01T00:00:00,2184,222,40,101.64835164835165,18.315018315018317,0.4864864864864865
2024-Q2,gaussian_naive_bayes,poluentes_subindices_sem_iqar_meteorologia,12337,2184,114,1.0,0.9478260869565217,0.9732142857142857,2070,0.5135135135135135,1.0,0.6785714285714286,114,0.8258928571428572,1962,108,0,114,0.67,2024-01-01T00:00:00,2024-04-01T00:00:00,2184,222,40,101.64835164835165,18.315018315018317,0.4864864864864865
2024-Q2,gaussian_naive_bayes,poluentes_subindices_sem_iqar_meteorologia,12337,2184,114,1.0,0.9478260869565217,0.9732142857142857,2070,0.5135135135135135,1.0,0.6785714285714286,114,0.8258928571428572,1962,108,0,114,0.68,2024-01-01T00:00:00,2024-04-01T00:00:00,2184,222,40,101.64835164835165,18.315018315018317,0.4864864864864865
2024-Q2,gaussian_naive_bayes,poluentes_subindices_sem_iqar_meteorologia,12337,2184,114,1.0,0.9478260869565217,0.9732142857142857,2070,0.5135135135135135,1.0,0.6785714285714286,114,0.8258928571428572,1962,108,0,114,0.6900000000000001,2024-01-01T00:00:00,2024-04-01T00:00:00,2184,222,40,101.64835164835165,18.315018315018317,0.4864864864864865
2024-Q2,gaussian_naive_bayes,poluentes_subindices_sem_iqar_meteorologia,12337,2184,114,1.0,0.9492753623188406,0.9739776951672863,2070,0.5205479452054794,1.0,0.6846846846846847,114,0.8293311899259854,1965,105,0,114,0.7000000000000001,2024-01-01T00:00:00,2024-04-01T00:00:00,2184,219,41,100.27472527472528,18.772893772893774,0.4794520547945205
2024-Q2,gaussian_naive_bayes,poluentes_subindices_sem_iqar_meteorologia,12337,2184,114,1.0,0.9497584541062802,0.9742319127849356,2070,0.5229357798165137,1.0,0.6867469879518072,114,0.8304894503683714,1966,104,0,114,0.71,2024-01-01T00:00:00,2024-04-01T00:00:00,2184,218,41,99.81684981684982,18.772893772893774,0.47706422018348627
2024-Q2,gaussian_naive_bayes,poluentes_subindices_sem_iqar_meteorologia,12337,2184,114,1.0,0.9497584541062802,0.9742319127849356,2070,0.5229357798165137,1.0,0.6867469879518072,114,0.8304894503683714,1966,104,0,114,0.72,2024-01-01T00:00:00,2024-04-01T00:00:00,2184,218,41,99.81684981684982,18.772893772893774,0.47706422018348627
2024-Q2,gaussian_naive_bayes,poluentes_subindices_sem_iqar_meteorologia,12337,2184,114,1.0,0.9507246376811594,0.974739970282318,2070,0.5277777777777778,1.0,0.6909090909090909,114,0.8328245305957045,1968,102,0,114,0.73,2024-01-01T00:00:00,2024-04-01T00:00:00,2184,216,41,98.90109890109889,18.772893772893774,0.4722222222222222
2024-Q2,gaussian_naive_bayes,poluentes_subindices_sem_iqar_meteorologia,12337,2184,114,1.0,0.951207729468599,0.9749938103490963,2070,0.5302325581395348,1.0,0.6930091185410334,114,0.8340014644450648,1969,101,0,114,0.74,2024-01-01T00:00:00,2024-04-01T00:00:00,2184,215,41,98.44322344322345,18.772893772893774,0.4697674418604651
2024-Q2,gaussian_naive_bayes,poluentes_subindices_sem_iqar_meteorologia,12337,2184,114,1.0,0.951207729468599,0.9749938103490963,2070,0.5302325581395348,1.0,0.6930091185410334,114,0.8340014644450648,1969,101,0,114,0.75,2024-01-01T00:00:00,2024-04-01T00:00:00,2184,215,41,98.44322344322345,18.772893772893774,0.4697674418604651
2024-Q2,gaussian_naive_bayes,poluentes_subindices_sem_iqar_meteorologia,12337,2184,114,1.0,0.951207729468599,0.9749938103490963,2070,0.5302325581395348,1.0,0.6930091185410334,114,0.8340014644450648,1969,101,0,114,0.76,2024-01-01T00:00:00,2024-04-01T00:00:00,2184,215,41,98.44322344322345,18.772893772893774,0.4697674418604651
2024-Q2,gaussian_naive_bayes,poluentes_subindices_sem_iqar_meteorologia,12337,2184,114,1.0,0.9516908212560387,0.9752475247524752,2070,0.5327102803738317,1.0,0.6951219512195121,114,0.8351847379859937,1970,100,0,114,0.77,2024-01-01T00:00:00,2024-04-01T00:00:00,2184,214,41,97.98534798534799,18.772893772893774,0.4672897196261682
2024-Q2,gaussian_naive_bayes,poluentes_subindices_sem_iqar_meteorologia,12337,2184,114,1.0,0.9516908212560387,0.9752475247524752,2070,0.5327102803738317,1.0,0.6951219512195121,114,0.8351847379859937,1970,100,0,114,0.78,2024-01-01T00:00:00,2024-04-01T00:00:00,2184,214,41,97.98534798534799,18.772893772893774,0.4672897196261682
2024-Q2,gaussian_naive_bayes,poluentes_subindices_sem_iqar_meteorologia,12337,2184,114,1.0,0.9521739130434783,0.9755011135857461,2070,0.5352112676056338,1.0,0.6972477064220184,114,0.8363744100038822,1971,99,0,114,0.79,2024-01-01T00:00:00,2024-04-01T00:00:00,2184,213,41,97.52747252747253,18.772893772893774,0.4647887323943662
2024-Q2,gaussian_naive_bayes,poluentes_subindices_sem_iqar_meteorologia,12337,2184,114,1.0,0.9521739130434783,0.9755011135857461,2070,0.5352112676056338,1.0,0.6972477064220184,114,0.8363744100038822,1971,99,0,114,0.8,2024-01-01T00:00:00,2024-04-01T00:00:00,2184,213,41,97.52747252747253,18.772893772893774,0.4647887323943662
2024-Q2,gaussian_naive_bayes,poluentes_subindices_sem_iqar_meteorologia,12337,2184,114,1.0,0.9531400966183575,0.9760079149146673,2070,0.5402843601895735,1.0,0.7015384615384616,114,0.8387731882265644,1973,97,0,114,0.81,2024-01-01T00:00:00,2024-04-01T00:00:00,2184,211,41,96.61172161172162,18.772893772893774,0.4597156398104265
2024-Q2,gaussian_naive_bayes,poluentes_subindices_sem_iqar_meteorologia,12337,2184,114,1.0,0.9531400966183575,0.9760079149146673,2070,0.5402843601895735,1.0,0.7015384615384616,114,0.8387731882265644,1973,97,0,114,0.8200000000000001,2024-01-01T00:00:00,2024-04-01T00:00:00,2184,211,41,96.61172161172162,18.772893772893774,0.4597156398104265
2024-Q2,gaussian_naive_bayes,poluentes_subindices_sem_iqar_meteorologia,12337,2184,114,1.0,0.9531400966183575,0.9760079149146673,2070,0.5402843601895735,1.0,0.7015384615384616,114,0.8387731882265644,1973,97,0,114,0.8300000000000001,2024-01-01T00:00:00,2024-04-01T00:00:00,2184,211,41,96.61172161172162,18.772893772893774,0.4597156398104265
2024-Q2,gaussian_naive_bayes,poluentes_subindices_sem_iqar_meteorologia,12337,2184,114,1.0,0.9536231884057971,0.9762611275964391,2070,0.5428571428571428,1.0,0.7037037037037037,114,0.8399824156500715,1974,96,0,114,0.84,2024-01-01T00:00:00,2024-04-01T00:00:00,2184,210,41,96.15384615384616,18.772893772893774,0.45714285714285713
2024-Q2,gaussian_naive_bayes,poluentes_subindices_sem_iqar_meteorologia,12337,2184,114,1.0,0.9545893719806763,0.9767671774592189,2070,0.5480769230769231,1.0,0.7080745341614907,114,0.8424208558103548,1976,94,0,114,0.85,2024-01-01T00:00:00,2024-04-01T00:00:00,2184,208,41,95.23809523809523,18.772893772893774,0.4519230769230769
2024-Q2,gaussian_naive_bayes,poluentes_subindices_sem_iqar_meteorologia,12337,2184,114,1.0,0.9550724637681159,0.9770200148257969,2070,0.5507246376811594,1.0,0.7102803738317757,114,0.8436501943287863,1977,93,0,114,0.86,2024-01-01T00:00:00,2024-04-01T00:00:00,2184,207,41,94.78021978021978,18.772893772893774,0.4492753623188406
2024-Q2,gaussian_naive_bayes,poluentes_subindices_sem_iqar_meteorologia,12337,2184,114,1.0,0.9565217391304348,0.9777777777777777,2070,0.5588235294117647,1.0,0.7169811320754716,114,0.8473794549266247,1980,90,0,114,0.87,2024-01-01T00:00:00,2024-04-01T00:00:00,2184,204,40,93.4065934065934,18.315018315018317,0.4411764705882353
2024-Q2,gaussian_naive_bayes,poluentes_subindices_sem_iqar_meteorologia,12337,2184,114,1.0,0.957487922705314,0.9782823297137216,2070,0.5643564356435643,1.0,0.7215189873417721,114,0.8499006585277469,1982,88,0,114,0.88,2024-01-01T00:00:00,2024-04-01T00:00:00,2184,202,39,92.4908424908425,17.857142857142858,0.43564356435643564
2024-Q2,gaussian_naive_bayes,poluentes_subindices_sem_iqar_meteorologia,12337,2184,114,1.0,0.9584541062801932,0.978786383818451,2070,0.57,1.0,0.7261146496815286,114,0.8524505167499898,1984,86,0,114,0.89,2024-01-01T00:00:00,2024-04-01T00:00:00,2184,200,38,91.57509157509156,17.3992673992674,0.43
2024-Q2,gaussian_naive_bayes,poluentes_subindices_sem_iqar_meteorologia,12337,2184,114,1.0,0.9599033816425121,0.9795415331525757,2070,0.5786802030456852,1.0,0.7331189710610932,114,0.8563302521068346,1987,83,0,114,0.9,2024-01-01T00:00:00,2024-04-01T00:00:00,2184,197,38,90.2014652014652,17.3992673992674,0.4213197969543147
2024-Q2,gaussian_naive_bayes,poluentes_subindices_sem_iqar_meteorologia,12337,2184,114,1.0,0.9608695652173913,0.9800443458980045,2070,0.5846153846153846,1.0,0.7378640776699029,114,0.8589542117839537,1989,81,0,114,0.91,2024-01-01T00:00:00,2024-04-01T00:00:00,2184,195,38,89.28571428571429,17.3992673992674,0.4153846153846154
2024-Q2,gaussian_naive_bayes,poluentes_subindices_sem_iqar_meteorologia,12337,2184,114,1.0,0.9628019323671497,0.9810484863401427,2070,0.5968586387434555,1.0,0.7475409836065574,114,0.8642947349733501,1993,77,0,114,0.92,2024-01-01T00:00:00,2024-04-01T00:00:00,2184,191,39,87.45421245421245,17.857142857142858,0.4031413612565445
2024-Q2,gaussian_naive_bayes,poluentes_subindices_sem_iqar_meteorologia,12337,2184,114,1.0,0.9637681159420289,0.981549815498155,2070,0.6031746031746031,1.0,0.7524752475247525,114,0.8670125315114537,1995,75,0,114,0.93,2024-01-01T00:00:00,2024-04-01T00:00:00,2184,189,38,86.53846153846153,17.3992673992674,0.3968253968253968
2024-Q2,gaussian_naive_bayes,poluentes_subindices_sem_iqar_meteorologia,12337,2184,114,1.0,0.9652173913043478,0.9823008849557522,2070,0.6129032258064516,1.0,0.76,114,0.8711504424778761,1998,72,0,114,0.9400000000000001,2024-01-01T00:00:00,2024-04-01T00:00:00,2184,186,38,85.16483516483517,17.3992673992674,0.3870967741935484
2024-Q2,gaussian_naive_bayes,poluentes_subindices_sem_iqar_meteorologia,12337,2184,114,1.0,0.9666666666666667,0.9830508474576272,2070,0.6229508196721312,1.0,0.7676767676767676,114,0.8753638075671974,2001,69,0,114,0.9500000000000001,2024-01-01T00:00:00,2024-04-01T00:00:00,2184,183,37,83.79120879120879,16.94139194139194,0.3770491803278688
2024-Q2,gaussian_naive_bayes,poluentes_subindices_sem_iqar_meteorologia,12337,2184,114,1.0,0.970048309178744,0.984796468857283,2070,0.6477272727272727,1.0,0.7862068965517242,114,0.8855016827045036,2008,62,0,114,0.96,2024-01-01T00:00:00,2024-04-01T00:00:00,2184,176,36,80.5860805860806,16.483516483516485,0.3522727272727273
2024-Q2,gaussian_naive_bayes,poluentes_subindices_sem_iqar_meteorologia,12337,2184,114,1.0,0.9710144927536232,0.9852941176470589,2070,0.6551724137931034,1.0,0.7916666666666666,114,0.8884803921568627,2010,60,0,114,0.97,2024-01-01T00:00:00,2024-04-01T00:00:00,2184,174,36,79.67032967032966,16.483516483516485,0.3448275862068966
2024-Q2,gaussian_naive_bayes,poluentes_subindices_sem_iqar_meteorologia,12337,2184,114,1.0,0.9743961352657005,0.9870320528505016,2070,0.6826347305389222,1.0,0.8113879003558719,114,0.8992099766031867,2017,53,0,114,0.98,2024-01-01T00:00:00,2024-04-01T00:00:00,2184,167,36,76.46520146520147,16.483516483516485,0.31736526946107785
2024-Q2,gaussian_naive_bayes,poluentes_subindices_sem_iqar_meteorologia,12337,2184,114,0.9980314960629921,0.9797101449275363,0.9887859580692345,2070,0.7236842105263158,0.9649122807017544,0.8270676691729323,114,0.9079268136210834,2028,42,4,110,0.99,2024-01-01T00:00:00,2024-04-01T00:00:00,2184,152,35,69.5970695970696,16.025641025641026,0.27631578947368424
2024-Q2,gaussian_naive_bayes,poluentes_subindices_sem_iqar_meteorologia,12337,2184,114,0.951061865189289,0.9951690821256038,0.9726156751652503,2070,0.4444444444444444,0.07017543859649122,0.12121212121212122,114,0.5469138981886857,2060,10,106,8,1.0,2024-01-01T00:00:00,2024-04-01T00:00:00,2184,18,14,8.241758241758243,6.41025641025641,0.5555555555555556
2024-Q2,gaussian_naive_bayes,subindices_meteorologia,12337,2184,114,0.0,0.0,0.0,2070,0.0521978021978022,1.0,0.09921671018276762,114,0.04960835509138381,0,2070,0,114,0.0,2024-01-01T00:00:00,2024-04-01T00:00:00,2184,2184,1,1000.0,0.45787545787545786,0.9478021978021978
2024-Q2,gaussian_naive_bayes,subindices_meteorologia,12337,2184,114,1.0,0.9024154589371981,0.9487049263585576,2070,0.36075949367088606,1.0,0.5302325581395348,114,0.7394687422490462,1868,202,0,114,0.01,2024-01-01T00:00:00,2024-04-01T00:00:00,2184,316,51,144.6886446886447,23.35164835164835,0.6392405063291139
2024-Q2,gaussian_naive_bayes,subindices_meteorologia,12337,2184,114,1.0,0.9106280193236715,0.9532237673830595,2070,0.38127090301003347,1.0,0.5520581113801453,114,0.7526409393816024,1885,185,0,114,0.02,2024-01-01T00:00:00,2024-04-01T00:00:00,2184,299,53,136.90476190476193,24.267399267399266,0.6187290969899666
2024-Q2,gaussian_naive_bayes,subindices_meteorologia,12337,2184,114,1.0,0.9135265700483092,0.9548093915677859,2070,0.3890784982935154,1.0,0.5601965601965602,114,0.757502975882173,1891,179,0,114,0.03,2024-01-01T00:00:00,2024-04-01T00:00:00,2184,293,52,134.15750915750914,23.809523809523807,0.6109215017064846
2024-Q2,gaussian_naive_bayes,subindices_meteorologia,12337,2184,114,1.0,0.9164251207729469,0.9563902193093018,2070,0.397212543554007,1.0,0.5685785536159601,114,0.762484386462631,1897,173,0,114,0.04,2024-01-01T00:00:00,2024-04-01T00:00:00,2184,287,50,131.4102564102564,22.89377289377289,0.6027874564459931
2024-Q2,gaussian_naive_bayes,subindices_meteorologia,12337,2184,114,1.0,0.9183574879227053,0.9574414505162427,2070,0.4028268551236749,1.0,0.5743073047858942,114,0.7658743776510685,1901,169,0,114,0.05,2024-01-01T00:00:00,2024-04-01T00:00:00,2184,283,50,129.5787545787546,22.89377289377289,0.5971731448763251
2024-Q2,gaussian_naive_bayes,subindices_meteorologia,12337,2184,114,1.0,0.9193236714975845,0.9579662723382835,2070,0.40569395017793597,1.0,0.5772151898734177,114,0.7675907311058505,1903,167,0,114,0.06,2024-01-01T00:00:00,2024-04-01T00:00:00,2184,281,50,128.66300366300365,22.89377289377289,0.594306049822064
2024-Q2,gaussian_naive_bayes,subindices_meteorologia,12337,2184,114,1.0,0.921256038647343,0.9590143324113654,2070,0.41155234657039713,1.0,0.5831202046035806,114,0.771067268507473,1907,163,0,114,0.07,2024-01-01T00:00:00,2024-04-01T00:00:00,2184,277,50,126.83150183150182,22.89377289377289,0.5884476534296029
2024-Q2,gaussian_naive_bayes,subindices_meteorologia,12337,2184,114,1.0,0.921256038647343,0.9590143324113654,2070,0.41155234657039713,1.0,0.5831202046035806,114,0.771067268507473,1907,163,0,114,0.08,2024-01-01T00:00:00,2024-04-01T00:00:00,2184,277,50,126.83150183150182,22.89377289377289,0.5884476534296029
2024-Q2,gaussian_naive_bayes,subindices_meteorologia,12337,2184,114,1.0,0.921256038647343,0.9590143324113654,2070,0.41155234657039713,1.0,0.5831202046035806,114,0.771067268507473,1907,163,0,114,0.09,2024-01-01T00:00:00,2024-04-01T00:00:00,2184,277,50,126.83150183150182,22.89377289377289,0.5884476534296029
2024-Q2,gaussian_naive_bayes,subindices_meteorologia,12337,2184,114,1.0,0.9222222222222223,0.9595375722543352,2070,0.41454545454545455,1.0,0.5861182519280206,114,0.7728279120911778,1909,161,0,114,0.1,2024-01-01T00:00:00,2024-04-01T00:00:00,2184,275,50,125.91575091575092,22.89377289377289,0.5854545454545454
2024-Q2,gaussian_naive_bayes,subindices_meteorologia,12337,2184,114,1.0,0.923671497584541,0.9603214465092919,2070,0.41911764705882354,1.0,0.5906735751295337,114,0.7754975108194128,1912,158,0,114,0.11,2024-01-01T00:00:00,2024-04-01T00:00:00,2184,272,50,124.54212454212454,22.89377289377289,0.5808823529411765
2024-Q2,gaussian_naive_bayes,subindices_meteorologia,12337,2184,114,1.0,0.9251207729468599,0.9611041405269761,2070,0.42379182156133827,1.0,0.5953002610966057,114,0.7782022008117909,1915,155,0,114,0.12,2024-01-01T00:00:00,2024-04-01T00:00:00,2184,269,50,123.16849816849818,22.89377289377289,0.5762081784386617
2024-Q2,gaussian_naive_bayes,subindices_meteorologia,12337,2184,114,1.0,0.9265700483091788,0.9618856569709128,2070,0.42857142857142855,1.0,0.6,114,0.7809428284854564,1918,152,0,114,0.13,2024-01-01T00:00:00,2024-04-01T00:00:00,2184,266,50,121.7948717948718,22.89377289377289,0.5714285714285714
2024-Q2,gaussian_naive_bayes,subindices_meteorologia,12337,2184,114,1.0,0.9265700483091788,0.9618856569709128,2070,0.42857142857142855,1.0,0.6,114,0.7809428284854564,1918,152,0,114,0.14,2024-01-01T00:00:00,2024-04-01T00:00:00,2184,266,50,121.7948717948718,22.89377289377289,0.5714285714285714
2024-Q2,gaussian_naive_bayes,subindices_meteorologia,12337,2184,114,1.0,0.9280193236714975,0.9626659984966174,2070,0.43346007604562736,1.0,0.6047745358090185,114,0.783720267152818,1921,149,0,114,0.15,2024-01-01T00:00:00,2024-04-01T00:00:00,2184,263,50,120.42124542124543,22.89377289377289,0.5665399239543726
2024-Q2,gaussian_naive_bayes,subindices_meteorologia,12337,2184,114,1.0,0.9294685990338164,0.9634451677516275,2070,0.43846153846153846,1.0,0.6096256684491979,114,0.7865354181004127,1924,146,0,114,0.16,2024-01-01T00:00:00,2024-04-01T00:00:00,2184,260,50,119.04761904761904,22.89377289377289,0.5615384615384615
2024-Q2,gaussian_naive_bayes,subindices_meteorologia,12337,2184,114,1.0,0.9299516908212561,0.9637046307884856,2070,0.44015444015444016,1.0,0.6112600536193029,114,0.7874823422038942,1925,145,0,114,0.17,2024-01-01T00:00:00,2024-04-01T00:00:00,2184,259,50,118.58974358974359,22.89377289377289,0.5598455598455598
2024-Q2,gaussian_naive_bayes,subindices_meteorologia,12337,2184,114,1.0,0.9304347826086956,0.963963963963964,2070,0.4418604651162791,1.0,0.6129032258064516,114,0.7884335948852078,1926,144,0,114,0.18,2024-01-01T00:00:00,2024-04-01T00:00:00,2184,258,49,118.13186813186813,22.435897435897434,0.5581395348837209
2024-Q2,gaussian_naive_bayes,subindices_meteorologia,12337,2184,114,1.0,0.9318840579710145,0.9647411852963241,2070,0.4470588235294118,1.0,0.6178861788617886,114,0.7913136820790564,1929,141,0,114,0.19,2024-01-01T00:00:00,2024-04-01T00:00:00,2184,255,49,116.75824175824177,22.435897435897434,0.5529411764705883
2024-Q2,gaussian_naive_bayes,subindices_meteorologia,12337,2184,114,1.0,0.9323671497584541,0.965,2070,0.44881889763779526,1.0,0.6195652173913043,114,0.7922826086956521,1930,140,0,114,0.2,2024-01-01T00:00:00,2024-04-01T00:00:00,2184,254,48,116.3003663003663,21.978021978021978,0.5511811023622047
2024-Q2,gaussian_naive_bayes,subindices_meteorologia,12337,2184,114,1.0,0.9328502415458937,0.9652586853286679,2070,0.4505928853754941,1.0,0.6212534059945504,114,0.7932560456616091,1931,139,0,114,0.21,2024-01-01T00:00:00,2024-04-01T00:00:00,2184,253,48,115.84249084249085,21.978021978021978,0.549407114624506
2024-Q2,gaussian_naive_bayes,subindices_meteorologia,12337,2184,114,1.0,0.9328502415458937,0.9652586853286679,2070,0.4505928853754941,1.0,0.6212534059945504,114,0.7932560456616091,1931,139,0,114,0.22,2024-01-01T00:00:00,2024-04-01T00:00:00,2184,253,48,115.84249084249085,21.978021978021978,0.549407114624506
2024-Q2,gaussian_naive_bayes,subindices_meteorologia,12337,2184,114,1.0,0.9328502415458937,0.9652586853286679,2070,0.4505928853754941,1.0,0.6212534059945504,114,0.7932560456616091,1931,139,0,114,0.23,2024-01-01T00:00:00,2024-04-01T00:00:00,2184,253,48,115.84249084249085,21.978021978021978,0.549407114624506
2024-Q2,gaussian_naive_bayes,subindices_meteorologia,12337,2184,114,1.0,0.9328502415458937,0.9652586853286679,2070,0.4505928853754941,1.0,0.6212534059945504,114,0.7932560456616091,1931,139,0,114,0.24,2024-01-01T00:00:00,2024-04-01T00:00:00,2184,253,48,115.84249084249085,21.978021978021978,0.549407114624506
2024-Q2,gaussian_naive_bayes,subindices_meteorologia,12337,2184,114,1.0,0.9333333333333333,0.9655172413793104,2070,0.4523809523809524,1.0,0.6229508196721312,114,0.7942340305257207,1932,138,0,114,0.25,2024-01-01T00:00:00,2024-04-01T00:00:00,2184,252,48,115.38461538461539,21.978021978021978,0.5476190476190477
2024-Q2,gaussian_naive_bayes,subindices_meteorologia,12337,2184,114,1.0,0.9338164251207729,0.9657756682488133,2070,0.4541832669322709,1.0,0.6246575342465753,114,0.7952166012476943,1933,137,0,114,0.26,2024-01-01T00:00:00,2024-04-01T00:00:00,2184,251,48,114.92673992673993,21.978021978021978,0.545816733067729
2024-Q2,gaussian_naive_bayes,subindices_meteorologia,12337,2184,114,1.0,0.9338164251207729,0.9657756682488133,2070,0.4541832669322709,1.0,0.6246575342465753,114,0.7952166012476943,1933,137,0,114,0.27,2024-01-01T00:00:00,2024-04-01T00:00:00,2184,251,48,114.92673992673993,21.978021978021978,0.545816733067729
2024-Q2,gaussian_naive_bayes,subindices_meteorologia,12337,2184,114,1.0,0.9342995169082126,0.9660339660339661,2070,0.456,1.0,0.6263736263736264,114,0.7962037962037962,1934,136,0,114,0.28,2024-01-01T00:00:00,2024-04-01T00:00:00,2184,250,48,114.46886446886447,21.978021978021978,0.544
2024-Q2,gaussian_naive_bayes,subindices_meteorologia,12337,2184,114,1.0,0.9342995169082126,0.9660339660339661,2070,0.456,1.0,0.6263736263736264,114,0.7962037962037962,1934,136,0,114,0.29,2024-01-01T00:00:00,2024-04-01T00:00:00,2184,250,48,114.46886446886447,21.978021978021978,0.544
2024-Q2,gaussian_naive_bayes,subindices_meteorologia,12337,2184,114,1.0,0.9347826086956522,0.9662921348314607,2070,0.4578313253012048,1.0,0.628099173553719,114,0.7971956541925899,1935,135,0,114,0.3,2024-01-01T00:00:00,2024-04-01T00:00:00,2184,249,48,114.01098901098901,21.978021978021978,0.5421686746987951
2024-Q2,gaussian_naive_bayes,subindices_meteorologia,12337,2184,114,1.0,0.936231884057971,0.9670658682634731,2070,0.4634146341463415,1.0,0.6333333333333333,114,0.8001996007984031,1938,132,0,114,0.31,2024-01-01T00:00:00,2024-04-01T00:00:00,2184,246,48,112.63736263736264,21.978021978021978,0.5365853658536586
2024-Q2,gaussian_naive_bayes,subindices_meteorologia,12337,2184,114,1.0,0.936231884057971,0.9670658682634731,2070,0.4634146341463415,1.0,0.6333333333333333,114,0.8001996007984031,1938,132,0,114,0.32,2024-01-01T00:00:00,2024-04-01T00:00:00,2184,246,48,112.63736263736264,21.978021978021978,0.5365853658536586
2024-Q2,gaussian_naive_bayes,subindices_meteorologia,12337,2184,114,1.0,0.936231884057971,0.9670658682634731,2070,0.4634146341463415,1.0,0.6333333333333333,114,0.8001996007984031,1938,132,0,114,0.33,2024-01-01T00:00:00,2024-04-01T00:00:00,2184,246,48,112.63736263736264,21.978021978021978,0.5365853658536586
2024-Q2,gaussian_naive_bayes,subindices_meteorologia,12337,2184,114,1.0,0.936231884057971,0.9670658682634731,2070,0.4634146341463415,1.0,0.6333333333333333,114,0.8001996007984031,1938,132,0,114,0.34,2024-01-01T00:00:00,2024-04-01T00:00:00,2184,246,48,112.63736263736264,21.978021978021978,0.5365853658536586
2024-Q2,gaussian_naive_bayes,subindices_meteorologia,12337,2184,114,1.0,0.9367149758454106,0.9673235220753305,2070,0.46530612244897956,1.0,0.6350974930362117,114,0.8012105075557711,1939,131,0,114,0.35000000000000003,2024-01-01T00:00:00,2024-04-01T00:00:00,2184,245,48,112.17948717948718,21.978021978021978,0.5346938775510204
2024-Q2,gaussian_naive_bayes,subindices_meteorologia,12337,2184,114,1.0,0.9371980676328503,0.9675810473815462,2070,0.4672131147540984,1.0,0.6368715083798883,114,0.8022262778807172,1940,130,0,114,0.36,2024-01-01T00:00:00,2024-04-01T00:00:00,2184,244,48,111.72161172161172,21.978021978021978,0.5327868852459017
2024-Q2,gaussian_naive_bayes,subindices_meteorologia,12337,2184,114,1.0,0.9381642512077295,0.9680957128614157,2070,0.47107438016528924,1.0,0.6404494382022472,114,0.8042725755318314,1942,128,0,114,0.37,2024-01-01T00:00:00,2024-04-01T00:00:00,2184,242,47,110.8058608058608,21.52014652014652,0.5289256198347108
2024-Q2,gaussian_naive_bayes,subindices_meteorologia,12337,2184,114,1.0,0.9381642512077295,0.9680957128614157,2070,0.47107438016528924,1.0,0.6404494382022472,114,0.8042725755318314,1942,128,0,114,0.38,2024-01-01T00:00:00,2024-04-01T00:00:00,2184,242,47,110.8058608058608,21.52014652014652,0.5289256198347108
2024-Q2,gaussian_naive_bayes,subindices_meteorologia,12337,2184,114,1.0,0.9381642512077295,0.9680957128614157,2070,0.47107438016528924,1.0,0.6404494382022472,114,0.8042725755318314,1942,128,0,114,0.39,2024-01-01T00:00:00,2024-04-01T00:00:00,2184,242,47,110.8058608058608,21.52014652014652,0.5289256198347108
2024-Q2,gaussian_naive_bayes,subindices_meteorologia,12337,2184,114,1.0,0.938647342995169,0.9683528532270123,2070,0.4730290456431535,1.0,0.6422535211267606,114,0.8053031871768864,1943,127,0,114,0.4,2024-01-01T00:00:00,2024-04-01T00:00:00,2184,241,47,110.34798534798534,21.52014652014652,0.5269709543568465
2024-Q2,gaussian_naive_bayes,subindices_meteorologia,12337,2184,114,1.0,0.938647342995169,0.9683528532270123,2070,0.4730290456431535,1.0,0.6422535211267606,114,0.8053031871768864,1943,127,0,114,0.41000000000000003,2024-01-01T00:00:00,2024-04-01T00:00:00,2184,241,47,110.34798534798534,21.52014652014652,0.5269709543568465
2024-Q2,gaussian_naive_bayes,subindices_meteorologia,12337,2184,114,1.0,0.9396135265700483,0.9688667496886675,2070,0.4769874476987448,1.0,0.6458923512747875,114,0.8073795504817275,1945,125,0,114,0.42,2024-01-01T00:00:00,2024-04-01T00:00:00,2184,239,45,109.43223443223444,20.604395604395606,0.5230125523012552
2024-Q2,gaussian_naive_bayes,subindices_meteorologia,12337,2184,114,1.0,0.9400966183574879,0.9691235059760956,2070,0.4789915966386555,1.0,0.6477272727272727,114,0.8084253893516842,1946,124,0,114,0.43,2024-01-01T00:00:00,2024-04-01T00:00:00,2184,238,44,108.97435897435898,20.14652014652015,0.5210084033613446
2024-Q2,gaussian_naive_bayes,subindices_meteorologia,12337,2184,114,1.0,0.9400966183574879,0.9691235059760956,2070,0.4789915966386555,1.0,0.6477272727272727,114,0.8084253893516842,1946,124,0,114,0.44,2024-01-01T00:00:00,2024-04-01T00:00:00,2184,238,44,108.97435897435898,20.14652014652015,0.5210084033613446
2024-Q2,gaussian_naive_bayes,subindices_meteorologia,12337,2184,114,1.0,0.9400966183574879,0.9691235059760956,2070,0.4789915966386555,1.0,0.6477272727272727,114,0.8084253893516842,1946,124,0,114,0.45,2024-01-01T00:00:00,2024-04-01T00:00:00,2184,238,44,108.97435897435898,20.14652014652015,0.5210084033613446
2024-Q2,gaussian_naive_bayes,subindices_meteorologia,12337,2184,114,1.0,0.9405797101449276,0.9693801344286781,2070,0.4810126582278481,1.0,0.6495726495726496,114,0.8094763920006638,1947,123,0,114,0.46,2024-01-01T00:00:00,2024-04-01T00:00:00,2184,237,44,108.51648351648352,20.14652014652015,0.5189873417721519
2024-Q2,gaussian_naive_bayes,subindices_meteorologia,12337,2184,114,1.0,0.9405797101449276,0.9693801344286781,2070,0.4810126582278481,1.0,0.6495726495726496,114,0.8094763920006638,1947,123,0,114,0.47000000000000003,2024-01-01T00:00:00,2024-04-01T00:00:00,2184,237,44,108.51648351648352,20.14652014652015,0.5189873417721519
2024-Q2,gaussian_naive_bayes,subindices_meteorologia,12337,2184,114,1.0,0.9415458937198068,0.9698930082109978,2070,0.4851063829787234,1.0,0.6532951289398281,114,0.8115940685754129,1949,121,0,114,0.48,2024-01-01T00:00:00,2024-04-01T00:00:00,2184,235,44,107.60073260073261,20.14652014652015,0.5148936170212766
2024-Q2,gaussian_naive_bayes,subindices_meteorologia,12337,2184,114,1.0,0.9415458937198068,0.9698930082109978,2070,0.4851063829787234,1.0,0.6532951289398281,114,0.8115940685754129,1949,121,0,114,0.49,2024-01-01T00:00:00,2024-04-01T00:00:00,2184,235,44,107.60073260073261,20.14652014652015,0.5148936170212766
2024-Q2,gaussian_naive_bayes,subindices_meteorologia,12337,2184,114,1.0,0.942512077294686,0.9704053717980602,2070,0.4892703862660944,1.0,0.6570605187319885,114,0.8137329452650244,1951,119,0,114,0.5,2024-01-01T00:00:00,2024-04-01T00:00:00,2184,233,43,106.68498168498168,19.68864468864469,0.5107296137339056
2024-Q2,gaussian_naive_bayes,subindices_meteorologia,12337,2184,114,1.0,0.942512077294686,0.9704053717980602,2070,0.4892703862660944,1.0,0.6570605187319885,114,0.8137329452650244,1951,119,0,114,0.51,2024-01-01T00:00:00,2024-04-01T00:00:00,2184,233,43,106.68498168498168,19.68864468864469,0.5107296137339056
2024-Q2,gaussian_naive_bayes,subindices_meteorologia,12337,2184,114,1.0,0.942512077294686,0.9704053717980602,2070,0.4892703862660944,1.0,0.6570605187319885,114,0.8137329452650244,1951,119,0,114,0.52,2024-01-01T00:00:00,2024-04-01T00:00:00,2184,233,43,106.68498168498168,19.68864468864469,0.5107296137339056
2024-Q2,gaussian_naive_bayes,subindices_meteorologia,12337,2184,114,1.0,0.942512077294686,0.9704053717980602,2070,0.4892703862660944,1.0,0.6570605187319885,114,0.8137329452650244,1951,119,0,114,0.53,2024-01-01T00:00:00,2024-04-01T00:00:00,2184,233,43,106.68498168498168,19.68864468864469,0.5107296137339056
2024-Q2,gaussian_naive_bayes,subindices_meteorologia,12337,2184,114,1.0,0.9429951690821256,0.9706613625062158,2070,0.49137931034482757,1.0,0.6589595375722543,114,0.814810450039235,1952,118,0,114,0.54,2024-01-01T00:00:00,2024-04-01T00:00:00,2184,232,44,106.22710622710622,20.14652014652015,0.5086206896551724
2024-Q2,gaussian_naive_bayes,subindices_meteorologia,12337,2184,114,1.0,0.9429951690821256,0.9706613625062158,2070,0.49137931034482757,1.0,0.6589595375722543,114,0.814810450039235,1952,118,0,114,0.55,2024-01-01T00:00:00,2024-04-01T00:00:00,2184,232,44,106.22710622710622,20.14652014652015,0.5086206896551724
2024-Q2,gaussian_naive_bayes,subindices_meteorologia,12337,2184,114,1.0,0.9434782608695652,0.970917225950783,2070,0.4935064935064935,1.0,0.6608695652173913,114,0.8158933955840871,1953,117,0,114,0.56,2024-01-01T00:00:00,2024-04-01T00:00:00,2184,231,44,105.76923076923077,20.14652014652015,0.5064935064935064
2024-Q2,gaussian_naive_bayes,subindices_meteorologia,12337,2184,114,1.0,0.9439613526570049,0.9711729622266402,2070,0.4956521739130435,1.0,0.6627906976744186,114,0.8169818299505294,1954,116,0,114,0.5700000000000001,2024-01-01T00:00:00,2024-04-01T00:00:00,2184,230,44,105.31135531135531,20.14652014652015,0.5043478260869565
2024-Q2,gaussian_naive_bayes,subindices_meteorologia,12337,2184,114,1.0,0.9439613526570049,0.9711729622266402,2070,0.4956521739130435,1.0,0.6627906976744186,114,0.8169818299505294,1954,116,0,114,0.58,2024-01-01T00:00:00,2024-04-01T00:00:00,2184,230,44,105.31135531135531,20.14652014652015,0.5043478260869565
2024-Q2,gaussian_naive_bayes,subindices_meteorologia,12337,2184,114,1.0,0.9439613526570049,0.9711729622266402,2070,0.4956521739130435,1.0,0.6627906976744186,114,0.8169818299505294,1954,116,0,114,0.59,2024-01-01T00:00:00,2024-04-01T00:00:00,2184,230,44,105.31135531135531,20.14652014652015,0.5043478260869565
2024-Q2,gaussian_naive_bayes,subindices_meteorologia,12337,2184,114,1.0,0.9444444444444444,0.9714285714285714,2070,0.4978165938864629,1.0,0.6647230320699709,114,0.8180758017492711,1955,115,0,114,0.6,2024-01-01T00:00:00,2024-04-01T00:00:00,2184,229,44,104.85347985347985,20.14652014652015,0.5021834061135371
2024-Q2,gaussian_naive_bayes,subindices_meteorologia,12337,2184,114,1.0,0.9454106280193236,0.9719394089893221,2070,0.5022026431718062,1.0,0.6686217008797654,114,0.8202805549345438,1957,113,0,114,0.61,2024-01-01T00:00:00,2024-04-01T00:00:00,2184,227,43,103.93772893772895,19.68864468864469,0.4977973568281938
2024-Q2,gaussian_naive_bayes,subindices_meteorologia,12337,2184,114,1.0,0.9458937198067633,0.9721946375372393,2070,0.504424778761062,1.0,0.6705882352941176,114,0.8213914364156785,1958,112,0,114,0.62,2024-01-01T00:00:00,2024-04-01T00:00:00,2184,226,43,103.47985347985347,19.68864468864469,0.49557522123893805
2024-Q2,gaussian_naive_bayes,subindices_meteorologia,12337,2184,114,1.0,0.9458937198067633,0.9721946375372393,2070,0.504424778761062,1.0,0.6705882352941176,114,0.8213914364156785,1958,112,0,114,0.63,2024-01-01T00:00:00,2024-04-01T00:00:00,2184,226,43,103.47985347985347,19.68864468864469,0.49557522123893805
2024-Q2,gaussian_naive_bayes,subindices_meteorologia,12337,2184,114,1.0,0.9468599033816425,0.9727047146401985,2070,0.5089285714285714,1.0,0.6745562130177515,114,0.823630463828975,1960,110,0,114,0.64,2024-01-01T00:00:00,2024-04-01T00:00:00,2184,224,43,102.56410256410255,19.68864468864469,0.49107142857142855
2024-Q2,gaussian_naive_bayes,subindices_meteorologia,12337,2184,114,1.0,0.9478260869565217,0.9732142857142857,2070,0.5135135135135135,1.0,0.6785714285714286,114,0.8258928571428572,1962,108,0,114,0.65,2024-01-01T00:00:00,2024-04-01T00:00:00,2184,222,43,101.64835164835165,19.68864468864469,0.4864864864864865
2024-Q2,gaussian_naive_bayes,subindices_meteorologia,12337,2184,114,1.0,0.9483091787439614,0.9734688817257625,2070,0.5158371040723982,1.0,0.6805970149253732,114,0.8270329483255678,1963,107,0,114,0.66,2024-01-01T00:00:00,2024-04-01T00:00:00,2184,221,43,101.19047619047619,19.68864468864469,0.4841628959276018
2024-Q2,gaussian_naive_bayes,subindices_meteorologia,12337,2184,114,1.0,0.9492753623188406,0.9739776951672863,2070,0.5205479452054794,1.0,0.6846846846846847,114,0.8293311899259854,1965,105,0,114,0.67,2024-01-01T00:00:00,2024-04-01T00:00:00,2184,219,42,100.27472527472528,19.230769230769234,0.4794520547945205
2024-Q2,gaussian_naive_bayes,subindices_meteorologia,12337,2184,114,1.0,0.9492753623188406,0.9739776951672863,2070,0.5205479452054794,1.0,0.6846846846846847,114,0.8293311899259854,1965,105,0,114,0.68,2024-01-01T00:00:00,2024-04-01T00:00:00,2184,219,42,100.27472527472528,19.230769230769234,0.4794520547945205
2024-Q2,gaussian_naive_bayes,subindices_meteorologia,12337,2184,114,1.0,0.9492753623188406,0.9739776951672863,2070,0.5205479452054794,1.0,0.6846846846846847,114,0.8293311899259854,1965,105,0,114,0.6900000000000001,2024-01-01T00:00:00,2024-04-01T00:00:00,2184,219,42,100.27472527472528,19.230769230769234,0.4794520547945205
2024-Q2,gaussian_naive_bayes,subindices_meteorologia,12337,2184,114,1.0,0.9497584541062802,0.9742319127849356,2070,0.5229357798165137,1.0,0.6867469879518072,114,0.8304894503683714,1966,104,0,114,0.7000000000000001,2024-01-01T00:00:00,2024-04-01T00:00:00,2184,218,41,99.81684981684982,18.772893772893774,0.47706422018348627
2024-Q2,gaussian_naive_bayes,subindices_meteorologia,12337,2184,114,1.0,0.9497584541062802,0.9742319127849356,2070,0.5229357798165137,1.0,0.6867469879518072,114,0.8304894503683714,1966,104,0,114,0.71,2024-01-01T00:00:00,2024-04-01T00:00:00,2184,218,41,99.81684981684982,18.772893772893774,0.47706422018348627
2024-Q2,gaussian_naive_bayes,subindices_meteorologia,12337,2184,114,1.0,0.9497584541062802,0.9742319127849356,2070,0.5229357798165137,1.0,0.6867469879518072,114,0.8304894503683714,1966,104,0,114,0.72,2024-01-01T00:00:00,2024-04-01T00:00:00,2184,218,41,99.81684981684982,18.772893772893774,0.47706422018348627
2024-Q2,gaussian_naive_bayes,subindices_meteorologia,12337,2184,114,1.0,0.9497584541062802,0.9742319127849356,2070,0.5229357798165137,1.0,0.6867469879518072,114,0.8304894503683714,1966,104,0,114,0.73,2024-01-01T00:00:00,2024-04-01T00:00:00,2184,218,41,99.81684981684982,18.772893772893774,0.47706422018348627
2024-Q2,gaussian_naive_bayes,subindices_meteorologia,12337,2184,114,1.0,0.9497584541062802,0.9742319127849356,2070,0.5229357798165137,1.0,0.6867469879518072,114,0.8304894503683714,1966,104,0,114,0.74,2024-01-01T00:00:00,2024-04-01T00:00:00,2184,218,41,99.81684981684982,18.772893772893774,0.47706422018348627
2024-Q2,gaussian_naive_bayes,subindices_meteorologia,12337,2184,114,1.0,0.9507246376811594,0.974739970282318,2070,0.5277777777777778,1.0,0.6909090909090909,114,0.8328245305957045,1968,102,0,114,0.75,2024-01-01T00:00:00,2024-04-01T00:00:00,2184,216,41,98.90109890109889,18.772893772893774,0.4722222222222222
2024-Q2,gaussian_naive_bayes,subindices_meteorologia,12337,2184,114,1.0,0.9507246376811594,0.974739970282318,2070,0.5277777777777778,1.0,0.6909090909090909,114,0.8328245305957045,1968,102,0,114,0.76,2024-01-01T00:00:00,2024-04-01T00:00:00,2184,216,41,98.90109890109889,18.772893772893774,0.4722222222222222
2024-Q2,gaussian_naive_bayes,subindices_meteorologia,12337,2184,114,1.0,0.9507246376811594,0.974739970282318,2070,0.5277777777777778,1.0,0.6909090909090909,114,0.8328245305957045,1968,102,0,114,0.77,2024-01-01T00:00:00,2024-04-01T00:00:00,2184,216,41,98.90109890109889,18.772893772893774,0.4722222222222222
2024-Q2,gaussian_naive_bayes,subindices_meteorologia,12337,2184,114,1.0,0.9507246376811594,0.974739970282318,2070,0.5277777777777778,1.0,0.6909090909090909,114,0.8328245305957045,1968,102,0,114,0.78,2024-01-01T00:00:00,2024-04-01T00:00:00,2184,216,41,98.90109890109889,18.772893772893774,0.4722222222222222
2024-Q2,gaussian_naive_bayes,subindices_meteorologia,12337,2184,114,1.0,0.9507246376811594,0.974739970282318,2070,0.5277777777777778,1.0,0.6909090909090909,114,0.8328245305957045,1968,102,0,114,0.79,2024-01-01T00:00:00,2024-04-01T00:00:00,2184,216,41,98.90109890109889,18.772893772893774,0.4722222222222222
2024-Q2,gaussian_naive_bayes,subindices_meteorologia,12337,2184,114,1.0,0.951207729468599,0.9749938103490963,2070,0.5302325581395348,1.0,0.6930091185410334,114,0.8340014644450648,1969,101,0,114,0.8,2024-01-01T00:00:00,2024-04-01T00:00:00,2184,215,41,98.44322344322345,18.772893772893774,0.4697674418604651
2024-Q2,gaussian_naive_bayes,subindices_meteorologia,12337,2184,114,1.0,0.9516908212560387,0.9752475247524752,2070,0.5327102803738317,1.0,0.6951219512195121,114,0.8351847379859937,1970,100,0,114,0.81,2024-01-01T00:00:00,2024-04-01T00:00:00,2184,214,41,97.98534798534799,18.772893772893774,0.4672897196261682
2024-Q2,gaussian_naive_bayes,subindices_meteorologia,12337,2184,114,1.0,0.9516908212560387,0.9752475247524752,2070,0.5327102803738317,1.0,0.6951219512195121,114,0.8351847379859937,1970,100,0,114,0.8200000000000001,2024-01-01T00:00:00,2024-04-01T00:00:00,2184,214,41,97.98534798534799,18.772893772893774,0.4672897196261682
2024-Q2,gaussian_naive_bayes,subindices_meteorologia,12337,2184,114,1.0,0.9516908212560387,0.9752475247524752,2070,0.5327102803738317,1.0,0.6951219512195121,114,0.8351847379859937,1970,100,0,114,0.8300000000000001,2024-01-01T00:00:00,2024-04-01T00:00:00,2184,214,41,97.98534798534799,18.772893772893774,0.4672897196261682
2024-Q2,gaussian_naive_bayes,subindices_meteorologia,12337,2184,114,1.0,0.9521739130434783,0.9755011135857461,2070,0.5352112676056338,1.0,0.6972477064220184,114,0.8363744100038822,1971,99,0,114,0.84,2024-01-01T00:00:00,2024-04-01T00:00:00,2184,213,41,97.52747252747253,18.772893772893774,0.4647887323943662
2024-Q2,gaussian_naive_bayes,subindices_meteorologia,12337,2184,114,1.0,0.9521739130434783,0.9755011135857461,2070,0.5352112676056338,1.0,0.6972477064220184,114,0.8363744100038822,1971,99,0,114,0.85,2024-01-01T00:00:00,2024-04-01T00:00:00,2184,213,41,97.52747252747253,18.772893772893774,0.4647887323943662
2024-Q2,gaussian_naive_bayes,subindices_meteorologia,12337,2184,114,1.0,0.9526570048309179,0.9757545769421079,2070,0.5377358490566038,1.0,0.6993865030674846,114,0.8375705400047962,1972,98,0,114,0.86,2024-01-01T00:00:00,2024-04-01T00:00:00,2184,212,41,97.06959706959707,18.772893772893774,0.46226415094339623
2024-Q2,gaussian_naive_bayes,subindices_meteorologia,12337,2184,114,1.0,0.9531400966183575,0.9760079149146673,2070,0.5402843601895735,1.0,0.7015384615384616,114,0.8387731882265644,1973,97,0,114,0.87,2024-01-01T00:00:00,2024-04-01T00:00:00,2184,211,41,96.61172161172162,18.772893772893774,0.4597156398104265
2024-Q2,gaussian_naive_bayes,subindices_meteorologia,12337,2184,114,1.0,0.9541062801932367,0.9765142150803461,2070,0.5454545454545454,1.0,0.7058823529411765,114,0.8411982840107612,1975,95,0,114,0.88,2024-01-01T00:00:00,2024-04-01T00:00:00,2184,209,41,95.69597069597069,18.772893772893774,0.45454545454545453
2024-Q2,gaussian_naive_bayes,subindices_meteorologia,12337,2184,114,1.0,0.9545893719806763,0.9767671774592189,2070,0.5480769230769231,1.0,0.7080745341614907,114,0.8424208558103548,1976,94,0,114,0.89,2024-01-01T00:00:00,2024-04-01T00:00:00,2184,208,41,95.23809523809523,18.772893772893774,0.4519230769230769
2024-Q2,gaussian_naive_bayes,subindices_meteorologia,12337,2184,114,1.0,0.9550724637681159,0.9770200148257969,2070,0.5507246376811594,1.0,0.7102803738317757,114,0.8436501943287863,1977,93,0,114,0.9,2024-01-01T00:00:00,2024-04-01T00:00:00,2184,207,41,94.78021978021978,18.772893772893774,0.4492753623188406
2024-Q2,gaussian_naive_bayes,subindices_meteorologia,12337,2184,114,1.0,0.9560386473429952,0.9775253148925661,2070,0.5560975609756098,1.0,0.7147335423197492,114,0.8461294286061576,1979,91,0,114,0.91,2024-01-01T00:00:00,2024-04-01T00:00:00,2184,205,41,93.86446886446886,18.772893772893774,0.44390243902439025
2024-Q2,gaussian_naive_bayes,subindices_meteorologia,12337,2184,114,1.0,0.9570048309178744,0.9780301160207356,2070,0.5615763546798029,1.0,0.7192429022082019,114,0.8486365091144688,1981,89,0,114,0.92,2024-01-01T00:00:00,2024-04-01T00:00:00,2184,203,41,92.94871794871796,18.772893772893774,0.43842364532019706
2024-Q2,gaussian_naive_bayes,subindices_meteorologia,12337,2184,114,1.0,0.9570048309178744,0.9780301160207356,2070,0.5615763546798029,1.0,0.7192429022082019,114,0.8486365091144688,1981,89,0,114,0.93,2024-01-01T00:00:00,2024-04-01T00:00:00,2184,203,41,92.94871794871796,18.772893772893774,0.43842364532019706
2024-Q2,gaussian_naive_bayes,subindices_meteorologia,12337,2184,114,1.0,0.9584541062801932,0.978786383818451,2070,0.57,1.0,0.7261146496815286,114,0.8524505167499898,1984,86,0,114,0.9400000000000001,2024-01-01T00:00:00,2024-04-01T00:00:00,2184,200,41,91.57509157509156,18.772893772893774,0.43
2024-Q2,gaussian_naive_bayes,subindices_meteorologia,12337,2184,114,1.0,0.9589371980676329,0.9790382244143033,2070,0.5728643216080402,1.0,0.7284345047923323,114,0.8537363646033178,1985,85,0,114,0.9500000000000001,2024-01-01T00:00:00,2024-04-01T00:00:00,2184,199,40,91.11721611721612,18.315018315018317,0.4271356783919598
2024-Q2,gaussian_naive_bayes,subindices_meteorologia,12337,2184,114,1.0,0.9603864734299516,0.9797930014785609,2070,0.5816326530612245,1.0,0.7354838709677419,114,0.8576384362231514,1988,82,0,114,0.96,2024-01-01T00:00:00,2024-04-01T00:00:00,2184,196,40,89.74358974358974,18.315018315018317,0.41836734693877553
2024-Q2,gaussian_naive_bayes,subindices_meteorologia,12337,2184,114,1.0,0.9618357487922705,0.9805466633834031,2070,0.5906735751295337,1.0,0.742671009771987,114,0.861608836577695,1991,79,0,114,0.97,2024-01-01T00:00:00,2024-04-01T00:00:00,2184,193,41,88.36996336996337,18.772893772893774,0.40932642487046633
2024-Q2,gaussian_naive_bayes,subindices_meteorologia,12337,2184,114,1.0,0.9637681159420289,0.981549815498155,2070,0.6031746031746031,1.0,0.7524752475247525,114,0.8670125315114537,1995,75,0,114,0.98,2024-01-01T00:00:00,2024-04-01T00:00:00,2184,189,41,86.53846153846153,18.772893772893774,0.3968253968253968
2024-Q2,gaussian_naive_bayes,subindices_meteorologia,12337,2184,114,1.0,0.9666666666666667,0.9830508474576272,2070,0.6229508196721312,1.0,0.7676767676767676,114,0.8753638075671974,2001,69,0,114,0.99,2024-01-01T00:00:00,2024-04-01T00:00:00,2184,183,42,83.79120879120879,19.230769230769234,0.3770491803278688
2024-Q2,gaussian_naive_bayes,subindices_meteorologia,12337,2184,114,0.960820895522388,0.9951690821256038,0.9776934029425723,2070,0.75,0.2631578947368421,0.38961038961038963,114,0.683651896276481,2060,10,84,30,1.0,2024-01-01T00:00:00,2024-04-01T00:00:00,2184,40,17,18.315018315018317,7.783882783882784,0.25
2024-Q2,gaussian_naive_bayes,subindices_sem_iqar_meteorologia,12337,2184,114,0.0,0.0,0.0,2070,0.0521978021978022,1.0,0.09921671018276762,114,0.04960835509138381,0,2070,0,114,0.0,2024-01-01T00:00:00,2024-04-01T00:00:00,2184,2184,1,1000.0,0.45787545787545786,0.9478021978021978
2024-Q2,gaussian_naive_bayes,subindices_sem_iqar_meteorologia,12337,2184,114,1.0,0.8874396135265701,0.9403634502175582,2070,0.3285302593659942,1.0,0.4945770065075922,114,0.7174702283625751,1837,233,0,114,0.01,2024-01-01T00:00:00,2024-04-01T00:00:00,2184,347,60,158.88278388278388,27.47252747252747,0.6714697406340058
2024-Q2,gaussian_naive_bayes,subindices_sem_iqar_meteorologia,12337,2184,114,1.0,0.9024154589371981,0.9487049263585576,2070,0.36075949367088606,1.0,0.5302325581395348,114,0.7394687422490462,1868,202,0,114,0.02,2024-01-01T00:00:00,2024-04-01T00:00:00,2184,316,58,144.6886446886447,26.556776556776555,0.6392405063291139
2024-Q2,gaussian_naive_bayes,subindices_sem_iqar_meteorologia,12337,2184,114,1.0,0.9111111111111111,0.9534883720930233,2070,0.3825503355704698,1.0,0.5533980582524272,114,0.7534432151727253,1886,184,0,114,0.03,2024-01-01T00:00:00,2024-04-01T00:00:00,2184,298,54,136.44688644688642,24.725274725274723,0.6174496644295302
2024-Q2,gaussian_naive_bayes,subindices_sem_iqar_meteorologia,12337,2184,114,1.0,0.9173913043478261,0.9569160997732427,2070,0.4,1.0,0.5714285714285714,114,0.764172335600907,1899,171,0,114,0.04,2024-01-01T00:00:00,2024-04-01T00:00:00,2184,285,52,130.4945054945055,23.809523809523807,0.6
2024-Q2,gaussian_naive_bayes,subindices_sem_iqar_meteorologia,12337,2184,114,1.0,0.9183574879227053,0.9574414505162427,2070,0.4028268551236749,1.0,0.5743073047858942,114,0.7658743776510685,1901,169,0,114,0.05,2024-01-01T00:00:00,2024-04-01T00:00:00,2184,283,52,129.5787545787546,23.809523809523807,0.5971731448763251
2024-Q2,gaussian_naive_bayes,subindices_sem_iqar_meteorologia,12337,2184,114,1.0,0.923671497584541,0.9603214465092919,2070,0.41911764705882354,1.0,0.5906735751295337,114,0.7754975108194128,1912,158,0,114,0.06,2024-01-01T00:00:00,2024-04-01T00:00:00,2184,272,52,124.54212454212454,23.809523809523807,0.5808823529411765
2024-Q2,gaussian_naive_bayes,subindices_sem_iqar_meteorologia,12337,2184,114,1.0,0.9251207729468599,0.9611041405269761,2070,0.42379182156133827,1.0,0.5953002610966057,114,0.7782022008117909,1915,155,0,114,0.07,2024-01-01T00:00:00,2024-04-01T00:00:00,2184,269,51,123.16849816849818,23.35164835164835,0.5762081784386617
2024-Q2,gaussian_naive_bayes,subindices_sem_iqar_meteorologia,12337,2184,114,1.0,0.927536231884058,0.9624060150375939,2070,0.4318181818181818,1.0,0.6031746031746031,114,0.7827903091060986,1920,150,0,114,0.08,2024-01-01T00:00:00,2024-04-01T00:00:00,2184,264,51,120.87912087912088,23.35164835164835,0.5681818181818182
2024-Q2,gaussian_naive_bayes,subindices_sem_iqar_meteorologia,12337,2184,114,1.0,0.9294685990338164,0.9634451677516275,2070,0.43846153846153846,1.0,0.6096256684491979,114,0.7865354181004127,1924,146,0,114,0.09,2024-01-01T00:00:00,2024-04-01T00:00:00,2184,260,51,119.04761904761904,23.35164835164835,0.5615384615384615
2024-Q2,gaussian_naive_bayes,subindices_sem_iqar_meteorologia,12337,2184,114,1.0,0.9304347826086956,0.963963963963964,2070,0.4418604651162791,1.0,0.6129032258064516,114,0.7884335948852078,1926,144,0,114,0.1,2024-01-01T00:00:00,2024-04-01T00:00:00,2184,258,51,118.13186813186813,23.35164835164835,0.5581395348837209
2024-Q2,gaussian_naive_bayes,subindices_sem_iqar_meteorologia,12337,2184,114,1.0,0.9314009661835749,0.9644822411205602,2070,0.4453125,1.0,0.6162162162162163,114,0.7903492286683882,1928,142,0,114,0.11,2024-01-01T00:00:00,2024-04-01T00:00:00,2184,256,51,117.21611721611721,23.35164835164835,0.5546875
2024-Q2,gaussian_naive_bayes,subindices_sem_iqar_meteorologia,12337,2184,114,1.0,0.9323671497584541,0.965,2070,0.44881889763779526,1.0,0.6195652173913043,114,0.7922826086956521,1930,140,0,114,0.12,2024-01-01T00:00:00,2024-04-01T00:00:00,2184,254,51,116.3003663003663,23.35164835164835,0.5511811023622047
2024-Q2,gaussian_naive_bayes,subindices_sem_iqar_meteorologia,12337,2184,114,1.0,0.9342995169082126,0.9660339660339661,2070,0.456,1.0,0.6263736263736264,114,0.7962037962037962,1934,136,0,114,0.13,2024-01-01T00:00:00,2024-04-01T00:00:00,2184,250,50,114.46886446886447,22.89377289377289,0.544
2024-Q2,gaussian_naive_bayes,subindices_sem_iqar_meteorologia,12337,2184,114,1.0,0.9357487922705314,0.966808085849763,2070,0.46153846153846156,1.0,0.631578947368421,114,0.799193516609092,1937,133,0,114,0.14,2024-01-01T00:00:00,2024-04-01T00:00:00,2184,247,50,113.0952380952381,22.89377289377289,0.5384615384615384
2024-Q2,gaussian_naive_bayes,subindices_sem_iqar_meteorologia,12337,2184,114,1.0,0.9371980676328503,0.9675810473815462,2070,0.4672131147540984,1.0,0.6368715083798883,114,0.8022262778807172,1940,130,0,114,0.15,2024-01-01T00:00:00,2024-04-01T00:00:00,2184,244,50,111.72161172161172,22.89377289377289,0.5327868852459017
2024-Q2,gaussian_naive_bayes,subindices_sem_iqar_meteorologia,12337,2184,114,1.0,0.9381642512077295,0.9680957128614157,2070,0.47107438016528924,1.0,0.6404494382022472,114,0.8042725755318314,1942,128,0,114,0.16,2024-01-01T00:00:00,2024-04-01T00:00:00,2184,242,50,110.8058608058608,22.89377289377289,0.5289256198347108
2024-Q2,gaussian_naive_bayes,subindices_sem_iqar_meteorologia,12337,2184,114,1.0,0.9391304347826087,0.968609865470852,2070,0.475,1.0,0.6440677966101694,114,0.8063388310405107,1944,126,0,114,0.17,2024-01-01T00:00:00,2024-04-01T00:00:00,2184,240,50,109.89010989010988,22.89377289377289,0.525
2024-Q2,gaussian_naive_bayes,subindices_sem_iqar_meteorologia,12337,2184,114,1.0,0.9400966183574879,0.9691235059760956,2070,0.4789915966386555,1.0,0.6477272727272727,114,0.8084253893516842,1946,124,0,114,0.18,2024-01-01T00:00:00,2024-04-01T00:00:00,2184,238,51,108.97435897435898,23.35164835164835,0.5210084033613446
2024-Q2,gaussian_naive_bayes,subindices_sem_iqar_meteorologia,12337,2184,114,1.0,0.9400966183574879,0.9691235059760956,2070,0.4789915966386555,1.0,0.6477272727272727,114,0.8084253893516842,1946,124,0,114,0.19,2024-01-01T00:00:00,2024-04-01T00:00:00,2184,238,51,108.97435897435898,23.35164835164835,0.5210084033613446
2024-Q2,gaussian_naive_bayes,subindices_sem_iqar_meteorologia,12337,2184,114,1.0,0.9405797101449276,0.9693801344286781,2070,0.4810126582278481,1.0,0.6495726495726496,114,0.8094763920006638,1947,123,0,114,0.2,2024-01-01T00:00:00,2024-04-01T00:00:00,2184,237,51,108.51648351648352,23.35164835164835,0.5189873417721519
2024-Q2,gaussian_naive_bayes,subindices_sem_iqar_meteorologia,12337,2184,114,1.0,0.9410628019323671,0.9696366351418616,2070,0.4830508474576271,1.0,0.6514285714285715,114,0.8105326032852165,1948,122,0,114,0.21,2024-01-01T00:00:00,2024-04-01T00:00:00,2184,236,51,108.05860805860806,23.35164835164835,0.5169491525423728
2024-Q2,gaussian_naive_bayes,subindices_sem_iqar_meteorologia,12337,2184,114,1.0,0.9410628019323671,0.9696366351418616,2070,0.4830508474576271,1.0,0.6514285714285715,114,0.8105326032852165,1948,122,0,114,0.22,2024-01-01T00:00:00,2024-04-01T00:00:00,2184,236,51,108.05860805860806,23.35164835164835,0.5169491525423728
2024-Q2,gaussian_naive_bayes,subindices_sem_iqar_meteorologia,12337,2184,114,1.0,0.9420289855072463,0.9701492537313433,2070,0.48717948717948717,1.0,0.6551724137931034,114,0.8126608337622234,1950,120,0,114,0.23,2024-01-01T00:00:00,2024-04-01T00:00:00,2184,234,50,107.14285714285714,22.89377289377289,0.5128205128205128
2024-Q2,gaussian_naive_bayes,subindices_sem_iqar_meteorologia,12337,2184,114,1.0,0.9434782608695652,0.970917225950783,2070,0.4935064935064935,1.0,0.6608695652173913,114,0.8158933955840871,1953,117,0,114,0.24,2024-01-01T00:00:00,2024-04-01T00:00:00,2184,231,50,105.76923076923077,22.89377289377289,0.5064935064935064
2024-Q2,gaussian_naive_bayes,subindices_sem_iqar_meteorologia,12337,2184,114,1.0,0.9449275362318841,0.9716840536512668,2070,0.5,1.0,0.6666666666666666,114,0.8191753601589666,1956,114,0,114,0.25,2024-01-01T00:00:00,2024-04-01T00:00:00,2184,228,49,104.3956043956044,22.435897435897434,0.5
2024-Q2,gaussian_naive_bayes,subindices_sem_iqar_meteorologia,12337,2184,114,1.0,0.9458937198067633,0.9721946375372393,2070,0.504424778761062,1.0,0.6705882352941176,114,0.8213914364156785,1958,112,0,114,0.26,2024-01-01T00:00:00,2024-04-01T00:00:00,2184,226,49,103.47985347985347,22.435897435897434,0.49557522123893805
2024-Q2,gaussian_naive_bayes,subindices_sem_iqar_meteorologia,12337,2184,114,1.0,0.9458937198067633,0.9721946375372393,2070,0.504424778761062,1.0,0.6705882352941176,114,0.8213914364156785,1958,112,0,114,0.27,2024-01-01T00:00:00,2024-04-01T00:00:00,2184,226,49,103.47985347985347,22.435897435897434,0.49557522123893805
2024-Q2,gaussian_naive_bayes,subindices_sem_iqar_meteorologia,12337,2184,114,1.0,0.946376811594203,0.9724497393894267,2070,0.5066666666666667,1.0,0.672566371681416,114,0.8225080555354214,1959,111,0,114,0.28,2024-01-01T00:00:00,2024-04-01T00:00:00,2184,225,49,103.02197802197801,22.435897435897434,0.49333333333333335
2024-Q2,gaussian_naive_bayes,subindices_sem_iqar_meteorologia,12337,2184,114,1.0,0.9473429951690822,0.9729595633837758,2070,0.5112107623318386,1.0,0.6765578635014837,114,0.8247587134426297,1961,109,0,114,0.29,2024-01-01T00:00:00,2024-04-01T00:00:00,2184,223,49,102.10622710622711,22.435897435897434,0.48878923766816146
2024-Q2,gaussian_naive_bayes,subindices_sem_iqar_meteorologia,12337,2184,114,1.0,0.9483091787439614,0.9734688817257625,2070,0.5158371040723982,1.0,0.6805970149253732,114,0.8270329483255678,1963,107,0,114,0.3,2024-01-01T00:00:00,2024-04-01T00:00:00,2184,221,49,101.19047619047619,22.435897435897434,0.4841628959276018
2024-Q2,gaussian_naive_bayes,subindices_sem_iqar_meteorologia,12337,2184,114,1.0,0.9483091787439614,0.9734688817257625,2070,0.5158371040723982,1.0,0.6805970149253732,114,0.8270329483255678,1963,107,0,114,0.31,2024-01-01T00:00:00,2024-04-01T00:00:00,2184,221,49,101.19047619047619,22.435897435897434,0.4841628959276018
2024-Q2,gaussian_naive_bayes,subindices_sem_iqar_meteorologia,12337,2184,114,1.0,0.9497584541062802,0.9742319127849356,2070,0.5229357798165137,1.0,0.6867469879518072,114,0.8304894503683714,1966,104,0,114,0.32,2024-01-01T00:00:00,2024-04-01T00:00:00,2184,218,48,99.81684981684982,21.978021978021978,0.47706422018348627
2024-Q2,gaussian_naive_bayes,subindices_sem_iqar_meteorologia,12337,2184,114,1.0,0.9502415458937198,0.9744860044587565,2070,0.5253456221198156,1.0,0.6888217522658611,114,0.8316538783623089,1967,103,0,114,0.33,2024-01-01T00:00:00,2024-04-01T00:00:00,2184,217,47,99.35897435897435,21.52014652014652,0.47465437788018433
2024-Q2,gaussian_naive_bayes,subindices_sem_iqar_meteorologia,12337,2184,114,1.0,0.9516908212560387,0.9752475247524752,2070,0.5327102803738317,1.0,0.6951219512195121,114,0.8351847379859937,1970,100,0,114,0.34,2024-01-01T00:00:00,2024-04-01T00:00:00,2184,214,47,97.98534798534799,21.52014652014652,0.4672897196261682
2024-Q2,gaussian_naive_bayes,subindices_sem_iqar_meteorologia,12337,2184,114,1.0,0.9531400966183575,0.9760079149146673,2070,0.5402843601895735,1.0,0.7015384615384616,114,0.8387731882265644,1973,97,0,114,0.35000000000000003,2024-01-01T00:00:00,2024-04-01T00:00:00,2184,211,47,96.61172161172162,21.52014652014652,0.4597156398104265
2024-Q2,gaussian_naive_bayes,subindices_sem_iqar_meteorologia,12337,2184,114,1.0,0.9531400966183575,0.9760079149146673,2070,0.5402843601895735,1.0,0.7015384615384616,114,0.8387731882265644,1973,97,0,114,0.36,2024-01-01T00:00:00,2024-04-01T00:00:00,2184,211,47,96.61172161172162,21.52014652014652,0.4597156398104265
2024-Q2,gaussian_naive_bayes,subindices_sem_iqar_meteorologia,12337,2184,114,1.0,0.9531400966183575,0.9760079149146673,2070,0.5402843601895735,1.0,0.7015384615384616,114,0.8387731882265644,1973,97,0,114,0.37,2024-01-01T00:00:00,2024-04-01T00:00:00,2184,211,47,96.61172161172162,21.52014652014652,0.4597156398104265
2024-Q2,gaussian_naive_bayes,subindices_sem_iqar_meteorologia,12337,2184,114,1.0,0.9536231884057971,0.9762611275964391,2070,0.5428571428571428,1.0,0.7037037037037037,114,0.8399824156500715,1974,96,0,114,0.38,2024-01-01T00:00:00,2024-04-01T00:00:00,2184,210,47,96.15384615384616,21.52014652014652,0.45714285714285713
2024-Q2,gaussian_naive_bayes,subindices_sem_iqar_meteorologia,12337,2184,114,1.0,0.9545893719806763,0.9767671774592189,2070,0.5480769230769231,1.0,0.7080745341614907,114,0.8424208558103548,1976,94,0,114,0.39,2024-01-01T00:00:00,2024-04-01T00:00:00,2184,208,47,95.23809523809523,21.52014652014652,0.4519230769230769
2024-Q2,gaussian_naive_bayes,subindices_sem_iqar_meteorologia,12337,2184,114,1.0,0.9545893719806763,0.9767671774592189,2070,0.5480769230769231,1.0,0.7080745341614907,114,0.8424208558103548,1976,94,0,114,0.4,2024-01-01T00:00:00,2024-04-01T00:00:00,2184,208,47,95.23809523809523,21.52014652014652,0.4519230769230769
2024-Q2,gaussian_naive_bayes,subindices_sem_iqar_meteorologia,12337,2184,114,1.0,0.9550724637681159,0.9770200148257969,2070,0.5507246376811594,1.0,0.7102803738317757,114,0.8436501943287863,1977,93,0,114,0.41000000000000003,2024-01-01T00:00:00,2024-04-01T00:00:00,2184,207,46,94.78021978021978,21.062271062271062,0.4492753623188406
2024-Q2,gaussian_naive_bayes,subindices_sem_iqar_meteorologia,12337,2184,114,1.0,0.9560386473429952,0.9775253148925661,2070,0.5560975609756098,1.0,0.7147335423197492,114,0.8461294286061576,1979,91,0,114,0.42,2024-01-01T00:00:00,2024-04-01T00:00:00,2184,205,46,93.86446886446886,21.062271062271062,0.44390243902439025
2024-Q2,gaussian_naive_bayes,subindices_sem_iqar_meteorologia,12337,2184,114,1.0,0.9570048309178744,0.9780301160207356,2070,0.5615763546798029,1.0,0.7192429022082019,114,0.8486365091144688,1981,89,0,114,0.43,2024-01-01T00:00:00,2024-04-01T00:00:00,2184,203,46,92.94871794871796,21.062271062271062,0.43842364532019706
2024-Q2,gaussian_naive_bayes,subindices_sem_iqar_meteorologia,12337,2184,114,1.0,0.957487922705314,0.9782823297137216,2070,0.5643564356435643,1.0,0.7215189873417721,114,0.8499006585277469,1982,88,0,114,0.44,2024-01-01T00:00:00,2024-04-01T00:00:00,2184,202,46,92.4908424908425,21.062271062271062,0.43564356435643564
2024-Q2,gaussian_naive_bayes,subindices_sem_iqar_meteorologia,12337,2184,114,1.0,0.9579710144927536,0.9785344189489267,2070,0.5671641791044776,1.0,0.7238095238095238,114,0.8511719713792252,1983,87,0,114,0.45,2024-01-01T00:00:00,2024-04-01T00:00:00,2184,201,46,92.03296703296704,21.062271062271062,0.43283582089552236
2024-Q2,gaussian_naive_bayes,subindices_sem_iqar_meteorologia,12337,2184,114,1.0,0.9579710144927536,0.9785344189489267,2070,0.5671641791044776,1.0,0.7238095238095238,114,0.8511719713792252,1983,87,0,114,0.46,2024-01-01T00:00:00,2024-04-01T00:00:00,2184,201,46,92.03296703296704,21.062271062271062,0.43283582089552236
2024-Q2,gaussian_naive_bayes,subindices_sem_iqar_meteorologia,12337,2184,114,0.9994962216624685,0.9584541062801932,0.9785450061652281,2070,0.5678391959798995,0.9912280701754386,0.7220447284345048,114,0.8502948672998665,1984,86,1,113,0.47000000000000003,2024-01-01T00:00:00,2024-04-01T00:00:00,2184,199,47,91.11721611721612,21.52014652014652,0.4321608040201005
2024-Q2,gaussian_naive_bayes,subindices_sem_iqar_meteorologia,12337,2184,114,0.9994962216624685,0.9584541062801932,0.9785450061652281,2070,0.5678391959798995,0.9912280701754386,0.7220447284345048,114,0.8502948672998665,1984,86,1,113,0.48,2024-01-01T00:00:00,2024-04-01T00:00:00,2184,199,47,91.11721611721612,21.52014652014652,0.4321608040201005
2024-Q2,gaussian_naive_bayes,subindices_sem_iqar_meteorologia,12337,2184,114,0.9994969818913481,0.9599033816425121,0.9793001478560868,2070,0.576530612244898,0.9912280701754386,0.7290322580645161,114,0.8541662029603014,1987,83,1,113,0.49,2024-01-01T00:00:00,2024-04-01T00:00:00,2184,196,47,89.74358974358974,21.52014652014652,0.42346938775510207
2024-Q2,gaussian_naive_bayes,subindices_sem_iqar_meteorologia,12337,2184,114,0.9994969818913481,0.9599033816425121,0.9793001478560868,2070,0.576530612244898,0.9912280701754386,0.7290322580645161,114,0.8541662029603014,1987,83,1,113,0.5,2024-01-01T00:00:00,2024-04-01T00:00:00,2184,196,47,89.74358974358974,21.52014652014652,0.42346938775510207
2024-Q2,gaussian_naive_bayes,subindices_sem_iqar_meteorologia,12337,2184,114,0.9994972347913524,0.9603864734299516,0.9795516136979552,2070,0.5794871794871795,0.9912280701754386,0.7313915857605178,114,0.8554715997292365,1988,82,1,113,0.51,2024-01-01T00:00:00,2024-04-01T00:00:00,2184,195,46,89.28571428571429,21.062271062271062,0.4205128205128205
2024-Q2,gaussian_naive_bayes,subindices_sem_iqar_meteorologia,12337,2184,114,0.9994972347913524,0.9603864734299516,0.9795516136979552,2070,0.5794871794871795,0.9912280701754386,0.7313915857605178,114,0.8554715997292365,1988,82,1,113,0.52,2024-01-01T00:00:00,2024-04-01T00:00:00,2184,195,46,89.28571428571429,21.062271062271062,0.4205128205128205
2024-Q2,gaussian_naive_bayes,subindices_sem_iqar_meteorologia,12337,2184,114,0.9994974874371859,0.9608695652173913,0.9798029556650246,2070,0.5824742268041238,0.9912280701754386,0.7337662337662337,114,0.8567845947156292,1989,81,1,113,0.53,2024-01-01T00:00:00,2024-04-01T00:00:00,2184,194,46,88.82783882783883,21.062271062271062,0.4175257731958763
2024-Q2,gaussian_naive_bayes,subindices_sem_iqar_meteorologia,12337,2184,114,0.9994977398292315,0.961352657004831,0.9800541738488057,2070,0.5854922279792746,0.9912280701754386,0.7361563517915309,114,0.8581052628201683,1990,80,1,113,0.54,2024-01-01T00:00:00,2024-04-01T00:00:00,2184,193,46,88.36996336996337,21.062271062271062,0.41450777202072536
2024-Q2,gaussian_naive_bayes,subindices_sem_iqar_meteorologia,12337,2184,114,0.9994984954864594,0.9628019323671497,0.9808070866141733,2070,0.5947368421052631,0.9912280701754386,0.743421052631579,114,0.8621140696228762,1993,77,1,113,0.55,2024-01-01T00:00:00,2024-04-01T00:00:00,2184,190,46,86.99633699633699,21.062271062271062,0.4052631578947368
2024-Q2,gaussian_naive_bayes,subindices_sem_iqar_meteorologia,12337,2184,114,0.9994984954864594,0.9628019323671497,0.9808070866141733,2070,0.5947368421052631,0.9912280701754386,0.743421052631579,114,0.8621140696228762,1993,77,1,113,0.56,2024-01-01T00:00:00,2024-04-01T00:00:00,2184,190,46,86.99633699633699,21.062271062271062,0.4052631578947368
2024-Q2,gaussian_naive_bayes,subindices_sem_iqar_meteorologia,12337,2184,114,0.9994987468671679,0.9632850241545894,0.9810578105781058,2070,0.5978835978835979,0.9912280701754386,0.7458745874587459,114,0.8634661990184258,1994,76,1,113,0.5700000000000001,2024-01-01T00:00:00,2024-04-01T00:00:00,2184,189,46,86.53846153846153,21.062271062271062,0.4021164021164021
2024-Q2,gaussian_naive_bayes,subindices_sem_iqar_meteorologia,12337,2184,114,0.9994987468671679,0.9632850241545894,0.9810578105781058,2070,0.5978835978835979,0.9912280701754386,0.7458745874587459,114,0.8634661990184258,1994,76,1,113,0.58,2024-01-01T00:00:00,2024-04-01T00:00:00,2184,189,46,86.53846153846153,21.062271062271062,0.4021164021164021
2024-Q2,gaussian_naive_bayes,subindices_sem_iqar_meteorologia,12337,2184,114,0.999498997995992,0.9637681159420289,0.9813084112149533,2070,0.601063829787234,0.9912280701754386,0.7483443708609272,114,0.8648263910379402,1995,75,1,113,0.59,2024-01-01T00:00:00,2024-04-01T00:00:00,2184,188,46,86.08058608058607,21.062271062271062,0.39893617021276595
2024-Q2,gaussian_naive_bayes,subindices_sem_iqar_meteorologia,12337,2184,114,0.999498997995992,0.9637681159420289,0.9813084112149533,2070,0.601063829787234,0.9912280701754386,0.7483443708609272,114,0.8648263910379402,1995,75,1,113,0.6,2024-01-01T00:00:00,2024-04-01T00:00:00,2184,188,46,86.08058608058607,21.062271062271062,0.39893617021276595
2024-Q2,gaussian_naive_bayes,subindices_sem_iqar_meteorologia,12337,2184,114,0.9994994994994995,0.9647342995169083,0.9818092428711898,2070,0.6075268817204301,0.9912280701754386,0.7533333333333333,114,0.8675712881022615,1997,73,1,113,0.61,2024-01-01T00:00:00,2024-04-01T00:00:00,2184,186,46,85.16483516483517,21.062271062271062,0.3924731182795699
2024-Q2,gaussian_naive_bayes,subindices_sem_iqar_meteorologia,12337,2184,114,0.9995,0.9657004830917875,0.9823095823095823,2070,0.6141304347826086,0.9912280701754386,0.7583892617449665,114,0.8703494220272744,1999,71,1,113,0.62,2024-01-01T00:00:00,2024-04-01T00:00:00,2184,184,46,84.24908424908425,21.062271062271062,0.3858695652173913
2024-Q2,gaussian_naive_bayes,subindices_sem_iqar_meteorologia,12337,2184,114,0.9995002498750625,0.966183574879227,0.9825595676737903,2070,0.6174863387978142,0.9912280701754386,0.7609427609427609,114,0.8717511643082756,2000,70,1,113,0.63,2024-01-01T00:00:00,2024-04-01T00:00:00,2184,183,45,83.79120879120879,20.604395604395606,0.3825136612021858
2024-Q2,gaussian_naive_bayes,subindices_sem_iqar_meteorologia,12337,2184,114,0.9995004995004995,0.9666666666666667,0.9828094302554028,2070,0.6208791208791209,0.9912280701754386,0.7635135135135135,114,0.8731614718844581,2001,69,1,113,0.64,2024-01-01T00:00:00,2024-04-01T00:00:00,2184,182,45,83.33333333333333,20.604395604395606,0.3791208791208791
2024-Q2,gaussian_naive_bayes,subindices_sem_iqar_meteorologia,12337,2184,114,0.9995004995004995,0.9666666666666667,0.9828094302554028,2070,0.6208791208791209,0.9912280701754386,0.7635135135135135,114,0.8731614718844581,2001,69,1,113,0.65,2024-01-01T00:00:00,2024-04-01T00:00:00,2184,182,45,83.33333333333333,20.604395604395606,0.3791208791208791
2024-Q2,gaussian_naive_bayes,subindices_sem_iqar_meteorologia,12337,2184,114,0.9995007488766849,0.9671497584541063,0.9830591701448563,2070,0.6243093922651933,0.9912280701754386,0.7661016949152543,114,0.8745804325300552,2002,68,1,113,0.66,2024-01-01T00:00:00,2024-04-01T00:00:00,2184,181,45,82.87545787545787,20.604395604395606,0.3756906077348066
2024-Q2,gaussian_naive_bayes,subindices_sem_iqar_meteorologia,12337,2184,114,0.9995009980039921,0.9676328502415459,0.9833087874324987,2070,0.6277777777777778,0.9912280701754386,0.7687074829931972,114,0.8760081352128479,2003,67,1,113,0.67,2024-01-01T00:00:00,2024-04-01T00:00:00,2184,180,44,82.41758241758242,20.14652014652015,0.37222222222222223
2024-Q2,gaussian_naive_bayes,subindices_sem_iqar_meteorologia,12337,2184,114,0.9995009980039921,0.9676328502415459,0.9833087874324987,2070,0.6277777777777778,0.9912280701754386,0.7687074829931972,114,0.8760081352128479,2003,67,1,113,0.68,2024-01-01T00:00:00,2024-04-01T00:00:00,2184,180,44,82.41758241758242,20.14652014652015,0.37222222222222223
2024-Q2,gaussian_naive_bayes,subindices_sem_iqar_meteorologia,12337,2184,114,0.9995009980039921,0.9676328502415459,0.9833087874324987,2070,0.6277777777777778,0.9912280701754386,0.7687074829931972,114,0.8760081352128479,2003,67,1,113,0.6900000000000001,2024-01-01T00:00:00,2024-04-01T00:00:00,2184,180,44,82.41758241758242,20.14652014652015,0.37222222222222223
2024-Q2,gaussian_naive_bayes,subindices_sem_iqar_meteorologia,12337,2184,114,0.9995009980039921,0.9676328502415459,0.9833087874324987,2070,0.6277777777777778,0.9912280701754386,0.7687074829931972,114,0.8760081352128479,2003,67,1,113,0.7000000000000001,2024-01-01T00:00:00,2024-04-01T00:00:00,2184,180,44,82.41758241758242,20.14652014652015,0.37222222222222223
2024-Q2,gaussian_naive_bayes,subindices_sem_iqar_meteorologia,12337,2184,114,0.9995009980039921,0.9676328502415459,0.9833087874324987,2070,0.6277777777777778,0.9912280701754386,0.7687074829931972,114,0.8760081352128479,2003,67,1,113,0.71,2024-01-01T00:00:00,2024-04-01T00:00:00,2184,180,44,82.41758241758242,20.14652014652015,0.37222222222222223
2024-Q2,gaussian_naive_bayes,subindices_sem_iqar_meteorologia,12337,2184,114,0.9995009980039921,0.9676328502415459,0.9833087874324987,2070,0.6277777777777778,0.9912280701754386,0.7687074829931972,114,0.8760081352128479,2003,67,1,113,0.72,2024-01-01T00:00:00,2024-04-01T00:00:00,2184,180,44,82.41758241758242,20.14652014652015,0.37222222222222223
2024-Q2,gaussian_naive_bayes,subindices_sem_iqar_meteorologia,12337,2184,114,0.9995012468827931,0.9681159420289855,0.983558282208589,2070,0.6312849162011173,0.9912280701754386,0.7713310580204779,114,0.8774446701145334,2004,66,1,113,0.73,2024-01-01T00:00:00,2024-04-01T00:00:00,2184,179,44,81.95970695970696,20.14652014652015,0.3687150837988827
2024-Q2,gaussian_naive_bayes,subindices_sem_iqar_meteorologia,12337,2184,114,0.9995014955134596,0.9685990338164251,0.9838076545632973,2070,0.6348314606741573,0.9912280701754386,0.773972602739726,114,0.8788901286515116,2005,65,1,113,0.74,2024-01-01T00:00:00,2024-04-01T00:00:00,2184,178,44,81.5018315018315,20.14652014652015,0.3651685393258427
2024-Q2,gaussian_naive_bayes,subindices_sem_iqar_meteorologia,12337,2184,114,0.9995014955134596,0.9685990338164251,0.9838076545632973,2070,0.6348314606741573,0.9912280701754386,0.773972602739726,114,0.8788901286515116,2005,65,1,113,0.75,2024-01-01T00:00:00,2024-04-01T00:00:00,2184,178,44,81.5018315018315,20.14652014652015,0.3651685393258427
2024-Q2,gaussian_naive_bayes,subindices_sem_iqar_meteorologia,12337,2184,114,0.9995014955134596,0.9685990338164251,0.9838076545632973,2070,0.6348314606741573,0.9912280701754386,0.773972602739726,114,0.8788901286515116,2005,65,1,113,0.76,2024-01-01T00:00:00,2024-04-01T00:00:00,2184,178,44,81.5018315018315,20.14652014652015,0.3651685393258427
2024-Q2,gaussian_naive_bayes,subindices_sem_iqar_meteorologia,12337,2184,114,0.9995017438963627,0.9690821256038648,0.9840569045867059,2070,0.6384180790960452,0.9912280701754386,0.7766323024054983,114,0.8803446034961021,2006,64,1,113,0.77,2024-01-01T00:00:00,2024-04-01T00:00:00,2184,177,44,81.04395604395604,20.14652014652015,0.3615819209039548
2024-Q2,gaussian_naive_bayes,subindices_sem_iqar_meteorologia,12337,2184,114,0.9995017438963627,0.9690821256038648,0.9840569045867059,2070,0.6384180790960452,0.9912280701754386,0.7766323024054983,114,0.8803446034961021,2006,64,1,113,0.78,2024-01-01T00:00:00,2024-04-01T00:00:00,2184,177,44,81.04395604395604,20.14652014652015,0.3615819209039548
2024-Q2,gaussian_naive_bayes,subindices_sem_iqar_meteorologia,12337,2184,114,0.9995019920318725,0.9695652173913043,0.9843060323688082,2070,0.6420454545454546,0.9912280701754386,0.7793103448275862,114,0.8818081885981972,2007,63,1,113,0.79,2024-01-01T00:00:00,2024-04-01T00:00:00,2184,176,43,80.5860805860806,19.68864468864469,0.35795454545454547
2024-Q2,gaussian_naive_bayes,subindices_sem_iqar_meteorologia,12337,2184,114,0.9995019920318725,0.9695652173913043,0.9843060323688082,2070,0.6420454545454546,0.9912280701754386,0.7793103448275862,114,0.8818081885981972,2007,63,1,113,0.8,2024-01-01T00:00:00,2024-04-01T00:00:00,2184,176,43,80.5860805860806,19.68864468864469,0.35795454545454547
2024-Q2,gaussian_naive_bayes,subindices_sem_iqar_meteorologia,12337,2184,114,0.9990054699154649,0.9705314009661836,0.9845626072041166,2070,0.6473988439306358,0.9824561403508771,0.7804878048780488,114,0.8825252060410826,2009,61,2,112,0.81,2024-01-01T00:00:00,2024-04-01T00:00:00,2184,173,42,79.2124542124542,19.230769230769234,0.35260115606936415
2024-Q2,gaussian_naive_bayes,subindices_sem_iqar_meteorologia,12337,2184,114,0.9990064580228515,0.9714975845410628,0.9850600048983591,2070,0.6549707602339181,0.9824561403508771,0.7859649122807018,114,0.8855124585895304,2011,59,2,112,0.8200000000000001,2024-01-01T00:00:00,2024-04-01T00:00:00,2184,171,43,78.2967032967033,19.68864468864469,0.34502923976608185
2024-Q2,gaussian_naive_bayes,subindices_sem_iqar_meteorologia,12337,2184,114,0.9990064580228515,0.9714975845410628,0.9850600048983591,2070,0.6549707602339181,0.9824561403508771,0.7859649122807018,114,0.8855124585895304,2011,59,2,112,0.8300000000000001,2024-01-01T00:00:00,2024-04-01T00:00:00,2184,171,43,78.2967032967033,19.68864468864469,0.34502923976608185
2024-Q2,gaussian_naive_bayes,subindices_sem_iqar_meteorologia,12337,2184,114,0.9990079365079365,0.9729468599033816,0.9858051884483603,2070,0.6666666666666666,0.9824561403508771,0.7943262411347518,114,0.890065714791556,2014,56,2,112,0.84,2024-01-01T00:00:00,2024-04-01T00:00:00,2184,168,41,76.92307692307693,18.772893772893774,0.3333333333333333
2024-Q2,gaussian_naive_bayes,subindices_sem_iqar_meteorologia,12337,2184,114,0.999008428358949,0.9734299516908212,0.9860533398580866,2070,0.6706586826347305,0.9824561403508771,0.797153024911032,114,0.8916031823845594,2015,55,2,112,0.85,2024-01-01T00:00:00,2024-04-01T00:00:00,2184,167,40,76.46520146520147,18.315018315018317,0.32934131736526945
2024-Q2,gaussian_naive_bayes,subindices_sem_iqar_meteorologia,12337,2184,114,0.999009900990099,0.9748792270531401,0.9867970660146699,2070,0.6829268292682927,0.9824561403508771,0.8057553956834532,114,0.8962762308490615,2018,52,2,112,0.86,2024-01-01T00:00:00,2024-04-01T00:00:00,2184,164,40,75.0915750915751,18.315018315018317,0.3170731707317073
2024-Q2,gaussian_naive_bayes,subindices_sem_iqar_meteorologia,12337,2184,114,0.9990103908955963,0.9753623188405797,0.9870447323392814,2070,0.6871165644171779,0.9824561403508771,0.8086642599277978,114,0.8978544961335395,2019,51,2,112,0.87,2024-01-01T00:00:00,2024-04-01T00:00:00,2184,163,40,74.63369963369964,18.315018315018317,0.3128834355828221
2024-Q2,gaussian_naive_bayes,subindices_sem_iqar_meteorologia,12337,2184,114,0.9985163204747775,0.9753623188405797,0.9868035190615836,2070,0.6851851851851852,0.9736842105263158,0.8043478260869565,114,0.8955756725742701,2019,51,3,111,0.88,2024-01-01T00:00:00,2024-04-01T00:00:00,2184,162,40,74.17582417582418,18.315018315018317,0.3148148148148148
2024-Q2,gaussian_naive_bayes,subindices_sem_iqar_meteorologia,12337,2184,114,0.9985170538803757,0.9758454106280193,0.9870510627901294,2070,0.6894409937888198,0.9736842105263158,0.8072727272727273,114,0.8971618950314284,2020,50,3,111,0.89,2024-01-01T00:00:00,2024-04-01T00:00:00,2184,161,40,73.71794871794872,18.315018315018317,0.3105590062111801
2024-Q2,gaussian_naive_bayes,subindices_sem_iqar_meteorologia,12337,2184,114,0.9980266403552047,0.9772946859903382,0.9875518672199171,2070,0.7006369426751592,0.9649122807017544,0.8118081180811808,114,0.899679992650549,2023,47,4,110,0.9,2024-01-01T00:00:00,2024-04-01T00:00:00,2184,157,38,71.88644688644688,17.3992673992674,0.29936305732484075
2024-Q2,gaussian_naive_bayes,subindices_sem_iqar_meteorologia,12337,2184,114,0.9970443349753695,0.9777777777777777,0.9873170731707317,2070,0.7012987012987013,0.9473684210526315,0.8059701492537313,114,0.8966436112122316,2024,46,6,108,0.91,2024-01-01T00:00:00,2024-04-01T00:00:00,2184,154,38,70.51282051282051,17.3992673992674,0.2987012987012987
2024-Q2,gaussian_naive_bayes,subindices_sem_iqar_meteorologia,12337,2184,114,0.9965534219596258,0.9777777777777777,0.9870763228480859,2070,0.6993464052287581,0.9385964912280702,0.8014981273408239,114,0.8942872250944549,2024,46,7,107,0.92,2024-01-01T00:00:00,2024-04-01T00:00:00,2184,153,38,70.05494505494505,17.3992673992674,0.3006535947712418
2024-Q2,gaussian_naive_bayes,subindices_sem_iqar_meteorologia,12337,2184,114,0.9965601965601966,0.9797101449275363,0.9880633373934227,2070,0.7181208053691275,0.9385964912280702,0.8136882129277566,114,0.9008757751605896,2028,42,7,107,0.93,2024-01-01T00:00:00,2024-04-01T00:00:00,2184,149,38,68.22344322344321,17.3992673992674,0.28187919463087246
2024-Q2,gaussian_naive_bayes,subindices_sem_iqar_meteorologia,12337,2184,114,0.9965635738831615,0.9806763285024155,0.9885561236912588,2070,0.7278911564625851,0.9385964912280702,0.8199233716475096,114,0.9042397476693842,2030,40,7,107,0.9400000000000001,2024-01-01T00:00:00,2024-04-01T00:00:00,2184,147,38,67.3076923076923,17.3992673992674,0.272108843537415
2024-Q2,gaussian_naive_bayes,subindices_sem_iqar_meteorologia,12337,2184,114,0.9965669445806769,0.9816425120772947,0.9890484302750061,2070,0.7379310344827587,0.9385964912280702,0.8262548262548263,114,0.9076516282649162,2032,38,7,107,0.9500000000000001,2024-01-01T00:00:00,2024-04-01T00:00:00,2184,145,38,66.39194139194139,17.3992673992674,0.2620689655172414
2024-Q2,gaussian_naive_bayes,subindices_sem_iqar_meteorologia,12337,2184,114,0.9955925563173359,0.9821256038647344,0.9888132295719845,2070,0.7394366197183099,0.9210526315789473,0.8203125,114,0.9045628647859922,2033,37,9,105,0.96,2024-01-01T00:00:00,2024-04-01T00:00:00,2184,142,38,65.01831501831502,17.3992673992674,0.2605633802816901
2024-Q2,gaussian_naive_bayes,subindices_sem_iqar_meteorologia,12337,2184,114,0.9936554416788678,0.9835748792270531,0.9885894634620054,2070,0.7481481481481481,0.8859649122807017,0.8112449799196787,114,0.899917221690842,2036,34,13,101,0.97,2024-01-01T00:00:00,2024-04-01T00:00:00,2184,135,37,61.81318681318682,16.94139194139194,0.2518518518518518
2024-Q2,gaussian_naive_bayes,subindices_sem_iqar_meteorologia,12337,2184,114,0.991727493917275,0.9845410628019323,0.9881212121212121,2070,0.751937984496124,0.8508771929824561,0.7983539094650206,114,0.8932375607931163,2038,32,17,97,0.98,2024-01-01T00:00:00,2024-04-01T00:00:00,2184,129,37,59.065934065934066,16.94139194139194,0.24806201550387597
2024-Q2,gaussian_naive_bayes,subindices_sem_iqar_meteorologia,12337,2184,114,0.9898305084745763,0.9874396135265701,0.98863361547763,2070,0.7815126050420168,0.8157894736842105,0.7982832618025751,114,0.8934584386401025,2044,26,21,93,0.99,2024-01-01T00:00:00,2024-04-01T00:00:00,2184,119,34,54.48717948717949,15.567765567765568,0.2184873949579832
2024-Q2,gaussian_naive_bayes,subindices_sem_iqar_meteorologia,12337,2184,114,0.9488950276243094,0.9956521739130435,0.9717114568599717,2070,0.25,0.02631578947368421,0.047619047619047616,114,0.5096652522395096,2061,9,111,3,1.0,2024-01-01T00:00:00,2024-04-01T00:00:00,2184,12,11,5.4945054945054945,5.036630036630037,0.75
2024-Q3,gaussian_naive_bayes,poluentes_brutos_meteorologia,14521,2184,55,0.0,0.0,0.0,2129,0.025183150183150184,1.0,0.04912907548012506,55,0.02456453774006253,0,2129,0,55,0.0,2024-04-01T00:00:00,2024-07-01T00:00:00,2184,2184,1,1000.0,0.45787545787545786,0.9748168498168498
2024-Q3,gaussian_naive_bayes,poluentes_brutos_meteorologia,14521,2184,55,0.9978201634877384,0.8600281822451855,0.9238143289606459,2129,0.14613180515759314,0.9272727272727272,0.2524752475247525,55,0.5881447882426991,1831,298,4,51,0.01,2024-04-01T00:00:00,2024-07-01T00:00:00,2184,349,54,159.79853479853477,24.725274725274723,0.8538681948424068
2024-Q3,gaussian_naive_bayes,poluentes_brutos_meteorologia,14521,2184,55,0.9968253968253968,0.8849224988257398,0.9375466533963672,2129,0.16666666666666666,0.8909090909090909,0.2808022922636103,55,0.6091744728299888,1884,245,6,49,0.02,2024-04-01T00:00:00,2024-07-01T00:00:00,2184,294,46,134.6153846153846,21.062271062271062,0.8333333333333334
2024-Q3,gaussian_naive_bayes,poluentes_brutos_meteorologia,14521,2184,55,0.9963389121338913,0.8947862846406763,0.9428359317000743,2129,0.17647058823529413,0.8727272727272727,0.29357798165137616,55,0.6182069566757252,1905,224,7,48,0.03,2024-04-01T00:00:00,2024-07-01T00:00:00,2184,272,42,124.54212454212454,19.230769230769234,0.8235294117647058
2024-Q3,gaussian_naive_bayes,poluentes_brutos_meteorologia,14521,2184,55,0.9963711767755313,0.9027712541099108,0.9472646623952686,2129,0.18823529411764706,0.8727272727272727,0.3096774193548387,55,0.6284710408750537,1922,207,7,48,0.04,2024-04-01T00:00:00,2024-07-01T00:00:00,2184,255,40,116.75824175824177,18.315018315018317,0.8117647058823529
2024-Q3,gaussian_naive_bayes,poluentes_brutos_meteorologia,14521,2184,55,0.995880535530381,0.9084077031470174,0.9501351019405552,2129,0.19421487603305784,0.8545454545454545,0.3164983164983165,55,0.6333167092194358,1934,195,8,47,0.05,2024-04-01T00:00:00,2024-07-01T00:00:00,2184,242,42,110.8058608058608,19.230769230769234,0.8057851239669421
2024-Q3,gaussian_naive_bayes,poluentes_brutos_meteorologia,14521,2184,55,0.9959016393442623,0.913104744011273,0.9527076696888017,2129,0.2025862068965517,0.8545454545454545,0.32752613240418116,55,0.6401169010464914,1944,185,8,47,0.06,2024-04-01T00:00:00,2024-07-01T00:00:00,2184,232,39,106.22710622710622,17.857142857142858,0.7974137931034483
2024-Q3,gaussian_naive_bayes,poluentes_brutos_meteorologia,14521,2184,55,0.9959079283887468,0.9145138562705496,0.9534769833496572,2129,0.2052401746724891,0.8545454545454545,0.33098591549295775,55,0.6422314494213075,1947,182,8,47,0.07,2024-04-01T00:00:00,2024-07-01T00:00:00,2184,229,39,104.85347985347985,17.857142857142858,0.7947598253275109
2024-Q3,gaussian_naive_bayes,poluentes_brutos_meteorologia,14521,2184,55,0.9959308240081384,0.9196806012212306,0.9562881562881563,2129,0.21559633027522937,0.8545454545454545,0.3443223443223443,55,0.6503052503052503,1958,171,8,47,0.08,2024-04-01T00:00:00,2024-07-01T00:00:00,2184,218,38,99.81684981684982,17.3992673992674,0.7844036697247706
2024-Q3,gaussian_naive_bayes,poluentes_brutos_meteorologia,14521,2184,55,0.9959411466260781,0.9220291216533584,0.9575609756097561,2129,0.22065727699530516,0.8545454545454545,0.35074626865671643,55,0.6541536221332362,1963,166,8,47,0.09,2024-04-01T00:00:00,2024-07-01T00:00:00,2184,213,37,97.52747252747253,16.94139194139194,0.7793427230046949
2024-Q3,gaussian_naive_bayes,poluentes_brutos_meteorologia,14521,2184,55,0.9959493670886076,0.9239079379990606,0.9585769980506823,2129,0.22488038277511962,0.8545454545454545,0.3560606060606061,55,0.6573188020556442,1967,162,8,47,0.1,2024-04-01T00:00:00,2024-07-01T00:00:00,2184,209,37,95.69597069597069,16.94139194139194,0.7751196172248804
2024-Q3,gaussian_naive_bayes,poluentes_brutos_meteorologia,14521,2184,55,0.9954568399798082,0.9262564584311883,0.9596107055961071,2129,0.22660098522167488,0.8363636363636363,0.35658914728682173,55,0.6580999264414644,1972,157,9,46,0.11,2024-04-01T00:00:00,2024-07-01T00:00:00,2184,203,36,92.94871794871796,16.483516483516485,0.7733990147783252
2024-Q3,gaussian_naive_bayes,poluentes_brutos_meteorologia,14521,2184,55,0.9954682779456193,0.9286049788633162,0.9608748481166464,2129,0.23232323232323232,0.8363636363636363,0.36363636363636365,55,0.662255605876505,1977,152,9,46,0.12,2024-04-01T00:00:00,2024-07-01T00:00:00,2184,198,36,90.65934065934066,16.483516483516485,0.7676767676767676
2024-Q3,gaussian_naive_bayes,poluentes_brutos_meteorologia,14521,2184,55,0.9949748743718593,0.9300140911225928,0.9613983976693372,2129,0.23195876288659795,0.8181818181818182,0.3614457831325301,55,0.6614220904009337,1980,149,10,45,0.13,2024-04-01T00:00:00,2024-07-01T00:00:00,2184,194,38,88.82783882783883,17.3992673992674,0.7680412371134021
2024-Q3,gaussian_naive_bayes,poluentes_brutos_meteorologia,14521,2184,55,0.993993993993994,0.9328323156411461,0.9624424521444148,2129,0.23118279569892472,0.7818181818181819,0.35684647302904565,55,0.6596444625867303,1986,143,12,43,0.14,2024-04-01T00:00:00,2024-07-01T00:00:00,2184,186,36,85.16483516483517,16.483516483516485,0.7688172043010753
2024-Q3,gaussian_naive_bayes,poluentes_brutos_meteorologia,14521,2184,55,0.993503248375812,0.9337717238139972,0.9627118644067797,2129,0.22950819672131148,0.7636363636363637,0.35294117647058826,55,0.657826520438684,1988,141,13,42,0.15,2024-04-01T00:00:00,2024-07-01T00:00:00,2184,183,36,83.79120879120879,16.483516483516485,0.7704918032786885
2024-Q3,gaussian_naive_bayes,poluentes_brutos_meteorologia,14521,2184,55,0.993503248375812,0.9337717238139972,0.9627118644067797,2129,0.22950819672131148,0.7636363636363637,0.35294117647058826,55,0.657826520438684,1988,141,13,42,0.16,2024-04-01T00:00:00,2024-07-01T00:00:00,2184,183,36,83.79120879120879,16.483516483516485,0.7704918032786885
2024-Q3,gaussian_naive_bayes,poluentes_brutos_meteorologia,14521,2184,55,0.9930452061599603,0.9389384687646782,0.9652341863833896,2129,0.23976608187134502,0.7454545454545455,0.36283185840707965,55,0.6640330223952347,1999,130,14,41,0.17,2024-04-01T00:00:00,2024-07-01T00:00:00,2184,171,33,78.2967032967033,15.10989010989011,0.7602339181286549
2024-Q3,gaussian_naive_bayes,poluentes_brutos_meteorologia,14521,2184,55,0.9930624380574826,0.941286989196806,0.9664817940680009,2129,0.2469879518072289,0.7454545454545455,0.37104072398190047,55,0.6687612590249508,2004,125,14,41,0.18,2024-04-01T00:00:00,2024-07-01T00:00:00,2184,166,32,76.007326007326,14.652014652014651,0.7530120481927711
2024-Q3,gaussian_naive_bayes,poluentes_brutos_meteorologia,14521,2184,55,0.9925816023738873,0.9426961014560826,0.9669959046013009,2129,0.24691358024691357,0.7272727272727273,0.3686635944700461,55,0.6678297495356735,2007,122,15,40,0.19,2024-04-01T00:00:00,2024-07-01T00:00:00,2184,162,32,74.17582417582418,14.652014652014651,0.7530864197530864
2024-Q3,gaussian_naive_bayes,poluentes_brutos_meteorologia,14521,2184,55,0.9925962487660415,0.9445749178017849,0.9679903730445246,2129,0.25316455696202533,0.7272727272727273,0.3755868544600939,55,0.6717886137523092,2011,118,15,40,0.2,2024-04-01T00:00:00,2024-07-01T00:00:00,2184,158,30,72.34432234432235,13.736263736263735,0.7468354430379747
2024-Q3,gaussian_naive_bayes,poluentes_brutos_meteorologia,14521,2184,55,0.992603550295858,0.945514325974636,0.9684868895838344,2129,0.2564102564102564,0.7272727272727273,0.3791469194312796,55,0.673816904507557,2013,116,15,40,0.21,2024-04-01T00:00:00,2024-07-01T00:00:00,2184,156,30,71.42857142857143,13.736263736263735,0.7435897435897436
2024-Q3,gaussian_naive_bayes,poluentes_brutos_meteorologia,14521,2184,55,0.9921182266009853,0.9459840300610616,0.9685020437605194,2129,0.2532467532467532,0.7090909090909091,0.37320574162679426,55,0.6708538926936568,2014,115,16,39,0.22,2024-04-01T00:00:00,2024-07-01T00:00:00,2184,154,30,70.51282051282051,13.736263736263735,0.7467532467532467
2024-Q3,gaussian_naive_bayes,poluentes_brutos_meteorologia,14521,2184,55,0.9921221073362876,0.9464537341474871,0.96875,2129,0.2549019607843137,0.7090909090909091,0.375,55,0.671875,2015,114,16,39,0.23,2024-04-01T00:00:00,2024-07-01T00:00:00,2184,153,29,70.05494505494505,13.278388278388277,0.7450980392156863
2024-Q3,gaussian_naive_bayes,poluentes_brutos_meteorologia,14521,2184,55,0.9921298573536645,0.9473931423203382,0.9692455550216242,2129,0.2582781456953642,0.7090909090909091,0.3786407766990291,55,0.6739431658603267,2017,112,16,39,0.24,2024-04-01T00:00:00,2024-07-01T00:00:00,2184,151,29,69.13919413919415,13.278388278388277,0.7417218543046358
2024-Q3,gaussian_naive_bayes,poluentes_brutos_meteorologia,14521,2184,55,0.9921298573536645,0.9473931423203382,0.9692455550216242,2129,0.2582781456953642,0.7090909090909091,0.3786407766990291,55,0.6739431658603267,2017,112,16,39,0.25,2024-04-01T00:00:00,2024-07-01T00:00:00,2184,151,29,69.13919413919415,13.278388278388277,0.7417218543046358
2024-Q3,gaussian_naive_bayes,poluentes_brutos_meteorologia,14521,2184,55,0.992133726647001,0.9478628464067638,0.9694931539754984,2129,0.26,0.7090909090909091,0.3804878048780488,55,0.6749904794267736,2018,111,16,39,0.26,2024-04-01T00:00:00,2024-07-01T00:00:00,2184,150,28,68.68131868131869,12.82051282051282,0.74
2024-Q3,gaussian_naive_bayes,poluentes_brutos_meteorologia,14521,2184,55,0.9916584887144259,0.9492719586660404,0.9700023998080154,2129,0.2602739726027397,0.6909090909090909,0.3781094527363184,55,0.6740559262721669,2021,108,17,38,0.27,2024-04-01T00:00:00,2024-07-01T00:00:00,2184,146,26,66.84981684981685,11.904761904761903,0.7397260273972602
2024-Q3,gaussian_naive_bayes,poluentes_brutos_meteorologia,14521,2184,55,0.9916584887144259,0.9492719586660404,0.9700023998080154,2129,0.2602739726027397,0.6909090909090909,0.3781094527363184,55,0.6740559262721669,2021,108,17,38,0.28,2024-04-01T00:00:00,2024-07-01T00:00:00,2184,146,26,66.84981684981685,11.904761904761903,0.7397260273972602
2024-Q3,gaussian_naive_bayes,poluentes_brutos_meteorologia,14521,2184,55,0.9911807937285644,0.9502113668388915,0.9702637889688249,2129,0.25874125874125875,0.6727272727272727,0.37373737373737376,55,0.6720005813530994,2023,106,18,37,0.29,2024-04-01T00:00:00,2024-07-01T00:00:00,2184,143,26,65.47619047619048,11.904761904761903,0.7412587412587412
2024-Q3,gaussian_naive_bayes,poluentes_brutos_meteorologia,14521,2184,55,0.9911937377690803,0.9516204790981682,0.9710040738078122,2129,0.2642857142857143,0.6727272727272727,0.37948717948717947,55,0.6752456266474958,2026,103,18,37,0.3,2024-04-01T00:00:00,2024-07-01T00:00:00,2184,140,25,64.1025641025641,11.446886446886445,0.7357142857142858
2024-Q3,gaussian_naive_bayes,poluentes_brutos_meteorologia,14521,2184,55,0.9912109375,0.9534992954438704,0.9719894661240125,2129,0.27205882352941174,0.6727272727272727,0.387434554973822,55,0.6797120105489173,2030,99,18,37,0.31,2024-04-01T00:00:00,2024-07-01T00:00:00,2184,136,24,62.27106227106227,10.989010989010989,0.7279411764705882
2024-Q3,gaussian_naive_bayes,poluentes_brutos_meteorologia,14521,2184,55,0.9912152269399708,0.9539689995302959,0.9722355193872666,2129,0.2740740740740741,0.6727272727272727,0.3894736842105263,55,0.6808546017988965,2031,98,18,37,0.32,2024-04-01T00:00:00,2024-07-01T00:00:00,2184,135,24,61.81318681318682,10.989010989010989,0.725925925925926
2024-Q3,gaussian_naive_bayes,poluentes_brutos_meteorologia,14521,2184,55,0.9912237932715748,0.954908407703147,0.9727272727272728,2129,0.2781954887218045,0.6727272727272727,0.39361702127659576,55,0.6831721470019343,2033,96,18,37,0.33,2024-04-01T00:00:00,2024-07-01T00:00:00,2184,133,24,60.8974358974359,10.989010989010989,0.7218045112781954
2024-Q3,gaussian_naive_bayes,poluentes_brutos_meteorologia,14521,2184,55,0.9912237932715748,0.954908407703147,0.9727272727272728,2129,0.2781954887218045,0.6727272727272727,0.39361702127659576,55,0.6831721470019343,2033,96,18,37,0.34,2024-04-01T00:00:00,2024-07-01T00:00:00,2184,133,24,60.8974358974359,10.989010989010989,0.7218045112781954
2024-Q3,gaussian_naive_bayes,poluentes_brutos_meteorologia,14521,2184,55,0.9912280701754386,0.9553781117895725,0.972972972972973,2129,0.2803030303030303,0.6727272727272727,0.39572192513368987,55,0.6843474490533314,2034,95,18,37,0.35000000000000003,2024-04-01T00:00:00,2024-07-01T00:00:00,2184,132,24,60.43956043956044,10.989010989010989,0.7196969696969697
2024-Q3,gaussian_naive_bayes,poluentes_brutos_meteorologia,14521,2184,55,0.9907497565725414,0.9558478158759981,0.9729858952904614,2129,0.27692307692307694,0.6545454545454545,0.3891891891891892,55,0.6810875422398253,2035,94,19,36,0.36,2024-04-01T00:00:00,2024-07-01T00:00:00,2184,130,24,59.52380952380952,10.989010989010989,0.7230769230769231
2024-Q3,gaussian_naive_bayes,poluentes_brutos_meteorologia,14521,2184,55,0.9907587548638133,0.9567872240488492,0.9734767025089606,2129,0.28125,0.6545454545454545,0.39344262295081966,55,0.6834596627298901,2037,92,19,36,0.37,2024-04-01T00:00:00,2024-07-01T00:00:00,2184,128,24,58.608058608058606,10.989010989010989,0.71875
2024-Q3,gaussian_naive_bayes,poluentes_brutos_meteorologia,14521,2184,55,0.9907677356656949,0.9577266322217003,0.9739670408406974,2129,0.2857142857142857,0.6545454545454545,0.39779005524861877,55,0.6858785480446581,2039,90,19,36,0.38,2024-04-01T00:00:00,2024-07-01T00:00:00,2184,126,24,57.69230769230769,10.989010989010989,0.7142857142857143
2024-Q3,gaussian_naive_bayes,poluentes_brutos_meteorologia,14521,2184,55,0.9907677356656949,0.9577266322217003,0.9739670408406974,2129,0.2857142857142857,0.6545454545454545,0.39779005524861877,55,0.6858785480446581,2039,90,19,36,0.39,2024-04-01T00:00:00,2024-07-01T00:00:00,2184,126,24,57.69230769230769,10.989010989010989,0.7142857142857143
2024-Q3,gaussian_naive_bayes,poluentes_brutos_meteorologia,14521,2184,55,0.990295972828724,0.9586660403945514,0.9742243436754177,2129,0.2845528455284553,0.6363636363636364,0.39325842696629215,55,0.6837413853208549,2041,88,20,35,0.4,2024-04-01T00:00:00,2024-07-01T00:00:00,2184,123,24,56.31868131868132,10.989010989010989,0.7154471544715447
2024-Q3,gaussian_naive_bayes,poluentes_brutos_meteorologia,14521,2184,55,0.990295972828724,0.9586660403945514,0.9742243436754177,2129,0.2845528455284553,0.6363636363636364,0.39325842696629215,55,0.6837413853208549,2041,88,20,35,0.41000000000000003,2024-04-01T00:00:00,2024-07-01T00:00:00,2184,123,24,56.31868131868132,10.989010989010989,0.7154471544715447
2024-Q3,gaussian_naive_bayes,poluentes_brutos_meteorologia,14521,2184,55,0.9903006789524733,0.9591357444809769,0.9744691004533524,2129,0.28688524590163933,0.6363636363636364,0.3954802259887006,55,0.6849746632210265,2042,87,20,35,0.42,2024-04-01T00:00:00,2024-07-01T00:00:00,2184,122,24,55.86080586080586,10.989010989010989,0.7131147540983607
2024-Q3,gaussian_naive_bayes,poluentes_brutos_meteorologia,14521,2184,55,0.9898305084745763,0.960075152653828,0.9747257987601335,2129,0.2857142857142857,0.6181818181818182,0.39080459770114945,55,0.6827651982306415,2044,85,21,34,0.43,2024-04-01T00:00:00,2024-07-01T00:00:00,2184,119,23,54.48717948717949,10.531135531135531,0.7142857142857143
2024-Q3,gaussian_naive_bayes,poluentes_brutos_meteorologia,14521,2184,55,0.989835430784124,0.9605448567402537,0.9749702026221693,2129,0.288135593220339,0.6181818181818182,0.3930635838150289,55,0.684016893218599,2045,84,21,34,0.44,2024-04-01T00:00:00,2024-07-01T00:00:00,2184,118,23,54.02930402930403,10.531135531135531,0.711864406779661
2024-Q3,gaussian_naive_bayes,poluentes_brutos_meteorologia,14521,2184,55,0.9898452611218569,0.9614842649131048,0.9754586609482964,2129,0.29310344827586204,0.6181818181818182,0.39766081871345027,55,0.6865597398308734,2047,82,21,34,0.45,2024-04-01T00:00:00,2024-07-01T00:00:00,2184,116,23,53.11355311355311,10.531135531135531,0.7068965517241379
2024-Q3,gaussian_naive_bayes,poluentes_brutos_meteorologia,14521,2184,55,0.9893668438859352,0.9614842649131048,0.9752262982372558,2129,0.28695652173913044,0.6,0.38823529411764707,55,0.6817307961774515,2047,82,22,33,0.46,2024-04-01T00:00:00,2024-07-01T00:00:00,2184,115,23,52.65567765567766,10.531135531135531,0.7130434782608696
2024-Q3,gaussian_naive_bayes,poluentes_brutos_meteorologia,14521,2184,55,0.9893719806763285,0.9619539689995303,0.9754703500833531,2129,0.2894736842105263,0.6,0.3905325443786982,55,0.6830014472310257,2048,81,22,33,0.47000000000000003,2024-04-01T00:00:00,2024-07-01T00:00:00,2184,114,22,52.1978021978022,10.073260073260075,0.7105263157894737
2024-Q3,gaussian_naive_bayes,poluentes_brutos_meteorologia,14521,2184,55,0.9893719806763285,0.9619539689995303,0.9754703500833531,2129,0.2894736842105263,0.6,0.3905325443786982,55,0.6830014472310257,2048,81,22,33,0.48,2024-04-01T00:00:00,2024-07-01T00:00:00,2184,114,22,52.1978021978022,10.073260073260075,0.7105263157894737
2024-Q3,gaussian_naive_bayes,poluentes_brutos_meteorologia,14521,2184,55,0.9893771125060358,0.9624236730859559,0.9757142857142858,2129,0.2920353982300885,0.6,0.39285714285714285,55,0.6842857142857143,2049,80,22,33,0.49,2024-04-01T00:00:00,2024-07-01T00:00:00,2184,113,22,51.73992673992674,10.073260073260075,0.7079646017699115
2024-Q3,gaussian_naive_bayes,poluentes_brutos_meteorologia,14521,2184,55,0.9893771125060358,0.9624236730859559,0.9757142857142858,2129,0.2920353982300885,0.6,0.39285714285714285,55,0.6842857142857143,2049,80,22,33,0.5,2024-04-01T00:00:00,2024-07-01T00:00:00,2184,113,22,51.73992673992674,10.073260073260075,0.7079646017699115
2024-Q3,gaussian_naive_bayes,poluentes_brutos_meteorologia,14521,2184,55,0.9893822393822393,0.9628933771723814,0.9759581052130445,2129,0.29464285714285715,0.6,0.39520958083832336,55,0.685583843025684,2050,79,22,33,0.51,2024-04-01T00:00:00,2024-07-01T00:00:00,2184,112,22,51.28205128205128,10.073260073260075,0.7053571428571429
2024-Q3,gaussian_naive_bayes,poluentes_brutos_meteorologia,14521,2184,55,0.989387361312108,0.963363081258807,0.9762018086625417,2129,0.2972972972972973,0.6,0.39759036144578314,55,0.6868960850541624,2051,78,22,33,0.52,2024-04-01T00:00:00,2024-07-01T00:00:00,2184,111,22,50.824175824175825,10.073260073260075,0.7027027027027027
2024-Q3,gaussian_naive_bayes,poluentes_brutos_meteorologia,14521,2184,55,0.989387361312108,0.963363081258807,0.9762018086625417,2129,0.2972972972972973,0.6,0.39759036144578314,55,0.6868960850541624,2051,78,22,33,0.53,2024-04-01T00:00:00,2024-07-01T00:00:00,2184,111,22,50.824175824175825,10.073260073260075,0.7027027027027027
2024-Q3,gaussian_naive_bayes,poluentes_brutos_meteorologia,14521,2184,55,0.989387361312108,0.963363081258807,0.9762018086625417,2129,0.2972972972972973,0.6,0.39759036144578314,55,0.6868960850541624,2051,78,22,33,0.54,2024-04-01T00:00:00,2024-07-01T00:00:00,2184,111,22,50.824175824175825,10.073260073260075,0.7027027027027027
2024-Q3,gaussian_naive_bayes,poluentes_brutos_meteorologia,14521,2184,55,0.9884448724121329,0.9643024894316581,0.9762244412743699,2129,0.2897196261682243,0.5636363636363636,0.38271604938271603,55,0.6794702453285429,2053,76,24,31,0.55,2024-04-01T00:00:00,2024-07-01T00:00:00,2184,107,22,48.99267399267399,10.073260073260075,0.7102803738317757
2024-Q3,gaussian_naive_bayes,poluentes_brutos_meteorologia,14521,2184,55,0.9884559884559885,0.9652418976045092,0.9767110266159695,2129,0.29523809523809524,0.5636363636363636,0.3875,55,0.6821055133079847,2055,74,24,31,0.56,2024-04-01T00:00:00,2024-07-01T00:00:00,2184,105,22,48.07692307692308,10.073260073260075,0.7047619047619048
2024-Q3,gaussian_naive_bayes,poluentes_brutos_meteorologia,14521,2184,55,0.9879807692307693,0.9652418976045092,0.9764789736279401,2129,0.28846153846153844,0.5454545454545454,0.37735849056603776,55,0.6769187320969889,2055,74,25,30,0.5700000000000001,2024-04-01T00:00:00,2024-07-01T00:00:00,2184,104,22,47.61904761904761,10.073260073260075,0.7115384615384616
2024-Q3,gaussian_naive_bayes,poluentes_brutos_meteorologia,14521,2184,55,0.987986544930322,0.9657116016909347,0.9767220902612826,2129,0.2912621359223301,0.5454545454545454,0.379746835443038,55,0.6782344628521604,2056,73,25,30,0.58,2024-04-01T00:00:00,2024-07-01T00:00:00,2184,103,22,47.16117216117216,10.073260073260075,0.7087378640776699
2024-Q3,gaussian_naive_bayes,poluentes_brutos_meteorologia,14521,2184,55,0.987986544930322,0.9657116016909347,0.9767220902612826,2129,0.2912621359223301,0.5454545454545454,0.379746835443038,55,0.6782344628521604,2056,73,25,30,0.59,2024-04-01T00:00:00,2024-07-01T00:00:00,2184,103,22,47.16117216117216,10.073260073260075,0.7087378640776699
2024-Q3,gaussian_naive_bayes,poluentes_brutos_meteorologia,14521,2184,55,0.987986544930322,0.9657116016909347,0.9767220902612826,2129,0.2912621359223301,0.5454545454545454,0.379746835443038,55,0.6782344628521604,2056,73,25,30,0.6,2024-04-01T00:00:00,2024-07-01T00:00:00,2184,103,22,47.16117216117216,10.073260073260075,0.7087378640776699
2024-Q3,gaussian_naive_bayes,poluentes_brutos_meteorologia,14521,2184,55,0.987986544930322,0.9657116016909347,0.9767220902612826,2129,0.2912621359223301,0.5454545454545454,0.379746835443038,55,0.6782344628521604,2056,73,25,30,0.61,2024-04-01T00:00:00,2024-07-01T00:00:00,2184,103,22,47.16117216117216,10.073260073260075,0.7087378640776699
2024-Q3,gaussian_naive_bayes,poluentes_brutos_meteorologia,14521,2184,55,0.987986544930322,0.9657116016909347,0.9767220902612826,2129,0.2912621359223301,0.5454545454545454,0.379746835443038,55,0.6782344628521604,2056,73,25,30,0.62,2024-04-01T00:00:00,2024-07-01T00:00:00,2184,103,22,47.16117216117216,10.073260073260075,0.7087378640776699
2024-Q3,gaussian_naive_bayes,poluentes_brutos_meteorologia,14521,2184,55,0.9875180028804609,0.9661813057773603,0.9767331433998101,2129,0.2871287128712871,0.5272727272727272,0.3717948717948718,55,0.674264007597341,2057,72,26,29,0.63,2024-04-01T00:00:00,2024-07-01T00:00:00,2184,101,22,46.24542124542125,10.073260073260075,0.7128712871287128
2024-Q3,gaussian_naive_bayes,poluentes_brutos_meteorologia,14521,2184,55,0.9875239923224568,0.9666510098637858,0.9769760265843817,2129,0.29,0.5272727272727272,0.3741935483870968,55,0.6755847874857392,2058,71,26,29,0.64,2024-04-01T00:00:00,2024-07-01T00:00:00,2184,100,22,45.78754578754578,10.073260073260075,0.71
2024-Q3,gaussian_naive_bayes,poluentes_brutos_meteorologia,14521,2184,55,0.9875299760191847,0.9671207139502114,0.977218794494542,2129,0.29292929292929293,0.5272727272727272,0.37662337662337664,55,0.6769210855589594,2059,70,26,29,0.65,2024-04-01T00:00:00,2024-07-01T00:00:00,2184,99,22,45.32967032967033,10.073260073260075,0.7070707070707071
2024-Q3,gaussian_naive_bayes,poluentes_brutos_meteorologia,14521,2184,55,0.9875299760191847,0.9671207139502114,0.977218794494542,2129,0.29292929292929293,0.5272727272727272,0.37662337662337664,55,0.6769210855589594,2059,70,26,29,0.66,2024-04-01T00:00:00,2024-07-01T00:00:00,2184,99,22,45.32967032967033,10.073260073260075,0.7070707070707071
2024-Q3,gaussian_naive_bayes,poluentes_brutos_meteorologia,14521,2184,55,0.9875299760191847,0.9671207139502114,0.977218794494542,2129,0.29292929292929293,0.5272727272727272,0.37662337662337664,55,0.6769210855589594,2059,70,26,29,0.67,2024-04-01T00:00:00,2024-07-01T00:00:00,2184,99,22,45.32967032967033,10.073260073260075,0.7070707070707071
2024-Q3,gaussian_naive_bayes,poluentes_brutos_meteorologia,14521,2184,55,0.9875299760191847,0.9671207139502114,0.977218794494542,2129,0.29292929292929293,0.5272727272727272,0.37662337662337664,55,0.6769210855589594,2059,70,26,29,0.68,2024-04-01T00:00:00,2024-07-01T00:00:00,2184,99,22,45.32967032967033,10.073260073260075,0.7070707070707071
2024-Q3,gaussian_naive_bayes,poluentes_brutos_meteorologia,14521,2184,55,0.987535953978907,0.9675904180366369,0.9774614472123369,2129,0.29591836734693877,0.5272727272727272,0.3790849673202614,55,0.6782732072662991,2060,69,26,29,0.6900000000000001,2024-04-01T00:00:00,2024-07-01T00:00:00,2184,98,21,44.87179487179487,9.615384615384617,0.7040816326530612
2024-Q3,gaussian_naive_bayes,poluentes_brutos_meteorologia,14521,2184,55,0.987535953978907,0.9675904180366369,0.9774614472123369,2129,0.29591836734693877,0.5272727272727272,0.3790849673202614,55,0.6782732072662991,2060,69,26,29,0.7000000000000001,2024-04-01T00:00:00,2024-07-01T00:00:00,2184,98,21,44.87179487179487,9.615384615384617,0.7040816326530612
2024-Q3,gaussian_naive_bayes,poluentes_brutos_meteorologia,14521,2184,55,0.9875419262098706,0.9680601221230625,0.9777039848197343,2129,0.29896907216494845,0.5272727272727272,0.3815789473684211,55,0.6796414660940777,2061,68,26,29,0.71,2024-04-01T00:00:00,2024-07-01T00:00:00,2184,97,20,44.413919413919416,9.157509157509159,0.7010309278350515
2024-Q3,gaussian_naive_bayes,poluentes_brutos_meteorologia,14521,2184,55,0.9875538535184298,0.9689995302959136,0.9781887150308203,2129,0.30526315789473685,0.5272727272727272,0.38666666666666666,55,0.6824276908487434,2063,66,26,29,0.72,2024-04-01T00:00:00,2024-07-01T00:00:00,2184,95,20,43.498168498168496,9.157509157509159,0.6947368421052632
2024-Q3,gaussian_naive_bayes,poluentes_brutos_meteorologia,14521,2184,55,0.9870875179340028,0.9694692343823391,0.9781990521327014,2129,0.3010752688172043,0.509090909090909,0.3783783783783784,55,0.6782887152555399,2064,65,27,28,0.73,2024-04-01T00:00:00,2024-07-01T00:00:00,2184,93,20,42.582417582417584,9.157509157509159,0.6989247311827957
2024-Q3,gaussian_naive_bayes,poluentes_brutos_meteorologia,14521,2184,55,0.9866156787762906,0.9694692343823391,0.9779673063255153,2129,0.29347826086956524,0.4909090909090909,0.3673469387755102,55,0.6726571225505128,2064,65,28,27,0.74,2024-04-01T00:00:00,2024-07-01T00:00:00,2184,92,19,42.124542124542124,8.6996336996337,0.7065217391304348
2024-Q3,gaussian_naive_bayes,poluentes_brutos_meteorologia,14521,2184,55,0.9866220735785953,0.9699389384687647,0.9782093794410233,2129,0.2967032967032967,0.4909090909090909,0.3698630136986301,55,0.6740361965698267,2065,64,28,27,0.75,2024-04-01T00:00:00,2024-07-01T00:00:00,2184,91,19,41.666666666666664,8.6996336996337,0.7032967032967034
2024-Q3,gaussian_naive_bayes,poluentes_brutos_meteorologia,14521,2184,55,0.9861575178997614,0.9704086425551902,0.978219696969697,2129,0.29213483146067415,0.4727272727272727,0.3611111111111111,55,0.6696654040404041,2066,63,29,26,0.76,2024-04-01T00:00:00,2024-07-01T00:00:00,2184,89,19,40.75091575091575,8.6996336996337,0.7078651685393258
2024-Q3,gaussian_naive_bayes,poluentes_brutos_meteorologia,14521,2184,55,0.9861641221374046,0.9708783466416158,0.9784615384615385,2129,0.29545454545454547,0.4727272727272727,0.36363636363636365,55,0.671048951048951,2067,62,29,26,0.77,2024-04-01T00:00:00,2024-07-01T00:00:00,2184,88,19,40.2930402930403,8.6996336996337,0.7045454545454546
2024-Q3,gaussian_naive_bayes,poluentes_brutos_meteorologia,14521,2184,55,0.9861773117254529,0.9718177548144669,0.9789448781641826,2129,0.3023255813953488,0.4727272727272727,0.36879432624113473,55,0.6738696022026587,2069,60,29,26,0.78,2024-04-01T00:00:00,2024-07-01T00:00:00,2184,86,19,39.37728937728938,8.6996336996337,0.6976744186046512
2024-Q3,gaussian_naive_bayes,poluentes_brutos_meteorologia,14521,2184,55,0.9861838970938542,0.9722874589008924,0.97918637653737,2129,0.3058823529411765,0.4727272727272727,0.37142857142857144,55,0.6753074739829708,2070,59,29,26,0.79,2024-04-01T00:00:00,2024-07-01T00:00:00,2184,85,19,38.91941391941392,8.6996336996337,0.6941176470588235
2024-Q3,gaussian_naive_bayes,poluentes_brutos_meteorologia,14521,2184,55,0.9862036156041865,0.973696571160169,0.9799101867170882,2129,0.3170731707317073,0.4727272727272727,0.3795620437956204,55,0.6797361152563544,2073,56,29,26,0.8,2024-04-01T00:00:00,2024-07-01T00:00:00,2184,82,19,37.54578754578755,8.6996336996337,0.6829268292682927
2024-Q3,gaussian_naive_bayes,poluentes_brutos_meteorologia,14521,2184,55,0.9862101759391345,0.9741662752465946,0.9801512287334594,2129,0.32098765432098764,0.4727272727272727,0.38235294117647056,55,0.681252084954965,2074,55,29,26,0.81,2024-04-01T00:00:00,2024-07-01T00:00:00,2184,81,19,37.08791208791209,8.6996336996337,0.6790123456790124
2024-Q3,gaussian_naive_bayes,poluentes_brutos_meteorologia,14521,2184,55,0.9862167300380228,0.9746359793330202,0.9803921568627451,2129,0.325,0.4727272727272727,0.3851851851851852,55,0.6827886710239651,2075,54,29,26,0.8200000000000001,2024-04-01T00:00:00,2024-07-01T00:00:00,2184,80,19,36.630036630036635,8.6996336996337,0.675
2024-Q3,gaussian_naive_bayes,poluentes_brutos_meteorologia,14521,2184,55,0.9857549857549858,0.9751056834194457,0.9804014167650531,2129,0.32051282051282054,0.45454545454545453,0.37593984962406013,55,0.6781706331945566,2076,53,30,25,0.8300000000000001,2024-04-01T00:00:00,2024-07-01T00:00:00,2184,78,19,35.714285714285715,8.6996336996337,0.6794871794871795
2024-Q3,gaussian_naive_bayes,poluentes_brutos_meteorologia,14521,2184,55,0.9852941176470589,0.9755753875058712,0.980410667925419,2129,0.3157894736842105,0.43636363636363634,0.366412213740458,55,0.6734114408329385,2077,52,31,24,0.84,2024-04-01T00:00:00,2024-07-01T00:00:00,2184,76,19,34.7985347985348,8.6996336996337,0.6842105263157895
2024-Q3,gaussian_naive_bayes,poluentes_brutos_meteorologia,14521,2184,55,0.98531501657982,0.976984499765148,0.9811320754716981,2129,0.3287671232876712,0.43636363636363634,0.375,55,0.6780660377358491,2080,49,31,24,0.85,2024-04-01T00:00:00,2024-07-01T00:00:00,2184,73,19,33.42490842490842,8.6996336996337,0.6712328767123288
2024-Q3,gaussian_naive_bayes,poluentes_brutos_meteorologia,14521,2184,55,0.9853427895981087,0.9788633161108502,0.9820923656927427,2129,0.34782608695652173,0.43636363636363634,0.3870967741935484,55,0.6845945699431455,2084,45,31,24,0.86,2024-04-01T00:00:00,2024-07-01T00:00:00,2184,69,18,31.59340659340659,8.241758241758243,0.6521739130434783
2024-Q3,gaussian_naive_bayes,poluentes_brutos_meteorologia,14521,2184,55,0.9853497164461248,0.9793330201972757,0.9823321554770318,2129,0.35294117647058826,0.43636363636363634,0.3902439024390244,55,0.6862880289580281,2085,44,31,24,0.87,2024-04-01T00:00:00,2024-07-01T00:00:00,2184,68,18,31.135531135531135,8.241758241758243,0.6470588235294118
2024-Q3,gaussian_naive_bayes,poluentes_brutos_meteorologia,14521,2184,55,0.9853704577630958,0.9807421324565524,0.9830508474576272,2129,0.36923076923076925,0.43636363636363634,0.4,55,0.6915254237288135,2088,41,31,24,0.88,2024-04-01T00:00:00,2024-07-01T00:00:00,2184,65,18,29.76190476190476,8.241758241758243,0.6307692307692307
2024-Q3,gaussian_naive_bayes,poluentes_brutos_meteorologia,14521,2184,55,0.9853773584905661,0.9812118365429779,0.9832901859261003,2129,0.375,0.43636363636363634,0.40336134453781514,55,0.6933257652319578,2089,40,31,24,0.89,2024-04-01T00:00:00,2024-07-01T00:00:00,2184,64,18,29.304029304029303,8.241758241758243,0.625
2024-Q3,gaussian_naive_bayes,poluentes_brutos_meteorologia,14521,2184,55,0.9853980216674517,0.9826209488022546,0.9840075258701787,2129,0.39344262295081966,0.43636363636363634,0.41379310344827586,55,0.6989003146592273,2092,37,31,24,0.9,2024-04-01T00:00:00,2024-07-01T00:00:00,2184,61,17,27.93040293040293,7.783882783882784,0.6065573770491803
2024-Q3,gaussian_naive_bayes,poluentes_brutos_meteorologia,14521,2184,55,0.9844997651479568,0.9844997651479568,0.9844997651479568,2129,0.4,0.4,0.4,55,0.6922498825739785,2096,33,33,22,0.91,2024-04-01T00:00:00,2024-07-01T00:00:00,2184,55,16,25.183150183150182,7.326007326007326,0.6
2024-Q3,gaussian_naive_bayes,poluentes_brutos_meteorologia,14521,2184,55,0.9845288326300985,0.986378581493659,0.985452839042703,2129,0.43137254901960786,0.4,0.41509433962264153,55,0.7002735893326723,2100,29,33,22,0.92,2024-04-01T00:00:00,2024-07-01T00:00:00,2184,51,16,23.35164835164835,7.326007326007326,0.5686274509803921
2024-Q3,gaussian_naive_bayes,poluentes_brutos_meteorologia,14521,2184,55,0.9845360824742269,0.9868482855800845,0.9856908280553601,2129,0.44,0.4,0.41904761904761906,55,0.7023692235514896,2101,28,33,22,0.93,2024-04-01T00:00:00,2024-07-01T00:00:00,2184,50,16,22.89377289377289,7.326007326007326,0.56
2024-Q3,gaussian_naive_bayes,poluentes_brutos_meteorologia,14521,2184,55,0.9845505617977528,0.9877876937529356,0.986166471277843,2129,0.4583333333333333,0.4,0.42718446601941745,55,0.7066754686486302,2103,26,33,22,0.9400000000000001,2024-04-01T00:00:00,2024-07-01T00:00:00,2184,48,15,21.978021978021978,6.868131868131868,0.5416666666666666
2024-Q3,gaussian_naive_bayes,poluentes_brutos_meteorologia,14521,2184,55,0.9840972871842844,0.9882573978393612,0.9861729552378721,2129,0.45652173913043476,0.38181818181818183,0.4158415841584158,55,0.701007269698144,2104,25,34,21,0.9500000000000001,2024-04-01T00:00:00,2024-07-01T00:00:00,2184,46,14,21.062271062271062,6.41025641025641,0.5434782608695652
2024-Q3,gaussian_naive_bayes,poluentes_brutos_meteorologia,14521,2184,55,0.9841269841269841,0.9901362141850634,0.9871224537579021,2129,0.5,0.38181818181818183,0.4329896907216495,55,0.7100560722397757,2108,21,34,21,0.96,2024-04-01T00:00:00,2024-07-01T00:00:00,2184,42,12,19.230769230769234,5.4945054945054945,0.5
2024-Q3,gaussian_naive_bayes,poluentes_brutos_meteorologia,14521,2184,55,0.9832402234636871,0.9920150305307656,0.9876081365443068,2129,0.5277777777777778,0.34545454545454546,0.4175824175824176,55,0.7025952770633622,2112,17,36,19,0.97,2024-04-01T00:00:00,2024-07-01T00:00:00,2184,36,10,16.483516483516485,4.578754578754579,0.4722222222222222
2024-Q3,gaussian_naive_bayes,poluentes_brutos_meteorologia,14521,2184,55,0.9832791453785416,0.9943635509628934,0.9887902849135918,2129,0.6129032258064516,0.34545454545454546,0.4418604651162791,55,0.7153253750149354,2117,12,36,19,0.98,2024-04-01T00:00:00,2024-07-01T00:00:00,2184,31,9,14.194139194139193,4.120879120879121,0.3870967741935484
2024-Q3,gaussian_naive_bayes,poluentes_brutos_meteorologia,14521,2184,55,0.9814814814814815,0.9957726632221701,0.9885754255071112,2129,0.625,0.2727272727272727,0.379746835443038,55,0.6841611304750745,2120,9,40,15,0.99,2024-04-01T00:00:00,2024-07-01T00:00:00,2184,24,7,10.989010989010989,3.205128205128205,0.375
2024-Q3,gaussian_naive_bayes,poluentes_brutos_meteorologia,14521,2184,55,0.9748168498168498,1.0,0.9872478553211221,2129,0.0,0.0,0.0,55,0.49362392766056107,2129,0,55,0,1.0,2024-04-01T00:00:00,2024-07-01T00:00:00,2184,0,0,0.0,0.0,0.0
2024-Q3,gaussian_naive_bayes,poluentes_subindices_meteorologia,14521,2184,55,0.0,0.0,0.0,2129,0.025183150183150184,1.0,0.04912907548012506,55,0.02456453774006253,0,2129,0,55,0.0,2024-04-01T00:00:00,2024-07-01T00:00:00,2184,2184,1,1000.0,0.45787545787545786,0.9748168498168498
2024-Q3,gaussian_naive_bayes,poluentes_subindices_meteorologia,14521,2184,55,1.0,0.9483325504931893,0.9734811957569913,2129,0.3333333333333333,1.0,0.5,55,0.7367405978784957,2019,110,0,55,0.01,2024-04-01T00:00:00,2024-07-01T00:00:00,2184,165,22,75.54945054945054,10.073260073260075,0.6666666666666666
2024-Q3,gaussian_naive_bayes,poluentes_subindices_meteorologia,14521,2184,55,1.0,0.9520901831845937,0.9754571703561117,2129,0.3503184713375796,1.0,0.5188679245283019,55,0.7471625474422068,2027,102,0,55,0.02,2024-04-01T00:00:00,2024-07-01T00:00:00,2184,157,22,71.88644688644688,10.073260073260075,0.6496815286624203
2024-Q3,gaussian_naive_bayes,poluentes_subindices_meteorologia,14521,2184,55,1.0,0.9534992954438704,0.9761962010098582,2129,0.35714285714285715,1.0,0.5263157894736842,55,0.7512559952417712,2030,99,0,55,0.03,2024-04-01T00:00:00,2024-07-01T00:00:00,2184,154,22,70.51282051282051,10.073260073260075,0.6428571428571429
2024-Q3,gaussian_naive_bayes,poluentes_subindices_meteorologia,14521,2184,55,1.0,0.9567872240488492,0.9779164666346616,2129,0.3741496598639456,1.0,0.5445544554455446,55,0.7612354610401031,2037,92,0,55,0.04,2024-04-01T00:00:00,2024-07-01T00:00:00,2184,147,20,67.3076923076923,9.157509157509159,0.6258503401360545
2024-Q3,gaussian_naive_bayes,poluentes_subindices_meteorologia,14521,2184,55,1.0,0.9581963363081258,0.978651954905253,2129,0.3819444444444444,1.0,0.5527638190954773,55,0.7657078870003652,2040,89,0,55,0.05,2024-04-01T00:00:00,2024-07-01T00:00:00,2184,144,20,65.93406593406594,9.157509157509159,0.6180555555555556
2024-Q3,gaussian_naive_bayes,poluentes_subindices_meteorologia,14521,2184,55,1.0,0.9591357444809769,0.9791416926396548,2129,0.3873239436619718,1.0,0.5583756345177665,55,0.7687586635787107,2042,87,0,55,0.06,2024-04-01T00:00:00,2024-07-01T00:00:00,2184,142,19,65.01831501831502,8.6996336996337,0.6126760563380281
2024-Q3,gaussian_naive_bayes,poluentes_subindices_meteorologia,14521,2184,55,1.0,0.9605448567402537,0.9798754192620988,2129,0.39568345323741005,1.0,0.5670103092783505,55,0.7734428642702247,2045,84,0,55,0.07,2024-04-01T00:00:00,2024-07-01T00:00:00,2184,139,19,63.64468864468864,8.6996336996337,0.60431654676259
2024-Q3,gaussian_naive_bayes,poluentes_subindices_meteorologia,14521,2184,55,1.0,0.9610145608266792,0.9801197604790419,2129,0.39855072463768115,1.0,0.5699481865284974,55,0.7750339735037697,2046,83,0,55,0.08,2024-04-01T00:00:00,2024-07-01T00:00:00,2184,138,19,63.18681318681318,8.6996336996337,0.6014492753623188
2024-Q3,gaussian_naive_bayes,poluentes_subindices_meteorologia,14521,2184,55,1.0,0.9628933771723814,0.9810959559703278,2129,0.41044776119402987,1.0,0.582010582010582,55,0.781553268990455,2050,79,0,55,0.09,2024-04-01T00:00:00,2024-07-01T00:00:00,2184,134,18,61.35531135531135,8.241758241758243,0.5895522388059702
2024-Q3,gaussian_naive_bayes,poluentes_subindices_meteorologia,14521,2184,55,1.0,0.9638327853452325,0.9815833532647692,2129,0.4166666666666667,1.0,0.5882352941176471,55,0.7849093236912081,2052,77,0,55,0.1,2024-04-01T00:00:00,2024-07-01T00:00:00,2184,132,18,60.43956043956044,8.241758241758243,0.5833333333333334
2024-Q3,gaussian_naive_bayes,poluentes_subindices_meteorologia,14521,2184,55,1.0,0.9643024894316581,0.9818268770923003,2129,0.4198473282442748,1.0,0.5913978494623656,55,0.786612363277333,2053,76,0,55,0.11,2024-04-01T00:00:00,2024-07-01T00:00:00,2184,131,17,59.981684981684985,7.783882783882784,0.5801526717557252
2024-Q3,gaussian_naive_bayes,poluentes_subindices_meteorologia,14521,2184,55,1.0,0.9643024894316581,0.9818268770923003,2129,0.4198473282442748,1.0,0.5913978494623656,55,0.786612363277333,2053,76,0,55,0.12,2024-04-01T00:00:00,2024-07-01T00:00:00,2184,131,17,59.981684981684985,7.783882783882784,0.5801526717557252
2024-Q3,gaussian_naive_bayes,poluentes_subindices_meteorologia,14521,2184,55,1.0,0.9652418976045092,0.9823135755258127,2129,0.4263565891472868,1.0,0.5978260869565217,55,0.7900698312411671,2055,74,0,55,0.13,2024-04-01T00:00:00,2024-07-01T00:00:00,2184,129,17,59.065934065934066,7.783882783882784,0.5736434108527132
2024-Q3,gaussian_naive_bayes,poluentes_subindices_meteorologia,14521,2184,55,1.0,0.9652418976045092,0.9823135755258127,2129,0.4263565891472868,1.0,0.5978260869565217,55,0.7900698312411671,2055,74,0,55,0.14,2024-04-01T00:00:00,2024-07-01T00:00:00,2184,129,17,59.065934065934066,7.783882783882784,0.5736434108527132
2024-Q3,gaussian_naive_bayes,poluentes_subindices_meteorologia,14521,2184,55,1.0,0.9657116016909347,0.9825567502986858,2129,0.4296875,1.0,0.6010928961748634,55,0.7918248232367746,2056,73,0,55,0.15,2024-04-01T00:00:00,2024-07-01T00:00:00,2184,128,17,58.608058608058606,7.783882783882784,0.5703125
2024-Q3,gaussian_naive_bayes,poluentes_subindices_meteorologia,14521,2184,55,1.0,0.9661813057773603,0.9827998088867654,2129,0.4330708661417323,1.0,0.6043956043956044,55,0.7935977066411849,2057,72,0,55,0.16,2024-04-01T00:00:00,2024-07-01T00:00:00,2184,127,17,58.15018315018315,7.783882783882784,0.5669291338582677
2024-Q3,gaussian_naive_bayes,poluentes_subindices_meteorologia,14521,2184,55,1.0,0.9661813057773603,0.9827998088867654,2129,0.4330708661417323,1.0,0.6043956043956044,55,0.7935977066411849,2057,72,0,55,0.17,2024-04-01T00:00:00,2024-07-01T00:00:00,2184,127,17,58.15018315018315,7.783882783882784,0.5669291338582677
2024-Q3,gaussian_naive_bayes,poluentes_subindices_meteorologia,14521,2184,55,1.0,0.9666510098637858,0.9830427513732983,2129,0.4365079365079365,1.0,0.6077348066298343,55,0.7953887790015663,2058,71,0,55,0.18,2024-04-01T00:00:00,2024-07-01T00:00:00,2184,126,17,57.69230769230769,7.783882783882784,0.5634920634920635
2024-Q3,gaussian_naive_bayes,poluentes_subindices_meteorologia,14521,2184,55,1.0,0.9666510098637858,0.9830427513732983,2129,0.4365079365079365,1.0,0.6077348066298343,55,0.7953887790015663,2058,71,0,55,0.19,2024-04-01T00:00:00,2024-07-01T00:00:00,2184,126,17,57.69230769230769,7.783882783882784,0.5634920634920635
2024-Q3,gaussian_naive_bayes,poluentes_subindices_meteorologia,14521,2184,55,1.0,0.9666510098637858,0.9830427513732983,2129,0.4365079365079365,1.0,0.6077348066298343,55,0.7953887790015663,2058,71,0,55,0.2,2024-04-01T00:00:00,2024-07-01T00:00:00,2184,126,17,57.69230769230769,7.783882783882784,0.5634920634920635
2024-Q3,gaussian_naive_bayes,poluentes_subindices_meteorologia,14521,2184,55,1.0,0.9666510098637858,0.9830427513732983,2129,0.4365079365079365,1.0,0.6077348066298343,55,0.7953887790015663,2058,71,0,55,0.21,2024-04-01T00:00:00,2024-07-01T00:00:00,2184,126,17,57.69230769230769,7.783882783882784,0.5634920634920635
2024-Q3,gaussian_naive_bayes,poluentes_subindices_meteorologia,14521,2184,55,1.0,0.9666510098637858,0.9830427513732983,2129,0.4365079365079365,1.0,0.6077348066298343,55,0.7953887790015663,2058,71,0,55,0.22,2024-04-01T00:00:00,2024-07-01T00:00:00,2184,126,17,57.69230769230769,7.783882783882784,0.5634920634920635
2024-Q3,gaussian_naive_bayes,poluentes_subindices_meteorologia,14521,2184,55,1.0,0.9666510098637858,0.9830427513732983,2129,0.4365079365079365,1.0,0.6077348066298343,55,0.7953887790015663,2058,71,0,55,0.23,2024-04-01T00:00:00,2024-07-01T00:00:00,2184,126,17,57.69230769230769,7.783882783882784,0.5634920634920635
2024-Q3,gaussian_naive_bayes,poluentes_subindices_meteorologia,14521,2184,55,1.0,0.9666510098637858,0.9830427513732983,2129,0.4365079365079365,1.0,0.6077348066298343,55,0.7953887790015663,2058,71,0,55,0.24,2024-04-01T00:00:00,2024-07-01T00:00:00,2184,126,17,57.69230769230769,7.783882783882784,0.5634920634920635
2024-Q3,gaussian_naive_bayes,poluentes_subindices_meteorologia,14521,2184,55,1.0,0.9666510098637858,0.9830427513732983,2129,0.4365079365079365,1.0,0.6077348066298343,55,0.7953887790015663,2058,71,0,55,0.25,2024-04-01T00:00:00,2024-07-01T00:00:00,2184,126,17,57.69230769230769,7.783882783882784,0.5634920634920635
2024-Q3,gaussian_naive_bayes,poluentes_subindices_meteorologia,14521,2184,55,1.0,0.9666510098637858,0.9830427513732983,2129,0.4365079365079365,1.0,0.6077348066298343,55,0.7953887790015663,2058,71,0,55,0.26,2024-04-01T00:00:00,2024-07-01T00:00:00,2184,126,17,57.69230769230769,7.783882783882784,0.5634920634920635
2024-Q3,gaussian_naive_bayes,poluentes_subindices_meteorologia,14521,2184,55,1.0,0.9666510098637858,0.9830427513732983,2129,0.4365079365079365,1.0,0.6077348066298343,55,0.7953887790015663,2058,71,0,55,0.27,2024-04-01T00:00:00,2024-07-01T00:00:00,2184,126,17,57.69230769230769,7.783882783882784,0.5634920634920635
2024-Q3,gaussian_naive_bayes,poluentes_subindices_meteorologia,14521,2184,55,1.0,0.9666510098637858,0.9830427513732983,2129,0.4365079365079365,1.0,0.6077348066298343,55,0.7953887790015663,2058,71,0,55,0.28,2024-04-01T00:00:00,2024-07-01T00:00:00,2184,126,17,57.69230769230769,7.783882783882784,0.5634920634920635
2024-Q3,gaussian_naive_bayes,poluentes_subindices_meteorologia,14521,2184,55,1.0,0.9666510098637858,0.9830427513732983,2129,0.4365079365079365,1.0,0.6077348066298343,55,0.7953887790015663,2058,71,0,55,0.29,2024-04-01T00:00:00,2024-07-01T00:00:00,2184,126,17,57.69230769230769,7.783882783882784,0.5634920634920635
2024-Q3,gaussian_naive_bayes,poluentes_subindices_meteorologia,14521,2184,55,1.0,0.9666510098637858,0.9830427513732983,2129,0.4365079365079365,1.0,0.6077348066298343,55,0.7953887790015663,2058,71,0,55,0.3,2024-04-01T00:00:00,2024-07-01T00:00:00,2184,126,17,57.69230769230769,7.783882783882784,0.5634920634920635
2024-Q3,gaussian_naive_bayes,poluentes_subindices_meteorologia,14521,2184,55,1.0,0.9666510098637858,0.9830427513732983,2129,0.4365079365079365,1.0,0.6077348066298343,55,0.7953887790015663,2058,71,0,55,0.31,2024-04-01T00:00:00,2024-07-01T00:00:00,2184,126,17,57.69230769230769,7.783882783882784,0.5634920634920635
2024-Q3,gaussian_naive_bayes,poluentes_subindices_meteorologia,14521,2184,55,1.0,0.9666510098637858,0.9830427513732983,2129,0.4365079365079365,1.0,0.6077348066298343,55,0.7953887790015663,2058,71,0,55,0.32,2024-04-01T00:00:00,2024-07-01T00:00:00,2184,126,17,57.69230769230769,7.783882783882784,0.5634920634920635
2024-Q3,gaussian_naive_bayes,poluentes_subindices_meteorologia,14521,2184,55,1.0,0.9666510098637858,0.9830427513732983,2129,0.4365079365079365,1.0,0.6077348066298343,55,0.7953887790015663,2058,71,0,55,0.33,2024-04-01T00:00:00,2024-07-01T00:00:00,2184,126,17,57.69230769230769,7.783882783882784,0.5634920634920635
2024-Q3,gaussian_naive_bayes,poluentes_subindices_meteorologia,14521,2184,55,1.0,0.9671207139502114,0.9832855778414518,2129,0.44,1.0,0.6111111111111112,55,0.7971983444762815,2059,70,0,55,0.34,2024-04-01T00:00:00,2024-07-01T00:00:00,2184,125,17,57.234432234432234,7.783882783882784,0.56
2024-Q3,gaussian_naive_bayes,poluentes_subindices_meteorologia,14521,2184,55,1.0,0.9675904180366369,0.9835282883743137,2129,0.4435483870967742,1.0,0.6145251396648045,55,0.799026714019559,2060,69,0,55,0.35000000000000003,2024-04-01T00:00:00,2024-07-01T00:00:00,2184,124,18,56.776556776556774,8.241758241758243,0.5564516129032258
2024-Q3,gaussian_naive_bayes,poluentes_subindices_meteorologia,14521,2184,55,1.0,0.9680601221230625,0.9837708830548926,2129,0.44715447154471544,1.0,0.6179775280898876,55,0.8008742055723901,2061,68,0,55,0.36,2024-04-01T00:00:00,2024-07-01T00:00:00,2184,123,18,56.31868131868132,8.241758241758243,0.5528455284552846
2024-Q3,gaussian_naive_bayes,poluentes_subindices_meteorologia,14521,2184,55,1.0,0.968529826209488,0.9840133619661179,2129,0.45081967213114754,1.0,0.6214689265536724,55,0.8027411442598951,2062,67,0,55,0.37,2024-04-01T00:00:00,2024-07-01T00:00:00,2184,122,17,55.86080586080586,7.783882783882784,0.5491803278688525
2024-Q3,gaussian_naive_bayes,poluentes_subindices_meteorologia,14521,2184,55,1.0,0.968529826209488,0.9840133619661179,2129,0.45081967213114754,1.0,0.6214689265536724,55,0.8027411442598951,2062,67,0,55,0.38,2024-04-01T00:00:00,2024-07-01T00:00:00,2184,122,17,55.86080586080586,7.783882783882784,0.5491803278688525
2024-Q3,gaussian_naive_bayes,poluentes_subindices_meteorologia,14521,2184,55,1.0,0.968529826209488,0.9840133619661179,2129,0.45081967213114754,1.0,0.6214689265536724,55,0.8027411442598951,2062,67,0,55,0.39,2024-04-01T00:00:00,2024-07-01T00:00:00,2184,122,17,55.86080586080586,7.783882783882784,0.5491803278688525
2024-Q3,gaussian_naive_bayes,poluentes_subindices_meteorologia,14521,2184,55,1.0,0.9689995302959136,0.9842557251908397,2129,0.45454545454545453,1.0,0.625,55,0.8046278625954199,2063,66,0,55,0.4,2024-04-01T00:00:00,2024-07-01T00:00:00,2184,121,16,55.4029304029304,7.326007326007326,0.5454545454545454
2024-Q3,gaussian_naive_bayes,poluentes_subindices_meteorologia,14521,2184,55,1.0,0.9689995302959136,0.9842557251908397,2129,0.45454545454545453,1.0,0.625,55,0.8046278625954199,2063,66,0,55,0.41000000000000003,2024-04-01T00:00:00,2024-07-01T00:00:00,2184,121,16,55.4029304029304,7.326007326007326,0.5454545454545454
2024-Q3,gaussian_naive_bayes,poluentes_subindices_meteorologia,14521,2184,55,1.0,0.9689995302959136,0.9842557251908397,2129,0.45454545454545453,1.0,0.625,55,0.8046278625954199,2063,66,0,55,0.42,2024-04-01T00:00:00,2024-07-01T00:00:00,2184,121,16,55.4029304029304,7.326007326007326,0.5454545454545454
2024-Q3,gaussian_naive_bayes,poluentes_subindices_meteorologia,14521,2184,55,1.0,0.9694692343823391,0.9844979728118293,2129,0.4583333333333333,1.0,0.6285714285714286,55,0.8065347006916289,2064,65,0,55,0.43,2024-04-01T00:00:00,2024-07-01T00:00:00,2184,120,16,54.94505494505494,7.326007326007326,0.5416666666666666
2024-Q3,gaussian_naive_bayes,poluentes_subindices_meteorologia,14521,2184,55,1.0,0.9704086425551902,0.9849821215733016,2129,0.4661016949152542,1.0,0.6358381502890174,55,0.8104101359311595,2066,63,0,55,0.44,2024-04-01T00:00:00,2024-07-01T00:00:00,2184,118,16,54.02930402930403,7.326007326007326,0.5338983050847458
2024-Q3,gaussian_naive_bayes,poluentes_subindices_meteorologia,14521,2184,55,1.0,0.9708783466416158,0.9852240228789323,2129,0.4700854700854701,1.0,0.6395348837209303,55,0.8123794532999313,2067,62,0,55,0.45,2024-04-01T00:00:00,2024-07-01T00:00:00,2184,117,16,53.57142857142857,7.326007326007326,0.5299145299145299
2024-Q3,gaussian_naive_bayes,poluentes_subindices_meteorologia,14521,2184,55,1.0,0.9708783466416158,0.9852240228789323,2129,0.4700854700854701,1.0,0.6395348837209303,55,0.8123794532999313,2067,62,0,55,0.46,2024-04-01T00:00:00,2024-07-01T00:00:00,2184,117,16,53.57142857142857,7.326007326007326,0.5299145299145299
2024-Q3,gaussian_naive_bayes,poluentes_subindices_meteorologia,14521,2184,55,1.0,0.9708783466416158,0.9852240228789323,2129,0.4700854700854701,1.0,0.6395348837209303,55,0.8123794532999313,2067,62,0,55,0.47000000000000003,2024-04-01T00:00:00,2024-07-01T00:00:00,2184,117,16,53.57142857142857,7.326007326007326,0.5299145299145299
2024-Q3,gaussian_naive_bayes,poluentes_subindices_meteorologia,14521,2184,55,1.0,0.9708783466416158,0.9852240228789323,2129,0.4700854700854701,1.0,0.6395348837209303,55,0.8123794532999313,2067,62,0,55,0.48,2024-04-01T00:00:00,2024-07-01T00:00:00,2184,117,16,53.57142857142857,7.326007326007326,0.5299145299145299
2024-Q3,gaussian_naive_bayes,poluentes_subindices_meteorologia,14521,2184,55,1.0,0.9708783466416158,0.9852240228789323,2129,0.4700854700854701,1.0,0.6395348837209303,55,0.8123794532999313,2067,62,0,55,0.49,2024-04-01T00:00:00,2024-07-01T00:00:00,2184,117,16,53.57142857142857,7.326007326007326,0.5299145299145299
2024-Q3,gaussian_naive_bayes,poluentes_subindices_meteorologia,14521,2184,55,1.0,0.9708783466416158,0.9852240228789323,2129,0.4700854700854701,1.0,0.6395348837209303,55,0.8123794532999313,2067,62,0,55,0.5,2024-04-01T00:00:00,2024-07-01T00:00:00,2184,117,16,53.57142857142857,7.326007326007326,0.5299145299145299
2024-Q3,gaussian_naive_bayes,poluentes_subindices_meteorologia,14521,2184,55,1.0,0.9708783466416158,0.9852240228789323,2129,0.4700854700854701,1.0,0.6395348837209303,55,0.8123794532999313,2067,62,0,55,0.51,2024-04-01T00:00:00,2024-07-01T00:00:00,2184,117,16,53.57142857142857,7.326007326007326,0.5299145299145299
2024-Q3,gaussian_naive_bayes,poluentes_subindices_meteorologia,14521,2184,55,1.0,0.9708783466416158,0.9852240228789323,2129,0.4700854700854701,1.0,0.6395348837209303,55,0.8123794532999313,2067,62,0,55,0.52,2024-04-01T00:00:00,2024-07-01T00:00:00,2184,117,16,53.57142857142857,7.326007326007326,0.5299145299145299
2024-Q3,gaussian_naive_bayes,poluentes_subindices_meteorologia,14521,2184,55,1.0,0.9718177548144669,0.985707479752263,2129,0.4782608695652174,1.0,0.6470588235294118,55,0.8163831516408374,2069,60,0,55,0.53,2024-04-01T00:00:00,2024-07-01T00:00:00,2184,115,16,52.65567765567766,7.326007326007326,0.5217391304347826
2024-Q3,gaussian_naive_bayes,poluentes_subindices_meteorologia,14521,2184,55,1.0,0.9718177548144669,0.985707479752263,2129,0.4782608695652174,1.0,0.6470588235294118,55,0.8163831516408374,2069,60,0,55,0.54,2024-04-01T00:00:00,2024-07-01T00:00:00,2184,115,16,52.65567765567766,7.326007326007326,0.5217391304347826
2024-Q3,gaussian_naive_bayes,poluentes_subindices_meteorologia,14521,2184,55,1.0,0.9718177548144669,0.985707479752263,2129,0.4782608695652174,1.0,0.6470588235294118,55,0.8163831516408374,2069,60,0,55,0.55,2024-04-01T00:00:00,2024-07-01T00:00:00,2184,115,16,52.65567765567766,7.326007326007326,0.5217391304347826
2024-Q3,gaussian_naive_bayes,poluentes_subindices_meteorologia,14521,2184,55,1.0,0.9722874589008924,0.9859490354846392,2129,0.4824561403508772,1.0,0.650887573964497,55,0.8184183047245681,2070,59,0,55,0.56,2024-04-01T00:00:00,2024-07-01T00:00:00,2184,114,16,52.1978021978022,7.326007326007326,0.5175438596491229
2024-Q3,gaussian_naive_bayes,poluentes_subindices_meteorologia,14521,2184,55,1.0,0.9732268670737435,0.9864318019519163,2129,0.49107142857142855,1.0,0.6586826347305389,55,0.8225572183412275,2072,57,0,55,0.5700000000000001,2024-04-01T00:00:00,2024-07-01T00:00:00,2184,112,16,51.28205128205128,7.326007326007326,0.5089285714285714
2024-Q3,gaussian_naive_bayes,poluentes_subindices_meteorologia,14521,2184,55,1.0,0.9732268670737435,0.9864318019519163,2129,0.49107142857142855,1.0,0.6586826347305389,55,0.8225572183412275,2072,57,0,55,0.58,2024-04-01T00:00:00,2024-07-01T00:00:00,2184,112,16,51.28205128205128,7.326007326007326,0.5089285714285714
2024-Q3,gaussian_naive_bayes,poluentes_subindices_meteorologia,14521,2184,55,1.0,0.9732268670737435,0.9864318019519163,2129,0.49107142857142855,1.0,0.6586826347305389,55,0.8225572183412275,2072,57,0,55,0.59,2024-04-01T00:00:00,2024-07-01T00:00:00,2184,112,16,51.28205128205128,7.326007326007326,0.5089285714285714
2024-Q3,gaussian_naive_bayes,poluentes_subindices_meteorologia,14521,2184,55,1.0,0.9732268670737435,0.9864318019519163,2129,0.49107142857142855,1.0,0.6586826347305389,55,0.8225572183412275,2072,57,0,55,0.6,2024-04-01T00:00:00,2024-07-01T00:00:00,2184,112,16,51.28205128205128,7.326007326007326,0.5089285714285714
2024-Q3,gaussian_naive_bayes,poluentes_subindices_meteorologia,14521,2184,55,1.0,0.9732268670737435,0.9864318019519163,2129,0.49107142857142855,1.0,0.6586826347305389,55,0.8225572183412275,2072,57,0,55,0.61,2024-04-01T00:00:00,2024-07-01T00:00:00,2184,112,16,51.28205128205128,7.326007326007326,0.5089285714285714
2024-Q3,gaussian_naive_bayes,poluentes_subindices_meteorologia,14521,2184,55,1.0,0.9732268670737435,0.9864318019519163,2129,0.49107142857142855,1.0,0.6586826347305389,55,0.8225572183412275,2072,57,0,55,0.62,2024-04-01T00:00:00,2024-07-01T00:00:00,2184,112,16,51.28205128205128,7.326007326007326,0.5089285714285714
2024-Q3,gaussian_naive_bayes,poluentes_subindices_meteorologia,14521,2184,55,1.0,0.9732268670737435,0.9864318019519163,2129,0.49107142857142855,1.0,0.6586826347305389,55,0.8225572183412275,2072,57,0,55,0.63,2024-04-01T00:00:00,2024-07-01T00:00:00,2184,112,16,51.28205128205128,7.326007326007326,0.5089285714285714
2024-Q3,gaussian_naive_bayes,poluentes_subindices_meteorologia,14521,2184,55,1.0,0.973696571160169,0.9866730128510233,2129,0.4954954954954955,1.0,0.6626506024096386,55,0.8246618076303309,2073,56,0,55,0.64,2024-04-01T00:00:00,2024-07-01T00:00:00,2184,111,16,50.824175824175825,7.326007326007326,0.5045045045045045
2024-Q3,gaussian_naive_bayes,poluentes_subindices_meteorologia,14521,2184,55,1.0,0.973696571160169,0.9866730128510233,2129,0.4954954954954955,1.0,0.6626506024096386,55,0.8246618076303309,2073,56,0,55,0.65,2024-04-01T00:00:00,2024-07-01T00:00:00,2184,111,16,50.824175824175825,7.326007326007326,0.5045045045045045
2024-Q3,gaussian_naive_bayes,poluentes_subindices_meteorologia,14521,2184,55,1.0,0.9741662752465946,0.9869141089697835,2129,0.5,1.0,0.6666666666666666,55,0.826790387818225,2074,55,0,55,0.66,2024-04-01T00:00:00,2024-07-01T00:00:00,2184,110,16,50.366300366300365,7.326007326007326,0.5
2024-Q3,gaussian_naive_bayes,poluentes_subindices_meteorologia,14521,2184,55,1.0,0.9741662752465946,0.9869141089697835,2129,0.5,1.0,0.6666666666666666,55,0.826790387818225,2074,55,0,55,0.67,2024-04-01T00:00:00,2024-07-01T00:00:00,2184,110,16,50.366300366300365,7.326007326007326,0.5
2024-Q3,gaussian_naive_bayes,poluentes_subindices_meteorologia,14521,2184,55,1.0,0.9741662752465946,0.9869141089697835,2129,0.5,1.0,0.6666666666666666,55,0.826790387818225,2074,55,0,55,0.68,2024-04-01T00:00:00,2024-07-01T00:00:00,2184,110,16,50.366300366300365,7.326007326007326,0.5
2024-Q3,gaussian_naive_bayes,poluentes_subindices_meteorologia,14521,2184,55,1.0,0.9746359793330202,0.9871550903901046,2129,0.5045871559633027,1.0,0.6707317073170732,55,0.8289433988535889,2075,54,0,55,0.6900000000000001,2024-04-01T00:00:00,2024-07-01T00:00:00,2184,109,16,49.90842490842491,7.326007326007326,0.4954128440366973
2024-Q3,gaussian_naive_bayes,poluentes_subindices_meteorologia,14521,2184,55,1.0,0.9746359793330202,0.9871550903901046,2129,0.5045871559633027,1.0,0.6707317073170732,55,0.8289433988535889,2075,54,0,55,0.7000000000000001,2024-04-01T00:00:00,2024-07-01T00:00:00,2184,109,16,49.90842490842491,7.326007326007326,0.4954128440366973
2024-Q3,gaussian_naive_bayes,poluentes_subindices_meteorologia,14521,2184,55,1.0,0.9755753875058712,0.9876367094626723,2129,0.514018691588785,1.0,0.6790123456790124,55,0.8333245275708423,2077,52,0,55,0.71,2024-04-01T00:00:00,2024-07-01T00:00:00,2184,107,16,48.99267399267399,7.326007326007326,0.48598130841121495
2024-Q3,gaussian_naive_bayes,poluentes_subindices_meteorologia,14521,2184,55,1.0,0.9755753875058712,0.9876367094626723,2129,0.514018691588785,1.0,0.6790123456790124,55,0.8333245275708423,2077,52,0,55,0.72,2024-04-01T00:00:00,2024-07-01T00:00:00,2184,107,16,48.99267399267399,7.326007326007326,0.48598130841121495
2024-Q3,gaussian_naive_bayes,poluentes_subindices_meteorologia,14521,2184,55,1.0,0.9755753875058712,0.9876367094626723,2129,0.514018691588785,1.0,0.6790123456790124,55,0.8333245275708423,2077,52,0,55,0.73,2024-04-01T00:00:00,2024-07-01T00:00:00,2184,107,16,48.99267399267399,7.326007326007326,0.48598130841121495
2024-Q3,gaussian_naive_bayes,poluentes_subindices_meteorologia,14521,2184,55,1.0,0.9755753875058712,0.9876367094626723,2129,0.514018691588785,1.0,0.6790123456790124,55,0.8333245275708423,2077,52,0,55,0.74,2024-04-01T00:00:00,2024-07-01T00:00:00,2184,107,16,48.99267399267399,7.326007326007326,0.48598130841121495
2024-Q3,gaussian_naive_bayes,poluentes_subindices_meteorologia,14521,2184,55,1.0,0.9755753875058712,0.9876367094626723,2129,0.514018691588785,1.0,0.6790123456790124,55,0.8333245275708423,2077,52,0,55,0.75,2024-04-01T00:00:00,2024-07-01T00:00:00,2184,107,16,48.99267399267399,7.326007326007326,0.48598130841121495
2024-Q3,gaussian_naive_bayes,poluentes_subindices_meteorologia,14521,2184,55,1.0,0.9760450915922968,0.9878773472783456,2129,0.5188679245283019,1.0,0.6832298136645962,55,0.8355535804714709,2078,51,0,55,0.76,2024-04-01T00:00:00,2024-07-01T00:00:00,2184,106,15,48.53479853479853,6.868131868131868,0.4811320754716981
2024-Q3,gaussian_naive_bayes,poluentes_subindices_meteorologia,14521,2184,55,1.0,0.9760450915922968,0.9878773472783456,2129,0.5188679245283019,1.0,0.6832298136645962,55,0.8355535804714709,2078,51,0,55,0.77,2024-04-01T00:00:00,2024-07-01T00:00:00,2184,106,15,48.53479853479853,6.868131868131868,0.4811320754716981
2024-Q3,gaussian_naive_bayes,poluentes_subindices_meteorologia,14521,2184,55,1.0,0.9760450915922968,0.9878773472783456,2129,0.5188679245283019,1.0,0.6832298136645962,55,0.8355535804714709,2078,51,0,55,0.78,2024-04-01T00:00:00,2024-07-01T00:00:00,2184,106,15,48.53479853479853,6.868131868131868,0.4811320754716981
2024-Q3,gaussian_naive_bayes,poluentes_subindices_meteorologia,14521,2184,55,1.0,0.9760450915922968,0.9878773472783456,2129,0.5188679245283019,1.0,0.6832298136645962,55,0.8355535804714709,2078,51,0,55,0.79,2024-04-01T00:00:00,2024-07-01T00:00:00,2184,106,15,48.53479853479853,6.868131868131868,0.4811320754716981
2024-Q3,gaussian_naive_bayes,poluentes_subindices_meteorologia,14521,2184,55,1.0,0.9760450915922968,0.9878773472783456,2129,0.5188679245283019,1.0,0.6832298136645962,55,0.8355535804714709,2078,51,0,55,0.8,2024-04-01T00:00:00,2024-07-01T00:00:00,2184,106,15,48.53479853479853,6.868131868131868,0.4811320754716981
2024-Q3,gaussian_naive_bayes,poluentes_subindices_meteorologia,14521,2184,55,1.0,0.9760450915922968,0.9878773472783456,2129,0.5188679245283019,1.0,0.6832298136645962,55,0.8355535804714709,2078,51,0,55,0.81,2024-04-01T00:00:00,2024-07-01T00:00:00,2184,106,15,48.53479853479853,6.868131868131868,0.4811320754716981
2024-Q3,gaussian_naive_bayes,poluentes_subindices_meteorologia,14521,2184,55,1.0,0.9760450915922968,0.9878773472783456,2129,0.5188679245283019,1.0,0.6832298136645962,55,0.8355535804714709,2078,51,0,55,0.8200000000000001,2024-04-01T00:00:00,2024-07-01T00:00:00,2184,106,15,48.53479853479853,6.868131868131868,0.4811320754716981
2024-Q3,gaussian_naive_bayes,poluentes_subindices_meteorologia,14521,2184,55,1.0,0.9760450915922968,0.9878773472783456,2129,0.5188679245283019,1.0,0.6832298136645962,55,0.8355535804714709,2078,51,0,55,0.8300000000000001,2024-04-01T00:00:00,2024-07-01T00:00:00,2184,106,15,48.53479853479853,6.868131868131868,0.4811320754716981
2024-Q3,gaussian_naive_bayes,poluentes_subindices_meteorologia,14521,2184,55,1.0,0.9765147956787225,0.9881178707224335,2129,0.5238095238095238,1.0,0.6875,55,0.8378089353612168,2079,50,0,55,0.84,2024-04-01T00:00:00,2024-07-01T00:00:00,2184,105,15,48.07692307692308,6.868131868131868,0.47619047619047616
2024-Q3,gaussian_naive_bayes,poluentes_subindices_meteorologia,14521,2184,55,1.0,0.9765147956787225,0.9881178707224335,2129,0.5238095238095238,1.0,0.6875,55,0.8378089353612168,2079,50,0,55,0.85,2024-04-01T00:00:00,2024-07-01T00:00:00,2184,105,15,48.07692307692308,6.868131868131868,0.47619047619047616
2024-Q3,gaussian_naive_bayes,poluentes_subindices_meteorologia,14521,2184,55,1.0,0.9765147956787225,0.9881178707224335,2129,0.5238095238095238,1.0,0.6875,55,0.8378089353612168,2079,50,0,55,0.86,2024-04-01T00:00:00,2024-07-01T00:00:00,2184,105,15,48.07692307692308,6.868131868131868,0.47619047619047616
2024-Q3,gaussian_naive_bayes,poluentes_subindices_meteorologia,14521,2184,55,1.0,0.976984499765148,0.9883582798764552,2129,0.5288461538461539,1.0,0.6918238993710691,55,0.8400910896237621,2080,49,0,55,0.87,2024-04-01T00:00:00,2024-07-01T00:00:00,2184,104,15,47.61904761904761,6.868131868131868,0.47115384615384615
2024-Q3,gaussian_naive_bayes,poluentes_subindices_meteorologia,14521,2184,55,1.0,0.976984499765148,0.9883582798764552,2129,0.5288461538461539,1.0,0.6918238993710691,55,0.8400910896237621,2080,49,0,55,0.88,2024-04-01T00:00:00,2024-07-01T00:00:00,2184,104,15,47.61904761904761,6.868131868131868,0.47115384615384615
2024-Q3,gaussian_naive_bayes,poluentes_subindices_meteorologia,14521,2184,55,1.0,0.9774542038515736,0.9885985748218528,2129,0.5339805825242718,1.0,0.6962025316455697,55,0.8424005532337112,2081,48,0,55,0.89,2024-04-01T00:00:00,2024-07-01T00:00:00,2184,103,15,47.16117216117216,6.868131868131868,0.46601941747572817
2024-Q3,gaussian_naive_bayes,poluentes_subindices_meteorologia,14521,2184,55,1.0,0.9779239079379991,0.9888387556399905,2129,0.5392156862745098,1.0,0.7006369426751592,55,0.8447378491575748,2082,47,0,55,0.9,2024-04-01T00:00:00,2024-07-01T00:00:00,2184,102,15,46.7032967032967,6.868131868131868,0.46078431372549017
2024-Q3,gaussian_naive_bayes,poluentes_subindices_meteorologia,14521,2184,55,1.0,0.9779239079379991,0.9888387556399905,2129,0.5392156862745098,1.0,0.7006369426751592,55,0.8447378491575748,2082,47,0,55,0.91,2024-04-01T00:00:00,2024-07-01T00:00:00,2184,102,15,46.7032967032967,6.868131868131868,0.46078431372549017
2024-Q3,gaussian_naive_bayes,poluentes_subindices_meteorologia,14521,2184,55,1.0,0.9783936120244247,0.9890788224121557,2129,0.5445544554455446,1.0,0.7051282051282052,55,0.8471035137701804,2083,46,0,55,0.92,2024-04-01T00:00:00,2024-07-01T00:00:00,2184,101,15,46.24542124542125,6.868131868131868,0.45544554455445546
2024-Q3,gaussian_naive_bayes,poluentes_subindices_meteorologia,14521,2184,55,1.0,0.9783936120244247,0.9890788224121557,2129,0.5445544554455446,1.0,0.7051282051282052,55,0.8471035137701804,2083,46,0,55,0.93,2024-04-01T00:00:00,2024-07-01T00:00:00,2184,101,15,46.24542124542125,6.868131868131868,0.45544554455445546
2024-Q3,gaussian_naive_bayes,poluentes_subindices_meteorologia,14521,2184,55,1.0,0.9788633161108502,0.9893187752195585,2129,0.55,1.0,0.7096774193548387,55,0.8494980972871986,2084,45,0,55,0.9400000000000001,2024-04-01T00:00:00,2024-07-01T00:00:00,2184,100,15,45.78754578754578,6.868131868131868,0.45
2024-Q3,gaussian_naive_bayes,poluentes_subindices_meteorologia,14521,2184,55,1.0,0.9798027242837013,0.9897983392645314,2129,0.5612244897959183,1.0,0.7189542483660131,55,0.8543762938152722,2086,43,0,55,0.9500000000000001,2024-04-01T00:00:00,2024-07-01T00:00:00,2184,98,14,44.87179487179487,6.41025641025641,0.4387755102040816
2024-Q3,gaussian_naive_bayes,poluentes_subindices_meteorologia,14521,2184,55,1.0,0.9798027242837013,0.9897983392645314,2129,0.5612244897959183,1.0,0.7189542483660131,55,0.8543762938152722,2086,43,0,55,0.96,2024-04-01T00:00:00,2024-07-01T00:00:00,2184,98,14,44.87179487179487,6.41025641025641,0.4387755102040816
2024-Q3,gaussian_naive_bayes,poluentes_subindices_meteorologia,14521,2184,55,1.0,0.9812118365429779,0.9905168326220958,2129,0.5789473684210527,1.0,0.7333333333333333,55,0.8619250829777145,2089,40,0,55,0.97,2024-04-01T00:00:00,2024-07-01T00:00:00,2184,95,14,43.498168498168496,6.41025641025641,0.42105263157894735
2024-Q3,gaussian_naive_bayes,poluentes_subindices_meteorologia,14521,2184,55,1.0,0.9812118365429779,0.9905168326220958,2129,0.5789473684210527,1.0,0.7333333333333333,55,0.8619250829777145,2089,40,0,55,0.98,2024-04-01T00:00:00,2024-07-01T00:00:00,2184,95,14,43.498168498168496,6.41025641025641,0.42105263157894735
2024-Q3,gaussian_naive_bayes,poluentes_subindices_meteorologia,14521,2184,55,1.0,0.9835603569751057,0.9917120530428605,2129,0.6111111111111112,1.0,0.7586206896551724,55,0.8751663713490164,2094,35,0,55,0.99,2024-04-01T00:00:00,2024-07-01T00:00:00,2184,90,14,41.20879120879121,6.41025641025641,0.3888888888888889
2024-Q3,gaussian_naive_bayes,poluentes_subindices_meteorologia,14521,2184,55,0.9820027688047993,0.9995302959135745,0.9906890130353817,2129,0.9411764705882353,0.2909090909090909,0.4444444444444444,55,0.717566728739913,2128,1,39,16,1.0,2024-04-01T00:00:00,2024-07-01T00:00:00,2184,17,4,7.783882783882784,1.8315018315018314,0.058823529411764705
2024-Q3,gaussian_naive_bayes,poluentes_subindices_sem_iqar_meteorologia,14521,2184,55,0.0,0.0,0.0,2129,0.025183150183150184,1.0,0.04912907548012506,55,0.02456453774006253,0,2129,0,55,0.0,2024-04-01T00:00:00,2024-07-01T00:00:00,2184,2184,1,1000.0,0.45787545787545786,0.9748168498168498
2024-Q3,gaussian_naive_bayes,poluentes_subindices_sem_iqar_meteorologia,14521,2184,55,1.0,0.941286989196806,0.9697556254536657,2129,0.3055555555555556,1.0,0.46808510638297873,55,0.7189203659183222,2004,125,0,55,0.01,2024-04-01T00:00:00,2024-07-01T00:00:00,2184,180,22,82.41758241758242,10.073260073260075,0.6944444444444444
2024-Q3,gaussian_naive_bayes,poluentes_subindices_sem_iqar_meteorologia,14521,2184,55,1.0,0.9469234382339127,0.9727382388419783,2129,0.3273809523809524,1.0,0.49327354260089684,55,0.7330058907214376,2016,113,0,55,0.02,2024-04-01T00:00:00,2024-07-01T00:00:00,2184,168,21,76.92307692307693,9.615384615384617,0.6726190476190477
2024-Q3,gaussian_naive_bayes,poluentes_subindices_sem_iqar_meteorologia,14521,2184,55,1.0,0.9492719586660404,0.9739759036144578,2129,0.3374233128834356,1.0,0.5045871559633027,55,0.7392815297888803,2021,108,0,55,0.03,2024-04-01T00:00:00,2024-07-01T00:00:00,2184,163,21,74.63369963369964,9.615384615384617,0.6625766871165644
2024-Q3,gaussian_naive_bayes,poluentes_subindices_sem_iqar_meteorologia,14521,2184,55,1.0,0.9511507750117426,0.9749638902262879,2129,0.34591194968553457,1.0,0.514018691588785,55,0.7444912909075365,2025,104,0,55,0.04,2024-04-01T00:00:00,2024-07-01T00:00:00,2184,159,21,72.80219780219781,9.615384615384617,0.6540880503144654
2024-Q3,gaussian_naive_bayes,poluentes_subindices_sem_iqar_meteorologia,14521,2184,55,1.0,0.9534992954438704,0.9761962010098582,2129,0.35714285714285715,1.0,0.5263157894736842,55,0.7512559952417712,2030,99,0,55,0.05,2024-04-01T00:00:00,2024-07-01T00:00:00,2184,154,21,70.51282051282051,9.615384615384617,0.6428571428571429
2024-Q3,gaussian_naive_bayes,poluentes_subindices_sem_iqar_meteorologia,14521,2184,55,1.0,0.9544387036167215,0.9766882960826724,2129,0.3618421052631579,1.0,0.5314009661835749,55,0.7540446311331237,2032,97,0,55,0.06,2024-04-01T00:00:00,2024-07-01T00:00:00,2184,152,20,69.5970695970696,9.157509157509159,0.6381578947368421
2024-Q3,gaussian_naive_bayes,poluentes_subindices_sem_iqar_meteorologia,14521,2184,55,1.0,0.9553781117895725,0.9771799183281288,2129,0.36666666666666664,1.0,0.5365853658536586,55,0.7568826420908936,2034,95,0,55,0.07,2024-04-01T00:00:00,2024-07-01T00:00:00,2184,150,20,68.68131868131869,9.157509157509159,0.6333333333333333
2024-Q3,gaussian_naive_bayes,poluentes_subindices_sem_iqar_meteorologia,14521,2184,55,1.0,0.9553781117895725,0.9771799183281288,2129,0.36666666666666664,1.0,0.5365853658536586,55,0.7568826420908936,2034,95,0,55,0.08,2024-04-01T00:00:00,2024-07-01T00:00:00,2184,150,20,68.68131868131869,9.157509157509159,0.6333333333333333
2024-Q3,gaussian_naive_bayes,poluentes_subindices_sem_iqar_meteorologia,14521,2184,55,1.0,0.9558478158759981,0.9774255523535063,2129,0.3691275167785235,1.0,0.5392156862745098,55,0.758320619314008,2035,94,0,55,0.09,2024-04-01T00:00:00,2024-07-01T00:00:00,2184,149,20,68.22344322344321,9.157509157509159,0.6308724832214765
2024-Q3,gaussian_naive_bayes,poluentes_subindices_sem_iqar_meteorologia,14521,2184,55,1.0,0.9572569281352747,0.9781617470602352,2129,0.3767123287671233,1.0,0.5472636815920398,55,0.7627127143261374,2038,91,0,55,0.1,2024-04-01T00:00:00,2024-07-01T00:00:00,2184,146,18,66.84981684981685,8.241758241758243,0.6232876712328768
2024-Q3,gaussian_naive_bayes,poluentes_subindices_sem_iqar_meteorologia,14521,2184,55,1.0,0.9577266322217003,0.9784069097888676,2129,0.3793103448275862,1.0,0.55,55,0.7642034548944339,2039,90,0,55,0.11,2024-04-01T00:00:00,2024-07-01T00:00:00,2184,145,18,66.39194139194139,8.241758241758243,0.6206896551724138
2024-Q3,gaussian_naive_bayes,poluentes_subindices_sem_iqar_meteorologia,14521,2184,55,1.0,0.9577266322217003,0.9784069097888676,2129,0.3793103448275862,1.0,0.55,55,0.7642034548944339,2039,90,0,55,0.12,2024-04-01T00:00:00,2024-07-01T00:00:00,2184,145,18,66.39194139194139,8.241758241758243,0.6206896551724138
2024-Q3,gaussian_naive_bayes,poluentes_subindices_sem_iqar_meteorologia,14521,2184,55,1.0,0.9581963363081258,0.978651954905253,2129,0.3819444444444444,1.0,0.5527638190954773,55,0.7657078870003652,2040,89,0,55,0.13,2024-04-01T00:00:00,2024-07-01T00:00:00,2184,144,18,65.93406593406594,8.241758241758243,0.6180555555555556
2024-Q3,gaussian_naive_bayes,poluentes_subindices_sem_iqar_meteorologia,14521,2184,55,1.0,0.9581963363081258,0.978651954905253,2129,0.3819444444444444,1.0,0.5527638190954773,55,0.7657078870003652,2040,89,0,55,0.14,2024-04-01T00:00:00,2024-07-01T00:00:00,2184,144,18,65.93406593406594,8.241758241758243,0.6180555555555556
2024-Q3,gaussian_naive_bayes,poluentes_subindices_sem_iqar_meteorologia,14521,2184,55,1.0,0.960075152653828,0.9796309609393722,2129,0.39285714285714285,1.0,0.5641025641025641,55,0.7718667625209681,2044,85,0,55,0.15,2024-04-01T00:00:00,2024-07-01T00:00:00,2184,140,18,64.1025641025641,8.241758241758243,0.6071428571428571
2024-Q3,gaussian_naive_bayes,poluentes_subindices_sem_iqar_meteorologia,14521,2184,55,1.0,0.9614842649131048,0.9803639846743295,2129,0.40145985401459855,1.0,0.5729166666666666,55,0.7766403256704981,2047,82,0,55,0.16,2024-04-01T00:00:00,2024-07-01T00:00:00,2184,137,18,62.72893772893773,8.241758241758243,0.5985401459854015
2024-Q3,gaussian_naive_bayes,poluentes_subindices_sem_iqar_meteorologia,14521,2184,55,1.0,0.9614842649131048,0.9803639846743295,2129,0.40145985401459855,1.0,0.5729166666666666,55,0.7766403256704981,2047,82,0,55,0.17,2024-04-01T00:00:00,2024-07-01T00:00:00,2184,137,18,62.72893772893773,8.241758241758243,0.5985401459854015
2024-Q3,gaussian_naive_bayes,poluentes_subindices_sem_iqar_meteorologia,14521,2184,55,1.0,0.9628933771723814,0.9810959559703278,2129,0.41044776119402987,1.0,0.582010582010582,55,0.781553268990455,2050,79,0,55,0.18,2024-04-01T00:00:00,2024-07-01T00:00:00,2184,134,19,61.35531135531135,8.6996336996337,0.5895522388059702
2024-Q3,gaussian_naive_bayes,poluentes_subindices_sem_iqar_meteorologia,14521,2184,55,1.0,0.9628933771723814,0.9810959559703278,2129,0.41044776119402987,1.0,0.582010582010582,55,0.781553268990455,2050,79,0,55,0.19,2024-04-01T00:00:00,2024-07-01T00:00:00,2184,134,19,61.35531135531135,8.6996336996337,0.5895522388059702
2024-Q3,gaussian_naive_bayes,poluentes_subindices_sem_iqar_meteorologia,14521,2184,55,1.0,0.963363081258807,0.9813397129186603,2129,0.41353383458646614,1.0,0.5851063829787234,55,0.7832230479486919,2051,78,0,55,0.2,2024-04-01T00:00:00,2024-07-01T00:00:00,2184,133,19,60.8974358974359,8.6996336996337,0.5864661654135338
2024-Q3,gaussian_naive_bayes,poluentes_subindices_sem_iqar_meteorologia,14521,2184,55,1.0,0.963363081258807,0.9813397129186603,2129,0.41353383458646614,1.0,0.5851063829787234,55,0.7832230479486919,2051,78,0,55,0.21,2024-04-01T00:00:00,2024-07-01T00:00:00,2184,133,19,60.8974358974359,8.6996336996337,0.5864661654135338
2024-Q3,gaussian_naive_bayes,poluentes_subindices_sem_iqar_meteorologia,14521,2184,55,1.0,0.963363081258807,0.9813397129186603,2129,0.41353383458646614,1.0,0.5851063829787234,55,0.7832230479486919,2051,78,0,55,0.22,2024-04-01T00:00:00,2024-07-01T00:00:00,2184,133,19,60.8974358974359,8.6996336996337,0.5864661654135338
2024-Q3,gaussian_naive_bayes,poluentes_subindices_sem_iqar_meteorologia,14521,2184,55,1.0,0.963363081258807,0.9813397129186603,2129,0.41353383458646614,1.0,0.5851063829787234,55,0.7832230479486919,2051,78,0,55,0.23,2024-04-01T00:00:00,2024-07-01T00:00:00,2184,133,19,60.8974358974359,8.6996336996337,0.5864661654135338
2024-Q3,gaussian_naive_bayes,poluentes_subindices_sem_iqar_meteorologia,14521,2184,55,1.0,0.963363081258807,0.9813397129186603,2129,0.41353383458646614,1.0,0.5851063829787234,55,0.7832230479486919,2051,78,0,55,0.24,2024-04-01T00:00:00,2024-07-01T00:00:00,2184,133,19,60.8974358974359,8.6996336996337,0.5864661654135338
2024-Q3,gaussian_naive_bayes,poluentes_subindices_sem_iqar_meteorologia,14521,2184,55,1.0,0.9638327853452325,0.9815833532647692,2129,0.4166666666666667,1.0,0.5882352941176471,55,0.7849093236912081,2052,77,0,55,0.25,2024-04-01T00:00:00,2024-07-01T00:00:00,2184,132,19,60.43956043956044,8.6996336996337,0.5833333333333334
2024-Q3,gaussian_naive_bayes,poluentes_subindices_sem_iqar_meteorologia,14521,2184,55,1.0,0.9638327853452325,0.9815833532647692,2129,0.4166666666666667,1.0,0.5882352941176471,55,0.7849093236912081,2052,77,0,55,0.26,2024-04-01T00:00:00,2024-07-01T00:00:00,2184,132,19,60.43956043956044,8.6996336996337,0.5833333333333334
2024-Q3,gaussian_naive_bayes,poluentes_subindices_sem_iqar_meteorologia,14521,2184,55,1.0,0.9638327853452325,0.9815833532647692,2129,0.4166666666666667,1.0,0.5882352941176471,55,0.7849093236912081,2052,77,0,55,0.27,2024-04-01T00:00:00,2024-07-01T00:00:00,2184,132,19,60.43956043956044,8.6996336996337,0.5833333333333334
2024-Q3,gaussian_naive_bayes,poluentes_subindices_sem_iqar_meteorologia,14521,2184,55,1.0,0.9647721935180836,0.9820702844848195,2129,0.4230769230769231,1.0,0.5945945945945946,55,0.7883324395397071,2054,75,0,55,0.28,2024-04-01T00:00:00,2024-07-01T00:00:00,2184,130,20,59.52380952380952,9.157509157509159,0.5769230769230769
2024-Q3,gaussian_naive_bayes,poluentes_subindices_sem_iqar_meteorologia,14521,2184,55,1.0,0.9652418976045092,0.9823135755258127,2129,0.4263565891472868,1.0,0.5978260869565217,55,0.7900698312411671,2055,74,0,55,0.29,2024-04-01T00:00:00,2024-07-01T00:00:00,2184,129,20,59.065934065934066,9.157509157509159,0.5736434108527132
2024-Q3,gaussian_naive_bayes,poluentes_subindices_sem_iqar_meteorologia,14521,2184,55,1.0,0.9657116016909347,0.9825567502986858,2129,0.4296875,1.0,0.6010928961748634,55,0.7918248232367746,2056,73,0,55,0.3,2024-04-01T00:00:00,2024-07-01T00:00:00,2184,128,20,58.608058608058606,9.157509157509159,0.5703125
2024-Q3,gaussian_naive_bayes,poluentes_subindices_sem_iqar_meteorologia,14521,2184,55,1.0,0.9661813057773603,0.9827998088867654,2129,0.4330708661417323,1.0,0.6043956043956044,55,0.7935977066411849,2057,72,0,55,0.31,2024-04-01T00:00:00,2024-07-01T00:00:00,2184,127,20,58.15018315018315,9.157509157509159,0.5669291338582677
2024-Q3,gaussian_naive_bayes,poluentes_subindices_sem_iqar_meteorologia,14521,2184,55,1.0,0.9661813057773603,0.9827998088867654,2129,0.4330708661417323,1.0,0.6043956043956044,55,0.7935977066411849,2057,72,0,55,0.32,2024-04-01T00:00:00,2024-07-01T00:00:00,2184,127,20,58.15018315018315,9.157509157509159,0.5669291338582677
2024-Q3,gaussian_naive_bayes,poluentes_subindices_sem_iqar_meteorologia,14521,2184,55,1.0,0.9671207139502114,0.9832855778414518,2129,0.44,1.0,0.6111111111111112,55,0.7971983444762815,2059,70,0,55,0.33,2024-04-01T00:00:00,2024-07-01T00:00:00,2184,125,20,57.234432234432234,9.157509157509159,0.56
2024-Q3,gaussian_naive_bayes,poluentes_subindices_sem_iqar_meteorologia,14521,2184,55,1.0,0.9671207139502114,0.9832855778414518,2129,0.44,1.0,0.6111111111111112,55,0.7971983444762815,2059,70,0,55,0.34,2024-04-01T00:00:00,2024-07-01T00:00:00,2184,125,20,57.234432234432234,9.157509157509159,0.56
2024-Q3,gaussian_naive_bayes,poluentes_subindices_sem_iqar_meteorologia,14521,2184,55,1.0,0.9675904180366369,0.9835282883743137,2129,0.4435483870967742,1.0,0.6145251396648045,55,0.799026714019559,2060,69,0,55,0.35000000000000003,2024-04-01T00:00:00,2024-07-01T00:00:00,2184,124,20,56.776556776556774,9.157509157509159,0.5564516129032258
2024-Q3,gaussian_naive_bayes,poluentes_subindices_sem_iqar_meteorologia,14521,2184,55,1.0,0.9675904180366369,0.9835282883743137,2129,0.4435483870967742,1.0,0.6145251396648045,55,0.799026714019559,2060,69,0,55,0.36,2024-04-01T00:00:00,2024-07-01T00:00:00,2184,124,20,56.776556776556774,9.157509157509159,0.5564516129032258
2024-Q3,gaussian_naive_bayes,poluentes_subindices_sem_iqar_meteorologia,14521,2184,55,1.0,0.968529826209488,0.9840133619661179,2129,0.45081967213114754,1.0,0.6214689265536724,55,0.8027411442598951,2062,67,0,55,0.37,2024-04-01T00:00:00,2024-07-01T00:00:00,2184,122,19,55.86080586080586,8.6996336996337,0.5491803278688525
2024-Q3,gaussian_naive_bayes,poluentes_subindices_sem_iqar_meteorologia,14521,2184,55,1.0,0.968529826209488,0.9840133619661179,2129,0.45081967213114754,1.0,0.6214689265536724,55,0.8027411442598951,2062,67,0,55,0.38,2024-04-01T00:00:00,2024-07-01T00:00:00,2184,122,19,55.86080586080586,8.6996336996337,0.5491803278688525
2024-Q3,gaussian_naive_bayes,poluentes_subindices_sem_iqar_meteorologia,14521,2184,55,1.0,0.968529826209488,0.9840133619661179,2129,0.45081967213114754,1.0,0.6214689265536724,55,0.8027411442598951,2062,67,0,55,0.39,2024-04-01T00:00:00,2024-07-01T00:00:00,2184,122,19,55.86080586080586,8.6996336996337,0.5491803278688525
2024-Q3,gaussian_naive_bayes,poluentes_subindices_sem_iqar_meteorologia,14521,2184,55,1.0,0.968529826209488,0.9840133619661179,2129,0.45081967213114754,1.0,0.6214689265536724,55,0.8027411442598951,2062,67,0,55,0.4,2024-04-01T00:00:00,2024-07-01T00:00:00,2184,122,19,55.86080586080586,8.6996336996337,0.5491803278688525
2024-Q3,gaussian_naive_bayes,poluentes_subindices_sem_iqar_meteorologia,14521,2184,55,1.0,0.968529826209488,0.9840133619661179,2129,0.45081967213114754,1.0,0.6214689265536724,55,0.8027411442598951,2062,67,0,55,0.41000000000000003,2024-04-01T00:00:00,2024-07-01T00:00:00,2184,122,19,55.86080586080586,8.6996336996337,0.5491803278688525
2024-Q3,gaussian_naive_bayes,poluentes_subindices_sem_iqar_meteorologia,14521,2184,55,1.0,0.968529826209488,0.9840133619661179,2129,0.45081967213114754,1.0,0.6214689265536724,55,0.8027411442598951,2062,67,0,55,0.42,2024-04-01T00:00:00,2024-07-01T00:00:00,2184,122,19,55.86080586080586,8.6996336996337,0.5491803278688525
2024-Q3,gaussian_naive_bayes,poluentes_subindices_sem_iqar_meteorologia,14521,2184,55,1.0,0.9689995302959136,0.9842557251908397,2129,0.45454545454545453,1.0,0.625,55,0.8046278625954199,2063,66,0,55,0.43,2024-04-01T00:00:00,2024-07-01T00:00:00,2184,121,19,55.4029304029304,8.6996336996337,0.5454545454545454
2024-Q3,gaussian_naive_bayes,poluentes_subindices_sem_iqar_meteorologia,14521,2184,55,1.0,0.9699389384687647,0.9847401049117788,2129,0.46218487394957986,1.0,0.632183908045977,55,0.8084620064788779,2065,64,0,55,0.44,2024-04-01T00:00:00,2024-07-01T00:00:00,2184,119,19,54.48717948717949,8.6996336996337,0.5378151260504201
2024-Q3,gaussian_naive_bayes,poluentes_subindices_sem_iqar_meteorologia,14521,2184,55,1.0,0.9699389384687647,0.9847401049117788,2129,0.46218487394957986,1.0,0.632183908045977,55,0.8084620064788779,2065,64,0,55,0.45,2024-04-01T00:00:00,2024-07-01T00:00:00,2184,119,19,54.48717948717949,8.6996336996337,0.5378151260504201
2024-Q3,gaussian_naive_bayes,poluentes_subindices_sem_iqar_meteorologia,14521,2184,55,1.0,0.9699389384687647,0.9847401049117788,2129,0.46218487394957986,1.0,0.632183908045977,55,0.8084620064788779,2065,64,0,55,0.46,2024-04-01T00:00:00,2024-07-01T00:00:00,2184,119,19,54.48717948717949,8.6996336996337,0.5378151260504201
2024-Q3,gaussian_naive_bayes,poluentes_subindices_sem_iqar_meteorologia,14521,2184,55,1.0,0.9704086425551902,0.9849821215733016,2129,0.4661016949152542,1.0,0.6358381502890174,55,0.8104101359311595,2066,63,0,55,0.47000000000000003,2024-04-01T00:00:00,2024-07-01T00:00:00,2184,118,18,54.02930402930403,8.241758241758243,0.5338983050847458
2024-Q3,gaussian_naive_bayes,poluentes_subindices_sem_iqar_meteorologia,14521,2184,55,1.0,0.9704086425551902,0.9849821215733016,2129,0.4661016949152542,1.0,0.6358381502890174,55,0.8104101359311595,2066,63,0,55,0.48,2024-04-01T00:00:00,2024-07-01T00:00:00,2184,118,18,54.02930402930403,8.241758241758243,0.5338983050847458
2024-Q3,gaussian_naive_bayes,poluentes_subindices_sem_iqar_meteorologia,14521,2184,55,1.0,0.9713480507280413,0.985465808911127,2129,0.47413793103448276,1.0,0.6432748538011696,55,0.8143703313561483,2068,61,0,55,0.49,2024-04-01T00:00:00,2024-07-01T00:00:00,2184,116,18,53.11355311355311,8.241758241758243,0.5258620689655172
2024-Q3,gaussian_naive_bayes,poluentes_subindices_sem_iqar_meteorologia,14521,2184,55,1.0,0.9713480507280413,0.985465808911127,2129,0.47413793103448276,1.0,0.6432748538011696,55,0.8143703313561483,2068,61,0,55,0.5,2024-04-01T00:00:00,2024-07-01T00:00:00,2184,116,18,53.11355311355311,8.241758241758243,0.5258620689655172
2024-Q3,gaussian_naive_bayes,poluentes_subindices_sem_iqar_meteorologia,14521,2184,55,1.0,0.9718177548144669,0.985707479752263,2129,0.4782608695652174,1.0,0.6470588235294118,55,0.8163831516408374,2069,60,0,55,0.51,2024-04-01T00:00:00,2024-07-01T00:00:00,2184,115,18,52.65567765567766,8.241758241758243,0.5217391304347826
2024-Q3,gaussian_naive_bayes,poluentes_subindices_sem_iqar_meteorologia,14521,2184,55,1.0,0.9718177548144669,0.985707479752263,2129,0.4782608695652174,1.0,0.6470588235294118,55,0.8163831516408374,2069,60,0,55,0.52,2024-04-01T00:00:00,2024-07-01T00:00:00,2184,115,18,52.65567765567766,8.241758241758243,0.5217391304347826
2024-Q3,gaussian_naive_bayes,poluentes_subindices_sem_iqar_meteorologia,14521,2184,55,1.0,0.972757162987318,0.9861904761904762,2129,0.48672566371681414,1.0,0.6547619047619048,55,0.8204761904761905,2071,58,0,55,0.53,2024-04-01T00:00:00,2024-07-01T00:00:00,2184,113,17,51.73992673992674,7.783882783882784,0.5132743362831859
2024-Q3,gaussian_naive_bayes,poluentes_subindices_sem_iqar_meteorologia,14521,2184,55,1.0,0.972757162987318,0.9861904761904762,2129,0.48672566371681414,1.0,0.6547619047619048,55,0.8204761904761905,2071,58,0,55,0.54,2024-04-01T00:00:00,2024-07-01T00:00:00,2184,113,17,51.73992673992674,7.783882783882784,0.5132743362831859
2024-Q3,gaussian_naive_bayes,poluentes_subindices_sem_iqar_meteorologia,14521,2184,55,1.0,0.972757162987318,0.9861904761904762,2129,0.48672566371681414,1.0,0.6547619047619048,55,0.8204761904761905,2071,58,0,55,0.55,2024-04-01T00:00:00,2024-07-01T00:00:00,2184,113,17,51.73992673992674,7.783882783882784,0.5132743362831859
2024-Q3,gaussian_naive_bayes,poluentes_subindices_sem_iqar_meteorologia,14521,2184,55,1.0,0.972757162987318,0.9861904761904762,2129,0.48672566371681414,1.0,0.6547619047619048,55,0.8204761904761905,2071,58,0,55,0.56,2024-04-01T00:00:00,2024-07-01T00:00:00,2184,113,17,51.73992673992674,7.783882783882784,0.5132743362831859
2024-Q3,gaussian_naive_bayes,poluentes_subindices_sem_iqar_meteorologia,14521,2184,55,1.0,0.972757162987318,0.9861904761904762,2129,0.48672566371681414,1.0,0.6547619047619048,55,0.8204761904761905,2071,58,0,55,0.5700000000000001,2024-04-01T00:00:00,2024-07-01T00:00:00,2184,113,17,51.73992673992674,7.783882783882784,0.5132743362831859
2024-Q3,gaussian_naive_bayes,poluentes_subindices_sem_iqar_meteorologia,14521,2184,55,1.0,0.9732268670737435,0.9864318019519163,2129,0.49107142857142855,1.0,0.6586826347305389,55,0.8225572183412275,2072,57,0,55,0.58,2024-04-01T00:00:00,2024-07-01T00:00:00,2184,112,17,51.28205128205128,7.783882783882784,0.5089285714285714
2024-Q3,gaussian_naive_bayes,poluentes_subindices_sem_iqar_meteorologia,14521,2184,55,1.0,0.9732268670737435,0.9864318019519163,2129,0.49107142857142855,1.0,0.6586826347305389,55,0.8225572183412275,2072,57,0,55,0.59,2024-04-01T00:00:00,2024-07-01T00:00:00,2184,112,17,51.28205128205128,7.783882783882784,0.5089285714285714
2024-Q3,gaussian_naive_bayes,poluentes_subindices_sem_iqar_meteorologia,14521,2184,55,1.0,0.9732268670737435,0.9864318019519163,2129,0.49107142857142855,1.0,0.6586826347305389,55,0.8225572183412275,2072,57,0,55,0.6,2024-04-01T00:00:00,2024-07-01T00:00:00,2184,112,17,51.28205128205128,7.783882783882784,0.5089285714285714
2024-Q3,gaussian_naive_bayes,poluentes_subindices_sem_iqar_meteorologia,14521,2184,55,1.0,0.9732268670737435,0.9864318019519163,2129,0.49107142857142855,1.0,0.6586826347305389,55,0.8225572183412275,2072,57,0,55,0.61,2024-04-01T00:00:00,2024-07-01T00:00:00,2184,112,17,51.28205128205128,7.783882783882784,0.5089285714285714
2024-Q3,gaussian_naive_bayes,poluentes_subindices_sem_iqar_meteorologia,14521,2184,55,1.0,0.9732268670737435,0.9864318019519163,2129,0.49107142857142855,1.0,0.6586826347305389,55,0.8225572183412275,2072,57,0,55,0.62,2024-04-01T00:00:00,2024-07-01T00:00:00,2184,112,17,51.28205128205128,7.783882783882784,0.5089285714285714
2024-Q3,gaussian_naive_bayes,poluentes_subindices_sem_iqar_meteorologia,14521,2184,55,1.0,0.9732268670737435,0.9864318019519163,2129,0.49107142857142855,1.0,0.6586826347305389,55,0.8225572183412275,2072,57,0,55,0.63,2024-04-01T00:00:00,2024-07-01T00:00:00,2184,112,17,51.28205128205128,7.783882783882784,0.5089285714285714
2024-Q3,gaussian_naive_bayes,poluentes_subindices_sem_iqar_meteorologia,14521,2184,55,1.0,0.9741662752465946,0.9869141089697835,2129,0.5,1.0,0.6666666666666666,55,0.826790387818225,2074,55,0,55,0.64,2024-04-01T00:00:00,2024-07-01T00:00:00,2184,110,16,50.366300366300365,7.326007326007326,0.5
2024-Q3,gaussian_naive_bayes,poluentes_subindices_sem_iqar_meteorologia,14521,2184,55,1.0,0.9746359793330202,0.9871550903901046,2129,0.5045871559633027,1.0,0.6707317073170732,55,0.8289433988535889,2075,54,0,55,0.65,2024-04-01T00:00:00,2024-07-01T00:00:00,2184,109,16,49.90842490842491,7.326007326007326,0.4954128440366973
2024-Q3,gaussian_naive_bayes,poluentes_subindices_sem_iqar_meteorologia,14521,2184,55,1.0,0.9751056834194457,0.9873959571938169,2129,0.5092592592592593,1.0,0.6748466257668712,55,0.8311212914803441,2076,53,0,55,0.66,2024-04-01T00:00:00,2024-07-01T00:00:00,2184,108,16,49.450549450549445,7.326007326007326,0.49074074074074076
2024-Q3,gaussian_naive_bayes,poluentes_subindices_sem_iqar_meteorologia,14521,2184,55,1.0,0.9751056834194457,0.9873959571938169,2129,0.5092592592592593,1.0,0.6748466257668712,55,0.8311212914803441,2076,53,0,55,0.67,2024-04-01T00:00:00,2024-07-01T00:00:00,2184,108,16,49.450549450549445,7.326007326007326,0.49074074074074076
2024-Q3,gaussian_naive_bayes,poluentes_subindices_sem_iqar_meteorologia,14521,2184,55,1.0,0.9751056834194457,0.9873959571938169,2129,0.5092592592592593,1.0,0.6748466257668712,55,0.8311212914803441,2076,53,0,55,0.68,2024-04-01T00:00:00,2024-07-01T00:00:00,2184,108,16,49.450549450549445,7.326007326007326,0.49074074074074076
2024-Q3,gaussian_naive_bayes,poluentes_subindices_sem_iqar_meteorologia,14521,2184,55,1.0,0.9755753875058712,0.9876367094626723,2129,0.514018691588785,1.0,0.6790123456790124,55,0.8333245275708423,2077,52,0,55,0.6900000000000001,2024-04-01T00:00:00,2024-07-01T00:00:00,2184,107,16,48.99267399267399,7.326007326007326,0.48598130841121495
2024-Q3,gaussian_naive_bayes,poluentes_subindices_sem_iqar_meteorologia,14521,2184,55,1.0,0.9755753875058712,0.9876367094626723,2129,0.514018691588785,1.0,0.6790123456790124,55,0.8333245275708423,2077,52,0,55,0.7000000000000001,2024-04-01T00:00:00,2024-07-01T00:00:00,2184,107,16,48.99267399267399,7.326007326007326,0.48598130841121495
2024-Q3,gaussian_naive_bayes,poluentes_subindices_sem_iqar_meteorologia,14521,2184,55,1.0,0.9760450915922968,0.9878773472783456,2129,0.5188679245283019,1.0,0.6832298136645962,55,0.8355535804714709,2078,51,0,55,0.71,2024-04-01T00:00:00,2024-07-01T00:00:00,2184,106,16,48.53479853479853,7.326007326007326,0.4811320754716981
2024-Q3,gaussian_naive_bayes,poluentes_subindices_sem_iqar_meteorologia,14521,2184,55,1.0,0.9760450915922968,0.9878773472783456,2129,0.5188679245283019,1.0,0.6832298136645962,55,0.8355535804714709,2078,51,0,55,0.72,2024-04-01T00:00:00,2024-07-01T00:00:00,2184,106,16,48.53479853479853,7.326007326007326,0.4811320754716981
2024-Q3,gaussian_naive_bayes,poluentes_subindices_sem_iqar_meteorologia,14521,2184,55,1.0,0.9765147956787225,0.9881178707224335,2129,0.5238095238095238,1.0,0.6875,55,0.8378089353612168,2079,50,0,55,0.73,2024-04-01T00:00:00,2024-07-01T00:00:00,2184,105,15,48.07692307692308,6.868131868131868,0.47619047619047616
2024-Q3,gaussian_naive_bayes,poluentes_subindices_sem_iqar_meteorologia,14521,2184,55,1.0,0.9765147956787225,0.9881178707224335,2129,0.5238095238095238,1.0,0.6875,55,0.8378089353612168,2079,50,0,55,0.74,2024-04-01T00:00:00,2024-07-01T00:00:00,2184,105,15,48.07692307692308,6.868131868131868,0.47619047619047616
2024-Q3,gaussian_naive_bayes,poluentes_subindices_sem_iqar_meteorologia,14521,2184,55,1.0,0.976984499765148,0.9883582798764552,2129,0.5288461538461539,1.0,0.6918238993710691,55,0.8400910896237621,2080,49,0,55,0.75,2024-04-01T00:00:00,2024-07-01T00:00:00,2184,104,15,47.61904761904761,6.868131868131868,0.47115384615384615
2024-Q3,gaussian_naive_bayes,poluentes_subindices_sem_iqar_meteorologia,14521,2184,55,1.0,0.976984499765148,0.9883582798764552,2129,0.5288461538461539,1.0,0.6918238993710691,55,0.8400910896237621,2080,49,0,55,0.76,2024-04-01T00:00:00,2024-07-01T00:00:00,2184,104,15,47.61904761904761,6.868131868131868,0.47115384615384615
2024-Q3,gaussian_naive_bayes,poluentes_subindices_sem_iqar_meteorologia,14521,2184,55,1.0,0.9774542038515736,0.9885985748218528,2129,0.5339805825242718,1.0,0.6962025316455697,55,0.8424005532337112,2081,48,0,55,0.77,2024-04-01T00:00:00,2024-07-01T00:00:00,2184,103,15,47.16117216117216,6.868131868131868,0.46601941747572817
2024-Q3,gaussian_naive_bayes,poluentes_subindices_sem_iqar_meteorologia,14521,2184,55,1.0,0.9783936120244247,0.9890788224121557,2129,0.5445544554455446,1.0,0.7051282051282052,55,0.8471035137701804,2083,46,0,55,0.78,2024-04-01T00:00:00,2024-07-01T00:00:00,2184,101,14,46.24542124542125,6.41025641025641,0.45544554455445546
2024-Q3,gaussian_naive_bayes,poluentes_subindices_sem_iqar_meteorologia,14521,2184,55,1.0,0.9783936120244247,0.9890788224121557,2129,0.5445544554455446,1.0,0.7051282051282052,55,0.8471035137701804,2083,46,0,55,0.79,2024-04-01T00:00:00,2024-07-01T00:00:00,2184,101,14,46.24542124542125,6.41025641025641,0.45544554455445546
2024-Q3,gaussian_naive_bayes,poluentes_subindices_sem_iqar_meteorologia,14521,2184,55,1.0,0.9783936120244247,0.9890788224121557,2129,0.5445544554455446,1.0,0.7051282051282052,55,0.8471035137701804,2083,46,0,55,0.8,2024-04-01T00:00:00,2024-07-01T00:00:00,2184,101,14,46.24542124542125,6.41025641025641,0.45544554455445546
2024-Q3,gaussian_naive_bayes,poluentes_subindices_sem_iqar_meteorologia,14521,2184,55,1.0,0.9783936120244247,0.9890788224121557,2129,0.5445544554455446,1.0,0.7051282051282052,55,0.8471035137701804,2083,46,0,55,0.81,2024-04-01T00:00:00,2024-07-01T00:00:00,2184,101,14,46.24542124542125,6.41025641025641,0.45544554455445546
2024-Q3,gaussian_naive_bayes,poluentes_subindices_sem_iqar_meteorologia,14521,2184,55,1.0,0.9788633161108502,0.9893187752195585,2129,0.55,1.0,0.7096774193548387,55,0.8494980972871986,2084,45,0,55,0.8200000000000001,2024-04-01T00:00:00,2024-07-01T00:00:00,2184,100,14,45.78754578754578,6.41025641025641,0.45
2024-Q3,gaussian_naive_bayes,poluentes_subindices_sem_iqar_meteorologia,14521,2184,55,1.0,0.9788633161108502,0.9893187752195585,2129,0.55,1.0,0.7096774193548387,55,0.8494980972871986,2084,45,0,55,0.8300000000000001,2024-04-01T00:00:00,2024-07-01T00:00:00,2184,100,14,45.78754578754578,6.41025641025641,0.45
2024-Q3,gaussian_naive_bayes,poluentes_subindices_sem_iqar_meteorologia,14521,2184,55,1.0,0.9798027242837013,0.9897983392645314,2129,0.5612244897959183,1.0,0.7189542483660131,55,0.8543762938152722,2086,43,0,55,0.84,2024-04-01T00:00:00,2024-07-01T00:00:00,2184,98,14,44.87179487179487,6.41025641025641,0.4387755102040816
2024-Q3,gaussian_naive_bayes,poluentes_subindices_sem_iqar_meteorologia,14521,2184,55,1.0,0.9802724283701268,0.9900379506641366,2129,0.5670103092783505,1.0,0.7236842105263158,55,0.8568610805952261,2087,42,0,55,0.85,2024-04-01T00:00:00,2024-07-01T00:00:00,2184,97,14,44.413919413919416,6.41025641025641,0.4329896907216495
2024-Q3,gaussian_naive_bayes,poluentes_subindices_sem_iqar_meteorologia,14521,2184,55,1.0,0.9802724283701268,0.9900379506641366,2129,0.5670103092783505,1.0,0.7236842105263158,55,0.8568610805952261,2087,42,0,55,0.86,2024-04-01T00:00:00,2024-07-01T00:00:00,2184,97,14,44.413919413919416,6.41025641025641,0.4329896907216495
2024-Q3,gaussian_naive_bayes,poluentes_subindices_sem_iqar_meteorologia,14521,2184,55,1.0,0.9807421324565524,0.9902774484230495,2129,0.5729166666666666,1.0,0.7284768211920529,55,0.8593771348075512,2088,41,0,55,0.87,2024-04-01T00:00:00,2024-07-01T00:00:00,2184,96,14,43.956043956043956,6.41025641025641,0.4270833333333333
2024-Q3,gaussian_naive_bayes,poluentes_subindices_sem_iqar_meteorologia,14521,2184,55,1.0,0.9812118365429779,0.9905168326220958,2129,0.5789473684210527,1.0,0.7333333333333333,55,0.8619250829777145,2089,40,0,55,0.88,2024-04-01T00:00:00,2024-07-01T00:00:00,2184,95,14,43.498168498168496,6.41025641025641,0.42105263157894735
2024-Q3,gaussian_naive_bayes,poluentes_subindices_sem_iqar_meteorologia,14521,2184,55,1.0,0.982151244715829,0.9909952606635071,2129,0.5913978494623656,1.0,0.7432432432432432,55,0.8671192519533751,2091,38,0,55,0.89,2024-04-01T00:00:00,2024-07-01T00:00:00,2184,93,14,42.582417582417584,6.41025641025641,0.40860215053763443
2024-Q3,gaussian_naive_bayes,poluentes_subindices_sem_iqar_meteorologia,14521,2184,55,1.0,0.9826209488022546,0.9912343046671405,2129,0.5978260869565217,1.0,0.7482993197278912,55,0.8697668121975158,2092,37,0,55,0.9,2024-04-01T00:00:00,2024-07-01T00:00:00,2184,92,14,42.124542124542124,6.41025641025641,0.40217391304347827
2024-Q3,gaussian_naive_bayes,poluentes_subindices_sem_iqar_meteorologia,14521,2184,55,1.0,0.9835603569751057,0.9917120530428605,2129,0.6111111111111112,1.0,0.7586206896551724,55,0.8751663713490164,2094,35,0,55,0.91,2024-04-01T00:00:00,2024-07-01T00:00:00,2184,90,14,41.20879120879121,6.41025641025641,0.3888888888888889
2024-Q3,gaussian_naive_bayes,poluentes_subindices_sem_iqar_meteorologia,14521,2184,55,1.0,0.9835603569751057,0.9917120530428605,2129,0.6111111111111112,1.0,0.7586206896551724,55,0.8751663713490164,2094,35,0,55,0.92,2024-04-01T00:00:00,2024-07-01T00:00:00,2184,90,14,41.20879120879121,6.41025641025641,0.3888888888888889
2024-Q3,gaussian_naive_bayes,poluentes_subindices_sem_iqar_meteorologia,14521,2184,55,1.0,0.9835603569751057,0.9917120530428605,2129,0.6111111111111112,1.0,0.7586206896551724,55,0.8751663713490164,2094,35,0,55,0.93,2024-04-01T00:00:00,2024-07-01T00:00:00,2184,90,14,41.20879120879121,6.41025641025641,0.3888888888888889
2024-Q3,gaussian_naive_bayes,poluentes_subindices_sem_iqar_meteorologia,14521,2184,55,1.0,0.9840300610615312,0.9919507575757576,2129,0.6179775280898876,1.0,0.7638888888888888,55,0.8779198232323232,2095,34,0,55,0.9400000000000001,2024-04-01T00:00:00,2024-07-01T00:00:00,2184,89,14,40.75091575091575,6.41025641025641,0.38202247191011235
2024-Q3,gaussian_naive_bayes,poluentes_subindices_sem_iqar_meteorologia,14521,2184,55,1.0,0.9859088774072334,0.9929044465468306,2129,0.6470588235294118,1.0,0.7857142857142857,55,0.8893093661305582,2099,30,0,55,0.9500000000000001,2024-04-01T00:00:00,2024-07-01T00:00:00,2184,85,15,38.91941391941392,6.868131868131868,0.35294117647058826
2024-Q3,gaussian_naive_bayes,poluentes_subindices_sem_iqar_meteorologia,14521,2184,55,1.0,0.9873179896665101,0.9936185298983692,2129,0.6707317073170732,1.0,0.8029197080291971,55,0.8982691189637831,2102,27,0,55,0.96,2024-04-01T00:00:00,2024-07-01T00:00:00,2184,82,14,37.54578754578755,6.41025641025641,0.32926829268292684
2024-Q3,gaussian_naive_bayes,poluentes_subindices_sem_iqar_meteorologia,14521,2184,55,0.9995253915519696,0.9891968060122123,0.9943342776203966,2129,0.7012987012987013,0.9818181818181818,0.8181818181818182,55,0.9062580479011074,2106,23,1,54,0.97,2024-04-01T00:00:00,2024-07-01T00:00:00,2184,77,15,35.256410256410255,6.868131868131868,0.2987012987012987
2024-Q3,gaussian_naive_bayes,poluentes_subindices_sem_iqar_meteorologia,14521,2184,55,0.999526066350711,0.9906059182714889,0.9950460014154282,2129,0.7297297297297297,0.9818181818181818,0.8372093023255814,55,0.9161276518705048,2109,20,1,54,0.98,2024-04-01T00:00:00,2024-07-01T00:00:00,2184,74,15,33.88278388278388,6.868131868131868,0.2702702702702703
2024-Q3,gaussian_naive_bayes,poluentes_subindices_sem_iqar_meteorologia,14521,2184,55,0.9995269631031221,0.9924847346171912,0.9959934008955927,2129,0.7714285714285715,0.9818181818181818,0.864,55,0.9299967004477964,2113,16,1,54,0.99,2024-04-01T00:00:00,2024-07-01T00:00:00,2184,70,12,32.05128205128205,5.4945054945054945,0.22857142857142856
2024-Q3,gaussian_naive_bayes,poluentes_subindices_sem_iqar_meteorologia,14521,2184,55,0.9783908045977011,0.9995302959135745,0.9888475836431226,2129,0.8888888888888888,0.14545454545454545,0.25,55,0.6194237918215613,2128,1,47,8,1.0,2024-04-01T00:00:00,2024-07-01T00:00:00,2184,9,2,4.120879120879121,0.9157509157509157,0.1111111111111111
2024-Q3,gaussian_naive_bayes,subindices_meteorologia,14521,2184,55,0.0,0.0,0.0,2129,0.025183150183150184,1.0,0.04912907548012506,55,0.02456453774006253,0,2129,0,55,0.0,2024-04-01T00:00:00,2024-07-01T00:00:00,2184,2184,1,1000.0,0.45787545787545786,0.9748168498168498
2024-Q3,gaussian_naive_bayes,subindices_meteorologia,14521,2184,55,1.0,0.9577266322217003,0.9784069097888676,2129,0.3793103448275862,1.0,0.55,55,0.7642034548944339,2039,90,0,55,0.01,2024-04-01T00:00:00,2024-07-01T00:00:00,2184,145,23,66.39194139194139,10.531135531135531,0.6206896551724138
2024-Q3,gaussian_naive_bayes,subindices_meteorologia,14521,2184,55,1.0,0.963363081258807,0.9813397129186603,2129,0.41353383458646614,1.0,0.5851063829787234,55,0.7832230479486919,2051,78,0,55,0.02,2024-04-01T00:00:00,2024-07-01T00:00:00,2184,133,20,60.8974358974359,9.157509157509159,0.5864661654135338
2024-Q3,gaussian_naive_bayes,subindices_meteorologia,14521,2184,55,1.0,0.9652418976045092,0.9823135755258127,2129,0.4263565891472868,1.0,0.5978260869565217,55,0.7900698312411671,2055,74,0,55,0.03,2024-04-01T00:00:00,2024-07-01T00:00:00,2184,129,19,59.065934065934066,8.6996336996337,0.5736434108527132
2024-Q3,gaussian_naive_bayes,subindices_meteorologia,14521,2184,55,1.0,0.9675904180366369,0.9835282883743137,2129,0.4435483870967742,1.0,0.6145251396648045,55,0.799026714019559,2060,69,0,55,0.04,2024-04-01T00:00:00,2024-07-01T00:00:00,2184,124,17,56.776556776556774,7.783882783882784,0.5564516129032258
2024-Q3,gaussian_naive_bayes,subindices_meteorologia,14521,2184,55,1.0,0.968529826209488,0.9840133619661179,2129,0.45081967213114754,1.0,0.6214689265536724,55,0.8027411442598951,2062,67,0,55,0.05,2024-04-01T00:00:00,2024-07-01T00:00:00,2184,122,16,55.86080586080586,7.326007326007326,0.5491803278688525
2024-Q3,gaussian_naive_bayes,subindices_meteorologia,14521,2184,55,1.0,0.9689995302959136,0.9842557251908397,2129,0.45454545454545453,1.0,0.625,55,0.8046278625954199,2063,66,0,55,0.06,2024-04-01T00:00:00,2024-07-01T00:00:00,2184,121,16,55.4029304029304,7.326007326007326,0.5454545454545454
2024-Q3,gaussian_naive_bayes,subindices_meteorologia,14521,2184,55,1.0,0.9694692343823391,0.9844979728118293,2129,0.4583333333333333,1.0,0.6285714285714286,55,0.8065347006916289,2064,65,0,55,0.07,2024-04-01T00:00:00,2024-07-01T00:00:00,2184,120,16,54.94505494505494,7.326007326007326,0.5416666666666666
2024-Q3,gaussian_naive_bayes,subindices_meteorologia,14521,2184,55,1.0,0.9704086425551902,0.9849821215733016,2129,0.4661016949152542,1.0,0.6358381502890174,55,0.8104101359311595,2066,63,0,55,0.08,2024-04-01T00:00:00,2024-07-01T00:00:00,2184,118,15,54.02930402930403,6.868131868131868,0.5338983050847458
2024-Q3,gaussian_naive_bayes,subindices_meteorologia,14521,2184,55,1.0,0.9704086425551902,0.9849821215733016,2129,0.4661016949152542,1.0,0.6358381502890174,55,0.8104101359311595,2066,63,0,55,0.09,2024-04-01T00:00:00,2024-07-01T00:00:00,2184,118,15,54.02930402930403,6.868131868131868,0.5338983050847458
2024-Q3,gaussian_naive_bayes,subindices_meteorologia,14521,2184,55,1.0,0.9704086425551902,0.9849821215733016,2129,0.4661016949152542,1.0,0.6358381502890174,55,0.8104101359311595,2066,63,0,55,0.1,2024-04-01T00:00:00,2024-07-01T00:00:00,2184,118,15,54.02930402930403,6.868131868131868,0.5338983050847458
2024-Q3,gaussian_naive_bayes,subindices_meteorologia,14521,2184,55,1.0,0.9708783466416158,0.9852240228789323,2129,0.4700854700854701,1.0,0.6395348837209303,55,0.8123794532999313,2067,62,0,55,0.11,2024-04-01T00:00:00,2024-07-01T00:00:00,2184,117,15,53.57142857142857,6.868131868131868,0.5299145299145299
2024-Q3,gaussian_naive_bayes,subindices_meteorologia,14521,2184,55,1.0,0.9708783466416158,0.9852240228789323,2129,0.4700854700854701,1.0,0.6395348837209303,55,0.8123794532999313,2067,62,0,55,0.12,2024-04-01T00:00:00,2024-07-01T00:00:00,2184,117,15,53.57142857142857,6.868131868131868,0.5299145299145299
2024-Q3,gaussian_naive_bayes,subindices_meteorologia,14521,2184,55,1.0,0.9708783466416158,0.9852240228789323,2129,0.4700854700854701,1.0,0.6395348837209303,55,0.8123794532999313,2067,62,0,55,0.13,2024-04-01T00:00:00,2024-07-01T00:00:00,2184,117,15,53.57142857142857,6.868131868131868,0.5299145299145299
2024-Q3,gaussian_naive_bayes,subindices_meteorologia,14521,2184,55,1.0,0.9713480507280413,0.985465808911127,2129,0.47413793103448276,1.0,0.6432748538011696,55,0.8143703313561483,2068,61,0,55,0.14,2024-04-01T00:00:00,2024-07-01T00:00:00,2184,116,15,53.11355311355311,6.868131868131868,0.5258620689655172
2024-Q3,gaussian_naive_bayes,subindices_meteorologia,14521,2184,55,1.0,0.9718177548144669,0.985707479752263,2129,0.4782608695652174,1.0,0.6470588235294118,55,0.8163831516408374,2069,60,0,55,0.15,2024-04-01T00:00:00,2024-07-01T00:00:00,2184,115,15,52.65567765567766,6.868131868131868,0.5217391304347826
2024-Q3,gaussian_naive_bayes,subindices_meteorologia,14521,2184,55,1.0,0.9718177548144669,0.985707479752263,2129,0.4782608695652174,1.0,0.6470588235294118,55,0.8163831516408374,2069,60,0,55,0.16,2024-04-01T00:00:00,2024-07-01T00:00:00,2184,115,15,52.65567765567766,6.868131868131868,0.5217391304347826
2024-Q3,gaussian_naive_bayes,subindices_meteorologia,14521,2184,55,1.0,0.9718177548144669,0.985707479752263,2129,0.4782608695652174,1.0,0.6470588235294118,55,0.8163831516408374,2069,60,0,55,0.17,2024-04-01T00:00:00,2024-07-01T00:00:00,2184,115,15,52.65567765567766,6.868131868131868,0.5217391304347826
2024-Q3,gaussian_naive_bayes,subindices_meteorologia,14521,2184,55,1.0,0.9718177548144669,0.985707479752263,2129,0.4782608695652174,1.0,0.6470588235294118,55,0.8163831516408374,2069,60,0,55,0.18,2024-04-01T00:00:00,2024-07-01T00:00:00,2184,115,15,52.65567765567766,6.868131868131868,0.5217391304347826
2024-Q3,gaussian_naive_bayes,subindices_meteorologia,14521,2184,55,1.0,0.9718177548144669,0.985707479752263,2129,0.4782608695652174,1.0,0.6470588235294118,55,0.8163831516408374,2069,60,0,55,0.19,2024-04-01T00:00:00,2024-07-01T00:00:00,2184,115,15,52.65567765567766,6.868131868131868,0.5217391304347826
2024-Q3,gaussian_naive_bayes,subindices_meteorologia,14521,2184,55,1.0,0.9718177548144669,0.985707479752263,2129,0.4782608695652174,1.0,0.6470588235294118,55,0.8163831516408374,2069,60,0,55,0.2,2024-04-01T00:00:00,2024-07-01T00:00:00,2184,115,15,52.65567765567766,6.868131868131868,0.5217391304347826
2024-Q3,gaussian_naive_bayes,subindices_meteorologia,14521,2184,55,1.0,0.9718177548144669,0.985707479752263,2129,0.4782608695652174,1.0,0.6470588235294118,55,0.8163831516408374,2069,60,0,55,0.21,2024-04-01T00:00:00,2024-07-01T00:00:00,2184,115,15,52.65567765567766,6.868131868131868,0.5217391304347826
2024-Q3,gaussian_naive_bayes,subindices_meteorologia,14521,2184,55,1.0,0.9722874589008924,0.9859490354846392,2129,0.4824561403508772,1.0,0.650887573964497,55,0.8184183047245681,2070,59,0,55,0.22,2024-04-01T00:00:00,2024-07-01T00:00:00,2184,114,15,52.1978021978022,6.868131868131868,0.5175438596491229
2024-Q3,gaussian_naive_bayes,subindices_meteorologia,14521,2184,55,1.0,0.972757162987318,0.9861904761904762,2129,0.48672566371681414,1.0,0.6547619047619048,55,0.8204761904761905,2071,58,0,55,0.23,2024-04-01T00:00:00,2024-07-01T00:00:00,2184,113,15,51.73992673992674,6.868131868131868,0.5132743362831859
2024-Q3,gaussian_naive_bayes,subindices_meteorologia,14521,2184,55,1.0,0.972757162987318,0.9861904761904762,2129,0.48672566371681414,1.0,0.6547619047619048,55,0.8204761904761905,2071,58,0,55,0.24,2024-04-01T00:00:00,2024-07-01T00:00:00,2184,113,15,51.73992673992674,6.868131868131868,0.5132743362831859
2024-Q3,gaussian_naive_bayes,subindices_meteorologia,14521,2184,55,1.0,0.972757162987318,0.9861904761904762,2129,0.48672566371681414,1.0,0.6547619047619048,55,0.8204761904761905,2071,58,0,55,0.25,2024-04-01T00:00:00,2024-07-01T00:00:00,2184,113,15,51.73992673992674,6.868131868131868,0.5132743362831859
2024-Q3,gaussian_naive_bayes,subindices_meteorologia,14521,2184,55,1.0,0.972757162987318,0.9861904761904762,2129,0.48672566371681414,1.0,0.6547619047619048,55,0.8204761904761905,2071,58,0,55,0.26,2024-04-01T00:00:00,2024-07-01T00:00:00,2184,113,15,51.73992673992674,6.868131868131868,0.5132743362831859
2024-Q3,gaussian_naive_bayes,subindices_meteorologia,14521,2184,55,1.0,0.972757162987318,0.9861904761904762,2129,0.48672566371681414,1.0,0.6547619047619048,55,0.8204761904761905,2071,58,0,55,0.27,2024-04-01T00:00:00,2024-07-01T00:00:00,2184,113,15,51.73992673992674,6.868131868131868,0.5132743362831859
2024-Q3,gaussian_naive_bayes,subindices_meteorologia,14521,2184,55,1.0,0.972757162987318,0.9861904761904762,2129,0.48672566371681414,1.0,0.6547619047619048,55,0.8204761904761905,2071,58,0,55,0.28,2024-04-01T00:00:00,2024-07-01T00:00:00,2184,113,15,51.73992673992674,6.868131868131868,0.5132743362831859
2024-Q3,gaussian_naive_bayes,subindices_meteorologia,14521,2184,55,1.0,0.9732268670737435,0.9864318019519163,2129,0.49107142857142855,1.0,0.6586826347305389,55,0.8225572183412275,2072,57,0,55,0.29,2024-04-01T00:00:00,2024-07-01T00:00:00,2184,112,15,51.28205128205128,6.868131868131868,0.5089285714285714
2024-Q3,gaussian_naive_bayes,subindices_meteorologia,14521,2184,55,1.0,0.9732268670737435,0.9864318019519163,2129,0.49107142857142855,1.0,0.6586826347305389,55,0.8225572183412275,2072,57,0,55,0.3,2024-04-01T00:00:00,2024-07-01T00:00:00,2184,112,15,51.28205128205128,6.868131868131868,0.5089285714285714
2024-Q3,gaussian_naive_bayes,subindices_meteorologia,14521,2184,55,1.0,0.973696571160169,0.9866730128510233,2129,0.4954954954954955,1.0,0.6626506024096386,55,0.8246618076303309,2073,56,0,55,0.31,2024-04-01T00:00:00,2024-07-01T00:00:00,2184,111,15,50.824175824175825,6.868131868131868,0.5045045045045045
2024-Q3,gaussian_naive_bayes,subindices_meteorologia,14521,2184,55,1.0,0.973696571160169,0.9866730128510233,2129,0.4954954954954955,1.0,0.6626506024096386,55,0.8246618076303309,2073,56,0,55,0.32,2024-04-01T00:00:00,2024-07-01T00:00:00,2184,111,15,50.824175824175825,6.868131868131868,0.5045045045045045
2024-Q3,gaussian_naive_bayes,subindices_meteorologia,14521,2184,55,1.0,0.9741662752465946,0.9869141089697835,2129,0.5,1.0,0.6666666666666666,55,0.826790387818225,2074,55,0,55,0.33,2024-04-01T00:00:00,2024-07-01T00:00:00,2184,110,15,50.366300366300365,6.868131868131868,0.5
2024-Q3,gaussian_naive_bayes,subindices_meteorologia,14521,2184,55,1.0,0.9741662752465946,0.9869141089697835,2129,0.5,1.0,0.6666666666666666,55,0.826790387818225,2074,55,0,55,0.34,2024-04-01T00:00:00,2024-07-01T00:00:00,2184,110,15,50.366300366300365,6.868131868131868,0.5
2024-Q3,gaussian_naive_bayes,subindices_meteorologia,14521,2184,55,1.0,0.9741662752465946,0.9869141089697835,2129,0.5,1.0,0.6666666666666666,55,0.826790387818225,2074,55,0,55,0.35000000000000003,2024-04-01T00:00:00,2024-07-01T00:00:00,2184,110,15,50.366300366300365,6.868131868131868,0.5
2024-Q3,gaussian_naive_bayes,subindices_meteorologia,14521,2184,55,1.0,0.9741662752465946,0.9869141089697835,2129,0.5,1.0,0.6666666666666666,55,0.826790387818225,2074,55,0,55,0.36,2024-04-01T00:00:00,2024-07-01T00:00:00,2184,110,15,50.366300366300365,6.868131868131868,0.5
2024-Q3,gaussian_naive_bayes,subindices_meteorologia,14521,2184,55,1.0,0.9741662752465946,0.9869141089697835,2129,0.5,1.0,0.6666666666666666,55,0.826790387818225,2074,55,0,55,0.37,2024-04-01T00:00:00,2024-07-01T00:00:00,2184,110,15,50.366300366300365,6.868131868131868,0.5
2024-Q3,gaussian_naive_bayes,subindices_meteorologia,14521,2184,55,1.0,0.9741662752465946,0.9869141089697835,2129,0.5,1.0,0.6666666666666666,55,0.826790387818225,2074,55,0,55,0.38,2024-04-01T00:00:00,2024-07-01T00:00:00,2184,110,15,50.366300366300365,6.868131868131868,0.5
2024-Q3,gaussian_naive_bayes,subindices_meteorologia,14521,2184,55,1.0,0.9741662752465946,0.9869141089697835,2129,0.5,1.0,0.6666666666666666,55,0.826790387818225,2074,55,0,55,0.39,2024-04-01T00:00:00,2024-07-01T00:00:00,2184,110,15,50.366300366300365,6.868131868131868,0.5
2024-Q3,gaussian_naive_bayes,subindices_meteorologia,14521,2184,55,1.0,0.9741662752465946,0.9869141089697835,2129,0.5,1.0,0.6666666666666666,55,0.826790387818225,2074,55,0,55,0.4,2024-04-01T00:00:00,2024-07-01T00:00:00,2184,110,15,50.366300366300365,6.868131868131868,0.5
2024-Q3,gaussian_naive_bayes,subindices_meteorologia,14521,2184,55,1.0,0.9746359793330202,0.9871550903901046,2129,0.5045871559633027,1.0,0.6707317073170732,55,0.8289433988535889,2075,54,0,55,0.41000000000000003,2024-04-01T00:00:00,2024-07-01T00:00:00,2184,109,15,49.90842490842491,6.868131868131868,0.4954128440366973
2024-Q3,gaussian_naive_bayes,subindices_meteorologia,14521,2184,55,1.0,0.9751056834194457,0.9873959571938169,2129,0.5092592592592593,1.0,0.6748466257668712,55,0.8311212914803441,2076,53,0,55,0.42,2024-04-01T00:00:00,2024-07-01T00:00:00,2184,108,15,49.450549450549445,6.868131868131868,0.49074074074074076
2024-Q3,gaussian_naive_bayes,subindices_meteorologia,14521,2184,55,1.0,0.9751056834194457,0.9873959571938169,2129,0.5092592592592593,1.0,0.6748466257668712,55,0.8311212914803441,2076,53,0,55,0.43,2024-04-01T00:00:00,2024-07-01T00:00:00,2184,108,15,49.450549450549445,6.868131868131868,0.49074074074074076
2024-Q3,gaussian_naive_bayes,subindices_meteorologia,14521,2184,55,1.0,0.9751056834194457,0.9873959571938169,2129,0.5092592592592593,1.0,0.6748466257668712,55,0.8311212914803441,2076,53,0,55,0.44,2024-04-01T00:00:00,2024-07-01T00:00:00,2184,108,15,49.450549450549445,6.868131868131868,0.49074074074074076
2024-Q3,gaussian_naive_bayes,subindices_meteorologia,14521,2184,55,1.0,0.9751056834194457,0.9873959571938169,2129,0.5092592592592593,1.0,0.6748466257668712,55,0.8311212914803441,2076,53,0,55,0.45,2024-04-01T00:00:00,2024-07-01T00:00:00,2184,108,15,49.450549450549445,6.868131868131868,0.49074074074074076
2024-Q3,gaussian_naive_bayes,subindices_meteorologia,14521,2184,55,1.0,0.9751056834194457,0.9873959571938169,2129,0.5092592592592593,1.0,0.6748466257668712,55,0.8311212914803441,2076,53,0,55,0.46,2024-04-01T00:00:00,2024-07-01T00:00:00,2184,108,15,49.450549450549445,6.868131868131868,0.49074074074074076
2024-Q3,gaussian_naive_bayes,subindices_meteorologia,14521,2184,55,1.0,0.9751056834194457,0.9873959571938169,2129,0.5092592592592593,1.0,0.6748466257668712,55,0.8311212914803441,2076,53,0,55,0.47000000000000003,2024-04-01T00:00:00,2024-07-01T00:00:00,2184,108,15,49.450549450549445,6.868131868131868,0.49074074074074076
2024-Q3,gaussian_naive_bayes,subindices_meteorologia,14521,2184,55,1.0,0.9751056834194457,0.9873959571938169,2129,0.5092592592592593,1.0,0.6748466257668712,55,0.8311212914803441,2076,53,0,55,0.48,2024-04-01T00:00:00,2024-07-01T00:00:00,2184,108,15,49.450549450549445,6.868131868131868,0.49074074074074076
2024-Q3,gaussian_naive_bayes,subindices_meteorologia,14521,2184,55,1.0,0.9751056834194457,0.9873959571938169,2129,0.5092592592592593,1.0,0.6748466257668712,55,0.8311212914803441,2076,53,0,55,0.49,2024-04-01T00:00:00,2024-07-01T00:00:00,2184,108,15,49.450549450549445,6.868131868131868,0.49074074074074076
2024-Q3,gaussian_naive_bayes,subindices_meteorologia,14521,2184,55,1.0,0.9751056834194457,0.9873959571938169,2129,0.5092592592592593,1.0,0.6748466257668712,55,0.8311212914803441,2076,53,0,55,0.5,2024-04-01T00:00:00,2024-07-01T00:00:00,2184,108,15,49.450549450549445,6.868131868131868,0.49074074074074076
2024-Q3,gaussian_naive_bayes,subindices_meteorologia,14521,2184,55,1.0,0.9755753875058712,0.9876367094626723,2129,0.514018691588785,1.0,0.6790123456790124,55,0.8333245275708423,2077,52,0,55,0.51,2024-04-01T00:00:00,2024-07-01T00:00:00,2184,107,15,48.99267399267399,6.868131868131868,0.48598130841121495
2024-Q3,gaussian_naive_bayes,subindices_meteorologia,14521,2184,55,1.0,0.9755753875058712,0.9876367094626723,2129,0.514018691588785,1.0,0.6790123456790124,55,0.8333245275708423,2077,52,0,55,0.52,2024-04-01T00:00:00,2024-07-01T00:00:00,2184,107,15,48.99267399267399,6.868131868131868,0.48598130841121495
2024-Q3,gaussian_naive_bayes,subindices_meteorologia,14521,2184,55,1.0,0.9755753875058712,0.9876367094626723,2129,0.514018691588785,1.0,0.6790123456790124,55,0.8333245275708423,2077,52,0,55,0.53,2024-04-01T00:00:00,2024-07-01T00:00:00,2184,107,15,48.99267399267399,6.868131868131868,0.48598130841121495
2024-Q3,gaussian_naive_bayes,subindices_meteorologia,14521,2184,55,1.0,0.9755753875058712,0.9876367094626723,2129,0.514018691588785,1.0,0.6790123456790124,55,0.8333245275708423,2077,52,0,55,0.54,2024-04-01T00:00:00,2024-07-01T00:00:00,2184,107,15,48.99267399267399,6.868131868131868,0.48598130841121495
2024-Q3,gaussian_naive_bayes,subindices_meteorologia,14521,2184,55,1.0,0.9755753875058712,0.9876367094626723,2129,0.514018691588785,1.0,0.6790123456790124,55,0.8333245275708423,2077,52,0,55,0.55,2024-04-01T00:00:00,2024-07-01T00:00:00,2184,107,15,48.99267399267399,6.868131868131868,0.48598130841121495
2024-Q3,gaussian_naive_bayes,subindices_meteorologia,14521,2184,55,1.0,0.9760450915922968,0.9878773472783456,2129,0.5188679245283019,1.0,0.6832298136645962,55,0.8355535804714709,2078,51,0,55,0.56,2024-04-01T00:00:00,2024-07-01T00:00:00,2184,106,14,48.53479853479853,6.41025641025641,0.4811320754716981
2024-Q3,gaussian_naive_bayes,subindices_meteorologia,14521,2184,55,1.0,0.9760450915922968,0.9878773472783456,2129,0.5188679245283019,1.0,0.6832298136645962,55,0.8355535804714709,2078,51,0,55,0.5700000000000001,2024-04-01T00:00:00,2024-07-01T00:00:00,2184,106,14,48.53479853479853,6.41025641025641,0.4811320754716981
2024-Q3,gaussian_naive_bayes,subindices_meteorologia,14521,2184,55,1.0,0.9765147956787225,0.9881178707224335,2129,0.5238095238095238,1.0,0.6875,55,0.8378089353612168,2079,50,0,55,0.58,2024-04-01T00:00:00,2024-07-01T00:00:00,2184,105,14,48.07692307692308,6.41025641025641,0.47619047619047616
2024-Q3,gaussian_naive_bayes,subindices_meteorologia,14521,2184,55,1.0,0.9765147956787225,0.9881178707224335,2129,0.5238095238095238,1.0,0.6875,55,0.8378089353612168,2079,50,0,55,0.59,2024-04-01T00:00:00,2024-07-01T00:00:00,2184,105,14,48.07692307692308,6.41025641025641,0.47619047619047616
2024-Q3,gaussian_naive_bayes,subindices_meteorologia,14521,2184,55,1.0,0.9765147956787225,0.9881178707224335,2129,0.5238095238095238,1.0,0.6875,55,0.8378089353612168,2079,50,0,55,0.6,2024-04-01T00:00:00,2024-07-01T00:00:00,2184,105,14,48.07692307692308,6.41025641025641,0.47619047619047616
2024-Q3,gaussian_naive_bayes,subindices_meteorologia,14521,2184,55,1.0,0.9765147956787225,0.9881178707224335,2129,0.5238095238095238,1.0,0.6875,55,0.8378089353612168,2079,50,0,55,0.61,2024-04-01T00:00:00,2024-07-01T00:00:00,2184,105,14,48.07692307692308,6.41025641025641,0.47619047619047616
2024-Q3,gaussian_naive_bayes,subindices_meteorologia,14521,2184,55,1.0,0.9774542038515736,0.9885985748218528,2129,0.5339805825242718,1.0,0.6962025316455697,55,0.8424005532337112,2081,48,0,55,0.62,2024-04-01T00:00:00,2024-07-01T00:00:00,2184,103,14,47.16117216117216,6.41025641025641,0.46601941747572817
2024-Q3,gaussian_naive_bayes,subindices_meteorologia,14521,2184,55,1.0,0.9779239079379991,0.9888387556399905,2129,0.5392156862745098,1.0,0.7006369426751592,55,0.8447378491575748,2082,47,0,55,0.63,2024-04-01T00:00:00,2024-07-01T00:00:00,2184,102,14,46.7032967032967,6.41025641025641,0.46078431372549017
2024-Q3,gaussian_naive_bayes,subindices_meteorologia,14521,2184,55,1.0,0.9779239079379991,0.9888387556399905,2129,0.5392156862745098,1.0,0.7006369426751592,55,0.8447378491575748,2082,47,0,55,0.64,2024-04-01T00:00:00,2024-07-01T00:00:00,2184,102,14,46.7032967032967,6.41025641025641,0.46078431372549017
2024-Q3,gaussian_naive_bayes,subindices_meteorologia,14521,2184,55,1.0,0.9779239079379991,0.9888387556399905,2129,0.5392156862745098,1.0,0.7006369426751592,55,0.8447378491575748,2082,47,0,55,0.65,2024-04-01T00:00:00,2024-07-01T00:00:00,2184,102,14,46.7032967032967,6.41025641025641,0.46078431372549017
2024-Q3,gaussian_naive_bayes,subindices_meteorologia,14521,2184,55,1.0,0.9779239079379991,0.9888387556399905,2129,0.5392156862745098,1.0,0.7006369426751592,55,0.8447378491575748,2082,47,0,55,0.66,2024-04-01T00:00:00,2024-07-01T00:00:00,2184,102,14,46.7032967032967,6.41025641025641,0.46078431372549017
2024-Q3,gaussian_naive_bayes,subindices_meteorologia,14521,2184,55,1.0,0.9779239079379991,0.9888387556399905,2129,0.5392156862745098,1.0,0.7006369426751592,55,0.8447378491575748,2082,47,0,55,0.67,2024-04-01T00:00:00,2024-07-01T00:00:00,2184,102,14,46.7032967032967,6.41025641025641,0.46078431372549017
2024-Q3,gaussian_naive_bayes,subindices_meteorologia,14521,2184,55,1.0,0.9783936120244247,0.9890788224121557,2129,0.5445544554455446,1.0,0.7051282051282052,55,0.8471035137701804,2083,46,0,55,0.68,2024-04-01T00:00:00,2024-07-01T00:00:00,2184,101,14,46.24542124542125,6.41025641025641,0.45544554455445546
2024-Q3,gaussian_naive_bayes,subindices_meteorologia,14521,2184,55,1.0,0.9783936120244247,0.9890788224121557,2129,0.5445544554455446,1.0,0.7051282051282052,55,0.8471035137701804,2083,46,0,55,0.6900000000000001,2024-04-01T00:00:00,2024-07-01T00:00:00,2184,101,14,46.24542124542125,6.41025641025641,0.45544554455445546
2024-Q3,gaussian_naive_bayes,subindices_meteorologia,14521,2184,55,1.0,0.9788633161108502,0.9893187752195585,2129,0.55,1.0,0.7096774193548387,55,0.8494980972871986,2084,45,0,55,0.7000000000000001,2024-04-01T00:00:00,2024-07-01T00:00:00,2184,100,14,45.78754578754578,6.41025641025641,0.45
2024-Q3,gaussian_naive_bayes,subindices_meteorologia,14521,2184,55,1.0,0.9788633161108502,0.9893187752195585,2129,0.55,1.0,0.7096774193548387,55,0.8494980972871986,2084,45,0,55,0.71,2024-04-01T00:00:00,2024-07-01T00:00:00,2184,100,14,45.78754578754578,6.41025641025641,0.45
2024-Q3,gaussian_naive_bayes,subindices_meteorologia,14521,2184,55,1.0,0.9788633161108502,0.9893187752195585,2129,0.55,1.0,0.7096774193548387,55,0.8494980972871986,2084,45,0,55,0.72,2024-04-01T00:00:00,2024-07-01T00:00:00,2184,100,14,45.78754578754578,6.41025641025641,0.45
2024-Q3,gaussian_naive_bayes,subindices_meteorologia,14521,2184,55,1.0,0.9788633161108502,0.9893187752195585,2129,0.55,1.0,0.7096774193548387,55,0.8494980972871986,2084,45,0,55,0.73,2024-04-01T00:00:00,2024-07-01T00:00:00,2184,100,14,45.78754578754578,6.41025641025641,0.45
2024-Q3,gaussian_naive_bayes,subindices_meteorologia,14521,2184,55,1.0,0.9788633161108502,0.9893187752195585,2129,0.55,1.0,0.7096774193548387,55,0.8494980972871986,2084,45,0,55,0.74,2024-04-01T00:00:00,2024-07-01T00:00:00,2184,100,14,45.78754578754578,6.41025641025641,0.45
2024-Q3,gaussian_naive_bayes,subindices_meteorologia,14521,2184,55,1.0,0.9788633161108502,0.9893187752195585,2129,0.55,1.0,0.7096774193548387,55,0.8494980972871986,2084,45,0,55,0.75,2024-04-01T00:00:00,2024-07-01T00:00:00,2184,100,14,45.78754578754578,6.41025641025641,0.45
2024-Q3,gaussian_naive_bayes,subindices_meteorologia,14521,2184,55,1.0,0.9788633161108502,0.9893187752195585,2129,0.55,1.0,0.7096774193548387,55,0.8494980972871986,2084,45,0,55,0.76,2024-04-01T00:00:00,2024-07-01T00:00:00,2184,100,14,45.78754578754578,6.41025641025641,0.45
2024-Q3,gaussian_naive_bayes,subindices_meteorologia,14521,2184,55,1.0,0.9788633161108502,0.9893187752195585,2129,0.55,1.0,0.7096774193548387,55,0.8494980972871986,2084,45,0,55,0.77,2024-04-01T00:00:00,2024-07-01T00:00:00,2184,100,14,45.78754578754578,6.41025641025641,0.45
2024-Q3,gaussian_naive_bayes,subindices_meteorologia,14521,2184,55,1.0,0.9788633161108502,0.9893187752195585,2129,0.55,1.0,0.7096774193548387,55,0.8494980972871986,2084,45,0,55,0.78,2024-04-01T00:00:00,2024-07-01T00:00:00,2184,100,14,45.78754578754578,6.41025641025641,0.45
2024-Q3,gaussian_naive_bayes,subindices_meteorologia,14521,2184,55,1.0,0.9793330201972757,0.9895586141433318,2129,0.5555555555555556,1.0,0.7142857142857143,55,0.851922164214523,2085,44,0,55,0.79,2024-04-01T00:00:00,2024-07-01T00:00:00,2184,99,14,45.32967032967033,6.41025641025641,0.4444444444444444
2024-Q3,gaussian_naive_bayes,subindices_meteorologia,14521,2184,55,1.0,0.9802724283701268,0.9900379506641366,2129,0.5670103092783505,1.0,0.7236842105263158,55,0.8568610805952261,2087,42,0,55,0.8,2024-04-01T00:00:00,2024-07-01T00:00:00,2184,97,14,44.413919413919416,6.41025641025641,0.4329896907216495
2024-Q3,gaussian_naive_bayes,subindices_meteorologia,14521,2184,55,1.0,0.9802724283701268,0.9900379506641366,2129,0.5670103092783505,1.0,0.7236842105263158,55,0.8568610805952261,2087,42,0,55,0.81,2024-04-01T00:00:00,2024-07-01T00:00:00,2184,97,14,44.413919413919416,6.41025641025641,0.4329896907216495
2024-Q3,gaussian_naive_bayes,subindices_meteorologia,14521,2184,55,1.0,0.9802724283701268,0.9900379506641366,2129,0.5670103092783505,1.0,0.7236842105263158,55,0.8568610805952261,2087,42,0,55,0.8200000000000001,2024-04-01T00:00:00,2024-07-01T00:00:00,2184,97,14,44.413919413919416,6.41025641025641,0.4329896907216495
2024-Q3,gaussian_naive_bayes,subindices_meteorologia,14521,2184,55,1.0,0.9807421324565524,0.9902774484230495,2129,0.5729166666666666,1.0,0.7284768211920529,55,0.8593771348075512,2088,41,0,55,0.8300000000000001,2024-04-01T00:00:00,2024-07-01T00:00:00,2184,96,14,43.956043956043956,6.41025641025641,0.4270833333333333
2024-Q3,gaussian_naive_bayes,subindices_meteorologia,14521,2184,55,1.0,0.9812118365429779,0.9905168326220958,2129,0.5789473684210527,1.0,0.7333333333333333,55,0.8619250829777145,2089,40,0,55,0.84,2024-04-01T00:00:00,2024-07-01T00:00:00,2184,95,14,43.498168498168496,6.41025641025641,0.42105263157894735
2024-Q3,gaussian_naive_bayes,subindices_meteorologia,14521,2184,55,1.0,0.9812118365429779,0.9905168326220958,2129,0.5789473684210527,1.0,0.7333333333333333,55,0.8619250829777145,2089,40,0,55,0.85,2024-04-01T00:00:00,2024-07-01T00:00:00,2184,95,14,43.498168498168496,6.41025641025641,0.42105263157894735
2024-Q3,gaussian_naive_bayes,subindices_meteorologia,14521,2184,55,1.0,0.9812118365429779,0.9905168326220958,2129,0.5789473684210527,1.0,0.7333333333333333,55,0.8619250829777145,2089,40,0,55,0.86,2024-04-01T00:00:00,2024-07-01T00:00:00,2184,95,14,43.498168498168496,6.41025641025641,0.42105263157894735
2024-Q3,gaussian_naive_bayes,subindices_meteorologia,14521,2184,55,1.0,0.9816815406294035,0.9907561033420241,2129,0.5851063829787234,1.0,0.738255033557047,55,0.8645055684495355,2090,39,0,55,0.87,2024-04-01T00:00:00,2024-07-01T00:00:00,2184,94,14,43.04029304029304,6.41025641025641,0.4148936170212766
2024-Q3,gaussian_naive_bayes,subindices_meteorologia,14521,2184,55,1.0,0.9816815406294035,0.9907561033420241,2129,0.5851063829787234,1.0,0.738255033557047,55,0.8645055684495355,2090,39,0,55,0.88,2024-04-01T00:00:00,2024-07-01T00:00:00,2184,94,14,43.04029304029304,6.41025641025641,0.4148936170212766
2024-Q3,gaussian_naive_bayes,subindices_meteorologia,14521,2184,55,1.0,0.982151244715829,0.9909952606635071,2129,0.5913978494623656,1.0,0.7432432432432432,55,0.8671192519533751,2091,38,0,55,0.89,2024-04-01T00:00:00,2024-07-01T00:00:00,2184,93,14,42.582417582417584,6.41025641025641,0.40860215053763443
2024-Q3,gaussian_naive_bayes,subindices_meteorologia,14521,2184,55,1.0,0.982151244715829,0.9909952606635071,2129,0.5913978494623656,1.0,0.7432432432432432,55,0.8671192519533751,2091,38,0,55,0.9,2024-04-01T00:00:00,2024-07-01T00:00:00,2184,93,14,42.582417582417584,6.41025641025641,0.40860215053763443
2024-Q3,gaussian_naive_bayes,subindices_meteorologia,14521,2184,55,1.0,0.982151244715829,0.9909952606635071,2129,0.5913978494623656,1.0,0.7432432432432432,55,0.8671192519533751,2091,38,0,55,0.91,2024-04-01T00:00:00,2024-07-01T00:00:00,2184,93,14,42.582417582417584,6.41025641025641,0.40860215053763443
2024-Q3,gaussian_naive_bayes,subindices_meteorologia,14521,2184,55,1.0,0.9826209488022546,0.9912343046671405,2129,0.5978260869565217,1.0,0.7482993197278912,55,0.8697668121975158,2092,37,0,55,0.92,2024-04-01T00:00:00,2024-07-01T00:00:00,2184,92,15,42.124542124542124,6.868131868131868,0.40217391304347827
2024-Q3,gaussian_naive_bayes,subindices_meteorologia,14521,2184,55,1.0,0.9826209488022546,0.9912343046671405,2129,0.5978260869565217,1.0,0.7482993197278912,55,0.8697668121975158,2092,37,0,55,0.93,2024-04-01T00:00:00,2024-07-01T00:00:00,2184,92,15,42.124542124542124,6.868131868131868,0.40217391304347827
2024-Q3,gaussian_naive_bayes,subindices_meteorologia,14521,2184,55,1.0,0.9830906528886801,0.9914732354334439,2129,0.6043956043956044,1.0,0.7534246575342466,55,0.8724489464838452,2093,36,0,55,0.9400000000000001,2024-04-01T00:00:00,2024-07-01T00:00:00,2184,91,15,41.666666666666664,6.868131868131868,0.3956043956043956
2024-Q3,gaussian_naive_bayes,subindices_meteorologia,14521,2184,55,1.0,0.9840300610615312,0.9919507575757576,2129,0.6179775280898876,1.0,0.7638888888888888,55,0.8779198232323232,2095,34,0,55,0.9500000000000001,2024-04-01T00:00:00,2024-07-01T00:00:00,2184,89,15,40.75091575091575,6.868131868131868,0.38202247191011235
2024-Q3,gaussian_naive_bayes,subindices_meteorologia,14521,2184,55,1.0,0.9840300610615312,0.9919507575757576,2129,0.6179775280898876,1.0,0.7638888888888888,55,0.8779198232323232,2095,34,0,55,0.96,2024-04-01T00:00:00,2024-07-01T00:00:00,2184,89,15,40.75091575091575,6.868131868131868,0.38202247191011235
2024-Q3,gaussian_naive_bayes,subindices_meteorologia,14521,2184,55,1.0,0.986378581493659,0.9931425868999764,2129,0.6547619047619048,1.0,0.7913669064748201,55,0.8922547466873982,2100,29,0,55,0.97,2024-04-01T00:00:00,2024-07-01T00:00:00,2184,84,15,38.46153846153847,6.868131868131868,0.34523809523809523
2024-Q3,gaussian_naive_bayes,subindices_meteorologia,14521,2184,55,1.0,0.9873179896665101,0.9936185298983692,2129,0.6707317073170732,1.0,0.8029197080291971,55,0.8982691189637831,2102,27,0,55,0.98,2024-04-01T00:00:00,2024-07-01T00:00:00,2184,82,14,37.54578754578755,6.41025641025641,0.32926829268292684
2024-Q3,gaussian_naive_bayes,subindices_meteorologia,14521,2184,55,0.9990512333965844,0.9891968060122123,0.9940995987727166,2129,0.6973684210526315,0.9636363636363636,0.8091603053435115,55,0.901629952058114,2106,23,2,53,0.99,2024-04-01T00:00:00,2024-07-01T00:00:00,2184,76,13,34.7985347985348,5.952380952380952,0.3026315789473684
2024-Q3,gaussian_naive_bayes,subindices_meteorologia,14521,2184,55,0.9806540764624597,1.0,0.9902325581395349,2129,1.0,0.23636363636363636,0.38235294117647056,55,0.6862927496580027,2129,0,42,13,1.0,2024-04-01T00:00:00,2024-07-01T00:00:00,2184,13,3,5.952380952380952,1.3736263736263736,0.0
2024-Q3,gaussian_naive_bayes,subindices_sem_iqar_meteorologia,14521,2184,55,0.0,0.0,0.0,2129,0.025183150183150184,1.0,0.04912907548012506,55,0.02456453774006253,0,2129,0,55,0.0,2024-04-01T00:00:00,2024-07-01T00:00:00,2184,2184,1,1000.0,0.45787545787545786,0.9748168498168498
2024-Q3,gaussian_naive_bayes,subindices_sem_iqar_meteorologia,14521,2184,55,1.0,0.9351808360732738,0.9665048543689321,2129,0.2849740932642487,1.0,0.4435483870967742,55,0.7050266207328532,1991,138,0,55,0.01,2024-04-01T00:00:00,2024-07-01T00:00:00,2184,193,32,88.36996336996337,14.652014652014651,0.7150259067357513
2024-Q3,gaussian_naive_bayes,subindices_sem_iqar_meteorologia,14521,2184,55,1.0,0.9483325504931893,0.9734811957569913,2129,0.3333333333333333,1.0,0.5,55,0.7367405978784957,2019,110,0,55,0.02,2024-04-01T00:00:00,2024-07-01T00:00:00,2184,165,28,75.54945054945054,12.82051282051282,0.6666666666666666
2024-Q3,gaussian_naive_bayes,subindices_sem_iqar_meteorologia,14521,2184,55,1.0,0.9544387036167215,0.9766882960826724,2129,0.3618421052631579,1.0,0.5314009661835749,55,0.7540446311331237,2032,97,0,55,0.03,2024-04-01T00:00:00,2024-07-01T00:00:00,2184,152,25,69.5970695970696,11.446886446886445,0.6381578947368421
2024-Q3,gaussian_naive_bayes,subindices_sem_iqar_meteorologia,14521,2184,55,1.0,0.960075152653828,0.9796309609393722,2129,0.39285714285714285,1.0,0.5641025641025641,55,0.7718667625209681,2044,85,0,55,0.04,2024-04-01T00:00:00,2024-07-01T00:00:00,2184,140,23,64.1025641025641,10.531135531135531,0.6071428571428571
2024-Q3,gaussian_naive_bayes,subindices_sem_iqar_meteorologia,14521,2184,55,1.0,0.9628933771723814,0.9810959559703278,2129,0.41044776119402987,1.0,0.582010582010582,55,0.781553268990455,2050,79,0,55,0.05,2024-04-01T00:00:00,2024-07-01T00:00:00,2184,134,22,61.35531135531135,10.073260073260075,0.5895522388059702
2024-Q3,gaussian_naive_bayes,subindices_sem_iqar_meteorologia,14521,2184,55,1.0,0.9652418976045092,0.9823135755258127,2129,0.4263565891472868,1.0,0.5978260869565217,55,0.7900698312411671,2055,74,0,55,0.06,2024-04-01T00:00:00,2024-07-01T00:00:00,2184,129,19,59.065934065934066,8.6996336996337,0.5736434108527132
2024-Q3,gaussian_naive_bayes,subindices_sem_iqar_meteorologia,14521,2184,55,1.0,0.9666510098637858,0.9830427513732983,2129,0.4365079365079365,1.0,0.6077348066298343,55,0.7953887790015663,2058,71,0,55,0.07,2024-04-01T00:00:00,2024-07-01T00:00:00,2184,126,18,57.69230769230769,8.241758241758243,0.5634920634920635
2024-Q3,gaussian_naive_bayes,subindices_sem_iqar_meteorologia,14521,2184,55,1.0,0.9675904180366369,0.9835282883743137,2129,0.4435483870967742,1.0,0.6145251396648045,55,0.799026714019559,2060,69,0,55,0.08,2024-04-01T00:00:00,2024-07-01T00:00:00,2184,124,17,56.776556776556774,7.783882783882784,0.5564516129032258
2024-Q3,gaussian_naive_bayes,subindices_sem_iqar_meteorologia,14521,2184,55,1.0,0.9680601221230625,0.9837708830548926,2129,0.44715447154471544,1.0,0.6179775280898876,55,0.8008742055723901,2061,68,0,55,0.09,2024-04-01T00:00:00,2024-07-01T00:00:00,2184,123,16,56.31868131868132,7.326007326007326,0.5528455284552846
2024-Q3,gaussian_naive_bayes,subindices_sem_iqar_meteorologia,14521,2184,55,1.0,0.9689995302959136,0.9842557251908397,2129,0.45454545454545453,1.0,0.625,55,0.8046278625954199,2063,66,0,55,0.1,2024-04-01T00:00:00,2024-07-01T00:00:00,2184,121,16,55.4029304029304,7.326007326007326,0.5454545454545454
2024-Q3,gaussian_naive_bayes,subindices_sem_iqar_meteorologia,14521,2184,55,1.0,0.9704086425551902,0.9849821215733016,2129,0.4661016949152542,1.0,0.6358381502890174,55,0.8104101359311595,2066,63,0,55,0.11,2024-04-01T00:00:00,2024-07-01T00:00:00,2184,118,16,54.02930402930403,7.326007326007326,0.5338983050847458
2024-Q3,gaussian_naive_bayes,subindices_sem_iqar_meteorologia,14521,2184,55,1.0,0.9704086425551902,0.9849821215733016,2129,0.4661016949152542,1.0,0.6358381502890174,55,0.8104101359311595,2066,63,0,55,0.12,2024-04-01T00:00:00,2024-07-01T00:00:00,2184,118,16,54.02930402930403,7.326007326007326,0.5338983050847458
2024-Q3,gaussian_naive_bayes,subindices_sem_iqar_meteorologia,14521,2184,55,1.0,0.972757162987318,0.9861904761904762,2129,0.48672566371681414,1.0,0.6547619047619048,55,0.8204761904761905,2071,58,0,55,0.13,2024-04-01T00:00:00,2024-07-01T00:00:00,2184,113,15,51.73992673992674,6.868131868131868,0.5132743362831859
2024-Q3,gaussian_naive_bayes,subindices_sem_iqar_meteorologia,14521,2184,55,1.0,0.9732268670737435,0.9864318019519163,2129,0.49107142857142855,1.0,0.6586826347305389,55,0.8225572183412275,2072,57,0,55,0.14,2024-04-01T00:00:00,2024-07-01T00:00:00,2184,112,15,51.28205128205128,6.868131868131868,0.5089285714285714
2024-Q3,gaussian_naive_bayes,subindices_sem_iqar_meteorologia,14521,2184,55,1.0,0.9741662752465946,0.9869141089697835,2129,0.5,1.0,0.6666666666666666,55,0.826790387818225,2074,55,0,55,0.15,2024-04-01T00:00:00,2024-07-01T00:00:00,2184,110,15,50.366300366300365,6.868131868131868,0.5
2024-Q3,gaussian_naive_bayes,subindices_sem_iqar_meteorologia,14521,2184,55,1.0,0.9741662752465946,0.9869141089697835,2129,0.5,1.0,0.6666666666666666,55,0.826790387818225,2074,55,0,55,0.16,2024-04-01T00:00:00,2024-07-01T00:00:00,2184,110,15,50.366300366300365,6.868131868131868,0.5
2024-Q3,gaussian_naive_bayes,subindices_sem_iqar_meteorologia,14521,2184,55,1.0,0.9741662752465946,0.9869141089697835,2129,0.5,1.0,0.6666666666666666,55,0.826790387818225,2074,55,0,55,0.17,2024-04-01T00:00:00,2024-07-01T00:00:00,2184,110,15,50.366300366300365,6.868131868131868,0.5
2024-Q3,gaussian_naive_bayes,subindices_sem_iqar_meteorologia,14521,2184,55,1.0,0.9746359793330202,0.9871550903901046,2129,0.5045871559633027,1.0,0.6707317073170732,55,0.8289433988535889,2075,54,0,55,0.18,2024-04-01T00:00:00,2024-07-01T00:00:00,2184,109,15,49.90842490842491,6.868131868131868,0.4954128440366973
2024-Q3,gaussian_naive_bayes,subindices_sem_iqar_meteorologia,14521,2184,55,1.0,0.9755753875058712,0.9876367094626723,2129,0.514018691588785,1.0,0.6790123456790124,55,0.8333245275708423,2077,52,0,55,0.19,2024-04-01T00:00:00,2024-07-01T00:00:00,2184,107,15,48.99267399267399,6.868131868131868,0.48598130841121495
2024-Q3,gaussian_naive_bayes,subindices_sem_iqar_meteorologia,14521,2184,55,1.0,0.9755753875058712,0.9876367094626723,2129,0.514018691588785,1.0,0.6790123456790124,55,0.8333245275708423,2077,52,0,55,0.2,2024-04-01T00:00:00,2024-07-01T00:00:00,2184,107,15,48.99267399267399,6.868131868131868,0.48598130841121495
2024-Q3,gaussian_naive_bayes,subindices_sem_iqar_meteorologia,14521,2184,55,1.0,0.9760450915922968,0.9878773472783456,2129,0.5188679245283019,1.0,0.6832298136645962,55,0.8355535804714709,2078,51,0,55,0.21,2024-04-01T00:00:00,2024-07-01T00:00:00,2184,106,15,48.53479853479853,6.868131868131868,0.4811320754716981
2024-Q3,gaussian_naive_bayes,subindices_sem_iqar_meteorologia,14521,2184,55,1.0,0.976984499765148,0.9883582798764552,2129,0.5288461538461539,1.0,0.6918238993710691,55,0.8400910896237621,2080,49,0,55,0.22,2024-04-01T00:00:00,2024-07-01T00:00:00,2184,104,14,47.61904761904761,6.41025641025641,0.47115384615384615
2024-Q3,gaussian_naive_bayes,subindices_sem_iqar_meteorologia,14521,2184,55,1.0,0.976984499765148,0.9883582798764552,2129,0.5288461538461539,1.0,0.6918238993710691,55,0.8400910896237621,2080,49,0,55,0.23,2024-04-01T00:00:00,2024-07-01T00:00:00,2184,104,14,47.61904761904761,6.41025641025641,0.47115384615384615
2024-Q3,gaussian_naive_bayes,subindices_sem_iqar_meteorologia,14521,2184,55,1.0,0.976984499765148,0.9883582798764552,2129,0.5288461538461539,1.0,0.6918238993710691,55,0.8400910896237621,2080,49,0,55,0.24,2024-04-01T00:00:00,2024-07-01T00:00:00,2184,104,14,47.61904761904761,6.41025641025641,0.47115384615384615
2024-Q3,gaussian_naive_bayes,subindices_sem_iqar_meteorologia,14521,2184,55,1.0,0.9779239079379991,0.9888387556399905,2129,0.5392156862745098,1.0,0.7006369426751592,55,0.8447378491575748,2082,47,0,55,0.25,2024-04-01T00:00:00,2024-07-01T00:00:00,2184,102,14,46.7032967032967,6.41025641025641,0.46078431372549017
2024-Q3,gaussian_naive_bayes,subindices_sem_iqar_meteorologia,14521,2184,55,1.0,0.9779239079379991,0.9888387556399905,2129,0.5392156862745098,1.0,0.7006369426751592,55,0.8447378491575748,2082,47,0,55,0.26,2024-04-01T00:00:00,2024-07-01T00:00:00,2184,102,14,46.7032967032967,6.41025641025641,0.46078431372549017
2024-Q3,gaussian_naive_bayes,subindices_sem_iqar_meteorologia,14521,2184,55,1.0,0.9783936120244247,0.9890788224121557,2129,0.5445544554455446,1.0,0.7051282051282052,55,0.8471035137701804,2083,46,0,55,0.27,2024-04-01T00:00:00,2024-07-01T00:00:00,2184,101,14,46.24542124542125,6.41025641025641,0.45544554455445546
2024-Q3,gaussian_naive_bayes,subindices_sem_iqar_meteorologia,14521,2184,55,1.0,0.9788633161108502,0.9893187752195585,2129,0.55,1.0,0.7096774193548387,55,0.8494980972871986,2084,45,0,55,0.28,2024-04-01T00:00:00,2024-07-01T00:00:00,2184,100,14,45.78754578754578,6.41025641025641,0.45
2024-Q3,gaussian_naive_bayes,subindices_sem_iqar_meteorologia,14521,2184,55,1.0,0.9793330201972757,0.9895586141433318,2129,0.5555555555555556,1.0,0.7142857142857143,55,0.851922164214523,2085,44,0,55,0.29,2024-04-01T00:00:00,2024-07-01T00:00:00,2184,99,14,45.32967032967033,6.41025641025641,0.4444444444444444
2024-Q3,gaussian_naive_bayes,subindices_sem_iqar_meteorologia,14521,2184,55,1.0,0.9798027242837013,0.9897983392645314,2129,0.5612244897959183,1.0,0.7189542483660131,55,0.8543762938152722,2086,43,0,55,0.3,2024-04-01T00:00:00,2024-07-01T00:00:00,2184,98,14,44.87179487179487,6.41025641025641,0.4387755102040816
2024-Q3,gaussian_naive_bayes,subindices_sem_iqar_meteorologia,14521,2184,55,1.0,0.9798027242837013,0.9897983392645314,2129,0.5612244897959183,1.0,0.7189542483660131,55,0.8543762938152722,2086,43,0,55,0.31,2024-04-01T00:00:00,2024-07-01T00:00:00,2184,98,14,44.87179487179487,6.41025641025641,0.4387755102040816
2024-Q3,gaussian_naive_bayes,subindices_sem_iqar_meteorologia,14521,2184,55,1.0,0.9802724283701268,0.9900379506641366,2129,0.5670103092783505,1.0,0.7236842105263158,55,0.8568610805952261,2087,42,0,55,0.32,2024-04-01T00:00:00,2024-07-01T00:00:00,2184,97,14,44.413919413919416,6.41025641025641,0.4329896907216495
2024-Q3,gaussian_naive_bayes,subindices_sem_iqar_meteorologia,14521,2184,55,1.0,0.9807421324565524,0.9902774484230495,2129,0.5729166666666666,1.0,0.7284768211920529,55,0.8593771348075512,2088,41,0,55,0.33,2024-04-01T00:00:00,2024-07-01T00:00:00,2184,96,14,43.956043956043956,6.41025641025641,0.4270833333333333
2024-Q3,gaussian_naive_bayes,subindices_sem_iqar_meteorologia,14521,2184,55,1.0,0.9807421324565524,0.9902774484230495,2129,0.5729166666666666,1.0,0.7284768211920529,55,0.8593771348075512,2088,41,0,55,0.34,2024-04-01T00:00:00,2024-07-01T00:00:00,2184,96,14,43.956043956043956,6.41025641025641,0.4270833333333333
2024-Q3,gaussian_naive_bayes,subindices_sem_iqar_meteorologia,14521,2184,55,1.0,0.9807421324565524,0.9902774484230495,2129,0.5729166666666666,1.0,0.7284768211920529,55,0.8593771348075512,2088,41,0,55,0.35000000000000003,2024-04-01T00:00:00,2024-07-01T00:00:00,2184,96,14,43.956043956043956,6.41025641025641,0.4270833333333333
2024-Q3,gaussian_naive_bayes,subindices_sem_iqar_meteorologia,14521,2184,55,1.0,0.9807421324565524,0.9902774484230495,2129,0.5729166666666666,1.0,0.7284768211920529,55,0.8593771348075512,2088,41,0,55,0.36,2024-04-01T00:00:00,2024-07-01T00:00:00,2184,96,14,43.956043956043956,6.41025641025641,0.4270833333333333
2024-Q3,gaussian_naive_bayes,subindices_sem_iqar_meteorologia,14521,2184,55,1.0,0.9807421324565524,0.9902774484230495,2129,0.5729166666666666,1.0,0.7284768211920529,55,0.8593771348075512,2088,41,0,55,0.37,2024-04-01T00:00:00,2024-07-01T00:00:00,2184,96,14,43.956043956043956,6.41025641025641,0.4270833333333333
2024-Q3,gaussian_naive_bayes,subindices_sem_iqar_meteorologia,14521,2184,55,1.0,0.9812118365429779,0.9905168326220958,2129,0.5789473684210527,1.0,0.7333333333333333,55,0.8619250829777145,2089,40,0,55,0.38,2024-04-01T00:00:00,2024-07-01T00:00:00,2184,95,14,43.498168498168496,6.41025641025641,0.42105263157894735
2024-Q3,gaussian_naive_bayes,subindices_sem_iqar_meteorologia,14521,2184,55,1.0,0.9812118365429779,0.9905168326220958,2129,0.5789473684210527,1.0,0.7333333333333333,55,0.8619250829777145,2089,40,0,55,0.39,2024-04-01T00:00:00,2024-07-01T00:00:00,2184,95,14,43.498168498168496,6.41025641025641,0.42105263157894735
2024-Q3,gaussian_naive_bayes,subindices_sem_iqar_meteorologia,14521,2184,55,1.0,0.9812118365429779,0.9905168326220958,2129,0.5789473684210527,1.0,0.7333333333333333,55,0.8619250829777145,2089,40,0,55,0.4,2024-04-01T00:00:00,2024-07-01T00:00:00,2184,95,14,43.498168498168496,6.41025641025641,0.42105263157894735
2024-Q3,gaussian_naive_bayes,subindices_sem_iqar_meteorologia,14521,2184,55,1.0,0.9812118365429779,0.9905168326220958,2129,0.5789473684210527,1.0,0.7333333333333333,55,0.8619250829777145,2089,40,0,55,0.41000000000000003,2024-04-01T00:00:00,2024-07-01T00:00:00,2184,95,14,43.498168498168496,6.41025641025641,0.42105263157894735
2024-Q3,gaussian_naive_bayes,subindices_sem_iqar_meteorologia,14521,2184,55,1.0,0.9812118365429779,0.9905168326220958,2129,0.5789473684210527,1.0,0.7333333333333333,55,0.8619250829777145,2089,40,0,55,0.42,2024-04-01T00:00:00,2024-07-01T00:00:00,2184,95,14,43.498168498168496,6.41025641025641,0.42105263157894735
2024-Q3,gaussian_naive_bayes,subindices_sem_iqar_meteorologia,14521,2184,55,1.0,0.9816815406294035,0.9907561033420241,2129,0.5851063829787234,1.0,0.738255033557047,55,0.8645055684495355,2090,39,0,55,0.43,2024-04-01T00:00:00,2024-07-01T00:00:00,2184,94,14,43.04029304029304,6.41025641025641,0.4148936170212766
2024-Q3,gaussian_naive_bayes,subindices_sem_iqar_meteorologia,14521,2184,55,1.0,0.9816815406294035,0.9907561033420241,2129,0.5851063829787234,1.0,0.738255033557047,55,0.8645055684495355,2090,39,0,55,0.44,2024-04-01T00:00:00,2024-07-01T00:00:00,2184,94,14,43.04029304029304,6.41025641025641,0.4148936170212766
2024-Q3,gaussian_naive_bayes,subindices_sem_iqar_meteorologia,14521,2184,55,1.0,0.982151244715829,0.9909952606635071,2129,0.5913978494623656,1.0,0.7432432432432432,55,0.8671192519533751,2091,38,0,55,0.45,2024-04-01T00:00:00,2024-07-01T00:00:00,2184,93,14,42.582417582417584,6.41025641025641,0.40860215053763443
2024-Q3,gaussian_naive_bayes,subindices_sem_iqar_meteorologia,14521,2184,55,1.0,0.982151244715829,0.9909952606635071,2129,0.5913978494623656,1.0,0.7432432432432432,55,0.8671192519533751,2091,38,0,55,0.46,2024-04-01T00:00:00,2024-07-01T00:00:00,2184,93,14,42.582417582417584,6.41025641025641,0.40860215053763443
2024-Q3,gaussian_naive_bayes,subindices_sem_iqar_meteorologia,14521,2184,55,1.0,0.982151244715829,0.9909952606635071,2129,0.5913978494623656,1.0,0.7432432432432432,55,0.8671192519533751,2091,38,0,55,0.47000000000000003,2024-04-01T00:00:00,2024-07-01T00:00:00,2184,93,14,42.582417582417584,6.41025641025641,0.40860215053763443
2024-Q3,gaussian_naive_bayes,subindices_sem_iqar_meteorologia,14521,2184,55,1.0,0.982151244715829,0.9909952606635071,2129,0.5913978494623656,1.0,0.7432432432432432,55,0.8671192519533751,2091,38,0,55,0.48,2024-04-01T00:00:00,2024-07-01T00:00:00,2184,93,14,42.582417582417584,6.41025641025641,0.40860215053763443
2024-Q3,gaussian_naive_bayes,subindices_sem_iqar_meteorologia,14521,2184,55,1.0,0.982151244715829,0.9909952606635071,2129,0.5913978494623656,1.0,0.7432432432432432,55,0.8671192519533751,2091,38,0,55,0.49,2024-04-01T00:00:00,2024-07-01T00:00:00,2184,93,14,42.582417582417584,6.41025641025641,0.40860215053763443
2024-Q3,gaussian_naive_bayes,subindices_sem_iqar_meteorologia,14521,2184,55,1.0,0.982151244715829,0.9909952606635071,2129,0.5913978494623656,1.0,0.7432432432432432,55,0.8671192519533751,2091,38,0,55,0.5,2024-04-01T00:00:00,2024-07-01T00:00:00,2184,93,14,42.582417582417584,6.41025641025641,0.40860215053763443
2024-Q3,gaussian_naive_bayes,subindices_sem_iqar_meteorologia,14521,2184,55,1.0,0.982151244715829,0.9909952606635071,2129,0.5913978494623656,1.0,0.7432432432432432,55,0.8671192519533751,2091,38,0,55,0.51,2024-04-01T00:00:00,2024-07-01T00:00:00,2184,93,14,42.582417582417584,6.41025641025641,0.40860215053763443
2024-Q3,gaussian_naive_bayes,subindices_sem_iqar_meteorologia,14521,2184,55,1.0,0.9826209488022546,0.9912343046671405,2129,0.5978260869565217,1.0,0.7482993197278912,55,0.8697668121975158,2092,37,0,55,0.52,2024-04-01T00:00:00,2024-07-01T00:00:00,2184,92,14,42.124542124542124,6.41025641025641,0.40217391304347827
2024-Q3,gaussian_naive_bayes,subindices_sem_iqar_meteorologia,14521,2184,55,1.0,0.9830906528886801,0.9914732354334439,2129,0.6043956043956044,1.0,0.7534246575342466,55,0.8724489464838452,2093,36,0,55,0.53,2024-04-01T00:00:00,2024-07-01T00:00:00,2184,91,14,41.666666666666664,6.41025641025641,0.3956043956043956
2024-Q3,gaussian_naive_bayes,subindices_sem_iqar_meteorologia,14521,2184,55,1.0,0.9830906528886801,0.9914732354334439,2129,0.6043956043956044,1.0,0.7534246575342466,55,0.8724489464838452,2093,36,0,55,0.54,2024-04-01T00:00:00,2024-07-01T00:00:00,2184,91,14,41.666666666666664,6.41025641025641,0.3956043956043956
2024-Q3,gaussian_naive_bayes,subindices_sem_iqar_meteorologia,14521,2184,55,1.0,0.9835603569751057,0.9917120530428605,2129,0.6111111111111112,1.0,0.7586206896551724,55,0.8751663713490164,2094,35,0,55,0.55,2024-04-01T00:00:00,2024-07-01T00:00:00,2184,90,13,41.20879120879121,5.952380952380952,0.3888888888888889
2024-Q3,gaussian_naive_bayes,subindices_sem_iqar_meteorologia,14521,2184,55,1.0,0.9835603569751057,0.9917120530428605,2129,0.6111111111111112,1.0,0.7586206896551724,55,0.8751663713490164,2094,35,0,55,0.56,2024-04-01T00:00:00,2024-07-01T00:00:00,2184,90,13,41.20879120879121,5.952380952380952,0.3888888888888889
2024-Q3,gaussian_naive_bayes,subindices_sem_iqar_meteorologia,14521,2184,55,1.0,0.9835603569751057,0.9917120530428605,2129,0.6111111111111112,1.0,0.7586206896551724,55,0.8751663713490164,2094,35,0,55,0.5700000000000001,2024-04-01T00:00:00,2024-07-01T00:00:00,2184,90,13,41.20879120879121,5.952380952380952,0.3888888888888889
2024-Q3,gaussian_naive_bayes,subindices_sem_iqar_meteorologia,14521,2184,55,1.0,0.9840300610615312,0.9919507575757576,2129,0.6179775280898876,1.0,0.7638888888888888,55,0.8779198232323232,2095,34,0,55,0.58,2024-04-01T00:00:00,2024-07-01T00:00:00,2184,89,13,40.75091575091575,5.952380952380952,0.38202247191011235
2024-Q3,gaussian_naive_bayes,subindices_sem_iqar_meteorologia,14521,2184,55,1.0,0.9840300610615312,0.9919507575757576,2129,0.6179775280898876,1.0,0.7638888888888888,55,0.8779198232323232,2095,34,0,55,0.59,2024-04-01T00:00:00,2024-07-01T00:00:00,2184,89,13,40.75091575091575,5.952380952380952,0.38202247191011235
2024-Q3,gaussian_naive_bayes,subindices_sem_iqar_meteorologia,14521,2184,55,1.0,0.9849694692343823,0.9924278277330809,2129,0.632183908045977,1.0,0.7746478873239436,55,0.8835378575285122,2097,32,0,55,0.6,2024-04-01T00:00:00,2024-07-01T00:00:00,2184,87,14,39.83516483516483,6.41025641025641,0.367816091954023
2024-Q3,gaussian_naive_bayes,subindices_sem_iqar_meteorologia,14521,2184,55,1.0,0.9849694692343823,0.9924278277330809,2129,0.632183908045977,1.0,0.7746478873239436,55,0.8835378575285122,2097,32,0,55,0.61,2024-04-01T00:00:00,2024-07-01T00:00:00,2184,87,14,39.83516483516483,6.41025641025641,0.367816091954023
2024-Q3,gaussian_naive_bayes,subindices_sem_iqar_meteorologia,14521,2184,55,1.0,0.9849694692343823,0.9924278277330809,2129,0.632183908045977,1.0,0.7746478873239436,55,0.8835378575285122,2097,32,0,55,0.62,2024-04-01T00:00:00,2024-07-01T00:00:00,2184,87,14,39.83516483516483,6.41025641025641,0.367816091954023
2024-Q3,gaussian_naive_bayes,subindices_sem_iqar_meteorologia,14521,2184,55,1.0,0.9849694692343823,0.9924278277330809,2129,0.632183908045977,1.0,0.7746478873239436,55,0.8835378575285122,2097,32,0,55,0.63,2024-04-01T00:00:00,2024-07-01T00:00:00,2184,87,14,39.83516483516483,6.41025641025641,0.367816091954023
2024-Q3,gaussian_naive_bayes,subindices_sem_iqar_meteorologia,14521,2184,55,1.0,0.9849694692343823,0.9924278277330809,2129,0.632183908045977,1.0,0.7746478873239436,55,0.8835378575285122,2097,32,0,55,0.64,2024-04-01T00:00:00,2024-07-01T00:00:00,2184,87,14,39.83516483516483,6.41025641025641,0.367816091954023
2024-Q3,gaussian_naive_bayes,subindices_sem_iqar_meteorologia,14521,2184,55,1.0,0.9849694692343823,0.9924278277330809,2129,0.632183908045977,1.0,0.7746478873239436,55,0.8835378575285122,2097,32,0,55,0.65,2024-04-01T00:00:00,2024-07-01T00:00:00,2184,87,14,39.83516483516483,6.41025641025641,0.367816091954023
2024-Q3,gaussian_naive_bayes,subindices_sem_iqar_meteorologia,14521,2184,55,1.0,0.9854391733208079,0.9926661935178613,2129,0.6395348837209303,1.0,0.7801418439716312,55,0.8864040187447463,2098,31,0,55,0.66,2024-04-01T00:00:00,2024-07-01T00:00:00,2184,86,14,39.37728937728938,6.41025641025641,0.36046511627906974
2024-Q3,gaussian_naive_bayes,subindices_sem_iqar_meteorologia,14521,2184,55,1.0,0.9859088774072334,0.9929044465468306,2129,0.6470588235294118,1.0,0.7857142857142857,55,0.8893093661305582,2099,30,0,55,0.67,2024-04-01T00:00:00,2024-07-01T00:00:00,2184,85,14,38.91941391941392,6.41025641025641,0.35294117647058826
2024-Q3,gaussian_naive_bayes,subindices_sem_iqar_meteorologia,14521,2184,55,1.0,0.9859088774072334,0.9929044465468306,2129,0.6470588235294118,1.0,0.7857142857142857,55,0.8893093661305582,2099,30,0,55,0.68,2024-04-01T00:00:00,2024-07-01T00:00:00,2184,85,14,38.91941391941392,6.41025641025641,0.35294117647058826
2024-Q3,gaussian_naive_bayes,subindices_sem_iqar_meteorologia,14521,2184,55,1.0,0.9859088774072334,0.9929044465468306,2129,0.6470588235294118,1.0,0.7857142857142857,55,0.8893093661305582,2099,30,0,55,0.6900000000000001,2024-04-01T00:00:00,2024-07-01T00:00:00,2184,85,14,38.91941391941392,6.41025641025641,0.35294117647058826
2024-Q3,gaussian_naive_bayes,subindices_sem_iqar_meteorologia,14521,2184,55,1.0,0.9873179896665101,0.9936185298983692,2129,0.6707317073170732,1.0,0.8029197080291971,55,0.8982691189637831,2102,27,0,55,0.7000000000000001,2024-04-01T00:00:00,2024-07-01T00:00:00,2184,82,14,37.54578754578755,6.41025641025641,0.32926829268292684
2024-Q3,gaussian_naive_bayes,subindices_sem_iqar_meteorologia,14521,2184,55,1.0,0.9877876937529356,0.9938563327032136,2129,0.6790123456790124,1.0,0.8088235294117647,55,0.9013399310574892,2103,26,0,55,0.71,2024-04-01T00:00:00,2024-07-01T00:00:00,2184,81,14,37.08791208791209,6.41025641025641,0.32098765432098764
2024-Q3,gaussian_naive_bayes,subindices_sem_iqar_meteorologia,14521,2184,55,1.0,0.9882573978393612,0.9940940231514293,2129,0.6875,1.0,0.8148148148148148,55,0.9044544189831221,2104,25,0,55,0.72,2024-04-01T00:00:00,2024-07-01T00:00:00,2184,80,14,36.630036630036635,6.41025641025641,0.3125
2024-Q3,gaussian_naive_bayes,subindices_sem_iqar_meteorologia,14521,2184,55,1.0,0.9882573978393612,0.9940940231514293,2129,0.6875,1.0,0.8148148148148148,55,0.9044544189831221,2104,25,0,55,0.73,2024-04-01T00:00:00,2024-07-01T00:00:00,2184,80,14,36.630036630036635,6.41025641025641,0.3125
2024-Q3,gaussian_naive_bayes,subindices_sem_iqar_meteorologia,14521,2184,55,1.0,0.9887271019257867,0.9943316013226263,2129,0.6962025316455697,1.0,0.8208955223880597,55,0.907613561855343,2105,24,0,55,0.74,2024-04-01T00:00:00,2024-07-01T00:00:00,2184,79,14,36.172161172161175,6.41025641025641,0.3037974683544304
2024-Q3,gaussian_naive_bayes,subindices_sem_iqar_meteorologia,14521,2184,55,1.0,0.9887271019257867,0.9943316013226263,2129,0.6962025316455697,1.0,0.8208955223880597,55,0.907613561855343,2105,24,0,55,0.75,2024-04-01T00:00:00,2024-07-01T00:00:00,2184,79,14,36.172161172161175,6.41025641025641,0.3037974683544304
2024-Q3,gaussian_naive_bayes,subindices_sem_iqar_meteorologia,14521,2184,55,1.0,0.9887271019257867,0.9943316013226263,2129,0.6962025316455697,1.0,0.8208955223880597,55,0.907613561855343,2105,24,0,55,0.76,2024-04-01T00:00:00,2024-07-01T00:00:00,2184,79,14,36.172161172161175,6.41025641025641,0.3037974683544304
2024-Q3,gaussian_naive_bayes,subindices_sem_iqar_meteorologia,14521,2184,55,1.0,0.9887271019257867,0.9943316013226263,2129,0.6962025316455697,1.0,0.8208955223880597,55,0.907613561855343,2105,24,0,55,0.77,2024-04-01T00:00:00,2024-07-01T00:00:00,2184,79,14,36.172161172161175,6.41025641025641,0.3037974683544304
2024-Q3,gaussian_naive_bayes,subindices_sem_iqar_meteorologia,14521,2184,55,1.0,0.9887271019257867,0.9943316013226263,2129,0.6962025316455697,1.0,0.8208955223880597,55,0.907613561855343,2105,24,0,55,0.78,2024-04-01T00:00:00,2024-07-01T00:00:00,2184,79,14,36.172161172161175,6.41025641025641,0.3037974683544304
2024-Q3,gaussian_naive_bayes,subindices_sem_iqar_meteorologia,14521,2184,55,1.0,0.9887271019257867,0.9943316013226263,2129,0.6962025316455697,1.0,0.8208955223880597,55,0.907613561855343,2105,24,0,55,0.79,2024-04-01T00:00:00,2024-07-01T00:00:00,2184,79,14,36.172161172161175,6.41025641025641,0.3037974683544304
2024-Q3,gaussian_naive_bayes,subindices_sem_iqar_meteorologia,14521,2184,55,1.0,0.9896665100986378,0.9948064211520302,2129,0.7142857142857143,1.0,0.8333333333333334,55,0.9140698772426818,2107,22,0,55,0.8,2024-04-01T00:00:00,2024-07-01T00:00:00,2184,77,13,35.256410256410255,5.952380952380952,0.2857142857142857
2024-Q3,gaussian_naive_bayes,subindices_sem_iqar_meteorologia,14521,2184,55,1.0,0.9906059182714889,0.9952807928268051,2129,0.7333333333333333,1.0,0.8461538461538461,55,0.9207173194903256,2109,20,0,55,0.81,2024-04-01T00:00:00,2024-07-01T00:00:00,2184,75,13,34.34065934065934,5.952380952380952,0.26666666666666666
2024-Q3,gaussian_naive_bayes,subindices_sem_iqar_meteorologia,14521,2184,55,1.0,0.99154532644434,0.995754716981132,2129,0.7534246575342466,1.0,0.859375,55,0.927564858490566,2111,18,0,55,0.8200000000000001,2024-04-01T00:00:00,2024-07-01T00:00:00,2184,73,13,33.42490842490842,5.952380952380952,0.2465753424657534
2024-Q3,gaussian_naive_bayes,subindices_sem_iqar_meteorologia,14521,2184,55,1.0,0.99154532644434,0.995754716981132,2129,0.7534246575342466,1.0,0.859375,55,0.927564858490566,2111,18,0,55,0.8300000000000001,2024-04-01T00:00:00,2024-07-01T00:00:00,2184,73,13,33.42490842490842,5.952380952380952,0.2465753424657534
2024-Q3,gaussian_naive_bayes,subindices_sem_iqar_meteorologia,14521,2184,55,1.0,0.99154532644434,0.995754716981132,2129,0.7534246575342466,1.0,0.859375,55,0.927564858490566,2111,18,0,55,0.84,2024-04-01T00:00:00,2024-07-01T00:00:00,2184,73,13,33.42490842490842,5.952380952380952,0.2465753424657534
2024-Q3,gaussian_naive_bayes,subindices_sem_iqar_meteorologia,14521,2184,55,1.0,0.9920150305307656,0.9959915114359821,2129,0.7638888888888888,1.0,0.8661417322834646,55,0.9310666218597233,2112,17,0,55,0.85,2024-04-01T00:00:00,2024-07-01T00:00:00,2184,72,13,32.96703296703297,5.952380952380952,0.2361111111111111
2024-Q3,gaussian_naive_bayes,subindices_sem_iqar_meteorologia,14521,2184,55,0.9995271867612293,0.9929544387036168,0.9962299717247879,2129,0.782608695652174,0.9818181818181818,0.8709677419354839,55,0.9335988568301359,2114,15,1,54,0.86,2024-04-01T00:00:00,2024-07-01T00:00:00,2184,69,14,31.59340659340659,6.41025641025641,0.21739130434782608
2024-Q3,gaussian_naive_bayes,subindices_sem_iqar_meteorologia,14521,2184,55,0.9995271867612293,0.9929544387036168,0.9962299717247879,2129,0.782608695652174,0.9818181818181818,0.8709677419354839,55,0.9335988568301359,2114,15,1,54,0.87,2024-04-01T00:00:00,2024-07-01T00:00:00,2184,69,14,31.59340659340659,6.41025641025641,0.21739130434782608
2024-Q3,gaussian_naive_bayes,subindices_sem_iqar_meteorologia,14521,2184,55,0.999054820415879,0.9929544387036168,0.9959952885747939,2129,0.7794117647058824,0.9636363636363636,0.8617886178861789,55,0.9288919532304865,2114,15,2,53,0.88,2024-04-01T00:00:00,2024-07-01T00:00:00,2184,68,14,31.135531135531135,6.41025641025641,0.22058823529411764
2024-Q3,gaussian_naive_bayes,subindices_sem_iqar_meteorologia,14521,2184,55,0.999054820415879,0.9929544387036168,0.9959952885747939,2129,0.7794117647058824,0.9636363636363636,0.8617886178861789,55,0.9288919532304865,2114,15,2,53,0.89,2024-04-01T00:00:00,2024-07-01T00:00:00,2184,68,14,31.135531135531135,6.41025641025641,0.22058823529411764
2024-Q3,gaussian_naive_bayes,subindices_sem_iqar_meteorologia,14521,2184,55,0.9990552668871044,0.9934241427900423,0.9962317475270843,2129,0.7910447761194029,0.9636363636363636,0.8688524590163934,55,0.9325421032717389,2115,14,2,53,0.9,2024-04-01T00:00:00,2024-07-01T00:00:00,2184,67,14,30.677655677655675,6.41025641025641,0.208955223880597
2024-Q3,gaussian_naive_bayes,subindices_sem_iqar_meteorologia,14521,2184,55,0.9990552668871044,0.9934241427900423,0.9962317475270843,2129,0.7910447761194029,0.9636363636363636,0.8688524590163934,55,0.9325421032717389,2115,14,2,53,0.91,2024-04-01T00:00:00,2024-07-01T00:00:00,2184,67,14,30.677655677655675,6.41025641025641,0.208955223880597
2024-Q3,gaussian_naive_bayes,subindices_sem_iqar_meteorologia,14521,2184,55,0.9985842378480415,0.9938938468764679,0.9962335216572504,2129,0.8,0.9454545454545454,0.8666666666666667,55,0.9314500941619586,2116,13,3,52,0.92,2024-04-01T00:00:00,2024-07-01T00:00:00,2184,65,13,29.76190476190476,5.952380952380952,0.2
2024-Q3,gaussian_naive_bayes,subindices_sem_iqar_meteorologia,14521,2184,55,0.998114985862394,0.994833255049319,0.9964714184897672,2129,0.8225806451612904,0.9272727272727272,0.8717948717948718,55,0.9341331451423195,2118,11,4,51,0.93,2024-04-01T00:00:00,2024-07-01T00:00:00,2184,62,13,28.388278388278387,5.952380952380952,0.1774193548387097
2024-Q3,gaussian_naive_bayes,subindices_sem_iqar_meteorologia,14521,2184,55,0.9976448422044277,0.994833255049319,0.9962370649106302,2129,0.819672131147541,0.9090909090909091,0.8620689655172413,55,0.9291530152139358,2118,11,5,50,0.9400000000000001,2024-04-01T00:00:00,2024-07-01T00:00:00,2184,61,13,27.93040293040293,5.952380952380952,0.18032786885245902
2024-Q3,gaussian_naive_bayes,subindices_sem_iqar_meteorologia,14521,2184,55,0.9971751412429378,0.994833255049319,0.9960028215377381,2129,0.8166666666666667,0.8909090909090909,0.8521739130434782,55,0.9240883672906082,2118,11,6,49,0.9500000000000001,2024-04-01T00:00:00,2024-07-01T00:00:00,2184,60,13,27.47252747252747,5.952380952380952,0.18333333333333332
2024-Q3,gaussian_naive_bayes,subindices_sem_iqar_meteorologia,14521,2184,55,0.9967058823529412,0.994833255049319,0.995768688293371,2129,0.8135593220338984,0.8727272727272727,0.8421052631578947,55,0.9189369757256328,2118,11,7,48,0.96,2024-04-01T00:00:00,2024-07-01T00:00:00,2184,59,13,27.014652014652015,5.952380952380952,0.1864406779661017
2024-Q3,gaussian_naive_bayes,subindices_sem_iqar_meteorologia,14521,2184,55,0.996238834038552,0.9953029591357445,0.9957706766917294,2129,0.8245614035087719,0.8545454545454545,0.8392857142857143,55,0.9175281954887218,2119,10,8,47,0.97,2024-04-01T00:00:00,2024-07-01T00:00:00,2184,57,13,26.0989010989011,5.952380952380952,0.17543859649122806
2024-Q3,gaussian_naive_bayes,subindices_sem_iqar_meteorologia,14521,2184,55,0.9939081537019682,0.9962423673085956,0.9950738916256158,2129,0.84,0.7636363636363637,0.8,55,0.897536945812808,2121,8,13,42,0.98,2024-04-01T00:00:00,2024-07-01T00:00:00,2184,50,12,22.89377289377289,5.4945054945054945,0.16
2024-Q3,gaussian_naive_bayes,subindices_sem_iqar_meteorologia,14521,2184,55,0.9920560747663552,0.9971817754814467,0.9946123213867416,2129,0.8636363636363636,0.6909090909090909,0.7676767676767676,55,0.8811445445317546,2123,6,17,38,0.99,2024-04-01T00:00:00,2024-07-01T00:00:00,2184,44,12,20.14652014652015,5.4945054945054945,0.13636363636363635
2024-Q3,gaussian_naive_bayes,subindices_sem_iqar_meteorologia,14521,2184,55,0.9779513091410198,1.0,0.9888527635856944,2129,1.0,0.12727272727272726,0.22580645161290322,55,0.6073296075992988,2129,0,48,7,1.0,2024-04-01T00:00:00,2024-07-01T00:00:00,2184,7,1,3.205128205128205,0.45787545787545786,0.0
2024-Q4,gaussian_naive_bayes,poluentes_brutos_meteorologia,16705,2208,172,0.0,0.0,0.0,2036,0.07789855072463768,1.0,0.14453781512605043,172,0.07226890756302522,0,2036,0,172,0.0,2024-07-01T00:00:00,2024-10-01T00:00:00,2208,2208,1,1000.0,0.4528985507246377,0.9221014492753623
2024-Q4,gaussian_naive_bayes,poluentes_brutos_meteorologia,16705,2208,172,0.9913846153846154,0.7912573673870335,0.8800874078120732,2036,0.27101200686106347,0.9186046511627907,0.4185430463576159,172,0.6493152270848446,1611,425,14,158,0.01,2024-07-01T00:00:00,2024-10-01T00:00:00,2208,583,64,264.03985507246375,28.985507246376812,0.7289879931389366
2024-Q4,gaussian_naive_bayes,poluentes_brutos_meteorologia,16705,2208,172,0.9904134212103056,0.8118860510805501,0.8923076923076924,2036,0.2894248608534323,0.9069767441860465,0.4388185654008439,172,0.6655631288542682,1653,383,16,156,0.02,2024-07-01T00:00:00,2024-10-01T00:00:00,2208,539,60,244.11231884057972,27.17391304347826,0.7105751391465677
2024-Q4,gaussian_naive_bayes,poluentes_brutos_meteorologia,16705,2208,172,0.9893111638954869,0.8182711198428291,0.8956989247311828,2036,0.29389312977099236,0.8953488372093024,0.4425287356321839,172,0.6691138301816834,1666,370,18,154,0.03,2024-07-01T00:00:00,2024-10-01T00:00:00,2208,524,57,237.31884057971016,25.815217391304348,0.7061068702290076
2024-Q4,gaussian_naive_bayes,poluentes_brutos_meteorologia,16705,2208,172,0.9882697947214076,0.8276031434184676,0.900828655439722,2036,0.30218687872763417,0.8837209302325582,0.45037037037037037,172,0.6755995129050462,1685,351,20,152,0.04,2024-07-01T00:00:00,2024-10-01T00:00:00,2208,503,58,227.80797101449278,26.268115942028984,0.6978131212723658
2024-Q4,gaussian_naive_bayes,poluentes_brutos_meteorologia,16705,2208,172,0.9883177570093458,0.831041257367387,0.9028815368196371,2036,0.3064516129032258,0.8837209302325582,0.4550898203592814,172,0.6789856785894592,1692,344,20,152,0.05,2024-07-01T00:00:00,2024-10-01T00:00:00,2208,496,58,224.63768115942028,26.268115942028984,0.6935483870967742
2024-Q4,gaussian_naive_bayes,poluentes_brutos_meteorologia,16705,2208,172,0.9872537659327926,0.8369351669941061,0.9059011164274322,2036,0.3112033195020747,0.872093023255814,0.45871559633027525,172,0.6823083563788537,1704,332,22,150,0.06,2024-07-01T00:00:00,2024-10-01T00:00:00,2208,482,58,218.29710144927537,26.268115942028984,0.6887966804979253
2024-Q4,gaussian_naive_bayes,poluentes_brutos_meteorologia,16705,2208,172,0.9862068965517241,0.8428290766208252,0.9088983050847458,2036,0.3162393162393162,0.8604651162790697,0.4625,172,0.6856991525423729,1716,320,24,148,0.07,2024-07-01T00:00:00,2024-10-01T00:00:00,2208,468,56,211.95652173913044,25.36231884057971,0.6837606837606838
2024-Q4,gaussian_naive_bayes,poluentes_brutos_meteorologia,16705,2208,172,0.9862778730703259,0.8472495088408645,0.9114927344782034,2036,0.3224400871459695,0.8604651162790697,0.46909667194928684,172,0.6902947032137452,1725,311,24,148,0.08,2024-07-01T00:00:00,2024-10-01T00:00:00,2208,459,56,207.88043478260872,25.36231884057971,0.6775599128540305
2024-Q4,gaussian_naive_bayes,poluentes_brutos_meteorologia,16705,2208,172,0.9862935465448315,0.8482318271119843,0.9120675996831265,2036,0.3238512035010941,0.8604651162790697,0.47058823529411764,172,0.691327917488622,1727,309,24,148,0.09,2024-07-01T00:00:00,2024-10-01T00:00:00,2208,457,56,206.97463768115944,25.36231884057971,0.6761487964989059
2024-Q4,gaussian_naive_bayes,poluentes_brutos_meteorologia,16705,2208,172,0.9863325740318907,0.8506876227897839,0.9135021097046413,2036,0.3274336283185841,0.8604651162790697,0.47435897435897434,172,0.6939305420318078,1732,304,24,148,0.1,2024-07-01T00:00:00,2024-10-01T00:00:00,2208,452,56,204.71014492753622,25.36231884057971,0.672566371681416
2024-Q4,gaussian_naive_bayes,poluentes_brutos_meteorologia,16705,2208,172,0.9853024307518372,0.8560903732809431,0.9161629434954008,2036,0.3325740318906606,0.8488372093023255,0.4779050736497545,172,0.6970340085725777,1743,293,26,146,0.11,2024-07-01T00:00:00,2024-10-01T00:00:00,2208,439,56,198.82246376811594,25.36231884057971,0.6674259681093394
2024-Q4,gaussian_naive_bayes,poluentes_brutos_meteorologia,16705,2208,172,0.9853355893965031,0.8580550098231827,0.9173011289052244,2036,0.335632183908046,0.8488372093023255,0.48105436573311366,172,0.699177747319169,1747,289,26,146,0.12,2024-07-01T00:00:00,2024-10-01T00:00:00,2208,435,56,197.01086956521738,25.36231884057971,0.664367816091954
2024-Q4,gaussian_naive_bayes,poluentes_brutos_meteorologia,16705,2208,172,0.9853438556933484,0.8585461689587426,0.9175853018372704,2036,0.33640552995391704,0.8488372093023255,0.48184818481848185,172,0.6997167433278761,1748,288,26,146,0.13,2024-07-01T00:00:00,2024-10-01T00:00:00,2208,434,56,196.55797101449278,25.36231884057971,0.663594470046083
2024-Q4,gaussian_naive_bayes,poluentes_brutos_meteorologia,16705,2208,172,0.9853932584269663,0.8614931237721022,0.9192872117400419,2036,0.3411214953271028,0.8488372093023255,0.4866666666666667,172,0.7029769392033542,1754,282,26,146,0.14,2024-07-01T00:00:00,2024-10-01T00:00:00,2208,428,56,193.84057971014494,25.36231884057971,0.6588785046728972
2024-Q4,gaussian_naive_bayes,poluentes_brutos_meteorologia,16705,2208,172,0.9848654708520179,0.8629666011787819,0.9198952879581151,2036,0.3419811320754717,0.8430232558139535,0.4865771812080537,172,0.7032362345830845,1757,279,27,145,0.15,2024-07-01T00:00:00,2024-10-01T00:00:00,2208,424,54,192.02898550724638,24.456521739130437,0.6580188679245284
2024-Q4,gaussian_naive_bayes,poluentes_brutos_meteorologia,16705,2208,172,0.9843400447427293,0.8644400785854617,0.9205020920502092,2036,0.34285714285714286,0.8372093023255814,0.4864864864864865,172,0.7034942892683478,1760,276,28,144,0.16,2024-07-01T00:00:00,2024-10-01T00:00:00,2208,420,54,190.21739130434784,24.456521739130437,0.6571428571428571
2024-Q4,gaussian_naive_bayes,poluentes_brutos_meteorologia,16705,2208,172,0.9838169642857143,0.8659135559921415,0.9211076280041798,2036,0.34375,0.8313953488372093,0.48639455782312924,172,0.7037510929136546,1763,273,29,143,0.17,2024-07-01T00:00:00,2024-10-01T00:00:00,2208,416,54,188.40579710144928,24.456521739130437,0.65625
2024-Q4,gaussian_naive_bayes,poluentes_brutos_meteorologia,16705,2208,172,0.9838350055741361,0.8668958742632613,0.9216710182767625,2036,0.34541062801932365,0.8313953488372093,0.4880546075085324,172,0.7048628128926474,1765,271,29,143,0.18,2024-07-01T00:00:00,2024-10-01T00:00:00,2208,414,54,187.5,24.456521739130437,0.6545893719806763
2024-Q4,gaussian_naive_bayes,poluentes_brutos_meteorologia,16705,2208,172,0.9833055091819699,0.8678781925343811,0.921993216801461,2036,0.34549878345498786,0.8255813953488372,0.48713550600343053,172,0.7045643614024457,1767,269,30,142,0.19,2024-07-01T00:00:00,2024-10-01T00:00:00,2208,411,53,186.1413043478261,24.003623188405797,0.6545012165450121
2024-Q4,gaussian_naive_bayes,poluentes_brutos_meteorologia,16705,2208,172,0.9833333333333333,0.869351669941061,0.9228362877997914,2036,0.3480392156862745,0.8255813953488372,0.4896551724137931,172,0.7062457301067923,1770,266,30,142,0.2,2024-07-01T00:00:00,2024-10-01T00:00:00,2208,408,53,184.78260869565216,24.003623188405797,0.6519607843137255
2024-Q4,gaussian_naive_bayes,poluentes_brutos_meteorologia,16705,2208,172,0.9833425874514159,0.8698428290766208,0.9231170185040396,2036,0.3488943488943489,0.8255813953488372,0.4905008635578584,172,0.706808941030949,1771,265,30,142,0.21,2024-07-01T00:00:00,2024-10-01T00:00:00,2208,407,53,184.32971014492756,24.003623188405797,0.6511056511056511
2024-Q4,gaussian_naive_bayes,poluentes_brutos_meteorologia,16705,2208,172,0.9822714681440443,0.8708251473477406,0.9231970840926842,2036,0.34739454094292804,0.813953488372093,0.48695652173913045,172,0.7050768029159074,1773,263,32,140,0.22,2024-07-01T00:00:00,2024-10-01T00:00:00,2208,403,53,182.518115942029,24.003623188405797,0.652605459057072
2024-Q4,gaussian_naive_bayes,poluentes_brutos_meteorologia,16705,2208,172,0.982281284606866,0.8713163064833006,0.9234773555439875,2036,0.3482587064676617,0.813953488372093,0.4878048780487805,172,0.705641116796384,1774,262,32,140,0.23,2024-07-01T00:00:00,2024-10-01T00:00:00,2208,402,53,182.06521739130434,24.003623188405797,0.6517412935323383
2024-Q4,gaussian_naive_bayes,poluentes_brutos_meteorologia,16705,2208,172,0.9822910902047592,0.8718074656188605,0.9237574811345303,2036,0.3491271820448878,0.813953488372093,0.4886561954624782,172,0.7062068382985043,1775,261,32,140,0.24,2024-07-01T00:00:00,2024-10-01T00:00:00,2208,401,53,181.61231884057972,24.003623188405797,0.6508728179551122
2024-Q4,gaussian_naive_bayes,poluentes_brutos_meteorologia,16705,2208,172,0.9823008849557522,0.8722986247544204,0.9240374609781478,2036,0.35,0.813953488372093,0.48951048951048953,172,0.7067739752443186,1776,260,32,140,0.25,2024-07-01T00:00:00,2024-10-01T00:00:00,2208,400,53,181.15942028985506,24.003623188405797,0.65
2024-Q4,gaussian_naive_bayes,poluentes_brutos_meteorologia,16705,2208,172,0.982310668877833,0.8727897838899804,0.9243172951885565,2036,0.3508771929824561,0.813953488372093,0.4903677758318739,172,0.7073425355102152,1777,259,32,140,0.26,2024-07-01T00:00:00,2024-10-01T00:00:00,2208,399,53,180.70652173913044,24.003623188405797,0.6491228070175439
2024-Q4,gaussian_naive_bayes,poluentes_brutos_meteorologia,16705,2208,172,0.9823594266813671,0.8752455795677799,0.9257142857142857,2036,0.3553299492385787,0.813953488372093,0.49469964664310956,172,0.7102069661786976,1782,254,32,140,0.27,2024-07-01T00:00:00,2024-10-01T00:00:00,2208,394,53,178.44202898550722,24.003623188405797,0.6446700507614214
2024-Q4,gaussian_naive_bayes,poluentes_brutos_meteorologia,16705,2208,172,0.9823885525591635,0.8767190569744597,0.9265507396833637,2036,0.35805626598465473,0.813953488372093,0.49733570159857904,172,0.7119432206409714,1785,251,32,140,0.28,2024-07-01T00:00:00,2024-10-01T00:00:00,2208,391,53,177.08333333333334,24.003623188405797,0.6419437340153452
2024-Q4,gaussian_naive_bayes,poluentes_brutos_meteorologia,16705,2208,172,0.9823982398239824,0.8772102161100196,0.926829268292683,2036,0.358974358974359,0.813953488372093,0.498220640569395,172,0.712524954431039,1786,250,32,140,0.29,2024-07-01T00:00:00,2024-10-01T00:00:00,2208,390,53,176.63043478260872,24.003623188405797,0.6410256410256411
2024-Q4,gaussian_naive_bayes,poluentes_brutos_meteorologia,16705,2208,172,0.9824175824175824,0.8781925343811395,0.9273858921161826,2036,0.36082474226804123,0.813953488372093,0.5,172,0.7136929460580913,1788,248,32,140,0.3,2024-07-01T00:00:00,2024-10-01T00:00:00,2208,388,52,175.72463768115944,23.55072463768116,0.6391752577319587
2024-Q4,gaussian_naive_bayes,poluentes_brutos_meteorologia,16705,2208,172,0.9824753559693319,0.881139489194499,0.9290523045054376,2036,0.36649214659685864,0.813953488372093,0.5054151624548736,172,0.7172337334801556,1794,242,32,140,0.31,2024-07-01T00:00:00,2024-10-01T00:00:00,2208,382,51,173.0072463768116,23.09782608695652,0.6335078534031413
2024-Q4,gaussian_naive_bayes,poluentes_brutos_meteorologia,16705,2208,172,0.9825041006014216,0.8826129666011788,0.9298835705045279,2036,0.36939313984168864,0.813953488372093,0.5081669691470054,172,0.7190252698257666,1797,239,32,140,0.32,2024-07-01T00:00:00,2024-10-01T00:00:00,2208,379,50,171.6485507246377,22.644927536231883,0.6306068601583114
2024-Q4,gaussian_naive_bayes,poluentes_brutos_meteorologia,16705,2208,172,0.9825136612021858,0.8831041257367387,0.9301603724780134,2036,0.37037037037037035,0.813953488372093,0.509090909090909,172,0.7196256407844612,1798,238,32,140,0.33,2024-07-01T00:00:00,2024-10-01T00:00:00,2208,378,50,171.19565217391306,22.644927536231883,0.6296296296296297
2024-Q4,gaussian_naive_bayes,poluentes_brutos_meteorologia,16705,2208,172,0.9819868995633187,0.8835952848722987,0.9301964839710445,2036,0.3696808510638298,0.8081395348837209,0.5072992700729927,172,0.7187478770220186,1799,237,33,139,0.34,2024-07-01T00:00:00,2024-10-01T00:00:00,2208,376,50,170.28985507246378,22.644927536231883,0.6303191489361702
2024-Q4,gaussian_naive_bayes,poluentes_brutos_meteorologia,16705,2208,172,0.9809264305177112,0.8840864440078585,0.9299922500645827,2036,0.3672922252010724,0.7965116279069767,0.5027522935779817,172,0.7163722718212822,1800,236,35,137,0.35000000000000003,2024-07-01T00:00:00,2024-10-01T00:00:00,2208,373,50,168.93115942028984,22.644927536231883,0.6327077747989276
2024-Q4,gaussian_naive_bayes,poluentes_brutos_meteorologia,16705,2208,172,0.9809264305177112,0.8840864440078585,0.9299922500645827,2036,0.3672922252010724,0.7965116279069767,0.5027522935779817,172,0.7163722718212822,1800,236,35,137,0.36,2024-07-01T00:00:00,2024-10-01T00:00:00,2208,373,50,168.93115942028984,22.644927536231883,0.6327077747989276
2024-Q4,gaussian_naive_bayes,poluentes_brutos_meteorologia,16705,2208,172,0.9804028307022319,0.8845776031434185,0.9300284017557449,2036,0.3665768194070081,0.7906976744186046,0.5009208103130756,172,0.7154746060344102,1801,235,36,136,0.37,2024-07-01T00:00:00,2024-10-01T00:00:00,2208,371,49,168.02536231884056,22.192028985507246,0.633423180592992
2024-Q4,gaussian_naive_bayes,poluentes_brutos_meteorologia,16705,2208,172,0.9798913043478261,0.8855599214145383,0.9303405572755418,2036,0.36684782608695654,0.7848837209302325,0.5,172,0.7151702786377709,1803,233,37,135,0.38,2024-07-01T00:00:00,2024-10-01T00:00:00,2208,368,49,166.66666666666666,22.192028985507246,0.6331521739130435
2024-Q4,gaussian_naive_bayes,poluentes_brutos_meteorologia,16705,2208,172,0.979902227050516,0.8860510805500982,0.9306164560226979,2036,0.3678474114441417,0.7848837209302325,0.5009276437847866,172,0.7157720499037423,1804,232,37,135,0.39,2024-07-01T00:00:00,2024-10-01T00:00:00,2208,367,49,166.21376811594203,22.192028985507246,0.6321525885558583
2024-Q4,gaussian_naive_bayes,poluentes_brutos_meteorologia,16705,2208,172,0.9799131378935939,0.8865422396856582,0.9308922124806601,2036,0.36885245901639346,0.7848837209302325,0.5018587360594795,172,0.7163754742700699,1805,231,37,135,0.4,2024-07-01T00:00:00,2024-10-01T00:00:00,2208,366,49,165.76086956521738,22.192028985507246,0.6311475409836066
2024-Q4,gaussian_naive_bayes,poluentes_brutos_meteorologia,16705,2208,172,0.979381443298969,0.8865422396856582,0.9306522299561742,2036,0.36712328767123287,0.7790697674418605,0.49906890130353815,172,0.7148605656298562,1805,231,38,134,0.41000000000000003,2024-07-01T00:00:00,2024-10-01T00:00:00,2208,365,49,165.30797101449278,22.192028985507246,0.6328767123287671
2024-Q4,gaussian_naive_bayes,poluentes_brutos_meteorologia,16705,2208,172,0.9794037940379404,0.887524557956778,0.9312032981190415,2036,0.3691460055096419,0.7790697674418605,0.5009345794392523,172,0.7160689387791469,1807,229,38,134,0.42,2024-07-01T00:00:00,2024-10-01T00:00:00,2208,363,50,164.4021739130435,22.644927536231883,0.6308539944903582
2024-Q4,gaussian_naive_bayes,poluentes_brutos_meteorologia,16705,2208,172,0.9794149512459371,0.888015717092338,0.9314786192684184,2036,0.3701657458563536,0.7790697674418605,0.50187265917603,172,0.7166756392222242,1808,228,38,134,0.43,2024-07-01T00:00:00,2024-10-01T00:00:00,2208,362,50,163.94927536231884,22.644927536231883,0.6298342541436464
2024-Q4,gaussian_naive_bayes,poluentes_brutos_meteorologia,16705,2208,172,0.9794260963724959,0.8885068762278978,0.9317537986093227,2036,0.37119113573407203,0.7790697674418605,0.5028142589118199,172,0.7172840287605713,1809,227,38,134,0.44,2024-07-01T00:00:00,2024-10-01T00:00:00,2208,361,50,163.49637681159422,22.644927536231883,0.628808864265928
2024-Q4,gaussian_naive_bayes,poluentes_brutos_meteorologia,16705,2208,172,0.9794260963724959,0.8885068762278978,0.9317537986093227,2036,0.37119113573407203,0.7790697674418605,0.5028142589118199,172,0.7172840287605713,1809,227,38,134,0.45,2024-07-01T00:00:00,2024-10-01T00:00:00,2208,361,50,163.49637681159422,22.644927536231883,0.628808864265928
2024-Q4,gaussian_naive_bayes,poluentes_brutos_meteorologia,16705,2208,172,0.9794372294372294,0.8889980353634578,0.9320288362512873,2036,0.37222222222222223,0.7790697674418605,0.5037593984962406,172,0.717894117373764,1810,226,38,134,0.46,2024-07-01T00:00:00,2024-10-01T00:00:00,2208,360,50,163.04347826086956,22.644927536231883,0.6277777777777778
2024-Q4,gaussian_naive_bayes,poluentes_brutos_meteorologia,16705,2208,172,0.9794483504597079,0.8894891944990176,0.9323037323037323,2036,0.3732590529247911,0.7790697674418605,0.504708097928437,172,0.7185059151160846,1811,225,38,134,0.47000000000000003,2024-07-01T00:00:00,2024-10-01T00:00:00,2208,359,50,162.59057971014494,22.644927536231883,0.6267409470752089
2024-Q4,gaussian_naive_bayes,poluentes_brutos_meteorologia,16705,2208,172,0.9794705564559697,0.8904715127701375,0.9328531000771804,2036,0.3753501400560224,0.7790697674418605,0.5066162570888468,172,0.7197346785830137,1813,223,38,134,0.48,2024-07-01T00:00:00,2024-10-01T00:00:00,2208,357,50,161.68478260869566,22.644927536231883,0.6246498599439776
2024-Q4,gaussian_naive_bayes,poluentes_brutos_meteorologia,16705,2208,172,0.9795037756202805,0.8919449901768173,0.9336760925449872,2036,0.3785310734463277,0.7790697674418605,0.5095057034220533,172,0.7215908979835202,1816,220,38,134,0.49,2024-07-01T00:00:00,2024-10-01T00:00:00,2208,354,50,160.32608695652172,22.644927536231883,0.6214689265536724
2024-Q4,gaussian_naive_bayes,poluentes_brutos_meteorologia,16705,2208,172,0.9789870689655172,0.8924361493123772,0.933710174717369,2036,0.3778409090909091,0.7732558139534884,0.5076335877862596,172,0.7206718812518143,1817,219,39,133,0.5,2024-07-01T00:00:00,2024-10-01T00:00:00,2208,352,50,159.42028985507244,22.644927536231883,0.6221590909090909
2024-Q4,gaussian_naive_bayes,poluentes_brutos_meteorologia,16705,2208,172,0.9779332615715823,0.8924361493123772,0.9332306111967129,2036,0.3742857142857143,0.7616279069767442,0.5019157088122606,172,0.7175731600044868,1817,219,41,131,0.51,2024-07-01T00:00:00,2024-10-01T00:00:00,2208,350,50,158.5144927536232,22.644927536231883,0.6257142857142857
2024-Q4,gaussian_naive_bayes,poluentes_brutos_meteorologia,16705,2208,172,0.9774436090225563,0.8939096267190569,0.9338122113904567,2036,0.37572254335260113,0.7558139534883721,0.5019305019305019,172,0.7178713566604793,1820,216,42,130,0.52,2024-07-01T00:00:00,2024-10-01T00:00:00,2208,346,49,156.70289855072463,22.192028985507246,0.6242774566473989
2024-Q4,gaussian_naive_bayes,poluentes_brutos_meteorologia,16705,2208,172,0.9774557165861514,0.8944007858546169,0.9340856629905104,2036,0.37681159420289856,0.7558139534883721,0.5029013539651838,172,0.7184935084778471,1821,215,42,130,0.53,2024-07-01T00:00:00,2024-10-01T00:00:00,2208,345,49,156.25,22.192028985507246,0.6231884057971014
2024-Q4,gaussian_naive_bayes,poluentes_brutos_meteorologia,16705,2208,172,0.9774557165861514,0.8944007858546169,0.9340856629905104,2036,0.37681159420289856,0.7558139534883721,0.5029013539651838,172,0.7184935084778471,1821,215,42,130,0.54,2024-07-01T00:00:00,2024-10-01T00:00:00,2208,345,49,156.25,22.192028985507246,0.6231884057971014
2024-Q4,gaussian_naive_bayes,poluentes_brutos_meteorologia,16705,2208,172,0.9774798927613941,0.8953831041257367,0.9346321456036913,2036,0.37900874635568516,0.7558139534883721,0.5048543689320388,172,0.719743257267865,1823,213,42,130,0.55,2024-07-01T00:00:00,2024-10-01T00:00:00,2208,343,49,155.34420289855072,22.192028985507246,0.6209912536443148
2024-Q4,gaussian_naive_bayes,poluentes_brutos_meteorologia,16705,2208,172,0.9774798927613941,0.8953831041257367,0.9346321456036913,2036,0.37900874635568516,0.7558139534883721,0.5048543689320388,172,0.719743257267865,1823,213,42,130,0.56,2024-07-01T00:00:00,2024-10-01T00:00:00,2208,343,49,155.34420289855072,22.192028985507246,0.6209912536443148
2024-Q4,gaussian_naive_bayes,poluentes_brutos_meteorologia,16705,2208,172,0.9775040171397965,0.8963654223968566,0.9351780681527031,2036,0.3812316715542522,0.7558139534883721,0.50682261208577,172,0.7210003401192365,1825,211,42,130,0.5700000000000001,2024-07-01T00:00:00,2024-10-01T00:00:00,2208,341,49,154.43840579710144,22.192028985507246,0.6187683284457478
2024-Q4,gaussian_naive_bayes,poluentes_brutos_meteorologia,16705,2208,172,0.9769930444087748,0.8968565815324165,0.9352112676056338,2036,0.3805309734513274,0.75,0.5048923679060665,172,0.7200518177558501,1826,210,43,129,0.58,2024-07-01T00:00:00,2024-10-01T00:00:00,2208,339,51,153.53260869565216,23.09782608695652,0.6194690265486725
2024-Q4,gaussian_naive_bayes,poluentes_brutos_meteorologia,16705,2208,172,0.9770053475935829,0.8973477406679764,0.9354838709677419,2036,0.3816568047337278,0.75,0.5058823529411764,172,0.7206831119544592,1827,209,43,129,0.59,2024-07-01T00:00:00,2024-10-01T00:00:00,2208,338,51,153.07971014492756,23.09782608695652,0.6183431952662722
2024-Q4,gaussian_naive_bayes,poluentes_brutos_meteorologia,16705,2208,172,0.9770299145299145,0.8983300589390962,0.936028659160696,2036,0.38392857142857145,0.75,0.5078740157480315,172,0.7219513374543638,1829,207,43,129,0.6,2024-07-01T00:00:00,2024-10-01T00:00:00,2208,336,50,152.17391304347828,22.644927536231883,0.6160714285714286
2024-Q4,gaussian_naive_bayes,poluentes_brutos_meteorologia,16705,2208,172,0.9765333333333334,0.8993123772102161,0.9363334185630273,2036,0.3843843843843844,0.7441860465116279,0.5069306930693069,172,0.7216320558161671,1831,205,44,128,0.61,2024-07-01T00:00:00,2024-10-01T00:00:00,2208,333,50,150.81521739130434,22.644927536231883,0.6156156156156156
2024-Q4,gaussian_naive_bayes,poluentes_brutos_meteorologia,16705,2208,172,0.9765333333333334,0.8993123772102161,0.9363334185630273,2036,0.3843843843843844,0.7441860465116279,0.5069306930693069,172,0.7216320558161671,1831,205,44,128,0.62,2024-07-01T00:00:00,2024-10-01T00:00:00,2208,333,50,150.81521739130434,22.644927536231883,0.6156156156156156
2024-Q4,gaussian_naive_bayes,poluentes_brutos_meteorologia,16705,2208,172,0.9755188930282065,0.900294695481336,0.9363984674329502,2036,0.3829787234042553,0.7325581395348837,0.5029940119760479,172,0.719696239704499,1833,203,46,126,0.63,2024-07-01T00:00:00,2024-10-01T00:00:00,2208,329,49,149.00362318840578,22.192028985507246,0.6170212765957447
2024-Q4,gaussian_naive_bayes,poluentes_brutos_meteorologia,16705,2208,172,0.9750265674814028,0.9012770137524558,0.9367023991832568,2036,0.3834355828220859,0.7267441860465116,0.5020080321285141,172,0.7193552156558854,1835,201,47,125,0.64,2024-07-01T00:00:00,2024-10-01T00:00:00,2208,326,49,147.64492753623188,22.192028985507246,0.6165644171779141
2024-Q4,gaussian_naive_bayes,poluentes_brutos_meteorologia,16705,2208,172,0.9750530785562632,0.9022593320235757,0.9372448979591836,2036,0.38580246913580246,0.7267441860465116,0.5040322580645161,172,0.7206385780118498,1837,199,47,125,0.65,2024-07-01T00:00:00,2024-10-01T00:00:00,2208,324,49,146.73913043478262,22.192028985507246,0.6141975308641975
2024-Q4,gaussian_naive_bayes,poluentes_brutos_meteorologia,16705,2208,172,0.9750530785562632,0.9022593320235757,0.9372448979591836,2036,0.38580246913580246,0.7267441860465116,0.5040322580645161,172,0.7206385780118498,1837,199,47,125,0.66,2024-07-01T00:00:00,2024-10-01T00:00:00,2208,324,49,146.73913043478262,22.192028985507246,0.6141975308641975
2024-Q4,gaussian_naive_bayes,poluentes_brutos_meteorologia,16705,2208,172,0.9750663129973475,0.9027504911591355,0.9375159398112727,2036,0.38699690402476783,0.7267441860465116,0.5050505050505051,172,0.7212832224308889,1838,198,47,125,0.67,2024-07-01T00:00:00,2024-10-01T00:00:00,2208,323,49,146.28623188405797,22.192028985507246,0.6130030959752322
2024-Q4,gaussian_naive_bayes,poluentes_brutos_meteorologia,16705,2208,172,0.9745493107104984,0.9027504911591355,0.9372768995410505,2036,0.38509316770186336,0.7209302325581395,0.5020242914979757,172,0.7196505955195132,1838,198,48,124,0.68,2024-07-01T00:00:00,2024-10-01T00:00:00,2208,322,49,145.83333333333334,22.192028985507246,0.6149068322981367
2024-Q4,gaussian_naive_bayes,poluentes_brutos_meteorologia,16705,2208,172,0.9745627980922098,0.9032416502946955,0.937547795054805,2036,0.3862928348909657,0.7209302325581395,0.5030425963488844,172,0.7202951957018446,1839,197,48,124,0.6900000000000001,2024-07-01T00:00:00,2024-10-01T00:00:00,2208,321,49,145.38043478260872,22.192028985507246,0.6137071651090342
2024-Q4,gaussian_naive_bayes,poluentes_brutos_meteorologia,16705,2208,172,0.9745897300158815,0.9042239685658153,0.9380891719745222,2036,0.3887147335423197,0.7209302325581395,0.505091649694501,172,0.7215904108345117,1841,195,48,124,0.7000000000000001,2024-07-01T00:00:00,2024-10-01T00:00:00,2208,319,48,144.47463768115944,21.73913043478261,0.6112852664576802
2024-Q4,gaussian_naive_bayes,poluentes_brutos_meteorologia,16705,2208,172,0.9741014799154334,0.9052062868369352,0.9383910386965377,2036,0.38924050632911394,0.7151162790697675,0.5040983606557377,172,0.7212446996761377,1843,193,49,123,0.71,2024-07-01T00:00:00,2024-10-01T00:00:00,2208,316,48,143.1159420289855,21.73913043478261,0.6107594936708861
2024-Q4,gaussian_naive_bayes,poluentes_brutos_meteorologia,16705,2208,172,0.9731578947368421,0.9081532416502947,0.9395325203252033,2036,0.39285714285714285,0.7034883720930233,0.5041666666666667,172,0.721849593495935,1849,187,51,121,0.72,2024-07-01T00:00:00,2024-10-01T00:00:00,2208,308,48,139.4927536231884,21.73913043478261,0.6071428571428571
2024-Q4,gaussian_naive_bayes,poluentes_brutos_meteorologia,16705,2208,172,0.97317201472909,0.9086444007858546,0.9398018796037592,2036,0.3941368078175896,0.7034883720930233,0.5052192066805845,172,0.7225105431421719,1850,186,51,121,0.73,2024-07-01T00:00:00,2024-10-01T00:00:00,2208,307,48,139.03985507246378,21.73913043478261,0.6058631921824105
2024-Q4,gaussian_naive_bayes,poluentes_brutos_meteorologia,16705,2208,172,0.97317201472909,0.9086444007858546,0.9398018796037592,2036,0.3941368078175896,0.7034883720930233,0.5052192066805845,172,0.7225105431421719,1850,186,51,121,0.74,2024-07-01T00:00:00,2024-10-01T00:00:00,2208,307,48,139.03985507246378,21.73913043478261,0.6058631921824105
2024-Q4,gaussian_naive_bayes,poluentes_brutos_meteorologia,16705,2208,172,0.9732142857142857,0.9101178781925344,0.9406091370558376,2036,0.3980263157894737,0.7034883720930233,0.5084033613445378,172,0.7245062492001877,1853,183,51,121,0.75,2024-07-01T00:00:00,2024-10-01T00:00:00,2208,304,47,137.68115942028984,21.286231884057973,0.6019736842105263
2024-Q4,gaussian_naive_bayes,poluentes_brutos_meteorologia,16705,2208,172,0.9732142857142857,0.9101178781925344,0.9406091370558376,2036,0.3980263157894737,0.7034883720930233,0.5084033613445378,172,0.7245062492001877,1853,183,51,121,0.76,2024-07-01T00:00:00,2024-10-01T00:00:00,2208,304,47,137.68115942028984,21.286231884057973,0.6019736842105263
2024-Q4,gaussian_naive_bayes,poluentes_brutos_meteorologia,16705,2208,172,0.9732704402515723,0.9120825147347741,0.941683569979716,2036,0.4033333333333333,0.7034883720930233,0.5127118644067796,172,0.7271977171932478,1857,179,51,121,0.77,2024-07-01T00:00:00,2024-10-01T00:00:00,2208,300,47,135.86956521739128,21.286231884057973,0.5966666666666667
2024-Q4,gaussian_naive_bayes,poluentes_brutos_meteorologia,16705,2208,172,0.9727748691099476,0.912573673870334,0.9417131272174354,2036,0.40268456375838924,0.6976744186046512,0.5106382978723404,172,0.7261757125448879,1858,178,52,120,0.78,2024-07-01T00:00:00,2024-10-01T00:00:00,2208,298,47,134.96376811594203,21.286231884057973,0.5973154362416108
2024-Q4,gaussian_naive_bayes,poluentes_brutos_meteorologia,16705,2208,172,0.9727891156462585,0.9130648330058939,0.9419812515834811,2036,0.40404040404040403,0.6976744186046512,0.511727078891258,172,0.7268541652373696,1859,177,52,120,0.79,2024-07-01T00:00:00,2024-10-01T00:00:00,2208,297,47,134.51086956521738,21.286231884057973,0.5959595959595959
2024-Q4,gaussian_naive_bayes,poluentes_brutos_meteorologia,16705,2208,172,0.9722803347280334,0.9130648330058939,0.9417426545086119,2036,0.40202702702702703,0.6918604651162791,0.5085470085470085,172,0.7251448315278102,1859,177,53,119,0.8,2024-07-01T00:00:00,2024-10-01T00:00:00,2208,296,47,134.05797101449278,21.286231884057973,0.597972972972973
2024-Q4,gaussian_naive_bayes,poluentes_brutos_meteorologia,16705,2208,172,0.9723092998955067,0.9140471512770137,0.9422784810126582,2036,0.40476190476190477,0.6918604651162791,0.5107296137339056,172,0.7265040473732819,1861,175,53,119,0.81,2024-07-01T00:00:00,2024-10-01T00:00:00,2208,294,47,133.1521739130435,21.286231884057973,0.5952380952380952
2024-Q4,gaussian_naive_bayes,poluentes_brutos_meteorologia,16705,2208,172,0.9718162839248434,0.9145383104125737,0.9423076923076923,2036,0.4041095890410959,0.686046511627907,0.5086206896551724,172,0.7254641909814323,1862,174,54,118,0.8200000000000001,2024-07-01T00:00:00,2024-10-01T00:00:00,2208,292,47,132.24637681159422,21.286231884057973,0.5958904109589042
2024-Q4,gaussian_naive_bayes,poluentes_brutos_meteorologia,16705,2208,172,0.9713839750260146,0.9169941060903732,0.9434057604850935,2036,0.4090909090909091,0.6802325581395349,0.5109170305676856,172,0.7271613955263896,1867,169,55,117,0.8300000000000001,2024-07-01T00:00:00,2024-10-01T00:00:00,2208,286,47,129.52898550724638,21.286231884057973,0.5909090909090909
2024-Q4,gaussian_naive_bayes,poluentes_brutos_meteorologia,16705,2208,172,0.9714434060228453,0.918958742632613,0.9444724886421,2036,0.4148936170212766,0.6802325581395349,0.5154185022026432,172,0.7299454954223716,1871,165,55,117,0.84,2024-07-01T00:00:00,2024-10-01T00:00:00,2208,282,47,127.71739130434784,21.286231884057973,0.5851063829787234
2024-Q4,gaussian_naive_bayes,poluentes_brutos_meteorologia,16705,2208,172,0.9709994821336095,0.9209233791748527,0.9452987143937485,2036,0.4187725631768953,0.6744186046511628,0.5167037861915368,172,0.7310012502926426,1875,161,56,116,0.85,2024-07-01T00:00:00,2024-10-01T00:00:00,2208,277,47,125.45289855072464,21.286231884057973,0.5812274368231047
2024-Q4,gaussian_naive_bayes,poluentes_brutos_meteorologia,16705,2208,172,0.9710144927536232,0.9214145383104125,0.9455645161290323,2036,0.42028985507246375,0.6744186046511628,0.5178571428571429,172,0.7317108294930876,1876,160,56,116,0.86,2024-07-01T00:00:00,2024-10-01T00:00:00,2208,276,47,125.0,21.286231884057973,0.5797101449275363
2024-Q4,gaussian_naive_bayes,poluentes_brutos_meteorologia,16705,2208,172,0.9710294878427315,0.9219056974459725,0.9458301839254221,2036,0.4218181818181818,0.6744186046511628,0.5190156599552572,172,0.7324229219403396,1877,159,56,116,0.87,2024-07-01T00:00:00,2024-10-01T00:00:00,2208,275,47,124.54710144927536,21.286231884057973,0.5781818181818181
2024-Q4,gaussian_naive_bayes,poluentes_brutos_meteorologia,16705,2208,172,0.9700722394220846,0.9233791748526523,0.9461499748364368,2036,0.4222222222222222,0.6627906976744186,0.5158371040723982,172,0.7309935394544176,1880,156,58,114,0.88,2024-07-01T00:00:00,2024-10-01T00:00:00,2208,270,45,122.28260869565217,20.380434782608695,0.5777777777777777
2024-Q4,gaussian_naive_bayes,poluentes_brutos_meteorologia,16705,2208,172,0.9696658097686375,0.9263261296660118,0.9475006279829189,2036,0.4296577946768061,0.6569767441860465,0.5195402298850574,172,0.7335204289339882,1886,150,59,113,0.89,2024-07-01T00:00:00,2024-10-01T00:00:00,2208,263,45,119.11231884057972,20.380434782608695,0.5703422053231939
2024-Q4,gaussian_naive_bayes,poluentes_brutos_meteorologia,16705,2208,172,0.9687018984094408,0.9273084479371316,0.9475533249686324,2036,0.42857142857142855,0.6453488372093024,0.5150812064965197,172,0.731317265732576,1888,148,61,111,0.9,2024-07-01T00:00:00,2024-10-01T00:00:00,2208,259,44,117.30072463768116,19.927536231884055,0.5714285714285714
2024-Q4,gaussian_naive_bayes,poluentes_brutos_meteorologia,16705,2208,172,0.9672299027137736,0.9277996070726916,0.9471045374780647,2036,0.4235294117647059,0.627906976744186,0.5058548009367682,172,0.7264796692074165,1889,147,64,108,0.91,2024-07-01T00:00:00,2024-10-01T00:00:00,2208,255,44,115.48913043478261,19.927536231884055,0.5764705882352941
2024-Q4,gaussian_naive_bayes,poluentes_brutos_meteorologia,16705,2208,172,0.9667519181585678,0.9282907662082515,0.9471310448509146,2036,0.42292490118577075,0.622093023255814,0.5035294117647059,172,0.7253302283078102,1890,146,65,107,0.92,2024-07-01T00:00:00,2024-10-01T00:00:00,2208,253,44,114.58333333333333,19.927536231884055,0.5770750988142292
2024-Q4,gaussian_naive_bayes,poluentes_brutos_meteorologia,16705,2208,172,0.9663779928680591,0.9317288801571709,0.948737184296074,2036,0.4326530612244898,0.6162790697674418,0.5083932853717026,172,0.7285652348338882,1897,139,66,106,0.93,2024-07-01T00:00:00,2024-10-01T00:00:00,2208,245,43,110.96014492753622,19.47463768115942,0.5673469387755102
2024-Q4,gaussian_naive_bayes,poluentes_brutos_meteorologia,16705,2208,172,0.9659725749111224,0.9341846758349706,0.949812734082397,2036,0.4393305439330544,0.6104651162790697,0.5109489051094891,172,0.730380819595943,1902,134,67,105,0.9400000000000001,2024-07-01T00:00:00,2024-10-01T00:00:00,2208,239,42,108.2427536231884,19.021739130434785,0.5606694560669456
2024-Q4,gaussian_naive_bayes,poluentes_brutos_meteorologia,16705,2208,172,0.9657085224407463,0.9405697445972495,0.9529733764618065,2036,0.4622222222222222,0.6046511627906976,0.5239294710327456,172,0.738451423747276,1915,121,68,104,0.9500000000000001,2024-07-01T00:00:00,2024-10-01T00:00:00,2208,225,41,101.90217391304347,18.568840579710145,0.5377777777777778
2024-Q4,gaussian_naive_bayes,poluentes_brutos_meteorologia,16705,2208,172,0.9643395278754395,0.9430255402750491,0.9535634467345419,2036,0.46543778801843316,0.5872093023255814,0.519280205655527,172,0.7364218261950344,1920,116,71,101,0.96,2024-07-01T00:00:00,2024-10-01T00:00:00,2208,217,40,98.27898550724639,18.115942028985508,0.5345622119815668
2024-Q4,gaussian_naive_bayes,poluentes_brutos_meteorologia,16705,2208,172,0.9616533864541833,0.9484282907662083,0.9549950544015826,2036,0.475,0.5523255813953488,0.510752688172043,172,0.7328738712868128,1931,105,77,95,0.97,2024-07-01T00:00:00,2024-10-01T00:00:00,2208,200,36,90.57971014492753,16.304347826086957,0.525
2024-Q4,gaussian_naive_bayes,poluentes_brutos_meteorologia,16705,2208,172,0.9608329201784829,0.9518664047151277,0.9563286454478165,2036,0.4869109947643979,0.5406976744186046,0.512396694214876,172,0.7343626698313462,1938,98,79,93,0.98,2024-07-01T00:00:00,2024-10-01T00:00:00,2208,191,36,86.5036231884058,16.304347826086957,0.5130890052356021
2024-Q4,gaussian_naive_bayes,poluentes_brutos_meteorologia,16705,2208,172,0.9579050416054822,0.9611984282907662,0.9595489090463349,2036,0.5212121212121212,0.5,0.5103857566765578,172,0.7349673328614463,1957,79,86,86,0.99,2024-07-01T00:00:00,2024-10-01T00:00:00,2208,165,33,74.72826086956522,14.945652173913045,0.47878787878787876
2024-Q4,gaussian_naive_bayes,poluentes_brutos_meteorologia,16705,2208,172,0.9221014492753623,1.0,0.9594721960414703,2036,0.0,0.0,0.0,172,0.47973609802073514,2036,0,172,0,1.0,2024-07-01T00:00:00,2024-10-01T00:00:00,2208,0,0,0.0,0.0,0.0
2024-Q4,gaussian_naive_bayes,poluentes_subindices_meteorologia,16705,2208,172,0.0,0.0,0.0,2036,0.07789855072463768,1.0,0.14453781512605043,172,0.07226890756302522,0,2036,0,172,0.0,2024-07-01T00:00:00,2024-10-01T00:00:00,2208,2208,1,1000.0,0.4528985507246377,0.9221014492753623
2024-Q4,gaussian_naive_bayes,poluentes_subindices_meteorologia,16705,2208,172,0.9994029850746269,0.8222003929273084,0.9021827000808408,2036,0.32082551594746717,0.9941860465116279,0.4851063829787234,172,0.693644541529782,1674,362,1,171,0.01,2024-07-01T00:00:00,2024-10-01T00:00:00,2208,533,51,241.39492753623188,23.09782608695652,0.6791744840525328
2024-Q4,gaussian_naive_bayes,poluentes_subindices_meteorologia,16705,2208,172,0.9994093325457767,0.831041257367387,0.9074818986323411,2036,0.3320388349514563,0.9941860465116279,0.4978165938864629,172,0.702649246259402,1692,344,1,171,0.02,2024-07-01T00:00:00,2024-10-01T00:00:00,2208,515,49,233.2427536231884,22.192028985507246,0.6679611650485436
2024-Q4,gaussian_naive_bayes,poluentes_subindices_meteorologia,16705,2208,172,0.9994138335287222,0.837426326129666,0.9112773917691074,2036,0.34063745019920316,0.9941860465116279,0.5074183976261127,172,0.7093478946976101,1705,331,1,171,0.03,2024-07-01T00:00:00,2024-10-01T00:00:00,2208,502,49,227.35507246376812,22.192028985507246,0.6593625498007968
2024-Q4,gaussian_naive_bayes,poluentes_subindices_meteorologia,16705,2208,172,0.9994162288382954,0.8408644400785854,0.9133102160576153,2036,0.34545454545454546,0.9941860465116279,0.512743628185907,172,0.7130269221217611,1712,324,1,171,0.04,2024-07-01T00:00:00,2024-10-01T00:00:00,2208,495,48,224.18478260869566,21.73913043478261,0.6545454545454545
2024-Q4,gaussian_naive_bayes,poluentes_subindices_meteorologia,16705,2208,172,0.9994186046511628,0.8443025540275049,0.9153354632587859,2036,0.35040983606557374,0.9941860465116279,0.5181818181818182,172,0.716758640720302,1719,317,1,171,0.05,2024-07-01T00:00:00,2024-10-01T00:00:00,2208,488,48,221.0144927536232,21.73913043478261,0.6495901639344263
2024-Q4,gaussian_naive_bayes,poluentes_subindices_meteorologia,16705,2208,172,0.9994196169471852,0.8457760314341847,0.9162011173184358,2036,0.3525773195876289,0.9941860465116279,0.5205479452054794,172,0.7183745312619576,1722,314,1,171,0.06,2024-07-01T00:00:00,2024-10-01T00:00:00,2208,485,48,219.65579710144928,21.73913043478261,0.6474226804123712
2024-Q4,gaussian_naive_bayes,poluentes_subindices_meteorologia,16705,2208,172,0.9994209612044007,0.8477406679764243,0.9173531756577199,2036,0.35550935550935553,0.9941860465116279,0.5237366003062787,172,0.7205448879819993,1726,310,1,171,0.07,2024-07-01T00:00:00,2024-10-01T00:00:00,2208,481,48,217.84420289855072,21.73913043478261,0.6444906444906445
2024-Q4,gaussian_naive_bayes,poluentes_subindices_meteorologia,16705,2208,172,0.9994216310005783,0.8487229862475442,0.9179282868525896,2036,0.3569937369519833,0.9941860465116279,0.5253456221198156,172,0.7216369544862027,1728,308,1,171,0.08,2024-07-01T00:00:00,2024-10-01T00:00:00,2208,479,48,216.93840579710144,21.73913043478261,0.6430062630480167
2024-Q4,gaussian_naive_bayes,poluentes_subindices_meteorologia,16705,2208,172,0.9994226327944573,0.850196463654224,0.9187898089171974,2036,0.3592436974789916,0.9941860465116279,0.5277777777777778,172,0.7232837933474876,1731,305,1,171,0.09,2024-07-01T00:00:00,2024-10-01T00:00:00,2208,476,48,215.57971014492756,21.73913043478261,0.6407563025210085
2024-Q4,gaussian_naive_bayes,poluentes_subindices_meteorologia,16705,2208,172,0.9994232987312572,0.8511787819253438,0.9193633952254642,2036,0.36075949367088606,0.9941860465116279,0.5294117647058824,172,0.7243875799656733,1733,303,1,171,0.1,2024-07-01T00:00:00,2024-10-01T00:00:00,2208,474,48,214.67391304347828,21.73913043478261,0.6392405063291139
2024-Q4,gaussian_naive_bayes,poluentes_subindices_meteorologia,16705,2208,172,0.9994252873563219,0.8541257367387033,0.9210805084745762,2036,0.36538461538461536,0.9941860465116279,0.534375,172,0.7277277542372882,1739,297,1,171,0.11,2024-07-01T00:00:00,2024-10-01T00:00:00,2208,468,48,211.95652173913044,21.73913043478261,0.6346153846153846
2024-Q4,gaussian_naive_bayes,poluentes_subindices_meteorologia,16705,2208,172,0.9994256174612292,0.8546168958742633,0.9213661636219221,2036,0.36616702355460384,0.9941860465116279,0.5352112676056338,172,0.728288715613778,1740,296,1,171,0.12,2024-07-01T00:00:00,2024-10-01T00:00:00,2208,467,48,211.50362318840578,21.73913043478261,0.6338329764453962
2024-Q4,gaussian_naive_bayes,poluentes_subindices_meteorologia,16705,2208,172,0.9994256174612292,0.8546168958742633,0.9213661636219221,2036,0.36616702355460384,0.9941860465116279,0.5352112676056338,172,0.728288715613778,1740,296,1,171,0.13,2024-07-01T00:00:00,2024-10-01T00:00:00,2208,467,48,211.50362318840578,21.73913043478261,0.6338329764453962
2024-Q4,gaussian_naive_bayes,poluentes_subindices_meteorologia,16705,2208,172,0.9994256174612292,0.8546168958742633,0.9213661636219221,2036,0.36616702355460384,0.9941860465116279,0.5352112676056338,172,0.728288715613778,1740,296,1,171,0.14,2024-07-01T00:00:00,2024-10-01T00:00:00,2208,467,48,211.50362318840578,21.73913043478261,0.6338329764453962
2024-Q4,gaussian_naive_bayes,poluentes_subindices_meteorologia,16705,2208,172,0.9994266055045872,0.8560903732809431,0.9222222222222223,2036,0.36853448275862066,0.9941860465116279,0.5377358490566038,172,0.729979035639413,1743,293,1,171,0.15,2024-07-01T00:00:00,2024-10-01T00:00:00,2208,464,48,210.14492753623188,21.73913043478261,0.6314655172413793
2024-Q4,gaussian_naive_bayes,poluentes_subindices_meteorologia,16705,2208,172,0.9994272623138603,0.8570726915520629,0.9227921734531994,2036,0.37012987012987014,0.9941860465116279,0.5394321766561514,172,0.7311121750546754,1745,291,1,171,0.16,2024-07-01T00:00:00,2024-10-01T00:00:00,2208,462,48,209.23913043478262,21.73913043478261,0.6298701298701299
2024-Q4,gaussian_naive_bayes,poluentes_subindices_meteorologia,16705,2208,172,0.9994275901545506,0.8575638506876228,0.9230769230769231,2036,0.37093275488069416,0.9941860465116279,0.5402843601895735,172,0.7316806416332483,1746,290,1,171,0.17,2024-07-01T00:00:00,2024-10-01T00:00:00,2208,461,48,208.78623188405797,21.73913043478261,0.6290672451193059
2024-Q4,gaussian_naive_bayes,poluentes_subindices_meteorologia,16705,2208,172,0.9994279176201373,0.8580550098231827,0.9233615221987315,2036,0.3717391304347826,0.9941860465116279,0.5411392405063291,172,0.7322503813525303,1747,289,1,171,0.18,2024-07-01T00:00:00,2024-10-01T00:00:00,2208,460,48,208.33333333333334,21.73913043478261,0.6282608695652174
2024-Q4,gaussian_naive_bayes,poluentes_subindices_meteorologia,16705,2208,172,0.9994282447112636,0.8585461689587426,0.9236459709379128,2036,0.37254901960784315,0.9941860465116279,0.5419968304278923,172,0.7328214006829026,1748,288,1,171,0.19,2024-07-01T00:00:00,2024-10-01T00:00:00,2208,459,48,207.88043478260872,21.73913043478261,0.6274509803921569
2024-Q4,gaussian_naive_bayes,poluentes_subindices_meteorologia,16705,2208,172,0.9994288977727013,0.8595284872298625,0.9242144177449169,2036,0.3741794310722101,0.9941860465116279,0.5437201907790143,172,0.7339673042619657,1750,286,1,171,0.2,2024-07-01T00:00:00,2024-10-01T00:00:00,2208,457,48,206.97463768115944,21.73913043478261,0.6258205689277899
2024-Q4,gaussian_naive_bayes,poluentes_subindices_meteorologia,16705,2208,172,0.9994292237442922,0.8600196463654224,0.9244984160506864,2036,0.375,0.9941860465116279,0.5445859872611465,172,0.7345422016559164,1751,285,1,171,0.21,2024-07-01T00:00:00,2024-10-01T00:00:00,2208,456,48,206.52173913043478,21.73913043478261,0.625
2024-Q4,gaussian_naive_bayes,poluentes_subindices_meteorologia,16705,2208,172,0.999429874572406,0.8610019646365422,0.925065963060686,2036,0.3766519823788546,0.9941860465116279,0.5463258785942492,172,0.7356959208274676,1753,283,1,171,0.22,2024-07-01T00:00:00,2024-10-01T00:00:00,2208,454,48,205.6159420289855,21.73913043478261,0.6233480176211453
2024-Q4,gaussian_naive_bayes,poluentes_subindices_meteorologia,16705,2208,172,0.9994301994301994,0.8614931237721022,0.9253495120021102,2036,0.37748344370860926,0.9941860465116279,0.5472,172,0.7362747560010552,1754,282,1,171,0.23,2024-07-01T00:00:00,2024-10-01T00:00:00,2208,453,48,205.16304347826087,21.73913043478261,0.6225165562913907
2024-Q4,gaussian_naive_bayes,poluentes_subindices_meteorologia,16705,2208,172,0.9994301994301994,0.8614931237721022,0.9253495120021102,2036,0.37748344370860926,0.9941860465116279,0.5472,172,0.7362747560010552,1754,282,1,171,0.24,2024-07-01T00:00:00,2024-10-01T00:00:00,2208,453,48,205.16304347826087,21.73913043478261,0.6225165562913907
2024-Q4,gaussian_naive_bayes,poluentes_subindices_meteorologia,16705,2208,172,0.9994301994301994,0.8614931237721022,0.9253495120021102,2036,0.37748344370860926,0.9941860465116279,0.5472,172,0.7362747560010552,1754,282,1,171,0.25,2024-07-01T00:00:00,2024-10-01T00:00:00,2208,453,48,205.16304347826087,21.73913043478261,0.6225165562913907
2024-Q4,gaussian_naive_bayes,poluentes_subindices_meteorologia,16705,2208,172,0.9994301994301994,0.8614931237721022,0.9253495120021102,2036,0.37748344370860926,0.9941860465116279,0.5472,172,0.7362747560010552,1754,282,1,171,0.26,2024-07-01T00:00:00,2024-10-01T00:00:00,2208,453,48,205.16304347826087,21.73913043478261,0.6225165562913907
2024-Q4,gaussian_naive_bayes,poluentes_subindices_meteorologia,16705,2208,172,0.9994301994301994,0.8614931237721022,0.9253495120021102,2036,0.37748344370860926,0.9941860465116279,0.5472,172,0.7362747560010552,1754,282,1,171,0.27,2024-07-01T00:00:00,2024-10-01T00:00:00,2208,453,48,205.16304347826087,21.73913043478261,0.6225165562913907
2024-Q4,gaussian_naive_bayes,poluentes_subindices_meteorologia,16705,2208,172,0.9994318181818181,0.8639489194499018,0.9267650158061117,2036,0.38169642857142855,0.9941860465116279,0.5516129032258065,172,0.7391889595159591,1759,277,1,171,0.28,2024-07-01T00:00:00,2024-10-01T00:00:00,2208,448,47,202.8985507246377,21.286231884057973,0.6183035714285714
2024-Q4,gaussian_naive_bayes,poluentes_subindices_meteorologia,16705,2208,172,0.9994324631101021,0.8649312377210217,0.9273301737756714,2036,0.3834080717488789,0.9941860465116279,0.5533980582524272,172,0.7403641160140493,1761,275,1,171,0.29,2024-07-01T00:00:00,2024-10-01T00:00:00,2208,446,46,201.9927536231884,20.833333333333332,0.6165919282511211
2024-Q4,gaussian_naive_bayes,poluentes_subindices_meteorologia,16705,2208,172,0.9994327850255247,0.8654223968565815,0.9276125296130561,2036,0.3842696629213483,0.9941860465116279,0.5542949756888168,172,0.7409537526509364,1762,274,1,171,0.3,2024-07-01T00:00:00,2024-10-01T00:00:00,2208,445,46,201.53985507246378,20.833333333333332,0.6157303370786517
2024-Q4,gaussian_naive_bayes,poluentes_subindices_meteorologia,16705,2208,172,0.9994327850255247,0.8654223968565815,0.9276125296130561,2036,0.3842696629213483,0.9941860465116279,0.5542949756888168,172,0.7409537526509364,1762,274,1,171,0.31,2024-07-01T00:00:00,2024-10-01T00:00:00,2208,445,46,201.53985507246378,20.833333333333332,0.6157303370786517
2024-Q4,gaussian_naive_bayes,poluentes_subindices_meteorologia,16705,2208,172,0.9994331065759637,0.8659135559921415,0.9278947368421052,2036,0.38513513513513514,0.9941860465116279,0.5551948051948052,172,0.7415447710184553,1763,273,1,171,0.32,2024-07-01T00:00:00,2024-10-01T00:00:00,2208,444,46,201.08695652173913,20.833333333333332,0.6148648648648649
2024-Q4,gaussian_naive_bayes,poluentes_subindices_meteorologia,16705,2208,172,0.9994331065759637,0.8659135559921415,0.9278947368421052,2036,0.38513513513513514,0.9941860465116279,0.5551948051948052,172,0.7415447710184553,1763,273,1,171,0.33,2024-07-01T00:00:00,2024-10-01T00:00:00,2208,444,46,201.08695652173913,20.833333333333332,0.6148648648648649
2024-Q4,gaussian_naive_bayes,poluentes_subindices_meteorologia,16705,2208,172,0.9994331065759637,0.8659135559921415,0.9278947368421052,2036,0.38513513513513514,0.9941860465116279,0.5551948051948052,172,0.7415447710184553,1763,273,1,171,0.34,2024-07-01T00:00:00,2024-10-01T00:00:00,2208,444,46,201.08695652173913,20.833333333333332,0.6148648648648649
2024-Q4,gaussian_naive_bayes,poluentes_subindices_meteorologia,16705,2208,172,0.9994334277620397,0.8664047151277013,0.9281767955801105,2036,0.3860045146726862,0.9941860465116279,0.5560975609756098,172,0.7421371782778601,1764,272,1,171,0.35000000000000003,2024-07-01T00:00:00,2024-10-01T00:00:00,2208,443,46,200.6340579710145,20.833333333333332,0.6139954853273137
2024-Q4,gaussian_naive_bayes,poluentes_subindices_meteorologia,16705,2208,172,0.9994337485843715,0.8668958742632613,0.9284587059442398,2036,0.38687782805429866,0.9941860465116279,0.5570032573289903,172,0.742730981636615,1765,271,1,171,0.36,2024-07-01T00:00:00,2024-10-01T00:00:00,2208,442,46,200.18115942028984,20.833333333333332,0.6131221719457014
2024-Q4,gaussian_naive_bayes,poluentes_subindices_meteorologia,16705,2208,172,0.9994343891402715,0.8678781925343811,0.9290220820189274,2036,0.3886363636363636,0.9941860465116279,0.5588235294117647,172,0.7439228057153461,1767,269,1,171,0.37,2024-07-01T00:00:00,2024-10-01T00:00:00,2208,440,46,199.27536231884056,20.833333333333332,0.6113636363636363
2024-Q4,gaussian_naive_bayes,poluentes_subindices_meteorologia,16705,2208,172,0.9994343891402715,0.8678781925343811,0.9290220820189274,2036,0.3886363636363636,0.9941860465116279,0.5588235294117647,172,0.7439228057153461,1767,269,1,171,0.38,2024-07-01T00:00:00,2024-10-01T00:00:00,2208,440,46,199.27536231884056,20.833333333333332,0.6113636363636363
2024-Q4,gaussian_naive_bayes,poluentes_subindices_meteorologia,16705,2208,172,0.9994347088750707,0.8683693516699411,0.9293035479632064,2036,0.3895216400911162,0.9941860465116279,0.5597381342062193,172,0.7445208410847128,1768,268,1,171,0.39,2024-07-01T00:00:00,2024-10-01T00:00:00,2208,439,46,198.82246376811594,20.833333333333332,0.6104783599088838
2024-Q4,gaussian_naive_bayes,poluentes_subindices_meteorologia,16705,2208,172,0.9994347088750707,0.8683693516699411,0.9293035479632064,2036,0.3895216400911162,0.9941860465116279,0.5597381342062193,172,0.7445208410847128,1768,268,1,171,0.4,2024-07-01T00:00:00,2024-10-01T00:00:00,2208,439,46,198.82246376811594,20.833333333333332,0.6104783599088838
2024-Q4,gaussian_naive_bayes,poluentes_subindices_meteorologia,16705,2208,172,0.9994350282485875,0.868860510805501,0.929584866001051,2036,0.3904109589041096,0.9941860465116279,0.5606557377049181,172,0.7451203018529845,1769,267,1,171,0.41000000000000003,2024-07-01T00:00:00,2024-10-01T00:00:00,2208,438,46,198.36956521739128,20.833333333333332,0.6095890410958904
2024-Q4,gaussian_naive_bayes,poluentes_subindices_meteorologia,16705,2208,172,0.9994350282485875,0.868860510805501,0.929584866001051,2036,0.3904109589041096,0.9941860465116279,0.5606557377049181,172,0.7451203018529845,1769,267,1,171,0.42,2024-07-01T00:00:00,2024-10-01T00:00:00,2208,438,46,198.36956521739128,20.833333333333332,0.6095890410958904
2024-Q4,gaussian_naive_bayes,poluentes_subindices_meteorologia,16705,2208,172,0.9994359842075579,0.8703339882121808,0.9304279338409032,2036,0.3931034482758621,0.9941860465116279,0.5634266886326195,172,0.7469273112367614,1772,264,1,171,0.43,2024-07-01T00:00:00,2024-10-01T00:00:00,2208,435,46,197.01086956521738,20.833333333333332,0.6068965517241379
2024-Q4,gaussian_naive_bayes,poluentes_subindices_meteorologia,16705,2208,172,0.9994359842075579,0.8703339882121808,0.9304279338409032,2036,0.3931034482758621,0.9941860465116279,0.5634266886326195,172,0.7469273112367614,1772,264,1,171,0.44,2024-07-01T00:00:00,2024-10-01T00:00:00,2208,435,46,197.01086956521738,20.833333333333332,0.6068965517241379
2024-Q4,gaussian_naive_bayes,poluentes_subindices_meteorologia,16705,2208,172,0.9994359842075579,0.8703339882121808,0.9304279338409032,2036,0.3931034482758621,0.9941860465116279,0.5634266886326195,172,0.7469273112367614,1772,264,1,171,0.45,2024-07-01T00:00:00,2024-10-01T00:00:00,2208,435,46,197.01086956521738,20.833333333333332,0.6068965517241379
2024-Q4,gaussian_naive_bayes,poluentes_subindices_meteorologia,16705,2208,172,0.9994363021420518,0.8708251473477406,0.9307086614173228,2036,0.39400921658986177,0.9941860465116279,0.5643564356435643,172,0.7475325485304436,1773,263,1,171,0.46,2024-07-01T00:00:00,2024-10-01T00:00:00,2208,434,46,196.55797101449278,20.833333333333332,0.6059907834101382
2024-Q4,gaussian_naive_bayes,poluentes_subindices_meteorologia,16705,2208,172,0.9994363021420518,0.8708251473477406,0.9307086614173228,2036,0.39400921658986177,0.9941860465116279,0.5643564356435643,172,0.7475325485304436,1773,263,1,171,0.47000000000000003,2024-07-01T00:00:00,2024-10-01T00:00:00,2208,434,46,196.55797101449278,20.833333333333332,0.6059907834101382
2024-Q4,gaussian_naive_bayes,poluentes_subindices_meteorologia,16705,2208,172,0.9994366197183099,0.8713163064833006,0.9309892416688533,2036,0.394919168591224,0.9941860465116279,0.5652892561983471,172,0.7481392489336003,1774,262,1,171,0.48,2024-07-01T00:00:00,2024-10-01T00:00:00,2208,433,46,196.10507246376812,20.833333333333332,0.605080831408776
2024-Q4,gaussian_naive_bayes,poluentes_subindices_meteorologia,16705,2208,172,0.9994369369369369,0.8718074656188605,0.9312696747114375,2036,0.3958333333333333,0.9941860465116279,0.5662251655629139,172,0.7487474201371758,1775,261,1,171,0.49,2024-07-01T00:00:00,2024-10-01T00:00:00,2208,432,46,195.6521739130435,20.833333333333332,0.6041666666666666
2024-Q4,gaussian_naive_bayes,poluentes_subindices_meteorologia,16705,2208,172,0.9994372537985369,0.8722986247544204,0.9315499606608969,2036,0.39675174013921116,0.9941860465116279,0.5671641791044776,172,0.7493570698826872,1776,260,1,171,0.5,2024-07-01T00:00:00,2024-10-01T00:00:00,2208,431,46,195.19927536231884,20.833333333333332,0.6032482598607889
2024-Q4,gaussian_naive_bayes,poluentes_subindices_meteorologia,16705,2208,172,0.9994378864530635,0.8732809430255403,0.9321100917431193,2036,0.3986013986013986,0.9941860465116279,0.5690515806988353,172,0.7505808362209774,1778,258,1,171,0.51,2024-07-01T00:00:00,2024-10-01T00:00:00,2208,429,46,194.29347826086956,20.833333333333332,0.6013986013986014
2024-Q4,gaussian_naive_bayes,poluentes_subindices_meteorologia,16705,2208,172,0.999438202247191,0.8737721021611002,0.9323899371069182,2036,0.39953271028037385,0.9941860465116279,0.57,172,0.7511949685534591,1779,257,1,171,0.52,2024-07-01T00:00:00,2024-10-01T00:00:00,2208,428,46,193.84057971014494,20.833333333333332,0.6004672897196262
2024-Q4,gaussian_naive_bayes,poluentes_subindices_meteorologia,16705,2208,172,0.9994385176866929,0.8742632612966601,0.9326696358396647,2036,0.40046838407494145,0.9941860465116279,0.5709515859766278,172,0.7518106109081462,1780,256,1,171,0.53,2024-07-01T00:00:00,2024-10-01T00:00:00,2208,427,46,193.38768115942028,20.833333333333332,0.5995316159250585
2024-Q4,gaussian_naive_bayes,poluentes_subindices_meteorologia,16705,2208,172,0.9994391475042064,0.8752455795677799,0.9332285938727416,2036,0.4023529411764706,0.9941860465116279,0.5728643216080402,172,0.7530464577403909,1782,254,1,171,0.54,2024-07-01T00:00:00,2024-10-01T00:00:00,2208,425,46,192.481884057971,20.833333333333332,0.5976470588235294
2024-Q4,gaussian_naive_bayes,poluentes_subindices_meteorologia,16705,2208,172,0.9994397759103641,0.8762278978388998,0.9337869667626276,2036,0.40425531914893614,0.9941860465116279,0.5747899159663865,172,0.754288441364507,1784,252,1,171,0.55,2024-07-01T00:00:00,2024-10-01T00:00:00,2208,423,46,191.57608695652172,20.833333333333332,0.5957446808510638
2024-Q4,gaussian_naive_bayes,poluentes_subindices_meteorologia,16705,2208,172,0.9994397759103641,0.8762278978388998,0.9337869667626276,2036,0.40425531914893614,0.9941860465116279,0.5747899159663865,172,0.754288441364507,1784,252,1,171,0.56,2024-07-01T00:00:00,2024-10-01T00:00:00,2208,423,46,191.57608695652172,20.833333333333332,0.5957446808510638
2024-Q4,gaussian_naive_bayes,poluentes_subindices_meteorologia,16705,2208,172,0.9994400895856663,0.8767190569744597,0.9340659340659341,2036,0.4052132701421801,0.9941860465116279,0.5757575757575758,172,0.754911754911755,1785,251,1,171,0.5700000000000001,2024-07-01T00:00:00,2024-10-01T00:00:00,2208,422,45,191.1231884057971,20.380434782608695,0.5947867298578199
2024-Q4,gaussian_naive_bayes,poluentes_subindices_meteorologia,16705,2208,172,0.9994400895856663,0.8767190569744597,0.9340659340659341,2036,0.4052132701421801,0.9941860465116279,0.5757575757575758,172,0.754911754911755,1785,251,1,171,0.58,2024-07-01T00:00:00,2024-10-01T00:00:00,2208,422,45,191.1231884057971,20.380434782608695,0.5947867298578199
2024-Q4,gaussian_naive_bayes,poluentes_subindices_meteorologia,16705,2208,172,0.9994404029099049,0.8772102161100196,0.9343447554276746,2036,0.40617577197149646,0.9941860465116279,0.5767284991568297,172,0.7555366272922521,1786,250,1,171,0.59,2024-07-01T00:00:00,2024-10-01T00:00:00,2208,421,45,190.67028985507244,20.380434782608695,0.5938242280285035
2024-Q4,gaussian_naive_bayes,poluentes_subindices_meteorologia,16705,2208,172,0.9994410285075461,0.8781925343811395,0.9349019607843138,2036,0.4081145584725537,0.9941860465116279,0.5786802030456852,172,0.7567910819149994,1788,248,1,171,0.6,2024-07-01T00:00:00,2024-10-01T00:00:00,2208,419,45,189.7644927536232,20.380434782608695,0.5918854415274463
2024-Q4,gaussian_naive_bayes,poluentes_subindices_meteorologia,16705,2208,172,0.9994410285075461,0.8781925343811395,0.9349019607843138,2036,0.4081145584725537,0.9941860465116279,0.5786802030456852,172,0.7567910819149994,1788,248,1,171,0.61,2024-07-01T00:00:00,2024-10-01T00:00:00,2208,419,45,189.7644927536232,20.380434782608695,0.5918854415274463
2024-Q4,gaussian_naive_bayes,poluentes_subindices_meteorologia,16705,2208,172,0.9994410285075461,0.8781925343811395,0.9349019607843138,2036,0.4081145584725537,0.9941860465116279,0.5786802030456852,172,0.7567910819149994,1788,248,1,171,0.62,2024-07-01T00:00:00,2024-10-01T00:00:00,2208,419,45,189.7644927536232,20.380434782608695,0.5918854415274463
2024-Q4,gaussian_naive_bayes,poluentes_subindices_meteorologia,16705,2208,172,0.9994416527079844,0.8791748526522594,0.9354585837470604,2036,0.41007194244604317,0.9941860465116279,0.5806451612903226,172,0.7580518725186915,1790,246,1,171,0.63,2024-07-01T00:00:00,2024-10-01T00:00:00,2208,417,45,188.8586956521739,20.380434782608695,0.5899280575539568
2024-Q4,gaussian_naive_bayes,poluentes_subindices_meteorologia,16705,2208,172,0.9994419642857143,0.8796660117878192,0.9357366771159875,2036,0.4110576923076923,0.9941860465116279,0.5816326530612245,172,0.758684665088606,1791,245,1,171,0.64,2024-07-01T00:00:00,2024-10-01T00:00:00,2208,416,45,188.40579710144928,20.380434782608695,0.5889423076923077
2024-Q4,gaussian_naive_bayes,poluentes_subindices_meteorologia,16705,2208,172,0.9994419642857143,0.8796660117878192,0.9357366771159875,2036,0.4110576923076923,0.9941860465116279,0.5816326530612245,172,0.758684665088606,1791,245,1,171,0.65,2024-07-01T00:00:00,2024-10-01T00:00:00,2208,416,45,188.40579710144928,20.380434782608695,0.5889423076923077
2024-Q4,gaussian_naive_bayes,poluentes_subindices_meteorologia,16705,2208,172,0.9994419642857143,0.8796660117878192,0.9357366771159875,2036,0.4110576923076923,0.9941860465116279,0.5816326530612245,172,0.758684665088606,1791,245,1,171,0.66,2024-07-01T00:00:00,2024-10-01T00:00:00,2208,416,45,188.40579710144928,20.380434782608695,0.5889423076923077
2024-Q4,gaussian_naive_bayes,poluentes_subindices_meteorologia,16705,2208,172,0.9994425863991081,0.880648330058939,0.9362924281984334,2036,0.41304347826086957,0.9941860465116279,0.5836177474402731,172,0.7599550878193533,1793,243,1,171,0.67,2024-07-01T00:00:00,2024-10-01T00:00:00,2208,414,45,187.5,20.380434782608695,0.5869565217391305
2024-Q4,gaussian_naive_bayes,poluentes_subindices_meteorologia,16705,2208,172,0.9994425863991081,0.880648330058939,0.9362924281984334,2036,0.41304347826086957,0.9941860465116279,0.5836177474402731,172,0.7599550878193533,1793,243,1,171,0.68,2024-07-01T00:00:00,2024-10-01T00:00:00,2208,414,45,187.5,20.380434782608695,0.5869565217391305
2024-Q4,gaussian_naive_bayes,poluentes_subindices_meteorologia,16705,2208,172,0.9994428969359331,0.881139489194499,0.9365700861393892,2036,0.41404358353510895,0.9941860465116279,0.5846153846153846,172,0.7605927353773869,1794,242,1,171,0.6900000000000001,2024-07-01T00:00:00,2024-10-01T00:00:00,2208,413,45,187.04710144927537,20.380434782608695,0.585956416464891
2024-Q4,gaussian_naive_bayes,poluentes_subindices_meteorologia,16705,2208,172,0.9994428969359331,0.881139489194499,0.9365700861393892,2036,0.41404358353510895,0.9941860465116279,0.5846153846153846,172,0.7605927353773869,1794,242,1,171,0.7000000000000001,2024-07-01T00:00:00,2024-10-01T00:00:00,2208,413,45,187.04710144927537,20.380434782608695,0.585956416464891
2024-Q4,gaussian_naive_bayes,poluentes_subindices_meteorologia,16705,2208,172,0.9994432071269488,0.8816306483300589,0.9368475991649269,2036,0.41504854368932037,0.9941860465116279,0.5856164383561644,172,0.7612320187605457,1795,241,1,171,0.71,2024-07-01T00:00:00,2024-10-01T00:00:00,2208,412,45,186.59420289855072,20.380434782608695,0.5849514563106796
2024-Q4,gaussian_naive_bayes,poluentes_subindices_meteorologia,16705,2208,172,0.9994432071269488,0.8816306483300589,0.9368475991649269,2036,0.41504854368932037,0.9941860465116279,0.5856164383561644,172,0.7612320187605457,1795,241,1,171,0.72,2024-07-01T00:00:00,2024-10-01T00:00:00,2208,412,45,186.59420289855072,20.380434782608695,0.5849514563106796
2024-Q4,gaussian_naive_bayes,poluentes_subindices_meteorologia,16705,2208,172,0.9994435169727324,0.8821218074656189,0.9371249673884685,2036,0.41605839416058393,0.9941860465116279,0.5866209262435678,172,0.7618729468160181,1796,240,1,171,0.73,2024-07-01T00:00:00,2024-10-01T00:00:00,2208,411,45,186.1413043478261,20.380434782608695,0.583941605839416
2024-Q4,gaussian_naive_bayes,poluentes_subindices_meteorologia,16705,2208,172,0.9994438264738599,0.8826129666011788,0.9374021909233177,2036,0.4170731707317073,0.9941860465116279,0.5876288659793815,172,0.7625155284513496,1797,239,1,171,0.74,2024-07-01T00:00:00,2024-10-01T00:00:00,2208,410,45,185.68840579710144,20.380434782608695,0.5829268292682926
2024-Q4,gaussian_naive_bayes,poluentes_subindices_meteorologia,16705,2208,172,0.9994441356309061,0.8831041257367387,0.9376792698826597,2036,0.4180929095354523,0.9941860465116279,0.5886402753872634,172,0.7631597726349615,1798,238,1,171,0.75,2024-07-01T00:00:00,2024-10-01T00:00:00,2208,409,45,185.2355072463768,20.380434782608695,0.5819070904645477
2024-Q4,gaussian_naive_bayes,poluentes_subindices_meteorologia,16705,2208,172,0.9994444444444445,0.8835952848722987,0.9379562043795621,2036,0.41911764705882354,0.9941860465116279,0.5896551724137931,172,0.7638056883966775,1799,237,1,171,0.76,2024-07-01T00:00:00,2024-10-01T00:00:00,2208,408,45,184.78260869565216,20.380434782608695,0.5808823529411765
2024-Q4,gaussian_naive_bayes,poluentes_subindices_meteorologia,16705,2208,172,0.9994447529150472,0.8840864440078585,0.9382329945269742,2036,0.4201474201474201,0.9941860465116279,0.5906735751295337,172,0.7644532848282539,1800,236,1,171,0.77,2024-07-01T00:00:00,2024-10-01T00:00:00,2208,407,45,184.32971014492756,20.380434782608695,0.5798525798525799
2024-Q4,gaussian_naive_bayes,poluentes_subindices_meteorologia,16705,2208,172,0.9994450610432852,0.8845776031434185,0.938509640437728,2036,0.4211822660098522,0.9941860465116279,0.5916955017301038,172,0.7651025710839159,1801,235,1,171,0.78,2024-07-01T00:00:00,2024-10-01T00:00:00,2208,406,45,183.8768115942029,20.380434782608695,0.5788177339901478
2024-Q4,gaussian_naive_bayes,poluentes_subindices_meteorologia,16705,2208,172,0.9994453688297282,0.8850687622789783,0.9387861422245376,2036,0.4222222222222222,0.9941860465116279,0.5927209705372617,172,0.7657535563808997,1802,234,1,171,0.79,2024-07-01T00:00:00,2024-10-01T00:00:00,2208,405,45,183.42391304347828,20.380434782608695,0.5777777777777777
2024-Q4,gaussian_naive_bayes,poluentes_subindices_meteorologia,16705,2208,172,0.9994456762749445,0.8855599214145383,0.9390625,2036,0.42326732673267325,0.9941860465116279,0.59375,172,0.76640625,1803,233,1,171,0.8,2024-07-01T00:00:00,2024-10-01T00:00:00,2208,404,45,182.97101449275362,20.380434782608695,0.5767326732673267
2024-Q4,gaussian_naive_bayes,poluentes_subindices_meteorologia,16705,2208,172,0.9994459833795014,0.8860510805500982,0.9393387138765946,2036,0.42431761786600497,0.9941860465116279,0.5947826086956521,172,0.7670606612861234,1804,232,1,171,0.81,2024-07-01T00:00:00,2024-10-01T00:00:00,2208,403,44,182.518115942029,19.927536231884055,0.575682382133995
2024-Q4,gaussian_naive_bayes,poluentes_subindices_meteorologia,16705,2208,172,0.9994469026548672,0.887524557956778,0.9401664932362123,2036,0.4275,0.9941860465116279,0.5979020979020979,172,0.7690342955691551,1807,229,1,171,0.8200000000000001,2024-07-01T00:00:00,2024-10-01T00:00:00,2208,400,43,181.15942028985506,19.47463768115942,0.5725
2024-Q4,gaussian_naive_bayes,poluentes_subindices_meteorologia,16705,2208,172,0.9994469026548672,0.887524557956778,0.9401664932362123,2036,0.4275,0.9941860465116279,0.5979020979020979,172,0.7690342955691551,1807,229,1,171,0.8300000000000001,2024-07-01T00:00:00,2024-10-01T00:00:00,2208,400,43,181.15942028985506,19.47463768115942,0.5725
2024-Q4,gaussian_naive_bayes,poluentes_subindices_meteorologia,16705,2208,172,0.9994478188845941,0.8889980353634578,0.9409929815440603,2036,0.43073047858942065,0.9941860465116279,0.6010544815465729,172,0.7710237315453166,1810,226,1,171,0.84,2024-07-01T00:00:00,2024-10-01T00:00:00,2208,397,42,179.80072463768116,19.021739130434785,0.5692695214105793
2024-Q4,gaussian_naive_bayes,poluentes_subindices_meteorologia,16705,2208,172,0.9994484280198566,0.8899803536345776,0.9415432579890881,2036,0.43291139240506327,0.9941860465116279,0.6031746031746031,172,0.7723589305818457,1812,224,1,171,0.85,2024-07-01T00:00:00,2024-10-01T00:00:00,2208,395,42,178.89492753623188,19.021739130434785,0.5670886075949367
2024-Q4,gaussian_naive_bayes,poluentes_subindices_meteorologia,16705,2208,172,0.9994490358126722,0.8909626719056974,0.9420929628667879,2036,0.4351145038167939,0.9941860465116279,0.6053097345132743,172,0.773701348690031,1814,222,1,171,0.86,2024-07-01T00:00:00,2024-10-01T00:00:00,2208,393,41,177.98913043478262,18.568840579710145,0.5648854961832062
2024-Q4,gaussian_naive_bayes,poluentes_subindices_meteorologia,16705,2208,172,0.9994490358126722,0.8909626719056974,0.9420929628667879,2036,0.4351145038167939,0.9941860465116279,0.6053097345132743,172,0.773701348690031,1814,222,1,171,0.87,2024-07-01T00:00:00,2024-10-01T00:00:00,2208,393,41,177.98913043478262,18.568840579710145,0.5648854961832062
2024-Q4,gaussian_naive_bayes,poluentes_subindices_meteorologia,16705,2208,172,0.9994490358126722,0.8909626719056974,0.9420929628667879,2036,0.4351145038167939,0.9941860465116279,0.6053097345132743,172,0.773701348690031,1814,222,1,171,0.88,2024-07-01T00:00:00,2024-10-01T00:00:00,2208,393,41,177.98913043478262,18.568840579710145,0.5648854961832062
2024-Q4,gaussian_naive_bayes,poluentes_subindices_meteorologia,16705,2208,172,0.999450247388675,0.8929273084479371,0.9431906614785992,2036,0.43958868894601544,0.9941860465116279,0.6096256684491979,172,0.7764081649638985,1818,218,1,171,0.89,2024-07-01T00:00:00,2024-10-01T00:00:00,2208,389,40,176.17753623188406,18.115942028985508,0.5604113110539846
2024-Q4,gaussian_naive_bayes,poluentes_subindices_meteorologia,16705,2208,172,0.99945085118067,0.8939096267190569,0.9437386569872959,2036,0.4418604651162791,0.9941860465116279,0.6118067978533095,172,0.7777727274203027,1820,216,1,171,0.9,2024-07-01T00:00:00,2024-10-01T00:00:00,2208,387,40,175.27173913043478,18.115942028985508,0.5581395348837209
2024-Q4,gaussian_naive_bayes,poluentes_subindices_meteorologia,16705,2208,172,0.9994511525795828,0.8944007858546169,0.9440124416796267,2036,0.4430051813471503,0.9941860465116279,0.6129032258064516,172,0.7784578337430392,1821,215,1,171,0.91,2024-07-01T00:00:00,2024-10-01T00:00:00,2208,386,40,174.81884057971016,18.115942028985508,0.5569948186528497
2024-Q4,gaussian_naive_bayes,poluentes_subindices_meteorologia,16705,2208,172,0.9994517543859649,0.8953831041257367,0.944559585492228,2036,0.4453125,0.9941860465116279,0.6151079136690647,172,0.7798337495806463,1823,213,1,171,0.92,2024-07-01T00:00:00,2024-10-01T00:00:00,2208,384,40,173.91304347826087,18.115942028985508,0.5546875
2024-Q4,gaussian_naive_bayes,poluentes_subindices_meteorologia,16705,2208,172,0.9994526546250684,0.8968565815324165,0.9453792389334714,2036,0.44881889763779526,0.9941860465116279,0.6184448462929476,172,0.7819120426132096,1826,210,1,171,0.93,2024-07-01T00:00:00,2024-10-01T00:00:00,2208,381,40,172.55434782608694,18.115942028985508,0.5511811023622047
2024-Q4,gaussian_naive_bayes,poluentes_subindices_meteorologia,16705,2208,172,0.9994547437295529,0.900294695481336,0.9472868217054263,2036,0.4572192513368984,0.9941860465116279,0.6263736263736264,172,0.7868302240395264,1833,203,1,171,0.9400000000000001,2024-07-01T00:00:00,2024-10-01T00:00:00,2208,374,39,169.3840579710145,17.663043478260867,0.5427807486631016
2024-Q4,gaussian_naive_bayes,poluentes_subindices_meteorologia,16705,2208,172,0.9994556341861731,0.9017681728880157,0.9481022463206816,2036,0.4609164420485175,0.9941860465116279,0.6298342541436464,172,0.788968250232164,1836,200,1,171,0.9500000000000001,2024-07-01T00:00:00,2024-10-01T00:00:00,2208,371,39,168.02536231884056,17.663043478260867,0.5390835579514824
2024-Q4,gaussian_naive_bayes,poluentes_subindices_meteorologia,16705,2208,172,0.9994568169473113,0.9037328094302554,0.9491875161207118,2036,0.4659400544959128,0.9941860465116279,0.634508348794063,172,0.7918479324573875,1840,196,1,171,0.96,2024-07-01T00:00:00,2024-10-01T00:00:00,2208,367,40,166.21376811594203,18.115942028985508,0.5340599455040872
2024-Q4,gaussian_naive_bayes,poluentes_subindices_meteorologia,16705,2208,172,0.9994585814834868,0.906679764243615,0.950811228431625,2036,0.47368421052631576,0.9941860465116279,0.6416510318949343,172,0.7962311301632796,1846,190,1,171,0.97,2024-07-01T00:00:00,2024-10-01T00:00:00,2208,361,39,163.49637681159422,17.663043478260867,0.5263157894736842
2024-Q4,gaussian_naive_bayes,poluentes_subindices_meteorologia,16705,2208,172,0.9994606256742179,0.9101178781925344,0.9526992287917738,2036,0.4830508474576271,0.9941860465116279,0.6501901140684411,172,0.8014446714301074,1853,183,1,171,0.98,2024-07-01T00:00:00,2024-10-01T00:00:00,2208,354,38,160.32608695652172,17.21014492753623,0.5169491525423728
2024-Q4,gaussian_naive_bayes,poluentes_subindices_meteorologia,16705,2208,172,0.9994638069705094,0.9155206286836935,0.9556523968213279,2036,0.49854227405247814,0.9941860465116279,0.6640776699029126,172,0.8098650333621202,1864,172,1,171,0.99,2024-07-01T00:00:00,2024-10-01T00:00:00,2208,343,38,155.34420289855072,17.21014492753623,0.5014577259475219
2024-Q4,gaussian_naive_bayes,poluentes_subindices_meteorologia,16705,2208,172,0.9621570482497634,0.9990176817288802,0.9802409638554217,2036,0.9787234042553191,0.5348837209302325,0.6917293233082706,172,0.8359851435818462,2034,2,80,92,1.0,2024-07-01T00:00:00,2024-10-01T00:00:00,2208,94,15,42.572463768115945,6.793478260869565,0.02127659574468085
2024-Q4,gaussian_naive_bayes,poluentes_subindices_sem_iqar_meteorologia,16705,2208,172,0.0,0.0,0.0,2036,0.07789855072463768,1.0,0.14453781512605043,172,0.07226890756302522,0,2036,0,172,0.0,2024-07-01T00:00:00,2024-10-01T00:00:00,2208,2208,1,1000.0,0.4528985507246377,0.9221014492753623
2024-Q4,gaussian_naive_bayes,poluentes_subindices_sem_iqar_meteorologia,16705,2208,172,0.9993757802746567,0.7863457760314342,0.880153930731171,2036,0.28217821782178215,0.9941860465116279,0.43958868894601544,172,0.6598713098385932,1601,435,1,171,0.01,2024-07-01T00:00:00,2024-10-01T00:00:00,2208,606,55,274.45652173913044,24.90942028985507,0.7178217821782178
2024-Q4,gaussian_naive_bayes,poluentes_subindices_sem_iqar_meteorologia,16705,2208,172,0.9993861264579497,0.7996070726915521,0.8884038199181447,2036,0.29533678756476683,0.9941860465116279,0.45539280958721706,172,0.6718983147526809,1628,408,1,171,0.02,2024-07-01T00:00:00,2024-10-01T00:00:00,2208,579,54,262.22826086956525,24.456521739130437,0.7046632124352331
2024-Q4,gaussian_naive_bayes,poluentes_subindices_sem_iqar_meteorologia,16705,2208,172,0.9993928354584092,0.8084479371316307,0.8938365462937823,2036,0.3048128342245989,0.9941860465116279,0.4665757162346521,172,0.6802061312642171,1646,390,1,171,0.03,2024-07-01T00:00:00,2024-10-01T00:00:00,2208,561,54,254.07608695652172,24.456521739130437,0.6951871657754011
2024-Q4,gaussian_naive_bayes,poluentes_subindices_sem_iqar_meteorologia,16705,2208,172,0.9993975903614458,0.8148330058939096,0.8977272727272727,2036,0.31204379562043794,0.9941860465116279,0.475,172,0.6863636363636363,1659,377,1,171,0.04,2024-07-01T00:00:00,2024-10-01T00:00:00,2208,548,53,248.18840579710144,24.003623188405797,0.6879562043795621
2024-Q4,gaussian_naive_bayes,poluentes_subindices_sem_iqar_meteorologia,16705,2208,172,0.9994015559545183,0.8202357563850687,0.9009981116806043,2036,0.31843575418994413,0.9941860465116279,0.4823695345557123,172,0.6916838231181583,1670,366,1,171,0.05,2024-07-01T00:00:00,2024-10-01T00:00:00,2208,537,52,243.20652173913044,23.55072463768116,0.6815642458100558
2024-Q4,gaussian_naive_bayes,poluentes_subindices_sem_iqar_meteorologia,16705,2208,172,0.9994019138755981,0.8207269155206287,0.901294498381877,2036,0.31902985074626866,0.9941860465116279,0.4830508474576271,172,0.692172672919752,1671,365,1,171,0.06,2024-07-01T00:00:00,2024-10-01T00:00:00,2208,536,52,242.75362318840578,23.55072463768116,0.6809701492537313
2024-Q4,gaussian_naive_bayes,poluentes_subindices_sem_iqar_meteorologia,16705,2208,172,0.9994036970781157,0.8231827111984283,0.9027740371667116,2036,0.3220338983050847,0.9941860465116279,0.4864864864864865,172,0.694630261826599,1676,360,1,171,0.07,2024-07-01T00:00:00,2024-10-01T00:00:00,2208,531,52,240.48913043478262,23.55072463768116,0.6779661016949152
2024-Q4,gaussian_naive_bayes,poluentes_subindices_sem_iqar_meteorologia,16705,2208,172,0.9994065281899109,0.8271119842829077,0.9051330287557108,2036,0.32695984703632885,0.9941860465116279,0.4920863309352518,172,0.6986096798454813,1684,352,1,171,0.08,2024-07-01T00:00:00,2024-10-01T00:00:00,2208,523,51,236.8659420289855,23.09782608695652,0.6730401529636711
2024-Q4,gaussian_naive_bayes,poluentes_subindices_sem_iqar_meteorologia,16705,2208,172,0.9994079336885732,0.8290766208251473,0.9063087248322148,2036,0.32947976878612717,0.9941860465116279,0.49493487698986977,172,0.7006218009110423,1688,348,1,171,0.09,2024-07-01T00:00:00,2024-10-01T00:00:00,2208,519,51,235.05434782608694,23.09782608695652,0.6705202312138728
2024-Q4,gaussian_naive_bayes,poluentes_subindices_sem_iqar_meteorologia,16705,2208,172,0.9994100294985251,0.8320235756385069,0.9080675422138836,2036,0.3333333333333333,0.9941860465116279,0.4992700729927007,172,0.7036688076032922,1694,342,1,171,0.1,2024-07-01T00:00:00,2024-10-01T00:00:00,2208,513,50,232.33695652173913,22.644927536231883,0.6666666666666666
2024-Q4,gaussian_naive_bayes,poluentes_subindices_sem_iqar_meteorologia,16705,2208,172,0.9994103773584906,0.8325147347740668,0.9083601286173634,2036,0.333984375,0.9941860465116279,0.5,172,0.7041800643086817,1695,341,1,171,0.11,2024-07-01T00:00:00,2024-10-01T00:00:00,2208,512,50,231.8840579710145,22.644927536231883,0.666015625
2024-Q4,gaussian_naive_bayes,poluentes_subindices_sem_iqar_meteorologia,16705,2208,172,0.9994107248084856,0.8330058939096268,0.9086525582641307,2036,0.33463796477495106,0.9941860465116279,0.5007320644216691,172,0.7046923113428999,1696,340,1,171,0.12,2024-07-01T00:00:00,2024-10-01T00:00:00,2208,511,50,231.43115942028984,22.644927536231883,0.6653620352250489
2024-Q4,gaussian_naive_bayes,poluentes_subindices_sem_iqar_meteorologia,16705,2208,172,0.9994121105232217,0.8349705304518664,0.9098207118009098,2036,0.33727810650887574,0.9941860465116279,0.5036818851251841,172,0.706751298463047,1700,336,1,171,0.13,2024-07-01T00:00:00,2024-10-01T00:00:00,2208,507,50,229.61956521739128,22.644927536231883,0.6627218934911243
2024-Q4,gaussian_naive_bayes,poluentes_subindices_sem_iqar_meteorologia,16705,2208,172,0.9994128009395185,0.8359528487229863,0.9104038512971383,2036,0.33861386138613864,0.9941860465116279,0.5051698670605613,172,0.7077868591788499,1702,334,1,171,0.14,2024-07-01T00:00:00,2024-10-01T00:00:00,2208,505,50,228.71376811594203,22.644927536231883,0.6613861386138614
2024-Q4,gaussian_naive_bayes,poluentes_subindices_sem_iqar_meteorologia,16705,2208,172,0.9994134897360704,0.8369351669941061,0.9109863672814755,2036,0.3399602385685885,0.9941860465116279,0.5066666666666667,172,0.7088265169740711,1704,332,1,171,0.15,2024-07-01T00:00:00,2024-10-01T00:00:00,2208,503,50,227.80797101449278,22.644927536231883,0.6600397614314115
2024-Q4,gaussian_naive_bayes,poluentes_subindices_sem_iqar_meteorologia,16705,2208,172,0.9994138335287222,0.837426326129666,0.9112773917691074,2036,0.34063745019920316,0.9941860465116279,0.5074183976261127,172,0.7093478946976101,1705,331,1,171,0.16,2024-07-01T00:00:00,2024-10-01T00:00:00,2208,502,50,227.35507246376812,22.644927536231883,0.6593625498007968
2024-Q4,gaussian_naive_bayes,poluentes_subindices_sem_iqar_meteorologia,16705,2208,172,0.9994148624926857,0.8388998035363457,0.9121495327102803,2036,0.342685370741483,0.9941860465116279,0.5096870342771982,172,0.7109182834937393,1708,328,1,171,0.17,2024-07-01T00:00:00,2024-10-01T00:00:00,2208,499,50,225.99637681159422,22.644927536231883,0.657314629258517
2024-Q4,gaussian_naive_bayes,poluentes_subindices_sem_iqar_meteorologia,16705,2208,172,0.9994152046783625,0.8393909626719057,0.9124399359316604,2036,0.3433734939759036,0.9941860465116279,0.5104477611940299,172,0.7114438485628451,1709,327,1,171,0.18,2024-07-01T00:00:00,2024-10-01T00:00:00,2208,498,50,225.54347826086956,22.644927536231883,0.6566265060240963
2024-Q4,gaussian_naive_bayes,poluentes_subindices_sem_iqar_meteorologia,16705,2208,172,0.9994165694282381,0.8413555992141454,0.9136,2036,0.34615384615384615,0.9941860465116279,0.5135135135135135,172,0.7135567567567567,1713,323,1,171,0.19,2024-07-01T00:00:00,2024-10-01T00:00:00,2208,494,50,223.731884057971,22.644927536231883,0.6538461538461539
2024-Q4,gaussian_naive_bayes,poluentes_subindices_sem_iqar_meteorologia,16705,2208,172,0.9994175888177053,0.8428290766208252,0.9144684252597922,2036,0.34826883910386963,0.9941860465116279,0.5158371040723982,172,0.7151527646660952,1716,320,1,171,0.2,2024-07-01T00:00:00,2024-10-01T00:00:00,2208,491,49,222.3731884057971,22.192028985507246,0.6517311608961304
2024-Q4,gaussian_naive_bayes,poluentes_subindices_sem_iqar_meteorologia,16705,2208,172,0.9994182664339732,0.843811394891945,0.9150466045272969,2036,0.3496932515337423,0.9941860465116279,0.5173978819969742,172,0.7162222432621356,1718,318,1,171,0.21,2024-07-01T00:00:00,2024-10-01T00:00:00,2208,489,49,221.46739130434784,22.192028985507246,0.6503067484662577
2024-Q4,gaussian_naive_bayes,poluentes_subindices_sem_iqar_meteorologia,16705,2208,172,0.999418942475305,0.8447937131630648,0.9156241682193239,2036,0.351129363449692,0.9941860465116279,0.5189681335356601,172,0.717296150877492,1720,316,1,171,0.22,2024-07-01T00:00:00,2024-10-01T00:00:00,2208,487,48,220.56159420289856,21.73913043478261,0.648870636550308
2024-Q4,gaussian_naive_bayes,poluentes_subindices_sem_iqar_meteorologia,16705,2208,172,0.9994199535962877,0.8462671905697446,0.9164893617021277,2036,0.35330578512396693,0.9941860465116279,0.5213414634146342,172,0.718915412558381,1723,313,1,171,0.23,2024-07-01T00:00:00,2024-10-01T00:00:00,2208,484,48,219.20289855072463,21.73913043478261,0.6466942148760331
2024-Q4,gaussian_naive_bayes,poluentes_subindices_sem_iqar_meteorologia,16705,2208,172,0.9994212962962963,0.8482318271119843,0.9176408076514346,2036,0.35625,0.9941860465116279,0.5245398773006135,172,0.721090342476024,1727,309,1,171,0.24,2024-07-01T00:00:00,2024-10-01T00:00:00,2208,480,48,217.3913043478261,21.73913043478261,0.64375
2024-Q4,gaussian_naive_bayes,poluentes_subindices_sem_iqar_meteorologia,16705,2208,172,0.9994212962962963,0.8482318271119843,0.9176408076514346,2036,0.35625,0.9941860465116279,0.5245398773006135,172,0.721090342476024,1727,309,1,171,0.25,2024-07-01T00:00:00,2024-10-01T00:00:00,2208,480,48,217.3913043478261,21.73913043478261,0.64375
2024-Q4,gaussian_naive_bayes,poluentes_subindices_sem_iqar_meteorologia,16705,2208,172,0.9994216310005783,0.8487229862475442,0.9179282868525896,2036,0.3569937369519833,0.9941860465116279,0.5253456221198156,172,0.7216369544862027,1728,308,1,171,0.26,2024-07-01T00:00:00,2024-10-01T00:00:00,2208,479,48,216.93840579710144,21.73913043478261,0.6430062630480167
2024-Q4,gaussian_naive_bayes,poluentes_subindices_sem_iqar_meteorologia,16705,2208,172,0.9994226327944573,0.850196463654224,0.9187898089171974,2036,0.3592436974789916,0.9941860465116279,0.5277777777777778,172,0.7232837933474876,1731,305,1,171,0.27,2024-07-01T00:00:00,2024-10-01T00:00:00,2208,476,49,215.57971014492756,22.192028985507246,0.6407563025210085
2024-Q4,gaussian_naive_bayes,poluentes_subindices_sem_iqar_meteorologia,16705,2208,172,0.9994229659549914,0.8506876227897839,0.9190766781639692,2036,0.36,0.9941860465116279,0.5285935085007728,172,0.723835093332371,1732,304,1,171,0.28,2024-07-01T00:00:00,2024-10-01T00:00:00,2208,475,49,215.1268115942029,22.192028985507246,0.64
2024-Q4,gaussian_naive_bayes,poluentes_subindices_sem_iqar_meteorologia,16705,2208,172,0.9994229659549914,0.8506876227897839,0.9190766781639692,2036,0.36,0.9941860465116279,0.5285935085007728,172,0.723835093332371,1732,304,1,171,0.29,2024-07-01T00:00:00,2024-10-01T00:00:00,2208,475,49,215.1268115942029,22.192028985507246,0.64
2024-Q4,gaussian_naive_bayes,poluentes_subindices_sem_iqar_meteorologia,16705,2208,172,0.9994229659549914,0.8506876227897839,0.9190766781639692,2036,0.36,0.9941860465116279,0.5285935085007728,172,0.723835093332371,1732,304,1,171,0.3,2024-07-01T00:00:00,2024-10-01T00:00:00,2208,475,49,215.1268115942029,22.192028985507246,0.64
2024-Q4,gaussian_naive_bayes,poluentes_subindices_sem_iqar_meteorologia,16705,2208,172,0.9994232987312572,0.8511787819253438,0.9193633952254642,2036,0.36075949367088606,0.9941860465116279,0.5294117647058824,172,0.7243875799656733,1733,303,1,171,0.31,2024-07-01T00:00:00,2024-10-01T00:00:00,2208,474,49,214.67391304347828,22.192028985507246,0.6392405063291139
2024-Q4,gaussian_naive_bayes,poluentes_subindices_sem_iqar_meteorologia,16705,2208,172,0.9994239631336406,0.8521611001964636,0.9199363732767762,2036,0.3622881355932203,0.9941860465116279,0.531055900621118,172,0.7254961369489471,1735,301,1,171,0.32,2024-07-01T00:00:00,2024-10-01T00:00:00,2208,472,49,213.768115942029,22.192028985507246,0.6377118644067796
2024-Q4,gaussian_naive_bayes,poluentes_subindices_sem_iqar_meteorologia,16705,2208,172,0.9994242947610823,0.8526522593320236,0.9202226345083488,2036,0.3630573248407643,0.9941860465116279,0.5318818040435459,172,0.7260522192759473,1736,300,1,171,0.33,2024-07-01T00:00:00,2024-10-01T00:00:00,2208,471,49,213.31521739130434,22.192028985507246,0.6369426751592356
2024-Q4,gaussian_naive_bayes,poluentes_subindices_sem_iqar_meteorologia,16705,2208,172,0.9994249568717654,0.8536345776031434,0.920794701986755,2036,0.3646055437100213,0.9941860465116279,0.5335413416536662,172,0.7271680218202106,1738,298,1,171,0.34,2024-07-01T00:00:00,2024-10-01T00:00:00,2208,469,49,212.40942028985506,22.192028985507246,0.6353944562899787
2024-Q4,gaussian_naive_bayes,poluentes_subindices_sem_iqar_meteorologia,16705,2208,172,0.9988512349224583,0.8541257367387033,0.9208366428382314,2036,0.3640256959314775,0.9883720930232558,0.5320813771517997,172,0.7264590099950156,1739,297,2,170,0.35000000000000003,2024-07-01T00:00:00,2024-10-01T00:00:00,2208,467,48,211.50362318840578,21.73913043478261,0.6359743040685225
2024-Q4,gaussian_naive_bayes,poluentes_subindices_sem_iqar_meteorologia,16705,2208,172,0.9988518943742825,0.8546168958742633,0.9211222869242985,2036,0.3648068669527897,0.9883720930232558,0.5329153605015674,172,0.7270188237129329,1740,296,2,170,0.36,2024-07-01T00:00:00,2024-10-01T00:00:00,2208,466,48,211.05072463768116,21.73913043478261,0.6351931330472103
2024-Q4,gaussian_naive_bayes,poluentes_subindices_sem_iqar_meteorologia,16705,2208,172,0.9988518943742825,0.8546168958742633,0.9211222869242985,2036,0.3648068669527897,0.9883720930232558,0.5329153605015674,172,0.7270188237129329,1740,296,2,170,0.37,2024-07-01T00:00:00,2024-10-01T00:00:00,2208,466,48,211.05072463768116,21.73913043478261,0.6351931330472103
2024-Q4,gaussian_naive_bayes,poluentes_subindices_sem_iqar_meteorologia,16705,2208,172,0.9982808022922636,0.8555992141453831,0.9214493520232743,2036,0.3650107991360691,0.9825581395348837,0.5322834645669291,172,0.7268664082951017,1742,294,3,169,0.38,2024-07-01T00:00:00,2024-10-01T00:00:00,2208,463,48,209.69202898550722,21.73913043478261,0.6349892008639308
2024-Q4,gaussian_naive_bayes,poluentes_subindices_sem_iqar_meteorologia,16705,2208,172,0.9982817869415808,0.8560903732809431,0.9217345319936542,2036,0.3658008658008658,0.9825581395348837,0.5331230283911672,172,0.7274287801924106,1743,293,3,169,0.39,2024-07-01T00:00:00,2024-10-01T00:00:00,2208,462,48,209.23913043478262,21.73913043478261,0.6341991341991342
2024-Q4,gaussian_naive_bayes,poluentes_subindices_sem_iqar_meteorologia,16705,2208,172,0.998282770463652,0.8565815324165029,0.922019561194819,2036,0.3665943600867679,0.9825581395348837,0.5339652448657188,172,0.7279924030302689,1744,292,3,169,0.4,2024-07-01T00:00:00,2024-10-01T00:00:00,2208,461,48,208.78623188405797,21.73913043478261,0.6334056399132321
2024-Q4,gaussian_naive_bayes,poluentes_subindices_sem_iqar_meteorologia,16705,2208,172,0.998282770463652,0.8565815324165029,0.922019561194819,2036,0.3665943600867679,0.9825581395348837,0.5339652448657188,172,0.7279924030302689,1744,292,3,169,0.41000000000000003,2024-07-01T00:00:00,2024-10-01T00:00:00,2208,461,48,208.78623188405797,21.73913043478261,0.6334056399132321
2024-Q4,gaussian_naive_bayes,poluentes_subindices_sem_iqar_meteorologia,16705,2208,172,0.9982847341337907,0.8575638506876228,0.9225891677675033,2036,0.3681917211328976,0.9825581395348837,0.5356576862123613,172,0.7291234269899323,1746,290,3,169,0.42,2024-07-01T00:00:00,2024-10-01T00:00:00,2208,459,48,207.88043478260872,21.73913043478261,0.6318082788671024
2024-Q4,gaussian_naive_bayes,poluentes_subindices_sem_iqar_meteorologia,16705,2208,172,0.9982886480319453,0.8595284872298625,0.9237265769332278,2036,0.37142857142857144,0.9825581395348837,0.5390749601275917,172,0.7314007685304098,1750,286,3,169,0.43,2024-07-01T00:00:00,2024-10-01T00:00:00,2208,455,47,206.06884057971016,21.286231884057973,0.6285714285714286
2024-Q4,gaussian_naive_bayes,poluentes_subindices_sem_iqar_meteorologia,16705,2208,172,0.9982896237172177,0.8600196463654224,0.9240105540897098,2036,0.3722466960352423,0.9825581395348837,0.5399361022364217,172,0.7319733281630658,1751,285,3,169,0.44,2024-07-01T00:00:00,2024-10-01T00:00:00,2208,454,47,205.6159420289855,21.286231884057973,0.6277533039647577
2024-Q4,gaussian_naive_bayes,poluentes_subindices_sem_iqar_meteorologia,16705,2208,172,0.9982925441092771,0.8614931237721022,0.9248615871341945,2036,0.37472283813747226,0.9825581395348837,0.5425361155698234,172,0.733698851352009,1754,282,3,169,0.45,2024-07-01T00:00:00,2024-10-01T00:00:00,2208,451,47,204.2572463768116,21.286231884057973,0.6252771618625277
2024-Q4,gaussian_naive_bayes,poluentes_subindices_sem_iqar_meteorologia,16705,2208,172,0.9982935153583617,0.861984282907662,0.9251449657353716,2036,0.37555555555555553,0.9825581395348837,0.5434083601286174,172,0.7342766629319946,1755,281,3,169,0.46,2024-07-01T00:00:00,2024-10-01T00:00:00,2208,450,47,203.80434782608694,21.286231884057973,0.6244444444444445
2024-Q4,gaussian_naive_bayes,poluentes_subindices_sem_iqar_meteorologia,16705,2208,172,0.9982935153583617,0.861984282907662,0.9251449657353716,2036,0.37555555555555553,0.9825581395348837,0.5434083601286174,172,0.7342766629319946,1755,281,3,169,0.47000000000000003,2024-07-01T00:00:00,2024-10-01T00:00:00,2208,450,47,203.80434782608694,21.286231884057973,0.6244444444444445
2024-Q4,gaussian_naive_bayes,poluentes_subindices_sem_iqar_meteorologia,16705,2208,172,0.9982944855031268,0.862475442043222,0.9254281949934123,2036,0.37639198218262804,0.9825581395348837,0.5442834138486312,172,0.7348558044210218,1756,280,3,169,0.48,2024-07-01T00:00:00,2024-10-01T00:00:00,2208,449,47,203.3514492753623,21.286231884057973,0.623608017817372
2024-Q4,gaussian_naive_bayes,poluentes_subindices_sem_iqar_meteorologia,16705,2208,172,0.9982944855031268,0.862475442043222,0.9254281949934123,2036,0.37639198218262804,0.9825581395348837,0.5442834138486312,172,0.7348558044210218,1756,280,3,169,0.49,2024-07-01T00:00:00,2024-10-01T00:00:00,2208,449,47,203.3514492753623,21.286231884057973,0.623608017817372
2024-Q4,gaussian_naive_bayes,poluentes_subindices_sem_iqar_meteorologia,16705,2208,172,0.9982944855031268,0.862475442043222,0.9254281949934123,2036,0.37639198218262804,0.9825581395348837,0.5442834138486312,172,0.7348558044210218,1756,280,3,169,0.5,2024-07-01T00:00:00,2024-10-01T00:00:00,2208,449,47,203.3514492753623,21.286231884057973,0.623608017817372
2024-Q4,gaussian_naive_bayes,poluentes_subindices_sem_iqar_meteorologia,16705,2208,172,0.9982954545454545,0.8629666011787819,0.9257112750263435,2036,0.37723214285714285,0.9825581395348837,0.5451612903225806,172,0.735436282674462,1757,279,3,169,0.51,2024-07-01T00:00:00,2024-10-01T00:00:00,2208,448,47,202.8985507246377,21.286231884057973,0.6227678571428571
2024-Q4,gaussian_naive_bayes,poluentes_subindices_sem_iqar_meteorologia,16705,2208,172,0.998298355076574,0.8644400785854617,0.9265596209528824,2036,0.3797752808988764,0.9825581395348837,0.5478119935170178,172,0.7371858072349501,1760,276,3,169,0.52,2024-07-01T00:00:00,2024-10-01T00:00:00,2208,445,47,201.53985507246378,21.286231884057973,0.6202247191011236
2024-Q4,gaussian_naive_bayes,poluentes_subindices_sem_iqar_meteorologia,16705,2208,172,0.9982993197278912,0.8649312377210217,0.9268421052631579,2036,0.38063063063063063,0.9825581395348837,0.5487012987012987,172,0.7377717019822283,1761,275,3,169,0.53,2024-07-01T00:00:00,2024-10-01T00:00:00,2208,444,47,201.08695652173913,21.286231884057973,0.6193693693693694
2024-Q4,gaussian_naive_bayes,poluentes_subindices_sem_iqar_meteorologia,16705,2208,172,0.99830220713073,0.8664047151277013,0.9276886668419668,2036,0.3832199546485261,0.9825581395348837,0.5513866231647635,172,0.7395376450033652,1764,272,3,169,0.54,2024-07-01T00:00:00,2024-10-01T00:00:00,2208,441,47,199.72826086956522,21.286231884057973,0.6167800453514739
2024-Q4,gaussian_naive_bayes,poluentes_subindices_sem_iqar_meteorologia,16705,2208,172,0.998304126625212,0.8673870333988212,0.9282522996057818,2036,0.38496583143507973,0.9825581395348837,0.5531914893617021,172,0.7407218944837419,1766,270,3,169,0.55,2024-07-01T00:00:00,2024-10-01T00:00:00,2208,439,47,198.82246376811594,21.286231884057973,0.6150341685649203
2024-Q4,gaussian_naive_bayes,poluentes_subindices_sem_iqar_meteorologia,16705,2208,172,0.9983079526226735,0.869351669941061,0.9293777894460489,2036,0.38850574712643676,0.9825581395348837,0.556836902800659,172,0.7431073461233539,1770,266,3,169,0.56,2024-07-01T00:00:00,2024-10-01T00:00:00,2208,435,47,197.01086956521738,21.286231884057973,0.6114942528735632
2024-Q4,gaussian_naive_bayes,poluentes_subindices_sem_iqar_meteorologia,16705,2208,172,0.9983098591549295,0.8703339882121808,0.9299396483862503,2036,0.3903002309468822,0.9825581395348837,0.5586776859504132,172,0.7443086671683318,1772,264,3,169,0.5700000000000001,2024-07-01T00:00:00,2024-10-01T00:00:00,2208,433,47,196.10507246376812,21.286231884057973,0.6096997690531177
2024-Q4,gaussian_naive_bayes,poluentes_subindices_sem_iqar_meteorologia,16705,2208,172,0.9983098591549295,0.8703339882121808,0.9299396483862503,2036,0.3903002309468822,0.9825581395348837,0.5586776859504132,172,0.7443086671683318,1772,264,3,169,0.58,2024-07-01T00:00:00,2024-10-01T00:00:00,2208,433,47,196.10507246376812,21.286231884057973,0.6096997690531177
2024-Q4,gaussian_naive_bayes,poluentes_subindices_sem_iqar_meteorologia,16705,2208,172,0.9983117613956106,0.8713163064833006,0.930500917912405,2036,0.39211136890951276,0.9825581395348837,0.560530679933665,172,0.745515798923035,1774,262,3,169,0.59,2024-07-01T00:00:00,2024-10-01T00:00:00,2208,431,46,195.19927536231884,20.833333333333332,0.6078886310904872
2024-Q4,gaussian_naive_bayes,poluentes_subindices_sem_iqar_meteorologia,16705,2208,172,0.9983127109111362,0.8718074656188605,0.9307813319349764,2036,0.3930232558139535,0.9825581395348837,0.5614617940199336,172,0.7461215629774549,1775,261,3,169,0.6,2024-07-01T00:00:00,2024-10-01T00:00:00,2208,430,45,194.74637681159422,20.380434782608695,0.6069767441860465
2024-Q4,gaussian_naive_bayes,poluentes_subindices_sem_iqar_meteorologia,16705,2208,172,0.9983136593591906,0.8722986247544204,0.9310615989515072,2036,0.3939393939393939,0.9825581395348837,0.562396006655574,172,0.7467288028035406,1776,260,3,169,0.61,2024-07-01T00:00:00,2024-10-01T00:00:00,2208,429,45,194.29347826086956,20.380434782608695,0.6060606060606061
2024-Q4,gaussian_naive_bayes,poluentes_subindices_sem_iqar_meteorologia,16705,2208,172,0.9983136593591906,0.8722986247544204,0.9310615989515072,2036,0.3939393939393939,0.9825581395348837,0.562396006655574,172,0.7467288028035406,1776,260,3,169,0.62,2024-07-01T00:00:00,2024-10-01T00:00:00,2208,429,45,194.29347826086956,20.380434782608695,0.6060606060606061
2024-Q4,gaussian_naive_bayes,poluentes_subindices_sem_iqar_meteorologia,16705,2208,172,0.9983136593591906,0.8722986247544204,0.9310615989515072,2036,0.3939393939393939,0.9825581395348837,0.562396006655574,172,0.7467288028035406,1776,260,3,169,0.63,2024-07-01T00:00:00,2024-10-01T00:00:00,2208,429,45,194.29347826086956,20.380434782608695,0.6060606060606061
2024-Q4,gaussian_naive_bayes,poluentes_subindices_sem_iqar_meteorologia,16705,2208,172,0.998314606741573,0.8727897838899804,0.9313417190775681,2036,0.39485981308411217,0.9825581395348837,0.5633333333333334,172,0.7473375262054507,1777,259,3,169,0.64,2024-07-01T00:00:00,2024-10-01T00:00:00,2208,428,45,193.84057971014494,20.380434782608695,0.6051401869158879
2024-Q4,gaussian_naive_bayes,poluentes_subindices_sem_iqar_meteorologia,16705,2208,172,0.9983155530600786,0.8732809430255403,0.9316216924286088,2036,0.3957845433255269,0.9825581395348837,0.5642737896494157,172,0.7479477410390123,1778,258,3,169,0.65,2024-07-01T00:00:00,2024-10-01T00:00:00,2208,427,45,193.38768115942028,20.380434782608695,0.6042154566744731
2024-Q4,gaussian_naive_bayes,poluentes_subindices_sem_iqar_meteorologia,16705,2208,172,0.9983164983164983,0.8737721021611002,0.9319015191199581,2036,0.3967136150234742,0.9825581395348837,0.5652173913043478,172,0.748559455212153,1779,257,3,169,0.66,2024-07-01T00:00:00,2024-10-01T00:00:00,2208,426,45,192.93478260869566,20.380434782608695,0.6032863849765259
2024-Q4,gaussian_naive_bayes,poluentes_subindices_sem_iqar_meteorologia,16705,2208,172,0.9983183856502242,0.8747544204322201,0.9324607329842932,2036,0.39858490566037735,0.9825581395348837,0.5671140939597316,172,0.7497874134720124,1781,255,3,169,0.67,2024-07-01T00:00:00,2024-10-01T00:00:00,2208,424,45,192.02898550724638,20.380434782608695,0.6014150943396226
2024-Q4,gaussian_naive_bayes,poluentes_subindices_sem_iqar_meteorologia,16705,2208,172,0.9983183856502242,0.8747544204322201,0.9324607329842932,2036,0.39858490566037735,0.9825581395348837,0.5671140939597316,172,0.7497874134720124,1781,255,3,169,0.68,2024-07-01T00:00:00,2024-10-01T00:00:00,2208,424,45,192.02898550724638,20.380434782608695,0.6014150943396226
2024-Q4,gaussian_naive_bayes,poluentes_subindices_sem_iqar_meteorologia,16705,2208,172,0.9983193277310924,0.8752455795677799,0.9327401203873331,2036,0.39952718676122934,0.9825581395348837,0.5680672268907563,172,0.7504036736390447,1782,254,3,169,0.6900000000000001,2024-07-01T00:00:00,2024-10-01T00:00:00,2208,423,45,191.57608695652172,20.380434782608695,0.6004728132387707
2024-Q4,gaussian_naive_bayes,poluentes_subindices_sem_iqar_meteorologia,16705,2208,172,0.9983202687569989,0.8757367387033399,0.9330193615907901,2036,0.4004739336492891,0.9825581395348837,0.569023569023569,172,0.7510214653071796,1783,253,3,169,0.7000000000000001,2024-07-01T00:00:00,2024-10-01T00:00:00,2208,422,45,191.1231884057971,20.380434782608695,0.5995260663507109
2024-Q4,gaussian_naive_bayes,poluentes_subindices_sem_iqar_meteorologia,16705,2208,172,0.9983212087297146,0.8762278978388998,0.9332984567093905,2036,0.4014251781472684,0.9825581395348837,0.5699831365935919,172,0.7516407966514912,1784,252,3,169,0.71,2024-07-01T00:00:00,2024-10-01T00:00:00,2208,421,45,190.67028985507244,20.380434782608695,0.5985748218527316
2024-Q4,gaussian_naive_bayes,poluentes_subindices_sem_iqar_meteorologia,16705,2208,172,0.9983230855226384,0.8772102161100196,0.9338562091503267,2036,0.4033412887828162,0.9825581395348837,0.571912013536379,172,0.7528841113433529,1786,250,3,169,0.72,2024-07-01T00:00:00,2024-10-01T00:00:00,2208,419,45,189.7644927536232,20.380434782608695,0.5966587112171837
2024-Q4,gaussian_naive_bayes,poluentes_subindices_sem_iqar_meteorologia,16705,2208,172,0.9983258928571429,0.8786836935166994,0.9346917450365726,2036,0.40625,0.9825581395348837,0.5748299319727891,172,0.7547608385046809,1789,247,3,169,0.73,2024-07-01T00:00:00,2024-10-01T00:00:00,2208,416,45,188.40579710144928,20.380434782608695,0.59375
2024-Q4,gaussian_naive_bayes,poluentes_subindices_sem_iqar_meteorologia,16705,2208,172,0.9983268265476855,0.8791748526522594,0.9349699660485766,2036,0.4072289156626506,0.9825581395348837,0.575809199318569,172,0.7553895826835728,1790,246,3,169,0.74,2024-07-01T00:00:00,2024-10-01T00:00:00,2208,415,45,187.95289855072463,20.380434782608695,0.5927710843373494
2024-Q4,gaussian_naive_bayes,poluentes_subindices_sem_iqar_meteorologia,16705,2208,172,0.9983296213808464,0.880648330058939,0.93580375782881,2036,0.41019417475728154,0.9825581395348837,0.5787671232876712,172,0.7572854405582405,1793,243,3,169,0.75,2024-07-01T00:00:00,2024-10-01T00:00:00,2208,412,45,186.59420289855072,20.380434782608695,0.5898058252427184
2024-Q4,gaussian_naive_bayes,poluentes_subindices_sem_iqar_meteorologia,16705,2208,172,0.998330550918197,0.881139489194499,0.9360813983824681,2036,0.41119221411192214,0.9825581395348837,0.5797598627787307,172,0.7579206305805994,1794,242,3,169,0.76,2024-07-01T00:00:00,2024-10-01T00:00:00,2208,411,45,186.1413043478261,20.380434782608695,0.5888077858880778
2024-Q4,gaussian_naive_bayes,poluentes_subindices_sem_iqar_meteorologia,16705,2208,172,0.998330550918197,0.881139489194499,0.9360813983824681,2036,0.41119221411192214,0.9825581395348837,0.5797598627787307,172,0.7579206305805994,1794,242,3,169,0.77,2024-07-01T00:00:00,2024-10-01T00:00:00,2208,411,45,186.1413043478261,20.380434782608695,0.5888077858880778
2024-Q4,gaussian_naive_bayes,poluentes_subindices_sem_iqar_meteorologia,16705,2208,172,0.9983314794215795,0.8816306483300589,0.936358894105373,2036,0.4121951219512195,0.9825581395348837,0.5807560137457045,172,0.7585574539255387,1795,241,3,169,0.78,2024-07-01T00:00:00,2024-10-01T00:00:00,2208,410,45,185.68840579710144,20.380434782608695,0.5878048780487805
2024-Q4,gaussian_naive_bayes,poluentes_subindices_sem_iqar_meteorologia,16705,2208,172,0.9983333333333333,0.8826129666011788,0.9369134515119917,2036,0.41421568627450983,0.9825581395348837,0.5827586206896552,172,0.7598360361008234,1797,239,3,169,0.79,2024-07-01T00:00:00,2024-10-01T00:00:00,2208,408,44,184.78260869565216,19.927536231884055,0.5857843137254902
2024-Q4,gaussian_naive_bayes,poluentes_subindices_sem_iqar_meteorologia,16705,2208,172,0.9983342587451416,0.8831041257367387,0.9371905134219443,2036,0.4152334152334152,0.9825581395348837,0.5837651122625216,172,0.7604778128422329,1798,238,3,169,0.8,2024-07-01T00:00:00,2024-10-01T00:00:00,2208,407,44,184.32971014492756,19.927536231884055,0.5847665847665847
2024-Q4,gaussian_naive_bayes,poluentes_subindices_sem_iqar_meteorologia,16705,2208,172,0.9983370288248337,0.8845776031434185,0.9380208333333333,2036,0.4183168316831683,0.9825581395348837,0.5868055555555556,172,0.7624131944444444,1801,235,3,169,0.81,2024-07-01T00:00:00,2024-10-01T00:00:00,2208,404,44,182.97101449275362,19.927536231884055,0.5816831683168316
2024-Q4,gaussian_naive_bayes,poluentes_subindices_sem_iqar_meteorologia,16705,2208,172,0.9983379501385041,0.8850687622789783,0.938297318406665,2036,0.41935483870967744,0.9825581395348837,0.5878260869565217,172,0.7630617026815933,1802,234,3,169,0.8200000000000001,2024-07-01T00:00:00,2024-10-01T00:00:00,2208,403,44,182.518115942029,19.927536231884055,0.5806451612903226
2024-Q4,gaussian_naive_bayes,poluentes_subindices_sem_iqar_meteorologia,16705,2208,172,0.9983397897066962,0.8860510805500982,0.9388498568826438,2036,0.42144638403990026,0.9825581395348837,0.5898778359511344,172,0.7643638464168891,1804,232,3,169,0.8300000000000001,2024-07-01T00:00:00,2024-10-01T00:00:00,2208,401,44,181.61231884057972,19.927536231884055,0.5785536159600998
2024-Q4,gaussian_naive_bayes,poluentes_subindices_sem_iqar_meteorologia,16705,2208,172,0.9983425414364641,0.887524557956778,0.9396775871034841,2036,0.42462311557788945,0.9825581395348837,0.5929824561403508,172,0.7663300216219175,1807,229,3,169,0.84,2024-07-01T00:00:00,2024-10-01T00:00:00,2208,398,44,180.25362318840578,19.927536231884055,0.5753768844221105
2024-Q4,gaussian_naive_bayes,poluentes_subindices_sem_iqar_meteorologia,16705,2208,172,0.9983443708609272,0.8885068762278978,0.9402286902286903,2036,0.42676767676767674,0.9825581395348837,0.5950704225352113,172,0.7676495563819508,1809,227,3,169,0.85,2024-07-01T00:00:00,2024-10-01T00:00:00,2208,396,44,179.3478260869565,19.927536231884055,0.5732323232323232
2024-Q4,gaussian_naive_bayes,poluentes_subindices_sem_iqar_meteorologia,16705,2208,172,0.9983443708609272,0.8885068762278978,0.9402286902286903,2036,0.42676767676767674,0.9825581395348837,0.5950704225352113,172,0.7676495563819508,1809,227,3,169,0.86,2024-07-01T00:00:00,2024-10-01T00:00:00,2208,396,44,179.3478260869565,19.927536231884055,0.5732323232323232
2024-Q4,gaussian_naive_bayes,poluentes_subindices_sem_iqar_meteorologia,16705,2208,172,0.9983480176211453,0.8904715127701375,0.9413291796469366,2036,0.43112244897959184,0.9825581395348837,0.599290780141844,172,0.7703099798943903,1813,223,3,169,0.87,2024-07-01T00:00:00,2024-10-01T00:00:00,2208,392,45,177.53623188405797,20.380434782608695,0.5688775510204082
2024-Q4,gaussian_naive_bayes,poluentes_subindices_sem_iqar_meteorologia,16705,2208,172,0.9983489268024216,0.8909626719056974,0.9416039449779393,2036,0.4322250639386189,0.9825581395348837,0.6003552397868561,172,0.7709795923823977,1814,222,3,169,0.88,2024-07-01T00:00:00,2024-10-01T00:00:00,2208,391,45,177.08333333333334,20.380434782608695,0.5677749360613811
2024-Q4,gaussian_naive_bayes,poluentes_subindices_sem_iqar_meteorologia,16705,2208,172,0.9983525535420099,0.8929273084479371,0.942701581540057,2036,0.43669250645994834,0.9825581395348837,0.6046511627906976,172,0.7736763721653773,1818,218,3,169,0.89,2024-07-01T00:00:00,2024-10-01T00:00:00,2208,387,45,175.27173913043478,20.380434782608695,0.5633074935400517
2024-Q4,gaussian_naive_bayes,poluentes_subindices_sem_iqar_meteorologia,16705,2208,172,0.9983552631578947,0.8944007858546169,0.9435233160621762,2036,0.4401041666666667,0.9825581395348837,0.6079136690647482,172,0.7757184925634621,1821,215,3,169,0.9,2024-07-01T00:00:00,2024-10-01T00:00:00,2208,384,42,173.91304347826087,19.021739130434785,0.5598958333333334
2024-Q4,gaussian_naive_bayes,poluentes_subindices_sem_iqar_meteorologia,16705,2208,172,0.9983570646221248,0.8953831041257367,0.944070429829104,2036,0.4424083769633508,0.9825581395348837,0.6101083032490975,172,0.7770893665391008,1823,213,3,169,0.91,2024-07-01T00:00:00,2024-10-01T00:00:00,2208,382,42,173.0072463768116,19.021739130434785,0.5575916230366492
2024-Q4,gaussian_naive_bayes,poluentes_subindices_sem_iqar_meteorologia,16705,2208,172,0.9983597594313832,0.8968565815324165,0.9448900388098318,2036,0.44591029023746703,0.9825581395348837,0.6134301270417423,172,0.779160082925787,1826,210,3,169,0.92,2024-07-01T00:00:00,2024-10-01T00:00:00,2208,379,41,171.6485507246377,18.568840579710145,0.554089709762533
2024-Q4,gaussian_naive_bayes,poluentes_subindices_sem_iqar_meteorologia,16705,2208,172,0.9983624454148472,0.8983300589390962,0.9457083764219235,2036,0.449468085106383,0.9825581395348837,0.6167883211678832,172,0.7812483487949033,1829,207,3,169,0.93,2024-07-01T00:00:00,2024-10-01T00:00:00,2208,376,41,170.28985507246378,18.568840579710145,0.550531914893617
2024-Q4,gaussian_naive_bayes,poluentes_subindices_sem_iqar_meteorologia,16705,2208,172,0.9983642311886587,0.8993123772102161,0.9462532299741602,2036,0.45187165775401067,0.9825581395348837,0.6190476190476191,172,0.7826504245108896,1831,205,3,169,0.9400000000000001,2024-07-01T00:00:00,2024-10-01T00:00:00,2208,374,41,169.3840579710145,18.568840579710145,0.5481283422459893
2024-Q4,gaussian_naive_bayes,poluentes_subindices_sem_iqar_meteorologia,16705,2208,172,0.9983669025585193,0.9007858546168959,0.9470694552026853,2036,0.4555256064690027,0.9825581395348837,0.6224677716390423,172,0.7847686134208638,1834,202,3,169,0.9500000000000001,2024-07-01T00:00:00,2024-10-01T00:00:00,2208,371,41,168.02536231884056,18.568840579710145,0.5444743935309974
2024-Q4,gaussian_naive_bayes,poluentes_subindices_sem_iqar_meteorologia,16705,2208,172,0.99836867862969,0.9017681728880157,0.9476129032258065,2036,0.45799457994579945,0.9825581395348837,0.6247689463955638,172,0.7861909248106851,1836,200,3,169,0.96,2024-07-01T00:00:00,2024-10-01T00:00:00,2208,369,41,167.11956521739128,18.568840579710145,0.5420054200542005
2024-Q4,gaussian_naive_bayes,poluentes_subindices_sem_iqar_meteorologia,16705,2208,172,0.9983739837398374,0.9047151277013753,0.949239886627158,2036,0.465564738292011,0.9825581395348837,0.6317757009345795,172,0.7905077937808687,1842,194,3,169,0.97,2024-07-01T00:00:00,2024-10-01T00:00:00,2208,363,40,164.4021739130435,18.115942028985508,0.5344352617079889
2024-Q4,gaussian_naive_bayes,poluentes_subindices_sem_iqar_meteorologia,16705,2208,172,0.997843665768194,0.9091355599214146,0.9514263685427911,2036,0.47592067988668557,0.9767441860465116,0.64,172,0.7957131842713956,1851,185,4,168,0.98,2024-07-01T00:00:00,2024-10-01T00:00:00,2208,353,40,159.8731884057971,18.115942028985508,0.5240793201133145
2024-Q4,gaussian_naive_bayes,poluentes_subindices_sem_iqar_meteorologia,16705,2208,172,0.9973361747469366,0.9194499017681729,0.9568106312292359,2036,0.5045317220543807,0.9709302325581395,0.6640159045725647,172,0.8104132679009003,1872,164,5,167,0.99,2024-07-01T00:00:00,2024-10-01T00:00:00,2208,331,34,149.90942028985506,15.398550724637682,0.4954682779456193
2024-Q4,gaussian_naive_bayes,poluentes_subindices_sem_iqar_meteorologia,16705,2208,172,0.9425925925925925,1.0,0.9704480457578646,2036,1.0,0.27906976744186046,0.43636363636363634,172,0.7034058410607504,2036,0,124,48,1.0,2024-07-01T00:00:00,2024-10-01T00:00:00,2208,48,9,21.73913043478261,4.076086956521739,0.0
2024-Q4,gaussian_naive_bayes,subindices_meteorologia,16705,2208,172,0.0,0.0,0.0,2036,0.07789855072463768,1.0,0.14453781512605043,172,0.07226890756302522,0,2036,0,172,0.0,2024-07-01T00:00:00,2024-10-01T00:00:00,2208,2208,1,1000.0,0.4528985507246377,0.9221014492753623
2024-Q4,gaussian_naive_bayes,subindices_meteorologia,16705,2208,172,1.0,0.8334970530451866,0.9091883203857487,2036,0.33659491193737767,1.0,0.5036603221083455,172,0.7064243212470471,1697,339,0,172,0.01,2024-07-01T00:00:00,2024-10-01T00:00:00,2208,511,47,231.43115942028984,21.286231884057973,0.6634050880626223
2024-Q4,gaussian_naive_bayes,subindices_meteorologia,16705,2208,172,1.0,0.8447937131630648,0.9158679446219382,2036,0.3524590163934426,1.0,0.5212121212121212,172,0.7185400329170297,1720,316,0,172,0.02,2024-07-01T00:00:00,2024-10-01T00:00:00,2208,488,47,221.0144927536232,21.286231884057973,0.6475409836065574
2024-Q4,gaussian_naive_bayes,subindices_meteorologia,16705,2208,172,1.0,0.849705304518664,0.9187466808284652,2036,0.3598326359832636,1.0,0.5292307692307693,172,0.7239887250296173,1730,306,0,172,0.03,2024-07-01T00:00:00,2024-10-01T00:00:00,2208,478,47,216.4855072463768,21.286231884057973,0.6401673640167364
2024-Q4,gaussian_naive_bayes,subindices_meteorologia,16705,2208,172,1.0,0.8536345776031434,0.9210386857445682,2036,0.3659574468085106,1.0,0.5358255451713395,172,0.7284321154579538,1738,298,0,172,0.04,2024-07-01T00:00:00,2024-10-01T00:00:00,2208,470,46,212.86231884057972,20.833333333333332,0.6340425531914894
2024-Q4,gaussian_naive_bayes,subindices_meteorologia,16705,2208,172,1.0,0.8565815324165029,0.9227513227513228,2036,0.3706896551724138,1.0,0.5408805031446541,172,0.7318159129479884,1744,292,0,172,0.05,2024-07-01T00:00:00,2024-10-01T00:00:00,2208,464,46,210.14492753623188,20.833333333333332,0.6293103448275862
2024-Q4,gaussian_naive_bayes,subindices_meteorologia,16705,2208,172,1.0,0.861984282907662,0.9258770772883145,2036,0.37969094922737306,1.0,0.5504,172,0.7381385386441572,1755,281,0,172,0.06,2024-07-01T00:00:00,2024-10-01T00:00:00,2208,453,45,205.16304347826087,20.380434782608695,0.6203090507726269
2024-Q4,gaussian_naive_bayes,subindices_meteorologia,16705,2208,172,0.9994308480364257,0.862475442043222,0.925916161349855,2036,0.37915742793791574,0.9941860465116279,0.5489566613162119,172,0.7374364113330334,1756,280,1,171,0.07,2024-07-01T00:00:00,2024-10-01T00:00:00,2208,451,45,204.2572463768116,20.380434782608695,0.6208425720620843
2024-Q4,gaussian_naive_bayes,subindices_meteorologia,16705,2208,172,0.9994331065759637,0.8659135559921415,0.9278947368421052,2036,0.38513513513513514,0.9941860465116279,0.5551948051948052,172,0.7415447710184553,1763,273,1,171,0.08,2024-07-01T00:00:00,2024-10-01T00:00:00,2208,444,44,201.08695652173913,19.927536231884055,0.6148648648648649
2024-Q4,gaussian_naive_bayes,subindices_meteorologia,16705,2208,172,0.9994334277620397,0.8664047151277013,0.9281767955801105,2036,0.3860045146726862,0.9941860465116279,0.5560975609756098,172,0.7421371782778601,1764,272,1,171,0.09,2024-07-01T00:00:00,2024-10-01T00:00:00,2208,443,44,200.6340579710145,19.927536231884055,0.6139954853273137
2024-Q4,gaussian_naive_bayes,subindices_meteorologia,16705,2208,172,0.9994343891402715,0.8678781925343811,0.9290220820189274,2036,0.3886363636363636,0.9941860465116279,0.5588235294117647,172,0.7439228057153461,1767,269,1,171,0.1,2024-07-01T00:00:00,2024-10-01T00:00:00,2208,440,43,199.27536231884056,19.47463768115942,0.6113636363636363
2024-Q4,gaussian_naive_bayes,subindices_meteorologia,16705,2208,172,0.9994350282485875,0.868860510805501,0.929584866001051,2036,0.3904109589041096,0.9941860465116279,0.5606557377049181,172,0.7451203018529845,1769,267,1,171,0.11,2024-07-01T00:00:00,2024-10-01T00:00:00,2208,438,43,198.36956521739128,19.47463768115942,0.6095890410958904
2024-Q4,gaussian_naive_bayes,subindices_meteorologia,16705,2208,172,0.9994353472614342,0.869351669941061,0.929866036249015,2036,0.391304347826087,0.9941860465116279,0.5615763546798029,172,0.745721195464409,1770,266,1,171,0.12,2024-07-01T00:00:00,2024-10-01T00:00:00,2208,437,43,197.91666666666666,19.47463768115942,0.6086956521739131
2024-Q4,gaussian_naive_bayes,subindices_meteorologia,16705,2208,172,0.9994356659142212,0.8698428290766208,0.9301470588235294,2036,0.3922018348623853,0.9941860465116279,0.5625,172,0.7463235294117647,1771,265,1,171,0.13,2024-07-01T00:00:00,2024-10-01T00:00:00,2208,436,43,197.46376811594203,19.47463768115942,0.6077981651376146
2024-Q4,gaussian_naive_bayes,subindices_meteorologia,16705,2208,172,0.9994366197183099,0.8713163064833006,0.9309892416688533,2036,0.394919168591224,0.9941860465116279,0.5652892561983471,172,0.7481392489336003,1774,262,1,171,0.14,2024-07-01T00:00:00,2024-10-01T00:00:00,2208,433,43,196.10507246376812,19.47463768115942,0.605080831408776
2024-Q4,gaussian_naive_bayes,subindices_meteorologia,16705,2208,172,0.9994372537985369,0.8722986247544204,0.9315499606608969,2036,0.39675174013921116,0.9941860465116279,0.5671641791044776,172,0.7493570698826872,1776,260,1,171,0.15,2024-07-01T00:00:00,2024-10-01T00:00:00,2208,431,43,195.19927536231884,19.47463768115942,0.6032482598607889
2024-Q4,gaussian_naive_bayes,subindices_meteorologia,16705,2208,172,0.999438202247191,0.8737721021611002,0.9323899371069182,2036,0.39953271028037385,0.9941860465116279,0.57,172,0.7511949685534591,1779,257,1,171,0.16,2024-07-01T00:00:00,2024-10-01T00:00:00,2208,428,43,193.84057971014494,19.47463768115942,0.6004672897196262
2024-Q4,gaussian_naive_bayes,subindices_meteorologia,16705,2208,172,0.9994391475042064,0.8752455795677799,0.9332285938727416,2036,0.4023529411764706,0.9941860465116279,0.5728643216080402,172,0.7530464577403909,1782,254,1,171,0.17,2024-07-01T00:00:00,2024-10-01T00:00:00,2208,425,42,192.481884057971,19.021739130434785,0.5976470588235294
2024-Q4,gaussian_naive_bayes,subindices_meteorologia,16705,2208,172,0.9994391475042064,0.8752455795677799,0.9332285938727416,2036,0.4023529411764706,0.9941860465116279,0.5728643216080402,172,0.7530464577403909,1782,254,1,171,0.18,2024-07-01T00:00:00,2024-10-01T00:00:00,2208,425,42,192.481884057971,19.021739130434785,0.5976470588235294
2024-Q4,gaussian_naive_bayes,subindices_meteorologia,16705,2208,172,0.9994397759103641,0.8762278978388998,0.9337869667626276,2036,0.40425531914893614,0.9941860465116279,0.5747899159663865,172,0.754288441364507,1784,252,1,171,0.19,2024-07-01T00:00:00,2024-10-01T00:00:00,2208,423,42,191.57608695652172,19.021739130434785,0.5957446808510638
2024-Q4,gaussian_naive_bayes,subindices_meteorologia,16705,2208,172,0.9994404029099049,0.8772102161100196,0.9343447554276746,2036,0.40617577197149646,0.9941860465116279,0.5767284991568297,172,0.7555366272922521,1786,250,1,171,0.2,2024-07-01T00:00:00,2024-10-01T00:00:00,2208,421,41,190.67028985507244,18.568840579710145,0.5938242280285035
2024-Q4,gaussian_naive_bayes,subindices_meteorologia,16705,2208,172,0.9994410285075461,0.8781925343811395,0.9349019607843138,2036,0.4081145584725537,0.9941860465116279,0.5786802030456852,172,0.7567910819149994,1788,248,1,171,0.21,2024-07-01T00:00:00,2024-10-01T00:00:00,2208,419,41,189.7644927536232,18.568840579710145,0.5918854415274463
2024-Q4,gaussian_naive_bayes,subindices_meteorologia,16705,2208,172,0.9994419642857143,0.8796660117878192,0.9357366771159875,2036,0.4110576923076923,0.9941860465116279,0.5816326530612245,172,0.758684665088606,1791,245,1,171,0.22,2024-07-01T00:00:00,2024-10-01T00:00:00,2208,416,41,188.40579710144928,18.568840579710145,0.5889423076923077
2024-Q4,gaussian_naive_bayes,subindices_meteorologia,16705,2208,172,0.9994425863991081,0.880648330058939,0.9362924281984334,2036,0.41304347826086957,0.9941860465116279,0.5836177474402731,172,0.7599550878193533,1793,243,1,171,0.23,2024-07-01T00:00:00,2024-10-01T00:00:00,2208,414,41,187.5,18.568840579710145,0.5869565217391305
2024-Q4,gaussian_naive_bayes,subindices_meteorologia,16705,2208,172,0.9994428969359331,0.881139489194499,0.9365700861393892,2036,0.41404358353510895,0.9941860465116279,0.5846153846153846,172,0.7605927353773869,1794,242,1,171,0.24,2024-07-01T00:00:00,2024-10-01T00:00:00,2208,413,41,187.04710144927537,18.568840579710145,0.585956416464891
2024-Q4,gaussian_naive_bayes,subindices_meteorologia,16705,2208,172,0.9994432071269488,0.8816306483300589,0.9368475991649269,2036,0.41504854368932037,0.9941860465116279,0.5856164383561644,172,0.7612320187605457,1795,241,1,171,0.25,2024-07-01T00:00:00,2024-10-01T00:00:00,2208,412,41,186.59420289855072,18.568840579710145,0.5849514563106796
2024-Q4,gaussian_naive_bayes,subindices_meteorologia,16705,2208,172,0.9994435169727324,0.8821218074656189,0.9371249673884685,2036,0.41605839416058393,0.9941860465116279,0.5866209262435678,172,0.7618729468160181,1796,240,1,171,0.26,2024-07-01T00:00:00,2024-10-01T00:00:00,2208,411,41,186.1413043478261,18.568840579710145,0.583941605839416
2024-Q4,gaussian_naive_bayes,subindices_meteorologia,16705,2208,172,0.9994435169727324,0.8821218074656189,0.9371249673884685,2036,0.41605839416058393,0.9941860465116279,0.5866209262435678,172,0.7618729468160181,1796,240,1,171,0.27,2024-07-01T00:00:00,2024-10-01T00:00:00,2208,411,41,186.1413043478261,18.568840579710145,0.583941605839416
2024-Q4,gaussian_naive_bayes,subindices_meteorologia,16705,2208,172,0.9994438264738599,0.8826129666011788,0.9374021909233177,2036,0.4170731707317073,0.9941860465116279,0.5876288659793815,172,0.7625155284513496,1797,239,1,171,0.28,2024-07-01T00:00:00,2024-10-01T00:00:00,2208,410,41,185.68840579710144,18.568840579710145,0.5829268292682926
2024-Q4,gaussian_naive_bayes,subindices_meteorologia,16705,2208,172,0.9994441356309061,0.8831041257367387,0.9376792698826597,2036,0.4180929095354523,0.9941860465116279,0.5886402753872634,172,0.7631597726349615,1798,238,1,171,0.29,2024-07-01T00:00:00,2024-10-01T00:00:00,2208,409,41,185.2355072463768,18.568840579710145,0.5819070904645477
2024-Q4,gaussian_naive_bayes,subindices_meteorologia,16705,2208,172,0.9994450610432852,0.8845776031434185,0.938509640437728,2036,0.4211822660098522,0.9941860465116279,0.5916955017301038,172,0.7651025710839159,1801,235,1,171,0.3,2024-07-01T00:00:00,2024-10-01T00:00:00,2208,406,41,183.8768115942029,18.568840579710145,0.5788177339901478
2024-Q4,gaussian_naive_bayes,subindices_meteorologia,16705,2208,172,0.9994453688297282,0.8850687622789783,0.9387861422245376,2036,0.4222222222222222,0.9941860465116279,0.5927209705372617,172,0.7657535563808997,1802,234,1,171,0.31,2024-07-01T00:00:00,2024-10-01T00:00:00,2208,405,41,183.42391304347828,18.568840579710145,0.5777777777777777
2024-Q4,gaussian_naive_bayes,subindices_meteorologia,16705,2208,172,0.9994456762749445,0.8855599214145383,0.9390625,2036,0.42326732673267325,0.9941860465116279,0.59375,172,0.76640625,1803,233,1,171,0.32,2024-07-01T00:00:00,2024-10-01T00:00:00,2208,404,41,182.97101449275362,18.568840579710145,0.5767326732673267
2024-Q4,gaussian_naive_bayes,subindices_meteorologia,16705,2208,172,0.9994456762749445,0.8855599214145383,0.9390625,2036,0.42326732673267325,0.9941860465116279,0.59375,172,0.76640625,1803,233,1,171,0.33,2024-07-01T00:00:00,2024-10-01T00:00:00,2208,404,41,182.97101449275362,18.568840579710145,0.5767326732673267
2024-Q4,gaussian_naive_bayes,subindices_meteorologia,16705,2208,172,0.9994456762749445,0.8855599214145383,0.9390625,2036,0.42326732673267325,0.9941860465116279,0.59375,172,0.76640625,1803,233,1,171,0.34,2024-07-01T00:00:00,2024-10-01T00:00:00,2208,404,41,182.97101449275362,18.568840579710145,0.5767326732673267
2024-Q4,gaussian_naive_bayes,subindices_meteorologia,16705,2208,172,0.9994456762749445,0.8855599214145383,0.9390625,2036,0.42326732673267325,0.9941860465116279,0.59375,172,0.76640625,1803,233,1,171,0.35000000000000003,2024-07-01T00:00:00,2024-10-01T00:00:00,2208,404,41,182.97101449275362,18.568840579710145,0.5767326732673267
2024-Q4,gaussian_naive_bayes,subindices_meteorologia,16705,2208,172,0.9994456762749445,0.8855599214145383,0.9390625,2036,0.42326732673267325,0.9941860465116279,0.59375,172,0.76640625,1803,233,1,171,0.36,2024-07-01T00:00:00,2024-10-01T00:00:00,2208,404,41,182.97101449275362,18.568840579710145,0.5767326732673267
2024-Q4,gaussian_naive_bayes,subindices_meteorologia,16705,2208,172,0.9994469026548672,0.887524557956778,0.9401664932362123,2036,0.4275,0.9941860465116279,0.5979020979020979,172,0.7690342955691551,1807,229,1,171,0.37,2024-07-01T00:00:00,2024-10-01T00:00:00,2208,400,41,181.15942028985506,18.568840579710145,0.5725
2024-Q4,gaussian_naive_bayes,subindices_meteorologia,16705,2208,172,0.9994469026548672,0.887524557956778,0.9401664932362123,2036,0.4275,0.9941860465116279,0.5979020979020979,172,0.7690342955691551,1807,229,1,171,0.38,2024-07-01T00:00:00,2024-10-01T00:00:00,2208,400,41,181.15942028985506,18.568840579710145,0.5725
2024-Q4,gaussian_naive_bayes,subindices_meteorologia,16705,2208,172,0.9994475138121547,0.8885068762278978,0.9407176287051482,2036,0.4296482412060301,0.9941860465116279,0.6,172,0.7703588143525741,1809,227,1,171,0.39,2024-07-01T00:00:00,2024-10-01T00:00:00,2208,398,41,180.25362318840578,18.568840579710145,0.5703517587939698
2024-Q4,gaussian_naive_bayes,subindices_meteorologia,16705,2208,172,0.9994475138121547,0.8885068762278978,0.9407176287051482,2036,0.4296482412060301,0.9941860465116279,0.6,172,0.7703588143525741,1809,227,1,171,0.4,2024-07-01T00:00:00,2024-10-01T00:00:00,2208,398,41,180.25362318840578,18.568840579710145,0.5703517587939698
2024-Q4,gaussian_naive_bayes,subindices_meteorologia,16705,2208,172,0.9994478188845941,0.8889980353634578,0.9409929815440603,2036,0.43073047858942065,0.9941860465116279,0.6010544815465729,172,0.7710237315453166,1810,226,1,171,0.41000000000000003,2024-07-01T00:00:00,2024-10-01T00:00:00,2208,397,42,179.80072463768116,19.021739130434785,0.5692695214105793
2024-Q4,gaussian_naive_bayes,subindices_meteorologia,16705,2208,172,0.9994478188845941,0.8889980353634578,0.9409929815440603,2036,0.43073047858942065,0.9941860465116279,0.6010544815465729,172,0.7710237315453166,1810,226,1,171,0.42,2024-07-01T00:00:00,2024-10-01T00:00:00,2208,397,42,179.80072463768116,19.021739130434785,0.5692695214105793
2024-Q4,gaussian_naive_bayes,subindices_meteorologia,16705,2208,172,0.9994481236203091,0.8894891944990176,0.9412681912681913,2036,0.4318181818181818,0.9941860465116279,0.602112676056338,172,0.7716904336622646,1811,225,1,171,0.43,2024-07-01T00:00:00,2024-10-01T00:00:00,2208,396,42,179.3478260869565,19.021739130434785,0.5681818181818182
2024-Q4,gaussian_naive_bayes,subindices_meteorologia,16705,2208,172,0.9994481236203091,0.8894891944990176,0.9412681912681913,2036,0.4318181818181818,0.9941860465116279,0.602112676056338,172,0.7716904336622646,1811,225,1,171,0.44,2024-07-01T00:00:00,2024-10-01T00:00:00,2208,396,42,179.3478260869565,19.021739130434785,0.5681818181818182
2024-Q4,gaussian_naive_bayes,subindices_meteorologia,16705,2208,172,0.9994481236203091,0.8894891944990176,0.9412681912681913,2036,0.4318181818181818,0.9941860465116279,0.602112676056338,172,0.7716904336622646,1811,225,1,171,0.45,2024-07-01T00:00:00,2024-10-01T00:00:00,2208,396,42,179.3478260869565,19.021739130434785,0.5681818181818182
2024-Q4,gaussian_naive_bayes,subindices_meteorologia,16705,2208,172,0.9994484280198566,0.8899803536345776,0.9415432579890881,2036,0.43291139240506327,0.9941860465116279,0.6031746031746031,172,0.7723589305818457,1812,224,1,171,0.46,2024-07-01T00:00:00,2024-10-01T00:00:00,2208,395,42,178.89492753623188,19.021739130434785,0.5670886075949367
2024-Q4,gaussian_naive_bayes,subindices_meteorologia,16705,2208,172,0.9994484280198566,0.8899803536345776,0.9415432579890881,2036,0.43291139240506327,0.9941860465116279,0.6031746031746031,172,0.7723589305818457,1812,224,1,171,0.47000000000000003,2024-07-01T00:00:00,2024-10-01T00:00:00,2208,395,42,178.89492753623188,19.021739130434785,0.5670886075949367
2024-Q4,gaussian_naive_bayes,subindices_meteorologia,16705,2208,172,0.9994484280198566,0.8899803536345776,0.9415432579890881,2036,0.43291139240506327,0.9941860465116279,0.6031746031746031,172,0.7723589305818457,1812,224,1,171,0.48,2024-07-01T00:00:00,2024-10-01T00:00:00,2208,395,42,178.89492753623188,19.021739130434785,0.5670886075949367
2024-Q4,gaussian_naive_bayes,subindices_meteorologia,16705,2208,172,0.9994484280198566,0.8899803536345776,0.9415432579890881,2036,0.43291139240506327,0.9941860465116279,0.6031746031746031,172,0.7723589305818457,1812,224,1,171,0.49,2024-07-01T00:00:00,2024-10-01T00:00:00,2208,395,42,178.89492753623188,19.021739130434785,0.5670886075949367
2024-Q4,gaussian_naive_bayes,subindices_meteorologia,16705,2208,172,0.9994484280198566,0.8899803536345776,0.9415432579890881,2036,0.43291139240506327,0.9941860465116279,0.6031746031746031,172,0.7723589305818457,1812,224,1,171,0.5,2024-07-01T00:00:00,2024-10-01T00:00:00,2208,395,42,178.89492753623188,19.021739130434785,0.5670886075949367
2024-Q4,gaussian_naive_bayes,subindices_meteorologia,16705,2208,172,0.9994484280198566,0.8899803536345776,0.9415432579890881,2036,0.43291139240506327,0.9941860465116279,0.6031746031746031,172,0.7723589305818457,1812,224,1,171,0.51,2024-07-01T00:00:00,2024-10-01T00:00:00,2208,395,42,178.89492753623188,19.021739130434785,0.5670886075949367
2024-Q4,gaussian_naive_bayes,subindices_meteorologia,16705,2208,172,0.9994493392070485,0.8914538310412574,0.942367601246106,2036,0.4362244897959184,0.9941860465116279,0.6063829787234043,172,0.7743752899847551,1815,221,1,171,0.52,2024-07-01T00:00:00,2024-10-01T00:00:00,2208,392,42,177.53623188405797,19.021739130434785,0.5637755102040817
2024-Q4,gaussian_naive_bayes,subindices_meteorologia,16705,2208,172,0.9994496422674739,0.8919449901768173,0.9426420970672204,2036,0.4373401534526854,0.9941860465116279,0.6074600355239786,172,0.7750510662955995,1816,220,1,171,0.53,2024-07-01T00:00:00,2024-10-01T00:00:00,2208,391,42,177.08333333333334,19.021739130434785,0.5626598465473146
2024-Q4,gaussian_naive_bayes,subindices_meteorologia,16705,2208,172,0.999450247388675,0.8929273084479371,0.9431906614785992,2036,0.43958868894601544,0.9941860465116279,0.6096256684491979,172,0.7764081649638985,1818,218,1,171,0.54,2024-07-01T00:00:00,2024-10-01T00:00:00,2208,389,42,176.17753623188406,19.021739130434785,0.5604113110539846
2024-Q4,gaussian_naive_bayes,subindices_meteorologia,16705,2208,172,0.999450247388675,0.8929273084479371,0.9431906614785992,2036,0.43958868894601544,0.9941860465116279,0.6096256684491979,172,0.7764081649638985,1818,218,1,171,0.55,2024-07-01T00:00:00,2024-10-01T00:00:00,2208,389,42,176.17753623188406,19.021739130434785,0.5604113110539846
2024-Q4,gaussian_naive_bayes,subindices_meteorologia,16705,2208,172,0.999450247388675,0.8929273084479371,0.9431906614785992,2036,0.43958868894601544,0.9941860465116279,0.6096256684491979,172,0.7764081649638985,1818,218,1,171,0.56,2024-07-01T00:00:00,2024-10-01T00:00:00,2208,389,42,176.17753623188406,19.021739130434785,0.5604113110539846
2024-Q4,gaussian_naive_bayes,subindices_meteorologia,16705,2208,172,0.9994505494505495,0.8934184675834971,0.9434647302904564,2036,0.44072164948453607,0.9941860465116279,0.6107142857142858,172,0.7770895080023711,1819,217,1,171,0.5700000000000001,2024-07-01T00:00:00,2024-10-01T00:00:00,2208,388,42,175.72463768115944,19.021739130434785,0.5592783505154639
2024-Q4,gaussian_naive_bayes,subindices_meteorologia,16705,2208,172,0.99945085118067,0.8939096267190569,0.9437386569872959,2036,0.4418604651162791,0.9941860465116279,0.6118067978533095,172,0.7777727274203027,1820,216,1,171,0.58,2024-07-01T00:00:00,2024-10-01T00:00:00,2208,387,42,175.27173913043478,19.021739130434785,0.5581395348837209
2024-Q4,gaussian_naive_bayes,subindices_meteorologia,16705,2208,172,0.9994511525795828,0.8944007858546169,0.9440124416796267,2036,0.4430051813471503,0.9941860465116279,0.6129032258064516,172,0.7784578337430392,1821,215,1,171,0.59,2024-07-01T00:00:00,2024-10-01T00:00:00,2208,386,42,174.81884057971016,19.021739130434785,0.5569948186528497
2024-Q4,gaussian_naive_bayes,subindices_meteorologia,16705,2208,172,0.9994520547945206,0.8958742632612967,0.9448329448329449,2036,0.4464751958224543,0.9941860465116279,0.6162162162162163,172,0.7805245805245806,1824,212,1,171,0.6,2024-07-01T00:00:00,2024-10-01T00:00:00,2208,383,42,173.46014492753622,19.021739130434785,0.5535248041775457
2024-Q4,gaussian_naive_bayes,subindices_meteorologia,16705,2208,172,0.9994520547945206,0.8958742632612967,0.9448329448329449,2036,0.4464751958224543,0.9941860465116279,0.6162162162162163,172,0.7805245805245806,1824,212,1,171,0.61,2024-07-01T00:00:00,2024-10-01T00:00:00,2208,383,42,173.46014492753622,19.021739130434785,0.5535248041775457
2024-Q4,gaussian_naive_bayes,subindices_meteorologia,16705,2208,172,0.9994526546250684,0.8968565815324165,0.9453792389334714,2036,0.44881889763779526,0.9941860465116279,0.6184448462929476,172,0.7819120426132096,1826,210,1,171,0.62,2024-07-01T00:00:00,2024-10-01T00:00:00,2208,381,42,172.55434782608694,19.021739130434785,0.5511811023622047
2024-Q4,gaussian_naive_bayes,subindices_meteorologia,16705,2208,172,0.99945295404814,0.8973477406679764,0.9456521739130435,2036,0.45,0.9941860465116279,0.6195652173913043,172,0.7826086956521738,1827,209,1,171,0.63,2024-07-01T00:00:00,2024-10-01T00:00:00,2208,380,42,172.1014492753623,19.021739130434785,0.55
2024-Q4,gaussian_naive_bayes,subindices_meteorologia,16705,2208,172,0.9994535519125683,0.8983300589390962,0.9461976202793585,2036,0.4523809523809524,0.9941860465116279,0.6218181818181818,172,0.7840079010487702,1829,207,1,171,0.64,2024-07-01T00:00:00,2024-10-01T00:00:00,2208,378,41,171.19565217391306,18.568840579710145,0.5476190476190477
2024-Q4,gaussian_naive_bayes,subindices_meteorologia,16705,2208,172,0.9994538503549972,0.8988212180746562,0.9464701318851824,2036,0.4535809018567639,0.9941860465116279,0.6229508196721312,172,0.7847104757786567,1830,206,1,171,0.65,2024-07-01T00:00:00,2024-10-01T00:00:00,2208,377,41,170.7427536231884,18.568840579710145,0.5464190981432361
2024-Q4,gaussian_naive_bayes,subindices_meteorologia,16705,2208,172,0.9994544462629569,0.899803536345776,0.9470147324890152,2036,0.456,0.9941860465116279,0.6252285191956124,172,0.7861216258423138,1832,204,1,171,0.66,2024-07-01T00:00:00,2024-10-01T00:00:00,2208,375,41,169.83695652173913,18.568840579710145,0.544
2024-Q4,gaussian_naive_bayes,subindices_meteorologia,16705,2208,172,0.9994550408719346,0.9007858546168959,0.9475587703435805,2036,0.4584450402144772,0.9941860465116279,0.6275229357798165,172,0.7875408530616985,1834,202,1,171,0.67,2024-07-01T00:00:00,2024-10-01T00:00:00,2208,373,41,168.93115942028984,18.568840579710145,0.5415549597855228
2024-Q4,gaussian_naive_bayes,subindices_meteorologia,16705,2208,172,0.9994556341861731,0.9017681728880157,0.9481022463206816,2036,0.4609164420485175,0.9941860465116279,0.6298342541436464,172,0.788968250232164,1836,200,1,171,0.68,2024-07-01T00:00:00,2024-10-01T00:00:00,2208,371,41,168.02536231884056,18.568840579710145,0.5390835579514824
2024-Q4,gaussian_naive_bayes,subindices_meteorologia,16705,2208,172,0.9994556341861731,0.9017681728880157,0.9481022463206816,2036,0.4609164420485175,0.9941860465116279,0.6298342541436464,172,0.788968250232164,1836,200,1,171,0.6900000000000001,2024-07-01T00:00:00,2024-10-01T00:00:00,2208,371,41,168.02536231884056,18.568840579710145,0.5390835579514824
2024-Q4,gaussian_naive_bayes,subindices_meteorologia,16705,2208,172,0.9994556341861731,0.9017681728880157,0.9481022463206816,2036,0.4609164420485175,0.9941860465116279,0.6298342541436464,172,0.788968250232164,1836,200,1,171,0.7000000000000001,2024-07-01T00:00:00,2024-10-01T00:00:00,2208,371,41,168.02536231884056,18.568840579710145,0.5390835579514824
2024-Q4,gaussian_naive_bayes,subindices_meteorologia,16705,2208,172,0.999455930359086,0.9022593320235757,0.9483737738771296,2036,0.46216216216216216,0.9941860465116279,0.6309963099630996,172,0.7896850419201147,1837,199,1,171,0.71,2024-07-01T00:00:00,2024-10-01T00:00:00,2208,370,41,167.57246376811594,18.568840579710145,0.5378378378378378
2024-Q4,gaussian_naive_bayes,subindices_meteorologia,16705,2208,172,0.999455930359086,0.9022593320235757,0.9483737738771296,2036,0.46216216216216216,0.9941860465116279,0.6309963099630996,172,0.7896850419201147,1837,199,1,171,0.72,2024-07-01T00:00:00,2024-10-01T00:00:00,2208,370,41,167.57246376811594,18.568840579710145,0.5378378378378378
2024-Q4,gaussian_naive_bayes,subindices_meteorologia,16705,2208,172,0.999455930359086,0.9022593320235757,0.9483737738771296,2036,0.46216216216216216,0.9941860465116279,0.6309963099630996,172,0.7896850419201147,1837,199,1,171,0.73,2024-07-01T00:00:00,2024-10-01T00:00:00,2208,370,41,167.57246376811594,18.568840579710145,0.5378378378378378
2024-Q4,gaussian_naive_bayes,subindices_meteorologia,16705,2208,172,0.999455930359086,0.9022593320235757,0.9483737738771296,2036,0.46216216216216216,0.9941860465116279,0.6309963099630996,172,0.7896850419201147,1837,199,1,171,0.74,2024-07-01T00:00:00,2024-10-01T00:00:00,2208,370,41,167.57246376811594,18.568840579710145,0.5378378378378378
2024-Q4,gaussian_naive_bayes,subindices_meteorologia,16705,2208,172,0.9994565217391305,0.9032416502946955,0.9489164086687306,2036,0.46467391304347827,0.9941860465116279,0.6333333333333333,172,0.7911248710010319,1839,197,1,171,0.75,2024-07-01T00:00:00,2024-10-01T00:00:00,2208,368,41,166.66666666666666,18.568840579710145,0.5353260869565217
2024-Q4,gaussian_naive_bayes,subindices_meteorologia,16705,2208,172,0.999457111834962,0.9042239685658153,0.9494584837545126,2036,0.4672131147540984,0.9941860465116279,0.6356877323420075,172,0.7925731080482601,1841,195,1,171,0.76,2024-07-01T00:00:00,2024-10-01T00:00:00,2208,366,41,165.76086956521738,18.568840579710145,0.5327868852459017
2024-Q4,gaussian_naive_bayes,subindices_meteorologia,16705,2208,172,0.9994577006507592,0.9052062868369352,0.95,2036,0.4697802197802198,0.9941860465116279,0.6380597014925373,172,0.7940298507462686,1843,193,1,171,0.77,2024-07-01T00:00:00,2024-10-01T00:00:00,2208,364,41,164.85507246376812,18.568840579710145,0.5302197802197802
2024-Q4,gaussian_naive_bayes,subindices_meteorologia,16705,2208,172,0.9994585814834868,0.906679764243615,0.950811228431625,2036,0.47368421052631576,0.9941860465116279,0.6416510318949343,172,0.7962311301632796,1846,190,1,171,0.78,2024-07-01T00:00:00,2024-10-01T00:00:00,2208,361,40,163.49637681159422,18.115942028985508,0.5263157894736842
2024-Q4,gaussian_naive_bayes,subindices_meteorologia,16705,2208,172,0.9994588744588745,0.9071709233791748,0.951081359423275,2036,0.475,0.9941860465116279,0.6428571428571429,172,0.7969692511402089,1847,189,1,171,0.79,2024-07-01T00:00:00,2024-10-01T00:00:00,2208,360,40,163.04347826086956,18.115942028985508,0.525
2024-Q4,gaussian_naive_bayes,subindices_meteorologia,16705,2208,172,0.9994588744588745,0.9071709233791748,0.951081359423275,2036,0.475,0.9941860465116279,0.6428571428571429,172,0.7969692511402089,1847,189,1,171,0.8,2024-07-01T00:00:00,2024-10-01T00:00:00,2208,360,40,163.04347826086956,18.115942028985508,0.525
2024-Q4,gaussian_naive_bayes,subindices_meteorologia,16705,2208,172,0.9994588744588745,0.9071709233791748,0.951081359423275,2036,0.475,0.9941860465116279,0.6428571428571429,172,0.7969692511402089,1847,189,1,171,0.81,2024-07-01T00:00:00,2024-10-01T00:00:00,2208,360,40,163.04347826086956,18.115942028985508,0.525
2024-Q4,gaussian_naive_bayes,subindices_meteorologia,16705,2208,172,0.9994591671173607,0.9076620825147348,0.9513513513513514,2036,0.4763231197771588,0.9941860465116279,0.6440677966101694,172,0.7977095739807605,1848,188,1,171,0.8200000000000001,2024-07-01T00:00:00,2024-10-01T00:00:00,2208,359,40,162.59057971014494,18.115942028985508,0.5236768802228412
2024-Q4,gaussian_naive_bayes,subindices_meteorologia,16705,2208,172,0.9994591671173607,0.9076620825147348,0.9513513513513514,2036,0.4763231197771588,0.9941860465116279,0.6440677966101694,172,0.7977095739807605,1848,188,1,171,0.8300000000000001,2024-07-01T00:00:00,2024-10-01T00:00:00,2208,359,40,162.59057971014494,18.115942028985508,0.5236768802228412
2024-Q4,gaussian_naive_bayes,subindices_meteorologia,16705,2208,172,0.9994597514856834,0.9086444007858546,0.9518909184461024,2036,0.4789915966386555,0.9941860465116279,0.6465028355387523,172,0.7991968769924274,1850,186,1,171,0.84,2024-07-01T00:00:00,2024-10-01T00:00:00,2208,357,40,161.68478260869566,18.115942028985508,0.5210084033613446
2024-Q4,gaussian_naive_bayes,subindices_meteorologia,16705,2208,172,0.9994600431965442,0.9091355599214146,0.9521604938271605,2036,0.4803370786516854,0.9941860465116279,0.6477272727272727,172,0.7999438832772165,1851,185,1,171,0.85,2024-07-01T00:00:00,2024-10-01T00:00:00,2208,356,40,161.231884057971,18.115942028985508,0.5196629213483146
2024-Q4,gaussian_naive_bayes,subindices_meteorologia,16705,2208,172,0.9994603345925526,0.9096267190569745,0.9524299305734122,2036,0.48169014084507045,0.9941860465116279,0.6489563567362429,172,0.8006931436548275,1852,184,1,171,0.86,2024-07-01T00:00:00,2024-10-01T00:00:00,2208,355,40,160.77898550724638,18.115942028985508,0.5183098591549296
2024-Q4,gaussian_naive_bayes,subindices_meteorologia,16705,2208,172,0.9994612068965517,0.9111001964636543,0.9532374100719424,2036,0.48579545454545453,0.9941860465116279,0.6526717557251909,172,0.8029545828985667,1855,181,1,171,0.87,2024-07-01T00:00:00,2024-10-01T00:00:00,2208,352,40,159.42028985507244,18.115942028985508,0.5142045454545454
2024-Q4,gaussian_naive_bayes,subindices_meteorologia,16705,2208,172,0.9994620763851533,0.912573673870334,0.9540436456996149,2036,0.4899713467048711,0.9941860465116279,0.6564299424184261,172,0.8052367940590205,1858,178,1,171,0.88,2024-07-01T00:00:00,2024-10-01T00:00:00,2208,349,40,158.06159420289856,18.115942028985508,0.5100286532951289
2024-Q4,gaussian_naive_bayes,subindices_meteorologia,16705,2208,172,0.999462654486835,0.9135559921414538,0.9545804464973057,2036,0.49279538904899134,0.9941860465116279,0.6589595375722543,172,0.80676999203478,1860,176,1,171,0.89,2024-07-01T00:00:00,2024-10-01T00:00:00,2208,347,40,157.15579710144928,18.115942028985508,0.5072046109510087
2024-Q4,gaussian_naive_bayes,subindices_meteorologia,16705,2208,172,0.9994632313472893,0.9145383104125737,0.9551166965888689,2036,0.4956521739130435,0.9941860465116279,0.6615087040618955,172,0.8083127003253823,1862,174,1,171,0.9,2024-07-01T00:00:00,2024-10-01T00:00:00,2208,345,39,156.25,17.663043478260867,0.5043478260869565
2024-Q4,gaussian_naive_bayes,subindices_meteorologia,16705,2208,172,0.9994649545211343,0.9174852652259332,0.9567221510883482,2036,0.504424778761062,0.9941860465116279,0.6692759295499021,172,0.8129990403191252,1868,168,1,171,0.91,2024-07-01T00:00:00,2024-10-01T00:00:00,2208,339,38,153.53260869565216,17.21014492753623,0.49557522123893805
2024-Q4,gaussian_naive_bayes,subindices_meteorologia,16705,2208,172,0.999466097170315,0.9194499017681729,0.9577897160399079,2036,0.5104477611940299,0.9941860465116279,0.6745562130177515,172,0.8161729645288297,1872,164,1,171,0.92,2024-07-01T00:00:00,2024-10-01T00:00:00,2208,335,37,151.72101449275362,16.757246376811597,0.48955223880597015
2024-Q4,gaussian_naive_bayes,subindices_meteorologia,16705,2208,172,0.9994666666666666,0.9204322200392927,0.9583226796215801,2036,0.5135135135135135,0.9941860465116279,0.6772277227722773,172,0.8177752011969287,1874,162,1,171,0.93,2024-07-01T00:00:00,2024-10-01T00:00:00,2208,333,37,150.81521739130434,16.757246376811597,0.4864864864864865
2024-Q4,gaussian_naive_bayes,subindices_meteorologia,16705,2208,172,0.9994683678894205,0.9233791748526523,0.9599183048251213,2036,0.5229357798165137,0.9941860465116279,0.685370741482966,172,0.8226445231540436,1880,156,1,171,0.9400000000000001,2024-07-01T00:00:00,2024-10-01T00:00:00,2208,327,37,148.0978260869565,16.757246376811597,0.47706422018348627
2024-Q4,gaussian_naive_bayes,subindices_meteorologia,16705,2208,172,0.9994694960212201,0.925343811394892,0.9609793420045907,2036,0.5294117647058824,0.9941860465116279,0.6909090909090909,172,0.8259442164568408,1884,152,1,171,0.9500000000000001,2024-07-01T00:00:00,2024-10-01T00:00:00,2208,323,37,146.28623188405797,16.757246376811597,0.47058823529411764
2024-Q4,gaussian_naive_bayes,subindices_meteorologia,16705,2208,172,0.9994703389830508,0.9268172888015717,0.9617737003058104,2036,0.534375,0.9941860465116279,0.6951219512195121,172,0.8284478257626613,1887,149,1,171,0.96,2024-07-01T00:00:00,2024-10-01T00:00:00,2208,320,37,144.92753623188406,16.757246376811597,0.465625
2024-Q4,gaussian_naive_bayes,subindices_meteorologia,16705,2208,172,0.9994720168954594,0.9297642436149313,0.9633587786259542,2036,0.5445859872611465,0.9941860465116279,0.7037037037037037,172,0.833531241164829,1893,143,1,171,0.97,2024-07-01T00:00:00,2024-10-01T00:00:00,2208,314,35,142.21014492753622,15.85144927536232,0.4554140127388535
2024-Q4,gaussian_naive_bayes,subindices_meteorologia,16705,2208,172,0.9994736842105263,0.9327111984282908,0.9649390243902439,2036,0.5551948051948052,0.9941860465116279,0.7125,172,0.838719512195122,1899,137,1,171,0.98,2024-07-01T00:00:00,2024-10-01T00:00:00,2208,308,35,139.4927536231884,15.85144927536232,0.4448051948051948
2024-Q4,gaussian_naive_bayes,subindices_meteorologia,16705,2208,172,0.999475890985325,0.9366404715127702,0.9670385395537525,2036,0.57,0.9941860465116279,0.7245762711864406,172,0.8458074053700966,1907,129,1,171,0.99,2024-07-01T00:00:00,2024-10-01T00:00:00,2208,300,34,135.86956521739128,15.398550724637682,0.43
2024-Q4,gaussian_naive_bayes,subindices_meteorologia,16705,2208,172,0.9540553211439288,0.99950884086444,0.9762532981530343,2036,0.9866666666666667,0.43023255813953487,0.5991902834008097,172,0.7877217907769221,2035,1,98,74,1.0,2024-07-01T00:00:00,2024-10-01T00:00:00,2208,75,14,33.96739130434782,6.340579710144928,0.013333333333333334
2024-Q4,gaussian_naive_bayes,subindices_sem_iqar_meteorologia,16705,2208,172,0.0,0.0,0.0,2036,0.07789855072463768,1.0,0.14453781512605043,172,0.07226890756302522,0,2036,0,172,0.0,2024-07-01T00:00:00,2024-10-01T00:00:00,2208,2208,1,1000.0,0.4528985507246377,0.9221014492753623
2024-Q4,gaussian_naive_bayes,subindices_sem_iqar_meteorologia,16705,2208,172,0.9993808049535604,0.7927308447937131,0.8841413311421529,2036,0.28836424957841483,0.9941860465116279,0.4470588235294118,172,0.6656000773357823,1614,422,1,171,0.01,2024-07-01T00:00:00,2024-10-01T00:00:00,2208,593,51,268.5688405797101,23.09782608695652,0.7116357504215851
2024-Q4,gaussian_naive_bayes,subindices_sem_iqar_meteorologia,16705,2208,172,0.9993979530403372,0.8153241650294696,0.8980254260210981,2036,0.3126142595978062,0.9941860465116279,0.4756606397774687,172,0.6868430328992834,1660,376,1,171,0.02,2024-07-01T00:00:00,2024-10-01T00:00:00,2208,547,48,247.7355072463768,21.73913043478261,0.6873857404021938
2024-Q4,gaussian_naive_bayes,subindices_sem_iqar_meteorologia,16705,2208,172,0.9994047619047619,0.824656188605108,0.903659849300323,2036,0.32386363636363635,0.9941860465116279,0.48857142857142855,172,0.6961156389358758,1679,357,1,171,0.03,2024-07-01T00:00:00,2024-10-01T00:00:00,2208,528,46,239.13043478260872,20.833333333333332,0.6761363636363636
2024-Q4,gaussian_naive_bayes,subindices_sem_iqar_meteorologia,16705,2208,172,0.9994093325457767,0.831041257367387,0.9074818986323411,2036,0.3320388349514563,0.9941860465116279,0.4978165938864629,172,0.702649246259402,1692,344,1,171,0.04,2024-07-01T00:00:00,2024-10-01T00:00:00,2208,515,45,233.2427536231884,20.380434782608695,0.6679611650485436
2024-Q4,gaussian_naive_bayes,subindices_sem_iqar_meteorologia,16705,2208,172,0.9994145199063232,0.8384086444007859,0.9118589743589743,2036,0.342,0.9941860465116279,0.5089285714285714,172,0.7103937728937728,1707,329,1,171,0.05,2024-07-01T00:00:00,2024-10-01T00:00:00,2208,500,45,226.44927536231884,20.380434782608695,0.658
2024-Q4,gaussian_naive_bayes,subindices_sem_iqar_meteorologia,16705,2208,172,0.9994162288382954,0.8408644400785854,0.9133102160576153,2036,0.34545454545454546,0.9941860465116279,0.512743628185907,172,0.7130269221217611,1712,324,1,171,0.06,2024-07-01T00:00:00,2024-10-01T00:00:00,2208,495,46,224.18478260869566,20.833333333333332,0.6545454545454545
2024-Q4,gaussian_naive_bayes,subindices_sem_iqar_meteorologia,16705,2208,172,0.999418942475305,0.8447937131630648,0.9156241682193239,2036,0.351129363449692,0.9941860465116279,0.5189681335356601,172,0.717296150877492,1720,316,1,171,0.07,2024-07-01T00:00:00,2024-10-01T00:00:00,2208,487,44,220.56159420289856,19.927536231884055,0.648870636550308
2024-Q4,gaussian_naive_bayes,subindices_sem_iqar_meteorologia,16705,2208,172,0.999418942475305,0.8447937131630648,0.9156241682193239,2036,0.351129363449692,0.9941860465116279,0.5189681335356601,172,0.717296150877492,1720,316,1,171,0.08,2024-07-01T00:00:00,2024-10-01T00:00:00,2208,487,44,220.56159420289856,19.927536231884055,0.648870636550308
2024-Q4,gaussian_naive_bayes,subindices_sem_iqar_meteorologia,16705,2208,172,0.9994209612044007,0.8477406679764243,0.9173531756577199,2036,0.35550935550935553,0.9941860465116279,0.5237366003062787,172,0.7205448879819993,1726,310,1,171,0.09,2024-07-01T00:00:00,2024-10-01T00:00:00,2208,481,44,217.84420289855072,19.927536231884055,0.6444906444906445
2024-Q4,gaussian_naive_bayes,subindices_sem_iqar_meteorologia,16705,2208,172,0.9994232987312572,0.8511787819253438,0.9193633952254642,2036,0.36075949367088606,0.9941860465116279,0.5294117647058824,172,0.7243875799656733,1733,303,1,171,0.1,2024-07-01T00:00:00,2024-10-01T00:00:00,2208,474,45,214.67391304347828,20.380434782608695,0.6392405063291139
2024-Q4,gaussian_naive_bayes,subindices_sem_iqar_meteorologia,16705,2208,172,0.9988505747126437,0.8536345776031434,0.9205508474576272,2036,0.36324786324786323,0.9883720930232558,0.53125,172,0.7259004237288136,1738,298,2,170,0.11,2024-07-01T00:00:00,2024-10-01T00:00:00,2208,468,44,211.95652173913044,19.927536231884055,0.6367521367521367
2024-Q4,gaussian_naive_bayes,subindices_sem_iqar_meteorologia,16705,2208,172,0.9988525530694206,0.8551080550098232,0.9214077798359355,2036,0.3655913978494624,0.9883720930232558,0.533751962323391,172,0.7275798710796633,1741,295,2,170,0.12,2024-07-01T00:00:00,2024-10-01T00:00:00,2208,465,44,210.5978260869565,19.927536231884055,0.6344086021505376
2024-Q4,gaussian_naive_bayes,subindices_sem_iqar_meteorologia,16705,2208,172,0.9988571428571429,0.8585461689587426,0.9234020073956682,2036,0.37117903930131,0.9883720930232558,0.5396825396825397,172,0.731542273539104,1748,288,2,170,0.13,2024-07-01T00:00:00,2024-10-01T00:00:00,2208,458,44,207.42753623188406,19.927536231884055,0.62882096069869
2024-Q4,gaussian_naive_bayes,subindices_sem_iqar_meteorologia,16705,2208,172,0.9988584474885844,0.8595284872298625,0.9239704329461457,2036,0.37280701754385964,0.9883720930232558,0.5414012738853503,172,0.732685853415748,1750,286,2,170,0.14,2024-07-01T00:00:00,2024-10-01T00:00:00,2208,456,44,206.52173913043478,19.927536231884055,0.6271929824561403
2024-Q4,gaussian_naive_bayes,subindices_sem_iqar_meteorologia,16705,2208,172,0.9988603988603989,0.8610019646365422,0.9248219467159061,2036,0.37527593818984545,0.9883720930232558,0.544,172,0.7344109733579531,1753,283,2,170,0.15,2024-07-01T00:00:00,2024-10-01T00:00:00,2208,453,43,205.16304347826087,19.47463768115942,0.6247240618101545
2024-Q4,gaussian_naive_bayes,subindices_sem_iqar_meteorologia,16705,2208,172,0.9988629903354178,0.8629666011787819,0.9259552042160738,2036,0.37861915367483295,0.9883720930232558,0.5475040257648953,172,0.7367296149904845,1757,279,2,170,0.16,2024-07-01T00:00:00,2024-10-01T00:00:00,2208,449,43,203.3514492753623,19.47463768115942,0.621380846325167
2024-Q4,gaussian_naive_bayes,subindices_sem_iqar_meteorologia,16705,2208,172,0.9988642816581488,0.8639489194499018,0.9265209375823018,2036,0.38031319910514544,0.9883720930232558,0.5492730210016155,172,0.7378969792919586,1759,277,2,170,0.17,2024-07-01T00:00:00,2024-10-01T00:00:00,2208,447,43,202.44565217391306,19.47463768115942,0.6196868008948546
2024-Q4,gaussian_naive_bayes,subindices_sem_iqar_meteorologia,16705,2208,172,0.9988655700510494,0.8649312377210217,0.9270860752829692,2036,0.38202247191011235,0.9883720930232558,0.5510534846029174,172,0.7390697799429433,1761,275,2,170,0.18,2024-07-01T00:00:00,2024-10-01T00:00:00,2208,445,43,201.53985507246378,19.47463768115942,0.6179775280898876
2024-Q4,gaussian_naive_bayes,subindices_sem_iqar_meteorologia,16705,2208,172,0.9988668555240793,0.8659135559921415,0.927650618258353,2036,0.3837471783295711,0.9883720930232558,0.5528455284552846,172,0.7402480733568189,1763,273,2,170,0.19,2024-07-01T00:00:00,2024-10-01T00:00:00,2208,443,43,200.6340579710145,19.47463768115942,0.6162528216704289
2024-Q4,gaussian_naive_bayes,subindices_sem_iqar_meteorologia,16705,2208,172,0.9988700564971752,0.8683693516699411,0.929059379926432,2036,0.3881278538812785,0.9883720930232558,0.5573770491803278,172,0.7432182145533799,1768,268,2,170,0.2,2024-07-01T00:00:00,2024-10-01T00:00:00,2208,438,43,198.36956521739128,19.47463768115942,0.6118721461187214
2024-Q4,gaussian_naive_bayes,subindices_sem_iqar_meteorologia,16705,2208,172,0.9988706945228685,0.868860510805501,0.9293406882059364,2036,0.3890160183066362,0.9883720930232558,0.5582922824302134,172,0.7438164853180749,1769,267,2,170,0.21,2024-07-01T00:00:00,2024-10-01T00:00:00,2208,437,43,197.91666666666666,19.47463768115942,0.6109839816933639
2024-Q4,gaussian_naive_bayes,subindices_sem_iqar_meteorologia,16705,2208,172,0.9988706945228685,0.868860510805501,0.9293406882059364,2036,0.3890160183066362,0.9883720930232558,0.5582922824302134,172,0.7438164853180749,1769,267,2,170,0.22,2024-07-01T00:00:00,2024-10-01T00:00:00,2208,437,43,197.91666666666666,19.47463768115942,0.6109839816933639
2024-Q4,gaussian_naive_bayes,subindices_sem_iqar_meteorologia,16705,2208,172,0.9988713318284425,0.869351669941061,0.9296218487394958,2036,0.38990825688073394,0.9883720930232558,0.5592105263157895,172,0.7444161875276427,1770,266,2,170,0.23,2024-07-01T00:00:00,2024-10-01T00:00:00,2208,436,43,197.46376811594203,19.47463768115942,0.6100917431192661
2024-Q4,gaussian_naive_bayes,subindices_sem_iqar_meteorologia,16705,2208,172,0.9988745075970737,0.8718074656188605,0.9310254392866509,2036,0.39443155452436196,0.9883720930232558,0.5638474295190713,172,0.7474364344028611,1775,261,2,170,0.24,2024-07-01T00:00:00,2024-10-01T00:00:00,2208,431,42,195.19927536231884,19.021739130434785,0.605568445475638
2024-Q4,gaussian_naive_bayes,subindices_sem_iqar_meteorologia,16705,2208,172,0.9988745075970737,0.8718074656188605,0.9310254392866509,2036,0.39443155452436196,0.9883720930232558,0.5638474295190713,172,0.7474364344028611,1775,261,2,170,0.25,2024-07-01T00:00:00,2024-10-01T00:00:00,2208,431,42,195.19927536231884,19.021739130434785,0.605568445475638
2024-Q4,gaussian_naive_bayes,subindices_sem_iqar_meteorologia,16705,2208,172,0.9988751406074241,0.8722986247544204,0.9313057157839538,2036,0.3953488372093023,0.9883720930232558,0.5647840531561462,172,0.74804488447005,1776,260,2,170,0.26,2024-07-01T00:00:00,2024-10-01T00:00:00,2208,430,42,194.74637681159422,19.021739130434785,0.6046511627906976
2024-Q4,gaussian_naive_bayes,subindices_sem_iqar_meteorologia,16705,2208,172,0.9988757729061271,0.8727897838899804,0.9315858453473133,2036,0.3962703962703963,0.9883720930232558,0.5657237936772047,172,0.748654819512259,1777,259,2,170,0.27,2024-07-01T00:00:00,2024-10-01T00:00:00,2208,429,42,194.29347826086956,19.021739130434785,0.6037296037296037
2024-Q4,gaussian_naive_bayes,subindices_sem_iqar_meteorologia,16705,2208,172,0.9988776655443322,0.8742632612966601,0.9324253535882661,2036,0.39906103286384975,0.9883720930232558,0.568561872909699,172,0.7504936132489826,1780,256,2,170,0.28,2024-07-01T00:00:00,2024-10-01T00:00:00,2208,426,42,192.93478260869566,19.021739130434785,0.6009389671361502
2024-Q4,gaussian_naive_bayes,subindices_sem_iqar_meteorologia,16705,2208,172,0.9988795518207283,0.8757367387033399,0.9332635435749804,2036,0.40189125295508277,0.9883720930232558,0.5714285714285714,172,0.752346057501776,1783,253,2,170,0.29,2024-07-01T00:00:00,2024-10-01T00:00:00,2208,423,42,191.57608695652172,19.021739130434785,0.5981087470449172
2024-Q4,gaussian_naive_bayes,subindices_sem_iqar_meteorologia,16705,2208,172,0.9988808058198098,0.8767190569744597,0.9338216060685326,2036,0.40380047505938244,0.9883720930232558,0.5733558178752108,172,0.7535887119718717,1785,251,2,170,0.3,2024-07-01T00:00:00,2024-10-01T00:00:00,2208,421,42,190.67028985507244,19.021739130434785,0.5961995249406176
2024-Q4,gaussian_naive_bayes,subindices_sem_iqar_meteorologia,16705,2208,172,0.9988820570150923,0.8777013752455796,0.9343790849673203,2036,0.40572792362768495,0.9883720930232558,0.5752961082910322,172,0.7548375966291763,1787,249,2,170,0.31,2024-07-01T00:00:00,2024-10-01T00:00:00,2208,419,42,189.7644927536232,19.021739130434785,0.594272076372315
2024-Q4,gaussian_naive_bayes,subindices_sem_iqar_meteorologia,16705,2208,172,0.9988833054159687,0.8786836935166994,0.9349359811863078,2036,0.407673860911271,0.9883720930232558,0.5772495755517827,172,0.7560927783690452,1789,247,2,170,0.32,2024-07-01T00:00:00,2024-10-01T00:00:00,2208,417,42,188.8586956521739,19.021739130434785,0.592326139088729
2024-Q4,gaussian_naive_bayes,subindices_sem_iqar_meteorologia,16705,2208,172,0.9988851727982163,0.8801571709233792,0.9357702349869451,2036,0.4106280193236715,0.9883720930232558,0.5802047781569966,172,0.7579875065719708,1792,244,2,170,0.33,2024-07-01T00:00:00,2024-10-01T00:00:00,2208,414,42,187.5,19.021739130434785,0.5893719806763285
2024-Q4,gaussian_naive_bayes,subindices_sem_iqar_meteorologia,16705,2208,172,0.9988870339454646,0.8816306483300589,0.9366031828854683,2036,0.41362530413625304,0.9883720930232558,0.5831903945111492,172,0.7598967886983088,1795,241,2,170,0.34,2024-07-01T00:00:00,2024-10-01T00:00:00,2208,411,41,186.1413043478261,18.568840579710145,0.5863746958637469
2024-Q4,gaussian_naive_bayes,subindices_sem_iqar_meteorologia,16705,2208,172,0.9988888888888889,0.8831041257367387,0.9374348279457768,2036,0.4166666666666667,0.9883720930232558,0.5862068965517241,172,0.7618208622487505,1798,238,2,170,0.35000000000000003,2024-07-01T00:00:00,2024-10-01T00:00:00,2208,408,41,184.78260869565216,18.568840579710145,0.5833333333333334
2024-Q4,gaussian_naive_bayes,subindices_sem_iqar_meteorologia,16705,2208,172,0.9988907376594565,0.8845776031434185,0.9382651732221933,2036,0.41975308641975306,0.9883720930232558,0.5892547660311959,172,0.7637599696266946,1801,235,2,170,0.36,2024-07-01T00:00:00,2024-10-01T00:00:00,2208,405,41,183.42391304347828,18.568840579710145,0.5802469135802469
2024-Q4,gaussian_naive_bayes,subindices_sem_iqar_meteorologia,16705,2208,172,0.9988913525498891,0.8850687622789783,0.9385416666666667,2036,0.4207920792079208,0.9883720930232558,0.5902777777777778,172,0.7644097222222223,1802,234,2,170,0.37,2024-07-01T00:00:00,2024-10-01T00:00:00,2208,404,41,182.97101449275362,18.568840579710145,0.5792079207920792
2024-Q4,gaussian_naive_bayes,subindices_sem_iqar_meteorologia,16705,2208,172,0.9988925802879292,0.8860510805500982,0.9390942217595003,2036,0.4228855721393035,0.9883720930232558,0.5923344947735192,172,0.7657143582665098,1804,232,2,170,0.38,2024-07-01T00:00:00,2024-10-01T00:00:00,2208,402,41,182.06521739130434,18.568840579710145,0.5771144278606966
2024-Q4,gaussian_naive_bayes,subindices_sem_iqar_meteorologia,16705,2208,172,0.9988931931377975,0.8865422396856582,0.9393702836325787,2036,0.4239401496259352,0.9883720930232558,0.5933682373472949,172,0.7663692604899368,1805,231,2,170,0.39,2024-07-01T00:00:00,2024-10-01T00:00:00,2208,401,41,181.61231884057972,18.568840579710145,0.5760598503740648
2024-Q4,gaussian_naive_bayes,subindices_sem_iqar_meteorologia,16705,2208,172,0.9988944168048646,0.887524557956778,0.9399219765929779,2036,0.42606516290726815,0.9883720930232558,0.5954465849387041,172,0.767684280765841,1807,229,2,170,0.4,2024-07-01T00:00:00,2024-10-01T00:00:00,2208,399,42,180.70652173913044,19.021739130434785,0.5739348370927319
2024-Q4,gaussian_naive_bayes,subindices_sem_iqar_meteorologia,16705,2208,172,0.9988944168048646,0.887524557956778,0.9399219765929779,2036,0.42606516290726815,0.9883720930232558,0.5954465849387041,172,0.767684280765841,1807,229,2,170,0.41000000000000003,2024-07-01T00:00:00,2024-10-01T00:00:00,2208,399,42,180.70652173913044,19.021739130434785,0.5739348370927319
2024-Q4,gaussian_naive_bayes,subindices_sem_iqar_meteorologia,16705,2208,172,0.9988944168048646,0.887524557956778,0.9399219765929779,2036,0.42606516290726815,0.9883720930232558,0.5954465849387041,172,0.767684280765841,1807,229,2,170,0.42,2024-07-01T00:00:00,2024-10-01T00:00:00,2208,399,42,180.70652173913044,19.021739130434785,0.5739348370927319
2024-Q4,gaussian_naive_bayes,subindices_sem_iqar_meteorologia,16705,2208,172,0.9988956377691883,0.8885068762278978,0.9404730959188978,2036,0.4282115869017632,0.9883720930232558,0.5975395430579965,172,0.7690063194884471,1809,227,2,170,0.43,2024-07-01T00:00:00,2024-10-01T00:00:00,2208,397,42,179.80072463768116,19.021739130434785,0.5717884130982368
2024-Q4,gaussian_naive_bayes,subindices_sem_iqar_meteorologia,16705,2208,172,0.9988962472406181,0.8889980353634578,0.9407484407484408,2036,0.4292929292929293,0.9883720930232558,0.5985915492957746,172,0.7696699950221078,1810,226,2,170,0.44,2024-07-01T00:00:00,2024-10-01T00:00:00,2208,396,41,179.3478260869565,18.568840579710145,0.5707070707070707
2024-Q4,gaussian_naive_bayes,subindices_sem_iqar_meteorologia,16705,2208,172,0.9988980716253444,0.8904715127701375,0.9415736172422747,2036,0.43256997455470736,0.9883720930232558,0.6017699115044248,172,0.7716717643733497,1813,223,2,170,0.45,2024-07-01T00:00:00,2024-10-01T00:00:00,2208,393,41,177.98913043478262,18.568840579710145,0.5674300254452926
2024-Q4,gaussian_naive_bayes,subindices_sem_iqar_meteorologia,16705,2208,172,0.9989004947773502,0.8924361493123772,0.9426718547341115,2036,0.4370179948586118,0.9883720930232558,0.6060606060606061,172,0.7743662303973589,1817,219,2,170,0.46,2024-07-01T00:00:00,2024-10-01T00:00:00,2208,389,41,176.17753623188406,18.568840579710145,0.5629820051413882
2024-Q4,gaussian_naive_bayes,subindices_sem_iqar_meteorologia,16705,2208,172,0.9989004947773502,0.8924361493123772,0.9426718547341115,2036,0.4370179948586118,0.9883720930232558,0.6060606060606061,172,0.7743662303973589,1817,219,2,170,0.47000000000000003,2024-07-01T00:00:00,2024-10-01T00:00:00,2208,389,41,176.17753623188406,18.568840579710145,0.5629820051413882
2024-Q4,gaussian_naive_bayes,subindices_sem_iqar_meteorologia,16705,2208,172,0.9989017023613399,0.8934184675834971,0.9432201192636764,2036,0.4392764857881137,0.9883720930232558,0.6082289803220036,172,0.77572454979284,1819,217,2,170,0.48,2024-07-01T00:00:00,2024-10-01T00:00:00,2208,387,40,175.27173913043478,18.115942028985508,0.5607235142118863
2024-Q4,gaussian_naive_bayes,subindices_sem_iqar_meteorologia,16705,2208,172,0.9989023051591658,0.8939096267190569,0.9434940383618455,2036,0.44041450777202074,0.9883720930232558,0.6093189964157706,172,0.7764065173888081,1820,216,2,170,0.49,2024-07-01T00:00:00,2024-10-01T00:00:00,2208,386,40,174.81884057971016,18.115942028985508,0.5595854922279793
2024-Q4,gaussian_naive_bayes,subindices_sem_iqar_meteorologia,16705,2208,172,0.9989023051591658,0.8939096267190569,0.9434940383618455,2036,0.44041450777202074,0.9883720930232558,0.6093189964157706,172,0.7764065173888081,1820,216,2,170,0.5,2024-07-01T00:00:00,2024-10-01T00:00:00,2208,386,40,174.81884057971016,18.115942028985508,0.5595854922279793
2024-Q4,gaussian_naive_bayes,subindices_sem_iqar_meteorologia,16705,2208,172,0.9989029072956664,0.8944007858546169,0.9437678154962426,2036,0.44155844155844154,0.9883720930232558,0.6104129263913824,172,0.7770903709438125,1821,215,2,170,0.51,2024-07-01T00:00:00,2024-10-01T00:00:00,2208,385,39,174.3659420289855,17.663043478260867,0.5584415584415584
2024-Q4,gaussian_naive_bayes,subindices_sem_iqar_meteorologia,16705,2208,172,0.9989041095890411,0.8953831041257367,0.9443149443149443,2036,0.44386422976501305,0.9883720930232558,0.6126126126126126,172,0.7784637784637785,1823,213,2,170,0.52,2024-07-01T00:00:00,2024-10-01T00:00:00,2208,383,38,173.46014492753622,17.21014492753623,0.556135770234987
2024-Q4,gaussian_naive_bayes,subindices_sem_iqar_meteorologia,16705,2208,172,0.9989041095890411,0.8953831041257367,0.9443149443149443,2036,0.44386422976501305,0.9883720930232558,0.6126126126126126,172,0.7784637784637785,1823,213,2,170,0.53,2024-07-01T00:00:00,2024-10-01T00:00:00,2208,383,38,173.46014492753622,17.21014492753623,0.556135770234987
2024-Q4,gaussian_naive_bayes,subindices_sem_iqar_meteorologia,16705,2208,172,0.9989041095890411,0.8953831041257367,0.9443149443149443,2036,0.44386422976501305,0.9883720930232558,0.6126126126126126,172,0.7784637784637785,1823,213,2,170,0.54,2024-07-01T00:00:00,2024-10-01T00:00:00,2208,383,38,173.46014492753622,17.21014492753623,0.556135770234987
2024-Q4,gaussian_naive_bayes,subindices_sem_iqar_meteorologia,16705,2208,172,0.9989047097480832,0.8958742632612967,0.9445882962195753,2036,0.44502617801047123,0.9883720930232558,0.6137184115523465,172,0.779153353885961,1824,212,2,170,0.55,2024-07-01T00:00:00,2024-10-01T00:00:00,2208,382,38,173.0072463768116,17.21014492753623,0.5549738219895288
2024-Q4,gaussian_naive_bayes,subindices_sem_iqar_meteorologia,16705,2208,172,0.9989053092501369,0.8963654223968566,0.9448615066010873,2036,0.4461942257217848,0.9883720930232558,0.6148282097649186,172,0.7798448581830029,1825,211,2,170,0.56,2024-07-01T00:00:00,2024-10-01T00:00:00,2208,381,38,172.55434782608694,17.21014492753623,0.5538057742782152
2024-Q4,gaussian_naive_bayes,subindices_sem_iqar_meteorologia,16705,2208,172,0.9989059080962801,0.8968565815324165,0.9451345755693582,2036,0.4473684210526316,0.9883720930232558,0.6159420289855072,172,0.7805383022774327,1826,210,2,170,0.5700000000000001,2024-07-01T00:00:00,2024-10-01T00:00:00,2208,380,38,172.1014492753623,17.21014492753623,0.5526315789473685
2024-Q4,gaussian_naive_bayes,subindices_sem_iqar_meteorologia,16705,2208,172,0.9989065062875888,0.8973477406679764,0.9454075032341527,2036,0.44854881266490765,0.9883720930232558,0.617059891107078,172,0.7812336971706153,1827,209,2,170,0.58,2024-07-01T00:00:00,2024-10-01T00:00:00,2208,379,38,171.6485507246377,17.21014492753623,0.5514511873350924
2024-Q4,gaussian_naive_bayes,subindices_sem_iqar_meteorologia,16705,2208,172,0.9989077007099946,0.8983300589390962,0.9459529350918024,2036,0.4509283819628647,0.9883720930232558,0.6193078324225865,172,0.7826303837571944,1829,207,2,170,0.59,2024-07-01T00:00:00,2024-10-01T00:00:00,2208,377,37,170.7427536231884,16.757246376811597,0.5490716180371353
2024-Q4,gaussian_naive_bayes,subindices_sem_iqar_meteorologia,16705,2208,172,0.9989077007099946,0.8983300589390962,0.9459529350918024,2036,0.4509283819628647,0.9883720930232558,0.6193078324225865,172,0.7826303837571944,1829,207,2,170,0.6,2024-07-01T00:00:00,2024-10-01T00:00:00,2208,377,37,170.7427536231884,16.757246376811597,0.5490716180371353
2024-Q4,gaussian_naive_bayes,subindices_sem_iqar_meteorologia,16705,2208,172,0.9989077007099946,0.8983300589390962,0.9459529350918024,2036,0.4509283819628647,0.9883720930232558,0.6193078324225865,172,0.7826303837571944,1829,207,2,170,0.61,2024-07-01T00:00:00,2024-10-01T00:00:00,2208,377,37,170.7427536231884,16.757246376811597,0.5490716180371353
2024-Q4,gaussian_naive_bayes,subindices_sem_iqar_meteorologia,16705,2208,172,0.9989082969432315,0.8988212180746562,0.9462254395036195,2036,0.4521276595744681,0.9883720930232558,0.6204379562043796,172,0.7833316978539995,1830,206,2,170,0.62,2024-07-01T00:00:00,2024-10-01T00:00:00,2208,376,37,170.28985507246378,16.757246376811597,0.5478723404255319
2024-Q4,gaussian_naive_bayes,subindices_sem_iqar_meteorologia,16705,2208,172,0.9989094874591058,0.899803536345776,0.9467700258397933,2036,0.45454545454545453,0.9883720930232558,0.6227106227106227,172,0.784740324275208,1832,204,2,170,0.63,2024-07-01T00:00:00,2024-10-01T00:00:00,2208,374,37,169.3840579710145,16.757246376811597,0.5454545454545454
2024-Q4,gaussian_naive_bayes,subindices_sem_iqar_meteorologia,16705,2208,172,0.9989100817438692,0.900294695481336,0.9470421079824335,2036,0.45576407506702415,0.9883720930232558,0.6238532110091743,172,0.785447659495804,1833,203,2,170,0.64,2024-07-01T00:00:00,2024-10-01T00:00:00,2208,373,37,168.93115942028984,16.757246376811597,0.5442359249329759
2024-Q4,gaussian_naive_bayes,subindices_sem_iqar_meteorologia,16705,2208,172,0.9989106753812637,0.9007858546168959,0.9473140495867769,2036,0.45698924731182794,0.9883720930232558,0.625,172,0.7861570247933884,1834,202,2,170,0.65,2024-07-01T00:00:00,2024-10-01T00:00:00,2208,372,37,168.47826086956522,16.757246376811597,0.543010752688172
2024-Q4,gaussian_naive_bayes,subindices_sem_iqar_meteorologia,16705,2208,172,0.9989112683723462,0.9012770137524558,0.9475858507616834,2036,0.4582210242587601,0.9883720930232558,0.6261510128913443,172,0.7868684318265139,1835,201,2,170,0.66,2024-07-01T00:00:00,2024-10-01T00:00:00,2208,371,37,168.02536231884056,16.757246376811597,0.5417789757412399
2024-Q4,gaussian_naive_bayes,subindices_sem_iqar_meteorologia,16705,2208,172,0.998911860718172,0.9017681728880157,0.9478575116159009,2036,0.4594594594594595,0.9883720930232558,0.6273062730627307,172,0.7875818923393159,1836,200,2,170,0.67,2024-07-01T00:00:00,2024-10-01T00:00:00,2208,370,37,167.57246376811594,16.757246376811597,0.5405405405405406
2024-Q4,gaussian_naive_bayes,subindices_sem_iqar_meteorologia,16705,2208,172,0.9989130434782608,0.9027504911591355,0.9484004127966976,2036,0.46195652173913043,0.9883720930232558,0.6296296296296297,172,0.7890150212131637,1838,198,2,170,0.68,2024-07-01T00:00:00,2024-10-01T00:00:00,2208,368,36,166.66666666666666,16.304347826086957,0.5380434782608695
2024-Q4,gaussian_naive_bayes,subindices_sem_iqar_meteorologia,16705,2208,172,0.998914223669924,0.9037328094302554,0.9489427539969056,2036,0.4644808743169399,0.9883720930232558,0.6319702602230484,172,0.790456507109977,1840,196,2,170,0.6900000000000001,2024-07-01T00:00:00,2024-10-01T00:00:00,2208,366,37,165.76086956521738,16.757246376811597,0.5355191256830601
2024-Q4,gaussian_naive_bayes,subindices_sem_iqar_meteorologia,16705,2208,172,0.9983722192078134,0.9037328094302554,0.9486981180716679,2036,0.46301369863013697,0.9825581395348837,0.6294227188081937,172,0.7890604184399308,1840,196,3,169,0.7000000000000001,2024-07-01T00:00:00,2024-10-01T00:00:00,2208,365,37,165.30797101449278,16.757246376811597,0.536986301369863
2024-Q4,gaussian_naive_bayes,subindices_sem_iqar_meteorologia,16705,2208,172,0.9983731019522777,0.9042239685658153,0.9489690721649484,2036,0.4642857142857143,0.9825581395348837,0.6305970149253731,172,0.7897830435451607,1841,195,3,169,0.71,2024-07-01T00:00:00,2024-10-01T00:00:00,2208,364,37,164.85507246376812,16.757246376811597,0.5357142857142857
2024-Q4,gaussian_naive_bayes,subindices_sem_iqar_meteorologia,16705,2208,172,0.9983748645720477,0.9052062868369352,0.949510561566203,2036,0.46685082872928174,0.9825581395348837,0.6329588014981273,172,0.7912346815321651,1843,193,3,169,0.72,2024-07-01T00:00:00,2024-10-01T00:00:00,2208,362,37,163.94927536231884,16.757246376811597,0.5331491712707183
2024-Q4,gaussian_naive_bayes,subindices_sem_iqar_meteorologia,16705,2208,172,0.9983766233766234,0.906188605108055,0.9500514933058702,2036,0.46944444444444444,0.9825581395348837,0.6353383458646616,172,0.792694919585266,1845,191,3,169,0.73,2024-07-01T00:00:00,2024-10-01T00:00:00,2208,360,37,163.04347826086956,16.757246376811597,0.5305555555555556
2024-Q4,gaussian_naive_bayes,subindices_sem_iqar_meteorologia,16705,2208,172,0.9983792544570502,0.9076620825147348,0.9508618471829174,2036,0.4733893557422969,0.9825581395348837,0.6389413988657845,172,0.794901623024351,1848,188,3,169,0.74,2024-07-01T00:00:00,2024-10-01T00:00:00,2208,357,38,161.68478260869566,17.21014492753623,0.5266106442577031
2024-Q4,gaussian_naive_bayes,subindices_sem_iqar_meteorologia,16705,2208,172,0.9983801295896328,0.9081532416502947,0.9511316872427984,2036,0.4747191011235955,0.9825581395348837,0.6401515151515151,172,0.7956416011971568,1849,187,3,169,0.75,2024-07-01T00:00:00,2024-10-01T00:00:00,2208,356,38,161.231884057971,17.21014492753623,0.5252808988764045
2024-Q4,gaussian_naive_bayes,subindices_sem_iqar_meteorologia,16705,2208,172,0.9983810037776578,0.9086444007858546,0.9514013885317563,2036,0.476056338028169,0.9825581395348837,0.6413662239089184,172,0.7963838062203373,1850,186,3,169,0.76,2024-07-01T00:00:00,2024-10-01T00:00:00,2208,355,38,160.77898550724638,17.21014492753623,0.523943661971831
2024-Q4,gaussian_naive_bayes,subindices_sem_iqar_meteorologia,16705,2208,172,0.9983836206896551,0.9101178781925344,0.9522096608427544,2036,0.48011363636363635,0.9825581395348837,0.6450381679389313,172,0.7986239143908429,1853,183,3,169,0.77,2024-07-01T00:00:00,2024-10-01T00:00:00,2208,352,37,159.42028985507244,16.757246376811597,0.5198863636363636
2024-Q4,gaussian_naive_bayes,subindices_sem_iqar_meteorologia,16705,2208,172,0.9983853606027987,0.9111001964636543,0.9527478171545968,2036,0.4828571428571429,0.9825581395348837,0.6475095785440613,172,0.800128697849329,1855,181,3,169,0.78,2024-07-01T00:00:00,2024-10-01T00:00:00,2208,350,37,158.5144927536232,16.757246376811597,0.5171428571428571
2024-Q4,gaussian_naive_bayes,subindices_sem_iqar_meteorologia,16705,2208,172,0.9983870967741936,0.9120825147347741,0.9532854209445585,2036,0.48563218390804597,0.9825581395348837,0.65,172,0.8016427104722792,1857,179,3,169,0.79,2024-07-01T00:00:00,2024-10-01T00:00:00,2208,348,37,157.6086956521739,16.757246376811597,0.514367816091954
2024-Q4,gaussian_naive_bayes,subindices_sem_iqar_meteorologia,16705,2208,172,0.9983888292158969,0.9130648330058939,0.9538224730631093,2036,0.4884393063583815,0.9825581395348837,0.6525096525096525,172,0.8031660627863809,1859,177,3,169,0.8,2024-07-01T00:00:00,2024-10-01T00:00:00,2208,346,37,156.70289855072463,16.757246376811597,0.5115606936416185
2024-Q4,gaussian_naive_bayes,subindices_sem_iqar_meteorologia,16705,2208,172,0.9983905579399142,0.9140471512770137,0.9543589743589743,2036,0.49127906976744184,0.9825581395348837,0.6550387596899225,172,0.8046988670244484,1861,175,3,169,0.81,2024-07-01T00:00:00,2024-10-01T00:00:00,2208,344,37,155.79710144927537,16.757246376811597,0.5087209302325582
2024-Q4,gaussian_naive_bayes,subindices_sem_iqar_meteorologia,16705,2208,172,0.998393144081414,0.9155206286836935,0.9551626953625416,2036,0.49560117302052786,0.9825581395348837,0.6588693957115009,172,0.8070160455370212,1864,172,3,169,0.8200000000000001,2024-07-01T00:00:00,2024-10-01T00:00:00,2208,341,37,154.43840579710144,16.757246376811597,0.5043988269794721
2024-Q4,gaussian_naive_bayes,subindices_sem_iqar_meteorologia,16705,2208,172,0.998393144081414,0.9155206286836935,0.9551626953625416,2036,0.49560117302052786,0.9825581395348837,0.6588693957115009,172,0.8070160455370212,1864,172,3,169,0.8300000000000001,2024-07-01T00:00:00,2024-10-01T00:00:00,2208,341,37,154.43840579710144,16.757246376811597,0.5043988269794721
2024-Q4,gaussian_naive_bayes,subindices_sem_iqar_meteorologia,16705,2208,172,0.9983948635634029,0.9165029469548134,0.9556978233034571,2036,0.49852507374631266,0.9825581395348837,0.6614481409001957,172,0.8085729821018264,1866,170,3,169,0.84,2024-07-01T00:00:00,2024-10-01T00:00:00,2208,339,37,153.53260869565216,16.757246376811597,0.5014749262536873
2024-Q4,gaussian_naive_bayes,subindices_sem_iqar_meteorologia,16705,2208,172,0.9983982915109451,0.918467583497053,0.9567664364287541,2036,0.5044776119402985,0.9825581395348837,0.6666666666666666,172,0.8117165515477104,1870,166,3,169,0.85,2024-07-01T00:00:00,2024-10-01T00:00:00,2208,335,37,151.72101449275362,16.757246376811597,0.4955223880597015
2024-Q4,gaussian_naive_bayes,subindices_sem_iqar_meteorologia,16705,2208,172,0.9984017048481619,0.9204322200392927,0.9578328648096089,2036,0.5105740181268882,0.9825581395348837,0.6719681908548708,172,0.8149005278322399,1874,162,3,169,0.86,2024-07-01T00:00:00,2024-10-01T00:00:00,2208,331,37,149.90942028985506,16.757246376811597,0.48942598187311176
2024-Q4,gaussian_naive_bayes,subindices_sem_iqar_meteorologia,16705,2208,172,0.9984034060670569,0.9214145383104125,0.9583652618135376,2036,0.513677811550152,0.9825581395348837,0.6746506986027944,172,0.8165079802081661,1876,160,3,169,0.87,2024-07-01T00:00:00,2024-10-01T00:00:00,2208,329,37,149.00362318840578,16.757246376811597,0.48632218844984804
2024-Q4,gaussian_naive_bayes,subindices_sem_iqar_meteorologia,16705,2208,172,0.9984059511158342,0.9228880157170923,0.9591628381827463,2036,0.5184049079754601,0.9825581395348837,0.678714859437751,172,0.8189388488102487,1879,157,3,169,0.88,2024-07-01T00:00:00,2024-10-01T00:00:00,2208,326,37,147.64492753623188,16.757246376811597,0.4815950920245399
2024-Q4,gaussian_naive_bayes,subindices_sem_iqar_meteorologia,16705,2208,172,0.9984076433121019,0.9238703339882122,0.9596938775510204,2036,0.5216049382716049,0.9825581395348837,0.6814516129032258,172,0.8205727452271231,1881,155,3,169,0.89,2024-07-01T00:00:00,2024-10-01T00:00:00,2208,324,36,146.73913043478262,16.304347826086957,0.4783950617283951
2024-Q4,gaussian_naive_bayes,subindices_sem_iqar_meteorologia,16705,2208,172,0.9984084880636604,0.9243614931237721,0.959959194083142,2036,0.5232198142414861,0.9825581395348837,0.6828282828282828,172,0.8213937384557124,1882,154,3,169,0.9,2024-07-01T00:00:00,2024-10-01T00:00:00,2208,323,36,146.28623188405797,16.304347826086957,0.47678018575851394
2024-Q4,gaussian_naive_bayes,subindices_sem_iqar_meteorologia,16705,2208,172,0.9984110169491526,0.9258349705304518,0.9607543323139653,2036,0.528125,0.9825581395348837,0.6869918699186992,172,0.8238731011163323,1885,151,3,169,0.91,2024-07-01T00:00:00,2024-10-01T00:00:00,2208,320,35,144.92753623188406,15.85144927536232,0.471875
2024-Q4,gaussian_naive_bayes,subindices_sem_iqar_meteorologia,16705,2208,172,0.9984126984126984,0.9268172888015717,0.9612837493632196,2036,0.5314465408805031,0.9825581395348837,0.689795918367347,172,0.8255398338652833,1887,149,3,169,0.92,2024-07-01T00:00:00,2024-10-01T00:00:00,2208,318,34,144.02173913043478,15.398550724637682,0.46855345911949686
2024-Q4,gaussian_naive_bayes,subindices_sem_iqar_meteorologia,16705,2208,172,0.9984168865435357,0.9292730844793713,0.96260493513101,2036,0.5399361022364217,0.9825581395348837,0.6969072164948453,172,0.8297560758129277,1892,144,3,169,0.93,2024-07-01T00:00:00,2024-10-01T00:00:00,2208,313,34,141.7572463768116,15.398550724637682,0.46006389776357826
2024-Q4,gaussian_naive_bayes,subindices_sem_iqar_meteorologia,16705,2208,172,0.9978969505783386,0.9322200392927309,0.9639410868461148,2036,0.5490196078431373,0.9767441860465116,0.702928870292887,172,0.8334349785695009,1898,138,4,168,0.9400000000000001,2024-07-01T00:00:00,2024-10-01T00:00:00,2208,306,33,138.58695652173913,14.945652173913045,0.45098039215686275
2024-Q4,gaussian_naive_bayes,subindices_sem_iqar_meteorologia,16705,2208,172,0.9973808276584599,0.9351669941060904,0.9652724968314322,2036,0.5585284280936454,0.9709302325581395,0.7091295116772823,172,0.8372010042543573,1904,132,5,167,0.9500000000000001,2024-07-01T00:00:00,2024-10-01T00:00:00,2208,299,33,135.41666666666666,14.945652173913045,0.4414715719063545
2024-Q4,gaussian_naive_bayes,subindices_sem_iqar_meteorologia,16705,2208,172,0.9968619246861925,0.9361493123772102,0.9655521783181358,2036,0.5608108108108109,0.9651162790697675,0.7094017094017094,172,0.8374769438599226,1906,130,6,166,0.96,2024-07-01T00:00:00,2024-10-01T00:00:00,2208,296,33,134.05797101449278,14.945652173913045,0.4391891891891892
2024-Q4,gaussian_naive_bayes,subindices_sem_iqar_meteorologia,16705,2208,172,0.9968684759916493,0.9381139489194499,0.9665991902834008,2036,0.5684931506849316,0.9651162790697675,0.7155172413793104,172,0.8410582158313555,1910,126,6,166,0.97,2024-07-01T00:00:00,2024-10-01T00:00:00,2208,292,33,132.24637681159422,14.945652173913045,0.4315068493150685
2024-Q4,gaussian_naive_bayes,subindices_sem_iqar_meteorologia,16705,2208,172,0.995334370139969,0.9430255402750491,0.9684741488020177,2036,0.5842293906810035,0.9476744186046512,0.7228381374722838,172,0.8456561431371508,1920,116,9,163,0.98,2024-07-01T00:00:00,2024-10-01T00:00:00,2208,279,33,126.35869565217392,14.945652173913045,0.4157706093189964
2024-Q4,gaussian_naive_bayes,subindices_sem_iqar_meteorologia,16705,2208,172,0.9943298969072165,0.9474459724950884,0.9703219315895373,2036,0.6007462686567164,0.936046511627907,0.7318181818181818,172,0.8510700567038596,1929,107,11,161,0.99,2024-07-01T00:00:00,2024-10-01T00:00:00,2208,268,33,121.37681159420289,14.945652173913045,0.39925373134328357
2024-Q4,gaussian_naive_bayes,subindices_sem_iqar_meteorologia,16705,2208,172,0.9339449541284404,1.0,0.9658444022770398,2036,1.0,0.16279069767441862,0.28,172,0.6229222011385199,2036,0,144,28,1.0,2024-07-01T00:00:00,2024-10-01T00:00:00,2208,28,7,12.681159420289855,3.170289855072464,0.0
